schema_name_source,schema_name,column_name_source,column_name,group,description,delete,disposition,column_type,source,version_added,is_redcap_calculation,date_shift,access_tier
acoustic_task_schema,acoustic_task,acoustic_task_cohort,acoustic_task_cohort,task,"Protocol cohort the acoustic task belongs to (adult: generic, mood, neurology, respiratory, or voice; pediatric: pediatric).",NO,release,VARIABLE,redcap,pre-v4,NO,NO,
acoustic_task_schema,acoustic_task,acoustic_task_completed_at,acoustic_task_completed_at,task,Acoustic Task Completed At,YES,internal,VARIABLE,redcap,v4,NO,YES,
acoustic_task_schema,acoustic_task,acoustic_task_duration,acoustic_task_duration,task,"Total length of the acoustic task recording, measured in seconds.",NO,release,VARIABLE,redcap,pre-v4,NO,NO,
acoustic_task_schema,acoustic_task,acoustic_task_id,acoustic_task_id,task,"Unique identifier (UUID) of one acoustic task instance, used to join to the recording table; it does not name the task type.",NO,release,VARIABLE,redcap,pre-v4,NO,NO,
acoustic_task_schema,acoustic_task,acoustic_task_language,acoustic_task_language,task,Acoustic Task - Language,NO,drop,VARIABLE,redcap,v4,NO,NO,
acoustic_task_schema,acoustic_task,acoustic_task_name,acoustic_task_name,task,"Short descriptive name of the acoustic task performed during the recording (e.g., ""sustained vowel,"" ""reading passage,"" ""spontaneous speech,"" or ""diadochokinetic syllables"").",NO,release,VARIABLE,redcap,pre-v4,NO,NO,
acoustic_task_schema,acoustic_task,acoustic_task_origin,acoustic_task_origin,task,Acoustic Task - origin,NO,internal,VARIABLE,redcap,v4,NO,NO,
acoustic_task_schema,acoustic_task,acoustic_task_session_id,acoustic_task_session_id,task,"Ordinal index of the session within the participant, numbered in session order (e.g., 01, 02). An ordinal missing from a participant's released records denotes a session with no released data.",NO,release,VARIABLE,redcap,pre-v4,NO,NO,
acoustic_task_schema,acoustic_task,acoustic_task_started_at,acoustic_task_started_at,task,Acoustic Task Started At,YES,internal,VARIABLE,redcap,v4,NO,YES,
acoustic_task_schema,acoustic_task,acoustic_task_status,acoustic_task_status,task,"Completion status of the acoustic task, recorded as Skipped or Completed; all released tasks are Completed.",NO,release,VARIABLE,redcap,pre-v4,NO,NO,
acoustic_task_schema,acoustic_task,acoustic_task_via,acoustic_task_via,task,Acoustic Task - via,NO,internal,VARIABLE,redcap,v4,NO,NO,
adhd_adult_schema,adhd_adult,adhd_completed_at,adhd_completed_at,questionnaire,Questionnaire Completed At,YES,internal,VARIABLE,redcap,v4,NO,YES,
adhd_adult_schema,adhd_adult,adhd_duration,adhd_duration,questionnaire,"Total time, in seconds, taken by the participant to complete the adult ADHD questionnaire.",NO,release,VARIABLE,redcap,pre-v4,NO,NO,
adhd_adult_schema,adhd_adult,adhd_language,adhd_language,questionnaire,ADHD Adult - Language,NO,drop,VARIABLE,redcap,v4,NO,NO,
adhd_adult_schema,adhd_adult,adhd_origin,adhd_origin,questionnaire,ADHD Adult - Origin,NO,internal,VARIABLE,redcap,v4,NO,NO,
adhd_adult_schema,adhd_adult,adhd_session_id,adhd_session_id,questionnaire,"Ordinal index of the session within the participant, numbered in session order (e.g., 01, 02). An ordinal missing from a participant's released records denotes a session with no released data.",NO,release,VARIABLE,redcap,pre-v4,NO,NO,
adhd_adult_schema,adhd_adult,adhd_started_at,adhd_started_at,questionnaire,Questionnaire Started At,YES,internal,VARIABLE,redcap,v4,NO,YES,
adhd_adult_schema,adhd_adult,adhd_via,adhd_via,questionnaire,ADHD Adult - via,NO,internal,VARIABLE,redcap,v4,NO,NO,
adhd_adult_schema,adhd_adult,avoidance,avoidance,questionnaire,"How often in the past 6 months the participant reports avoiding or delaying getting started on tasks that require a lot of thought: never, rarely, sometimes, often, or very often.",NO,release,VARIABLE,redcap,pre-v4,NO,NO,
adhd_adult_schema,adhd_adult,careless,careless,questionnaire,"Self-rated frequency over the past 6 months of making careless mistakes when working on a boring or difficult project: Never, Rarely, Sometimes, Often, or Very Often.",NO,release,VARIABLE,redcap,pre-v4,NO,NO,
adhd_adult_schema,adhd_adult,difficulty_attention,difficulty_attention,questionnaire,"How often in the past 6 months the participant reports difficulty keeping attention during boring or repetitive work: never, rarely, sometimes, often, or very often.",NO,release,VARIABLE,redcap,pre-v4,NO,NO,
adhd_adult_schema,adhd_adult,difficulty_concentrating,difficulty_concentrating,questionnaire,"Self-reported frequency of difficulty concentrating on what people say to them, even when spoken to directly over the past six months, from never to very often.",NO,release,VARIABLE,redcap,pre-v4,NO,NO,
adhd_adult_schema,adhd_adult,difficulty_unwinding,difficulty_unwinding,questionnaire,"Self-rated frequency over the past 6 months of having difficulty unwinding and relaxing when having time to oneself, from Never to Very Often (adult ADHD self-report).",NO,release,VARIABLE,redcap,pre-v4,NO,NO,
adhd_adult_schema,adhd_adult,difficulty_waiting,difficulty_waiting,questionnaire,"Self-reported frequency of having difficulty waiting your turn in situations that require turn-taking, typically recorded on a frequency scale (e.g., never to very often).",NO,release,VARIABLE,redcap,pre-v4,NO,NO,
adhd_adult_schema,adhd_adult,distracted,distracted,questionnaire,"Self-rated frequency over the past 6 months of being distracted by activity or noise around them: Never, Rarely, Sometimes, Often, or Very Often.",NO,release,VARIABLE,redcap,pre-v4,NO,NO,
adhd_adult_schema,adhd_adult,fidget,fidget,questionnaire,"Self-reported frequency of fidgeting or squirming with hands or feet when having to sit for a long time over the past six months, from never to very often.",NO,release,VARIABLE,redcap,pre-v4,NO,NO,
adhd_adult_schema,adhd_adult,finish_other_sent,finish_other_sent,questionnaire,"Self-rated frequency over the past 6 months of finishing other people's sentences in conversation before they can finish, from Never to Very Often (adult ADHD self-report).",NO,release,VARIABLE,redcap,pre-v4,NO,NO,
adhd_adult_schema,adhd_adult,interrupt_others,interrupt_others,questionnaire,"Self-rated frequency over the past 6 months of interrupting others when they are busy, from Never to Very Often (adult ADHD self-report).",NO,release,VARIABLE,redcap,pre-v4,NO,NO,
adhd_adult_schema,adhd_adult,misplace,misplace,questionnaire,"How often in the past 6 months the participant reports misplacing or having difficulty finding things at home or work: never, rarely, sometimes, often, or very often.",NO,release,VARIABLE,redcap,pre-v4,NO,NO,
adhd_adult_schema,adhd_adult,overly_active,overly_active,questionnaire,"Self-rated frequency over the past 6 months of feeling overly active and compelled to do things, as if driven by a motor: Never, Rarely, Sometimes, Often, or Very Often.",NO,release,VARIABLE,redcap,pre-v4,NO,NO,
adhd_adult_schema,adhd_adult,remain_seated,remain_seated,questionnaire,"Self-rated frequency over the past 6 months of leaving one's seat in meetings or other situations where remaining seated is expected, from Never to Very Often (adult ADHD self-report).",NO,release,VARIABLE,redcap,pre-v4,NO,NO,
adhd_adult_schema,adhd_adult,remembering_appt,remembering_appt,questionnaire,"Self-reported frequency of having problems remembering appointments or obligations, recorded on a categorical frequency scale (e.g., never to very often).",NO,release,VARIABLE,redcap,pre-v4,NO,NO,
adhd_adult_schema,adhd_adult,restless,restless,questionnaire,"How often in the past 6 months the participant reports feeling restless or fidgety: never, rarely, sometimes, often, or very often.",NO,release,VARIABLE,redcap,pre-v4,NO,NO,
adhd_adult_schema,adhd_adult,talking_too_much,talking_too_much,questionnaire,"How often in the past 6 months the participant reports talking too much in social situations: never, rarely, sometimes, often, or very often.",NO,release,VARIABLE,redcap,pre-v4,NO,NO,
adhd_adult_schema,adhd_adult,things_in_order,things_in_order,questionnaire,"Self-reported frequency of difficulty getting things in order when doing a task that requires organization over the past six months, from never to very often.",NO,release,VARIABLE,redcap,pre-v4,NO,NO,
adhd_adult_schema,adhd_adult,wrapping_up,wrapping_up,questionnaire,"Self-rated frequency over the past 6 months of having trouble wrapping up the final details of a project once the challenging parts are done, from Never to Very Often (adult ADHD self-report).",NO,release,VARIABLE,redcap,pre-v4,NO,NO,
airway_stenosis_schema,airway_stenosis,diagnosis_as_as,diagnosis_as_as,diagnosis,"Whether the participant has audible stridor (a high-pitched noisy breathing sound) at rest or when talking, recorded as Yes, No, or Not certain.",NO,release,VARIABLE,redcap,pre-v4,NO,NO,
airway_stenosis_schema,airway_stenosis,diagnosis_as_as_c,diagnosis_as_as_c,diagnosis,"Type of stridor the participant has: Inspiratory, Expiratory, or Biphasic.",NO,release,VARIABLE,redcap,pre-v4,NO,NO,
airway_stenosis_schema,airway_stenosis,diagnosis_as_as_s,diagnosis_as_as_s,diagnosis,"Examiner's subjective classification of stridor severity: mild, moderate, or severe.",NO,release,VARIABLE,redcap,pre-v4,NO,NO,
airway_stenosis_schema,airway_stenosis,diagnosis_as_ds,diagnosis_as_ds,diagnosis,"Anatomic subtype of the participant's airway stenosis: subglottic, bilateral vocal fold immobility or glottic, supraglottic, tracheal, or multi-level upper airway stenosis.",NO,release,VARIABLE,redcap,pre-v4,NO,NO,
airway_stenosis_schema,airway_stenosis,diagnosis_as_ds_ac,diagnosis_as_ds_ac,diagnosis,"Aziz classification grade indicating the severity of supraglottic stenosis, recorded as an ordinal grade (severity level).",NO,release,VARIABLE,redcap,pre-v4,NO,NO,
airway_stenosis_schema,airway_stenosis,diagnosis_as_ds_ac_grade_4,diagnosis_as_ds_ac_grade_4,diagnosis,"Subtype of a Grade 4 supraglottic airway stenosis on the Aziz classification: Grade 4T, Grade 4G, or Grade 4TG.",NO,release,VARIABLE,redcap,pre-v4,NO,NO,
airway_stenosis_schema,airway_stenosis,diagnosis_as_ds_ac_ref,diagnosis_as_ds_ac_ref,diagnosis,"Grade of Stenosis (Aziz Classification of Supraglottic Stenosis)
Picture for reference",YES,drop,VARIABLE,redcap,pre-v4,NO,NO,
airway_stenosis_schema,airway_stenosis,diagnosis_as_ds_agw,diagnosis_as_ds_agw,diagnosis,"Cohen classification of anterior glottic web, recorded as Grade 1 to 4 by percent airway obstruction (0-35%, 35-50%, 51-75%, 76-100%).",NO,release,VARIABLE,redcap,pre-v4,NO,NO,
airway_stenosis_schema,airway_stenosis,diagnosis_as_ds_bc,diagnosis_as_ds_bc,diagnosis,"Degree of airway stenosis categorized by the Bogdasarian classification (stages I–IV, with higher stages indicating greater severity).",NO,release,VARIABLE,redcap,pre-v4,NO,NO,
airway_stenosis_schema,airway_stenosis,diagnosis_as_ds_bc_ref,diagnosis_as_ds_bc_ref,diagnosis,"Degree of Stenosis (Bogdasarian Classification)
Picture for reference",YES,drop,VARIABLE,redcap,pre-v4,NO,NO,
airway_stenosis_schema,airway_stenosis,diagnosis_as_ds_bvfi_gs,diagnosis_as_ds_bvfi_gs,diagnosis,"Subtype for participants with bilateral vocal fold immobility or glottic stenosis: posterior glottic stenosis, bilateral vocal fold paralysis, anterior glottic web, not certain, or other.",NO,release,VARIABLE,redcap,pre-v4,NO,NO,
airway_stenosis_schema,airway_stenosis,diagnosis_as_ds_bvfi_gs_other,diagnosis_as_ds_bvfi_gs_other,diagnosis,Other bilateral vocal fold immobility or glottic stenosis subtype,NO,review,VARIABLE,redcap,v4,NO,NO,
airway_stenosis_schema,airway_stenosis,diagnosis_as_ds_cc_ref,diagnosis_as_ds_cc_ref,diagnosis,"Anterior Glottic Web classification (Cohen)
Picture for reference",YES,drop,VARIABLE,redcap,pre-v4,NO,NO,
airway_stenosis_schema,airway_stenosis,diagnosis_as_ds_eps,diagnosis_as_ds_eps,diagnosis,"Clinician’s subjective estimate of airway stenosis expressed as percent narrowing of the lumen, recorded as a number from 0 to 100%.",NO,release,VARIABLE,redcap,pre-v4,NO,NO,
airway_stenosis_schema,airway_stenosis,diagnosis_as_ds_mcg,diagnosis_as_ds_mcg,diagnosis,Myer-Cotton grade (I to IV) of subglottic or tracheal stenosis severity.,NO,release,VARIABLE,redcap,pre-v4,NO,NO,
airway_stenosis_schema,airway_stenosis,diagnosis_as_ds_mcg_ref,diagnosis_as_ds_mcg_ref,diagnosis,"Degree of Stenosis (Myer-Cotton Grade) 
Picture for reference",YES,drop,VARIABLE,redcap,pre-v4,NO,NO,
airway_stenosis_schema,airway_stenosis,diagnosis_as_ds_mluas,diagnosis_as_ds_mluas,diagnosis,Free-text description of the levels and severity of airway stenosis in the participant.,NO,review,VARIABLE,redcap,v4,NO,NO,
airway_stenosis_schema,airway_stenosis,diagnosis_as_ds_ods,diagnosis_as_ds_ods,diagnosis,"Clinician's subjective classification of overall degree of airway stenosis: mild, moderate, or severe.",NO,release,VARIABLE,redcap,pre-v4,NO,NO,
airway_stenosis_schema,airway_stenosis,diagnosis_as_etiology,diagnosis_as_etiology,diagnosis,"Etiology of the airway stenosis: idiopathic, iatrogenic (surgery or intubation), auto-immune or granulomatous disease, radiation, GERD, caustic or inhalation injury, infectious, other, or not certain.",NO,release,VARIABLE,redcap,pre-v4,NO,NO,
airway_stenosis_schema,airway_stenosis,diagnosis_as_etiology_auto_immune,diagnosis_as_etiology_auto_immune,diagnosis,"Subcategory of autoimmune or granulomatous disease causing the airway stenosis: granulomatosis with polyangiitis, relapsing polychondritis, or other.",NO,release,VARIABLE,redcap,pre-v4,NO,NO,
airway_stenosis_schema,airway_stenosis,diagnosis_as_etiology_other,diagnosis_as_etiology_other,diagnosis,Other airway stenosis etiology,NO,review,VARIABLE,redcap,v4,NO,NO,
airway_stenosis_schema,airway_stenosis,diagnosis_as_gsd,diagnosis_as_gold_standard_diagnosis,diagnosis,"Clinician-confirmed gold-standard diagnosis of airway stenosis, established by laryngoscopy, bronchoscopy, or CT imaging (yes or no).",NO,release,VARIABLE,redcap,pre-v4,NO,NO,
airway_stenosis_schema,airway_stenosis,diagnosis_as_gsd_yes,diagnosis_as_gold_standard_diagnosis_yes,diagnosis,Confirmed by,NO,release,VARIABLE,redcap,pre-v4,NO,NO,
airway_stenosis_schema,airway_stenosis,diagnosis_as_pft,diagnosis_as_pft,diagnosis,"Whether the participant had pulmonary function testing within the past 3 months: Yes, No, or Not certain.",NO,release,VARIABLE,redcap,pre-v4,NO,NO,
airway_stenosis_schema,airway_stenosis,diagnosis_as_pft_document,diagnosis_as_pft_document,diagnosis,Please upload the PFT document,NO,drop,VARIABLE,redcap,v4,NO,NO,
airway_stenosis_schema,airway_stenosis,diagnosis_as_treatment,diagnosis_as_treatment,diagnosis,What treatment has the participant undergone for their stenosis?,NO,release,VARIABLE,redcap,pre-v4,NO,NO,
airway_stenosis_schema,airway_stenosis,diagnosis_as_treatment_in_office,diagnosis_as_treatment_in_office,diagnosis,In-office/awake treatment options,NO,release,VARIABLE,redcap,pre-v4,NO,NO,
airway_stenosis_schema,airway_stenosis,diagnosis_as_treatment_surgery,diagnosis_as_treatment_surgery,diagnosis,Surgery options,NO,release,VARIABLE,redcap,pre-v4,NO,NO,
airway_stenosis_schema,airway_stenosis,diagnosis_as_treatment_surgery_other,diagnosis_as_treatment_surgery_other,diagnosis,Free-text specification of the participant's other airway stenosis surgery.,NO,review,VARIABLE,redcap,v4,NO,NO,
alzheimers_disease_mild_cognitive_impairme_schema,cognitive_impairment,diagnosis_alz_dementia_mci_ca_adas_cog_score,diagnosis_alz_dementia_mci_ca_adas_cog_score,diagnosis,Alzheimer's Disease Assessment Scale-Cognitive Subscale (ADAS-Cog) score:,NO,review,VARIABLE,redcap,v4,NO,NO,
alzheimers_disease_mild_cognitive_impairme_schema,cognitive_impairment,diagnosis_alz_dementia_mci_ca_mmse_score,diagnosis_alz_dementia_mci_ca_mmse_score,diagnosis,Participant's Mini-Mental State Examination (MMSE) score.,NO,review,VARIABLE,redcap,v4,NO,NO,
alzheimers_disease_mild_cognitive_impairme_schema,cognitive_impairment,diagnosis_alz_dementia_mci_ca_moca_score,diagnosis_alz_dementia_mci_ca_moca_score,diagnosis,Participant's Montreal Cognitive Assessment (MoCA) score.,NO,review,VARIABLE,redcap,v4,NO,NO,
alzheimers_disease_mild_cognitive_impairme_schema,cognitive_impairment,diagnosis_alz_dementia_mci_ca_other,diagnosis_alz_dementia_mci_ca_other,diagnosis,Name of another cognitive assessment tool used for the participant.,NO,review,VARIABLE,redcap,v4,NO,NO,
alzheimers_disease_mild_cognitive_impairme_schema,cognitive_impairment,diagnosis_alz_dementia_mci_ca_other_score,diagnosis_alz_dementia_mci_ca_other_score,diagnosis,Participant's score on the other cognitive assessment tool.,NO,review,VARIABLE,redcap,v4,NO,NO,
alzheimers_disease_mild_cognitive_impairme_schema,cognitive_impairment,diagnosis_alz_dementia_mci_ca_rudas_score,diagnosis_alz_dementia_mci_ca_rudas_score,diagnosis,Participant's Rowland Universal Dementia Assessment Scale (RUDAS) score.,NO,review,VARIABLE,redcap,v4,NO,NO,
alzheimers_disease_mild_cognitive_impairme_schema,cognitive_impairment,diagnosis_alz_dementia_mci_causes,diagnosis_alz_dementia_mci_causes,diagnosis,"Whether other causes of cognitive or functional change (including other dementia subtypes) have been excluded, recorded as Yes, No, or Not certain.",NO,release,VARIABLE,redcap,pre-v4,NO,NO,
alzheimers_disease_mild_cognitive_impairme_schema,cognitive_impairment,diagnosis_alz_dementia_mci_ds,diagnosis_alz_dementia_mci_ds,diagnosis,What is the current stage/severity of cognitive impairment or dementia in the participant?,NO,release,VARIABLE,redcap,pre-v4,NO,NO,
alzheimers_disease_mild_cognitive_impairme_schema,cognitive_impairment,diagnosis_alz_dementia_mci_ds_cdr,diagnosis_alz_dementia_mci_ds_cdr,diagnosis,"Clinical Dementia Rating (CDR) stage of disease severity: CDR 0.5 (very mild), CDR 1 (mild), CDR 2 (moderate), or CDR 3 (severe impairment).",NO,release,VARIABLE,redcap,pre-v4,NO,NO,
alzheimers_disease_mild_cognitive_impairme_schema,cognitive_impairment,diagnosis_alz_dementia_mci_dt,diagnosis_alz_dementia_mci_dt,diagnosis,"Type of cognitive disease in the participant: mild cognitive impairment, Alzheimer's disease, frontotemporal, Lewy body, vascular or mixed dementia, or other.",NO,release,VARIABLE,redcap,pre-v4,NO,NO,
alzheimers_disease_mild_cognitive_impairme_schema,cognitive_impairment,diagnosis_alz_dementia_mci_dt_other,diagnosis_alz_dementia_mci_dt_other,diagnosis,Free-text specification of the participant's other dementia disease type.,NO,review,VARIABLE,redcap,v4,NO,NO,
alzheimers_disease_mild_cognitive_impairme_schema,cognitive_impairment,diagnosis_alz_dementia_mci_etiology,diagnosis_alz_dementia_mci_etiology,diagnosis,What is the suspected or known etiology in the participant?,NO,release,VARIABLE,redcap,pre-v4,NO,NO,
alzheimers_disease_mild_cognitive_impairme_schema,cognitive_impairment,diagnosis_alz_dementia_mci_etiology_gf,diagnosis_alz_dementia_mci_etiology_gf,diagnosis,Genetic Factors Subcategory,NO,release,VARIABLE,redcap,pre-v4,NO,NO,
alzheimers_disease_mild_cognitive_impairme_schema,cognitive_impairment,diagnosis_alz_dementia_mci_etiology_gf_other,diagnosis_alz_dementia_mci_etiology_gf_other,diagnosis,"If you selected ""Other genetic factors"", please specify:",NO,review,VARIABLE,redcap,v4,NO,NO,
alzheimers_disease_mild_cognitive_impairme_schema,cognitive_impairment,diagnosis_alz_dementia_mci_etiology_other,diagnosis_alz_dementia_mci_etiology_other,diagnosis,Free-text specification of the participant's other dementia etiology.,NO,review,VARIABLE,redcap,v4,NO,NO,
alzheimers_disease_mild_cognitive_impairme_schema,cognitive_impairment,diagnosis_alz_dementia_mci_etiology_other_medical_conditions,diagnosis_alz_dementia_mci_etiology_other_medical_conditions,diagnosis,Free-text specification of the participant's other medical conditions contributing to the dementia etiology.,NO,review,VARIABLE,redcap,v4,NO,NO,
alzheimers_disease_mild_cognitive_impairme_schema,cognitive_impairment,diagnosis_alz_dementia_mci_gsd,diagnosis_alz_dementia_mci_gold_standard_diagnosis,diagnosis,"Clinician-confirmed gold-standard diagnosis of a cognitive disorder: Major Neurocognitive Disorder (Alzheimer's type), Mild Cognitive Impairment, or other dementia.",NO,release,VARIABLE,redcap,pre-v4,NO,NO,
alzheimers_disease_mild_cognitive_impairme_schema,cognitive_impairment,diagnosis_alz_dementia_mci_gsd_clinical_history,diagnosis_alz_dementia_mci_gold_standard_diagnosis_clinical_history,diagnosis,Clinical history supporting the participant's gold-standard dementia or MCI diagnosis.,NO,review,VARIABLE,redcap,v4,NO,NO,
alzheimers_disease_mild_cognitive_impairme_schema,cognitive_impairment,diagnosis_alz_dementia_mci_gsd_cognitive_testing,diagnosis_alz_dementia_mci_gold_standard_diagnosis_cognitive_testing,diagnosis,Cognitive testing supporting the participant's gold-standard dementia or MCI diagnosis.,NO,review,VARIABLE,redcap,v4,NO,NO,
alzheimers_disease_mild_cognitive_impairme_schema,cognitive_impairment,diagnosis_alz_dementia_mci_gsd_confirmation_method,diagnosis_alz_dementia_mci_gold_standard_diagnosis_confirmation_method,diagnosis,How was this diagnosis confirmed? (Check all that apply),NO,release,VARIABLE,redcap,pre-v4,NO,NO,
alzheimers_disease_mild_cognitive_impairme_schema,cognitive_impairment,diagnosis_alz_dementia_mci_gsd_confirmation_method_other,diagnosis_alz_dementia_mci_gold_standard_diagnosis_confirmation_method_other,diagnosis,Other cognitive impairment diagnosis confirmation method,NO,review,VARIABLE,redcap,v4,NO,NO,
alzheimers_disease_mild_cognitive_impairme_schema,cognitive_impairment,diagnosis_alz_dementia_mci_gsd_functional_inventory,diagnosis_alz_dementia_mci_gold_standard_diagnosis_functional_inventory,diagnosis,Functional Inventory:,NO,review,VARIABLE,redcap,v4,NO,NO,
alzheimers_disease_mild_cognitive_impairme_schema,cognitive_impairment,diagnosis_alz_dementia_mci_gsd_other_investigations,diagnosis_alz_dementia_mci_gold_standard_diagnosis_other_investigations,diagnosis,Other investigations supporting the participant's gold-standard dementia or MCI diagnosis.,NO,review,VARIABLE,redcap,v4,NO,NO,
alzheimers_disease_mild_cognitive_impairme_schema,cognitive_impairment,diagnosis_alz_dementia_mci_treatment_obtained,diagnosis_alz_dementia_mci_treatment_obtained,diagnosis,"Indicates whether the participant has ever received treatment (e.g., medications, cognitive or behavioral therapies, or other interventions) for Alzheimer’s disease, mild cognitive impairment, or other dementia, recorded as Yes/No.",NO,release,VARIABLE,redcap,pre-v4,NO,NO,
alzheimers_disease_mild_cognitive_impairme_schema,cognitive_impairment,diagnosis_alz_dementia_mci_treatment_obtained_yes,diagnosis_alz_dementia_mci_treatment_obtained_yes,diagnosis,Yes,NO,release,VARIABLE,redcap,pre-v4,NO,NO,
alzheimers_disease_mild_cognitive_impairme_schema,cognitive_impairment,diagnosis_alz_dementia_mci_treatment_obtained_yes_medications,diagnosis_alz_dementia_mci_treatment_obtained_yes_medications,diagnosis,Medications:,NO,release,VARIABLE,redcap,pre-v4,NO,NO,
alzheimers_disease_mild_cognitive_impairme_schema,cognitive_impairment,diagnosis_alz_dementia_mci_treatment_obtained_yes_medications_other,diagnosis_alz_dementia_mci_treatment_obtained_yes_medications_other,diagnosis,"If you selected ""Other"", please specify:",NO,review,VARIABLE,redcap,v4,NO,NO,
alzheimers_disease_mild_cognitive_impairme_schema,cognitive_impairment,diagnosis_alz_dementia_mci_treatment_obtained_yes_npi,diagnosis_alz_dementia_mci_treatment_obtained_yes_npi,diagnosis,Non-pharmacological interventions:,NO,release,VARIABLE,redcap,pre-v4,NO,NO,
alzheimers_disease_mild_cognitive_impairme_schema,cognitive_impairment,diagnosis_alz_dementia_mci_treatment_obtained_yes_npi_other,diagnosis_alz_dementia_mci_treatment_obtained_yes_npi_other,diagnosis,"If you selected ""Other"", please specify:",NO,review,VARIABLE,redcap,v4,NO,NO,
amyotrophic_lateral_sclerosis_als_schema,amyotrophic_lateral_sclerosis,diagnosis_als_cp,diagnosis_als_cp,diagnosis,Describe the clinical features and symptoms of ALS in the participant:,NO,release,VARIABLE,redcap,pre-v4,NO,NO,
amyotrophic_lateral_sclerosis_als_schema,amyotrophic_lateral_sclerosis,diagnosis_als_disease_subtype,diagnosis_als_disease_subtype,diagnosis,"Type of ALS in the participant: sporadic, familial, spinal/limb-onset, or bulbar-onset.",NO,release,VARIABLE,redcap,pre-v4,NO,NO,
amyotrophic_lateral_sclerosis_als_schema,amyotrophic_lateral_sclerosis,diagnosis_als_disease_subtype_familial,diagnosis_als_disease_subtype_familial,diagnosis,"If you selected ""Familial ALS"", please specify the genetic mutation if known:",NO,review,VARIABLE,redcap,v4,NO,NO,
amyotrophic_lateral_sclerosis_als_schema,amyotrophic_lateral_sclerosis,diagnosis_als_dp,diagnosis_als_dp,diagnosis,"Current stage of the participant's ALS progression: early stage, intermediate stage, or advanced stage.",NO,release,VARIABLE,redcap,pre-v4,NO,NO,
amyotrophic_lateral_sclerosis_als_schema,amyotrophic_lateral_sclerosis,diagnosis_als_etiology,diagnosis_als_etiology,diagnosis,What is the suspected or known etiology of ALS in the participant?,NO,release,VARIABLE,redcap,pre-v4,NO,NO,
amyotrophic_lateral_sclerosis_als_schema,amyotrophic_lateral_sclerosis,diagnosis_als_etiology_environmental_factors,diagnosis_als_etiology_environmental_factors,diagnosis,"If you selected ""Environmental factors"", please specify:",NO,review,VARIABLE,redcap,v4,NO,NO,
amyotrophic_lateral_sclerosis_als_schema,amyotrophic_lateral_sclerosis,diagnosis_als_etiology_genetic_factors,diagnosis_als_etiology_genetic_factors,diagnosis,Genetic Factors,NO,release,VARIABLE,redcap,pre-v4,NO,NO,
amyotrophic_lateral_sclerosis_als_schema,amyotrophic_lateral_sclerosis,diagnosis_als_etiology_genetic_factors_other,diagnosis_als_etiology_genetic_factors_other,diagnosis,"If you selected ""Other genetic factors"", please specify:",NO,review,VARIABLE,redcap,v4,NO,NO,
amyotrophic_lateral_sclerosis_als_schema,amyotrophic_lateral_sclerosis,diagnosis_als_gsd,diagnosis_als_gold_standard_diagnosis,diagnosis,Clinician-confirmed gold-standard diagnosis of amyotrophic lateral sclerosis (ALS) (yes or no).,NO,release,VARIABLE,redcap,pre-v4,NO,NO,
amyotrophic_lateral_sclerosis_als_schema,amyotrophic_lateral_sclerosis,diagnosis_als_gsd_calculation,diagnosis_als_gold_standard_diagnosis_calculation,diagnosis,Calculated flag for whether ALS diagnostic criteria are met (yes or no).,NO,release,VARIABLE,redcap,pre-v4,YES,NO,
amyotrophic_lateral_sclerosis_als_schema,amyotrophic_lateral_sclerosis,diagnosis_als_gsd_category_1,diagnosis_als_gold_standard_diagnosis_category_1,diagnosis,"Whether the participant has progressive motor impairment, documented by history or repeated clinical assessment, that began after a period of normal motor function — a gold-standard ALS diagnostic criterion (yes or no).",NO,release,VARIABLE,redcap,pre-v4,NO,NO,
amyotrophic_lateral_sclerosis_als_schema,amyotrophic_lateral_sclerosis,diagnosis_als_gsd_category_2,diagnosis_als_gold_standard_diagnosis_category_2,diagnosis,"Whether the participant meets ALS gold-standard diagnostic criterion 2 — upper and lower motor neuron (UMN and LMN) signs in at least one body region (both noted in the same region if only one region is involved), or LMN signs in at least two body regions (yes or no).",NO,release,VARIABLE,redcap,pre-v4,NO,NO,
amyotrophic_lateral_sclerosis_als_schema,amyotrophic_lateral_sclerosis,diagnosis_als_gsd_category_3,diagnosis_als_gold_standard_diagnosis_category_3,diagnosis,Gold-standard ALS diagnostic criterion (3): whether investigations have excluded other disease processes (yes or no).,NO,release,VARIABLE,redcap,pre-v4,NO,NO,
amyotrophic_lateral_sclerosis_als_schema,amyotrophic_lateral_sclerosis,diagnosis_als_gsd_confirmation_method,diagnosis_als_gold_standard_diagnosis_confirmation_method,diagnosis,How was this diagnosis confirmed? (Check all that apply),NO,release,VARIABLE,redcap,pre-v4,NO,NO,
amyotrophic_lateral_sclerosis_als_schema,amyotrophic_lateral_sclerosis,diagnosis_als_idt_emg_ncs,diagnosis_als_idt_emg_ncs,diagnosis,Electromyography (EMG) and Nerve Conduction Studies (NCS):,NO,review,VARIABLE,redcap,v4,NO,NO,
amyotrophic_lateral_sclerosis_als_schema,amyotrophic_lateral_sclerosis,diagnosis_als_idt_genetic_testing,diagnosis_als_idt_genetic_testing,diagnosis,"Genetic testing (if applicable, specify results):",NO,review,VARIABLE,redcap,v4,NO,NO,
amyotrophic_lateral_sclerosis_als_schema,amyotrophic_lateral_sclerosis,diagnosis_als_idt_lumbar_puncture,diagnosis_als_idt_lumbar_puncture,diagnosis,"Lumbar Puncture (if performed, specify findings):",NO,review,VARIABLE,redcap,v4,NO,NO,
amyotrophic_lateral_sclerosis_als_schema,amyotrophic_lateral_sclerosis,diagnosis_als_idt_mri,diagnosis_als_idt_mri,diagnosis,Magnetic Resonance Imaging (MRI) of the brain and spinal cord:,NO,drop,VARIABLE,redcap,v4,NO,NO,
amyotrophic_lateral_sclerosis_als_schema,amyotrophic_lateral_sclerosis,diagnosis_als_idt_other,diagnosis_als_idt_other,diagnosis,Other diagnostic tests (please specify):,NO,review,VARIABLE,redcap,v4,NO,NO,
amyotrophic_lateral_sclerosis_als_schema,amyotrophic_lateral_sclerosis,diagnosis_als_na_alsfrs_r_score,diagnosis_als_na_alsfrs_r_score,diagnosis,Revised ALS Functional Rating Scale (ALSFRS-R) score:,NO,review,VARIABLE,redcap,v4,NO,NO,
amyotrophic_lateral_sclerosis_als_schema,amyotrophic_lateral_sclerosis,diagnosis_als_na_fvc_percentage,diagnosis_als_na_fvc_percentage,diagnosis,Forced Vital Capacity (FVC) percentage (if measured):,NO,review,VARIABLE,redcap,v4,NO,NO,
amyotrophic_lateral_sclerosis_als_schema,amyotrophic_lateral_sclerosis,diagnosis_als_na_other,diagnosis_als_na_other,diagnosis,Other neurological assessment (please specify):,NO,review,VARIABLE,redcap,v4,NO,NO,
amyotrophic_lateral_sclerosis_als_schema,amyotrophic_lateral_sclerosis,diagnosis_als_treatment_and_management,diagnosis_als_treatment_and_management,diagnosis,"Indicates whether the participant has received any treatments or interventions for ALS (e.g., medications like riluzole or edaravone, physical/speech therapy, feeding tube, or ventilatory support), recorded as Yes/No with option to specify details.",NO,release,VARIABLE,redcap,pre-v4,NO,NO,
amyotrophic_lateral_sclerosis_als_schema,amyotrophic_lateral_sclerosis,diagnosis_als_treatment_and_management_yes,diagnosis_als_treatment_and_management_yes,diagnosis,Yes,NO,release,VARIABLE,redcap,pre-v4,NO,NO,
amyotrophic_lateral_sclerosis_als_schema,amyotrophic_lateral_sclerosis,diagnosis_als_treatment_and_management_yes_medications,diagnosis_als_treatment_and_management_yes_medications,diagnosis,Medications (if applicable):,NO,release,VARIABLE,redcap,pre-v4,NO,NO,controlled
amyotrophic_lateral_sclerosis_als_schema,amyotrophic_lateral_sclerosis,diagnosis_als_treatment_and_management_yes_medications_other,diagnosis_als_treatment_and_management_yes_medications_other,diagnosis,"If you selected ""Other"", please specify:",NO,review,VARIABLE,redcap,v4,NO,NO,
amyotrophic_lateral_sclerosis_als_schema,amyotrophic_lateral_sclerosis,diagnosis_als_treatment_and_management_yes_supportive_care,diagnosis_als_treatment_and_management_yes_supportive_care,diagnosis,Supportive Care:,NO,release,VARIABLE,redcap,pre-v4,NO,NO,
amyotrophic_lateral_sclerosis_als_schema,amyotrophic_lateral_sclerosis,diagnosis_als_treatment_and_management_yes_supportive_care_other,diagnosis_als_treatment_and_management_yes_supportive_care_other,diagnosis,"If you selected ""Other"", please specify:",NO,review,VARIABLE,redcap,v4,NO,NO,
anxiety_disorder_schema,anxiety,diagnosis_ad_active_psy_med_prob_other,diagnosis_ad_active_psy_med_prob_other,diagnosis,"[DEPRECATED]
Please specify

MOVED IT TO ""Q - Mood - Participant History""",YES,review,VARIABLE,redcap,v4,NO,NO,
anxiety_disorder_schema,anxiety,diagnosis_ad_active_psy_med_problems,diagnosis_ad_active_psy_med_problems,diagnosis,"[DEPRECATED]
Please select any active psychiatric problems and medical problems (select all that apply).

MOVED IT TO ""Q - Mood - Participant History""",YES,release,VARIABLE,redcap,pre-v4,NO,NO,
anxiety_disorder_schema,anxiety,diagnosis_ad_current_medication,diagnosis_ad_current_medication,diagnosis,"[DEPRECATED]
Please list any current psychiatric medications (to the best of your recollection), including medication names, dosage,
and how many times per day.


MOVED IT TO ""Q - Mood - Participant History""",YES,review,VARIABLE,redcap,v4,NO,NO,
anxiety_disorder_schema,anxiety,diagnosis_ad_describe_psychotherapy,diagnosis_ad_describe_psychotherapy,diagnosis,"[DEPRECATED]
Please briefly describe your psychotherapy history (e.g.,
dates, reasons for seeking therapy, etc.).

MOVED IT TO ""Q - Mood - Participant History""",NO,review,VARIABLE,redcap,v4,NO,NO,
anxiety_disorder_schema,anxiety,diagnosis_ad_hist_psy_med_prob_other,diagnosis_ad_hist_psy_med_prob_other,diagnosis,"[DEPRECATED]
Please specify

MOVED IT TO ""Q - Mood - Participant History""",YES,review,VARIABLE,redcap,v4,NO,NO,
anxiety_disorder_schema,anxiety,diagnosis_ad_hist_psy_med_problems,diagnosis_ad_hist_psy_med_problems,diagnosis,"[DEPRECATED]
Please select any historical psychiatric problems and medical problems (select all that apply).

MOVED IT TO ""Q - Mood - Participant History""",YES,release,VARIABLE,redcap,pre-v4,NO,NO,
anxiety_disorder_schema,anxiety,diagnosis_ad_last_anxious_episode,diagnosis_ad_last_anxious_episode,diagnosis,"When was your last anxious episode (feeling anxious more days than not over
two weeks)?",YES,internal,VARIABLE,redcap,v4,NO,YES,
anxiety_disorder_schema,anxiety,diagnosis_ad_last_anxious_episode_days_since,diagnosis_ad_last_anxious_episode_days_since,diagnosis,"Days from the last anxious episode to the start of the participant's first session (computed from diagnosis_ad_last_anxious_episode; the date shift does not change it). Positive when the episode was before the first session, negative when it was after it (reported at a later session). Blank if either date is missing or the date did not pass the date checks.",NO,release,VARIABLE,pipeline,v4,NO,NO,
anxiety_disorder_schema,anxiety,diagnosis_ad_prescribed_medication,diagnosis_ad_prescribed_medication,diagnosis,"[DEPRECATED] Whether the participant has ever been prescribed medication for mental or emotional problems, such as antidepressants, anxiolytics, antipsychotics or mood stabilizers (Yes/No); moved to the Mood Participant History form.",NO,release,VARIABLE,redcap,pre-v4,NO,NO,
anxiety_disorder_schema,anxiety,diagnosis_ad_previous_medication,diagnosis_ad_previous_medication,diagnosis,"[DEPRECATED]
Please list any previous psychiatric medications (to the best of your recollection), including medication names,
approximate dates you were taking them, and why they were discontinued.

MOVED IT TO ""Q - Mood - Participant History""",YES,review,VARIABLE,redcap,v4,NO,NO,
anxiety_disorder_schema,anxiety,diagnosis_ad_see_mental_health_professional,diagnosis_ad_see_mental_health_professional,diagnosis,"[DEPRECATED] Whether the participant has ever seen a mental health professional for talk therapy (e.g., social worker, psychiatrist); recorded as Yes or No; moved to the Mood Participant History form.",NO,release,VARIABLE,redcap,pre-v4,NO,NO,
anxiety_disorder_schema,anxiety,diagnosis_diagnosed_ad,diagnosis_ad_gold_standard_diagnosis,diagnosis,Clinician-confirmed gold-standard diagnosis of an anxiety disorder (yes or no).,NO,release,VARIABLE,redcap,pre-v4,NO,NO,
anxiety_disorder_schema,anxiety,diagnosis_diagnosed_ad_selection,diagnosis_ad_selection,diagnosis,"The anxiety disorder diagnosis selected for the participant, recorded as an ICD-11 category (e.g. generalized anxiety disorder, anxiety or fear-related disorders unspecified).",NO,release,VARIABLE,redcap,pre-v4,NO,NO,
benign_lesions_schema,benign_lesions,diagnois_bl_gsd,diagnosis_bl_gold_standard_diagnosis,diagnosis,"Clinician-confirmed determination of whether the participant has a benign vocal fold lesion, confirmed by laryngoscopy or stroboscopy.",NO,release,VARIABLE,redcap,pre-v4,NO,NO,
benign_lesions_schema,benign_lesions,diagnosis_bl_degree_b_1,diagnosis_bl_degree_b_severity,diagnosis,"Breathiness rated on the CAPE-V 0–100 perceptual scale (anchors: mildly, moderately, severely deviant).",NO,release,VARIABLE,redcap,pre-v4,NO,NO,
benign_lesions_schema,benign_lesions,diagnosis_bl_degree_b_2,diagnosis_bl_degree_b_consistency,diagnosis,Whether the breathiness rating was consistent or intermittent.,NO,release,VARIABLE,redcap,pre-v4,NO,NO,
benign_lesions_schema,benign_lesions,diagnosis_bl_degree_comments,diagnosis_bl_degree_comments,diagnosis,Clinician's rating of the participant's resonance on the perceptual voice exam (normal or other).,YES,release,VARIABLE,redcap,pre-v4,NO,NO,
benign_lesions_schema,benign_lesions,diagnosis_bl_degree_comments_other,diagnosis_bl_degree_comments_other,diagnosis,"Other resonance comment, benign lesion assessment",YES,review,VARIABLE,redcap,v4,NO,NO,
benign_lesions_schema,benign_lesions,diagnosis_bl_degree_comments_other_2,diagnosis_bl_degree_comments_other_2,diagnosis,"Free-text additional voice-quality features noted for the participant (for example, diplophonia, fry, falsetto, asthenia, aphonia, pitch instability, tremor, or wet/gurgly).",YES,review,VARIABLE,redcap,v4,NO,NO,
benign_lesions_schema,benign_lesions,diagnosis_bl_degree_l_1,diagnosis_bl_degree_l_severity,diagnosis,"Loudness rated on the CAPE-V 0–100 perceptual scale (anchors: mildly, moderately, severely deviant).",NO,release,VARIABLE,redcap,pre-v4,NO,NO,
benign_lesions_schema,benign_lesions,diagnosis_bl_degree_l_2,diagnosis_bl_degree_l_consistency,diagnosis,Whether the loudness rating was consistent or intermittent.,NO,release,VARIABLE,redcap,pre-v4,NO,NO,
benign_lesions_schema,benign_lesions,diagnosis_bl_degree_l_nature,diagnosis_bl_degree_l_nature,diagnosis,Free-text description of the nature of the participant's loudness abnormality on the voice exam.,NO,review,VARIABLE,redcap,v4,NO,NO,
benign_lesions_schema,benign_lesions,diagnosis_bl_degree_legend,diagnosis_bl_degree_legend,diagnosis,Legend: C- Sonsistent I = IntermittentMI = Mildly DeviantMO = Moderately DeviantSE = Severely Deviant,YES,drop,VARIABLE,redcap,pre-v4,NO,NO,
benign_lesions_schema,benign_lesions,diagnosis_bl_degree_os_1,diagnosis_bl_degree_os_severity,diagnosis,"Overall severity rated on the CAPE-V 0–100 perceptual scale (anchors: mildly, moderately, severely deviant).",NO,release,VARIABLE,redcap,pre-v4,NO,NO,
benign_lesions_schema,benign_lesions,diagnosis_bl_degree_os_2,diagnosis_bl_degree_os_consistency,diagnosis,Whether the overall severity rating was consistent or intermittent.,NO,release,VARIABLE,redcap,pre-v4,NO,NO,
benign_lesions_schema,benign_lesions,diagnosis_bl_degree_p_1,diagnosis_bl_degree_p_severity,diagnosis,"Pitch rated on the CAPE-V 0–100 perceptual scale (anchors: mildly, moderately, severely deviant).",NO,release,VARIABLE,redcap,pre-v4,NO,NO,
benign_lesions_schema,benign_lesions,diagnosis_bl_degree_p_2,diagnosis_bl_degree_p_consistency,diagnosis,Whether the pitch rating was consistent or intermittent.,NO,release,VARIABLE,redcap,pre-v4,NO,NO,
benign_lesions_schema,benign_lesions,diagnosis_bl_degree_p_nature,diagnosis_bl_degree_p_nature,diagnosis,Free-text description of the nature of the participant's pitch abnormality on the voice exam.,NO,review,VARIABLE,redcap,v4,NO,NO,
benign_lesions_schema,benign_lesions,diagnosis_bl_degree_r_1,diagnosis_bl_degree_r_severity,diagnosis,"Roughness rated on the CAPE-V 0–100 perceptual scale (anchors: mildly, moderately, severely deviant).",NO,release,VARIABLE,redcap,pre-v4,NO,NO,
benign_lesions_schema,benign_lesions,diagnosis_bl_degree_r_2,diagnosis_bl_degree_r_consistency,diagnosis,Whether the roughness rating was consistent or intermittent.,NO,release,VARIABLE,redcap,pre-v4,NO,NO,
benign_lesions_schema,benign_lesions,diagnosis_bl_degree_s_1,diagnosis_bl_degree_s_severity,diagnosis,"Strain rated on the CAPE-V 0–100 perceptual scale (anchors: mildly, moderately, severely deviant).",NO,release,VARIABLE,redcap,pre-v4,NO,NO,
benign_lesions_schema,benign_lesions,diagnosis_bl_degree_s_2,diagnosis_bl_degree_s_consistency,diagnosis,Whether the strain rating was consistent or intermittent.,NO,release,VARIABLE,redcap,pre-v4,NO,NO,
benign_lesions_schema,benign_lesions,diagnosis_bl_degree_text,diagnosis_bl_degree_text,diagnosis,"Degree of dysphonia

CAPE-V scale",YES,drop,VARIABLE,redcap,pre-v4,NO,NO,
benign_lesions_schema,benign_lesions,diagnosis_bl_ds,diagnosis_bl_ds,diagnosis,"Clinician-recorded benign lesion diagnosis: anterior glottic web, fibrous mass(es), recurrent respiratory papilloma, Reinke's edema, rheumatoid nodules, vocal fold cyst, nodules, polyp, scarring or ulcers, or other.",NO,release,VARIABLE,redcap,pre-v4,NO,NO,
benign_lesions_schema,benign_lesions,diagnosis_bl_ds_ll,diagnosis_bl_ds_ll,diagnosis,"Location of the participant's benign lesion(s) on the vocal folds: right vocal fold, left vocal fold, or both vocal folds.",NO,release,VARIABLE,redcap,pre-v4,NO,NO,
benign_lesions_schema,benign_lesions,diagnosis_bl_ds_other,diagnosis_bl_ds_other,diagnosis,Free-text specification of the participant's other benign lesion disease subtype.,NO,review,VARIABLE,redcap,v4,NO,NO,
benign_lesions_schema,benign_lesions,diagnosis_bl_etiology,diagnosis_bl_etiology,diagnosis,"Etiology of the benign lesion, recorded as one of Phonotrauma, HPV virus (recurrent respiratory papillomatosis, RRP), or Other.",NO,release,VARIABLE,redcap,pre-v4,NO,NO,
benign_lesions_schema,benign_lesions,diagnosis_bl_etiology_other,diagnosis_bl_etiology_other,diagnosis,Free-text specification of the participant's other benign lesion etiology.,NO,review,VARIABLE,redcap,v4,NO,NO,
benign_lesions_schema,benign_lesions,diagnosis_bl_treatment,diagnosis_bl_treatment,diagnosis,Indicates whether the participant has undergone any treatment for this condition (response options: Yes/No).,NO,release,VARIABLE,redcap,pre-v4,NO,NO,
benign_lesions_schema,benign_lesions,diagnosis_bl_treatment_lm,diagnosis_bl_treatment_lm,diagnosis,Whether the participant's benign-lesion laryngeal microsurgery was performed with or without laser.,NO,release,VARIABLE,redcap,pre-v4,NO,NO,
benign_lesions_schema,benign_lesions,diagnosis_bl_treatment_other,diagnosis_bl_treatment_other,diagnosis,Free-text specification of the participant's other benign lesion treatment obtained.,NO,review,VARIABLE,redcap,v4,NO,NO,
benign_lesions_schema,benign_lesions,diagnosis_bl_treatment_select,diagnosis_bl_treatment_select,diagnosis,Select all that apply:,NO,release,VARIABLE,redcap,pre-v4,NO,NO,
bipolar_disorder_schema,bipolar_disorder,diagnosis_bipolar_active_problems,diagnosis_bipolar_active_problems,diagnosis,"[DEPRECATED]
Enter list of active problems",YES,review,VARIABLE,redcap,v4,NO,NO,
bipolar_disorder_schema,bipolar_disorder,diagnosis_bipolar_current_med_therapies,diagnosis_bipolar_current_med_therapies,diagnosis,"[DEPRECATED]
List any current medications/therapies",YES,review,VARIABLE,redcap,v4,NO,NO,
bipolar_disorder_schema,bipolar_disorder,diagnosis_bipolar_etiology,diagnosis_bipolar_etiology,diagnosis,"[DEPRECATED]
Describe life events that may relate to the diagnosis",YES,review,VARIABLE,redcap,v4,NO,NO,
bipolar_disorder_schema,bipolar_disorder,diagnosis_bipolar_former_med_therapies,diagnosis_bipolar_former_med_therapies,diagnosis,"[DEPRECATED]
List any former medications/therapies",YES,review,VARIABLE,redcap,v4,NO,NO,
bipolar_disorder_schema,bipolar_disorder,diagnosis_bipolar_gsd,diagnosis_bipolar_gold_standard_diagnosis,diagnosis,[DEPRECATED] Clinician's gold-standard diagnosis of the participant's bipolar disorder.,YES,release,VARIABLE,redcap,pre-v4,NO,NO,
bipolar_disorder_schema,bipolar_disorder,diagnosis_bipolar_gsd_interview,diagnosis_bipolar_gold_standard_diagnosis_interview,diagnosis,[DEPRECATED] Whether a structured clinical interview was done for the participant's bipolar diagnosis.,YES,release,VARIABLE,redcap,pre-v4,NO,NO,
bipolar_disorder_schema,bipolar_disorder,diagnosis_bipolar_gsd_oqu,diagnosis_bipolar_gold_standard_diagnosis_oqu,diagnosis,[DEPRECATED] Whether an objective questionnaire was used for the participant's bipolar diagnosis.,YES,release,VARIABLE,redcap,pre-v4,NO,NO,
bipolar_disorder_schema,bipolar_disorder,diagnosis_bipolar_gsd_oqu_other,diagnosis_bipolar_gold_standard_diagnosis_oqu_other,diagnosis,"[DEPRECATED]
Please specify",YES,review,VARIABLE,redcap,v4,NO,NO,
bipolar_disorder_schema,bipolar_disorder,diagnosis_bipolar_gsd_oquw,diagnosis_bipolar_gold_standard_diagnosis_oquw,diagnosis,[DEPRECATED] Which objective questionnaire was used for the participant's bipolar diagnosis.,YES,release,VARIABLE,redcap,pre-v4,NO,NO,
bipolar_disorder_schema,bipolar_disorder,diagnosis_bipolar_history_problems,diagnosis_bipolar_history_problems,diagnosis,"[DEPRECATED]
Enter any history of problems",YES,review,VARIABLE,redcap,v4,NO,NO,
bipolar_disorder_schema,bipolar_disorder,diagnosis_bipolar_psychotic,diagnosis_bipolar_psychotic,diagnosis,[DEPRECATED] Whether the participant's bipolar disorder presents with or without psychotic symptoms.,YES,release,VARIABLE,redcap,pre-v4,NO,NO,
bipolar_disorder_schema,bipolar_disorder,diagnosis_bipolar_severity,diagnosis_bipolar_severity,diagnosis,"[DEPRECATED] Severity of the participant's bipolar disorder (mild, moderate, or severe).",YES,release,VARIABLE,redcap,pre-v4,NO,NO,
bipolar_disorder_schema,bipolar_disorder,diagnosis_bipolar_subtype_active,diagnosis_bipolar_subtype_active,diagnosis,[DEPRECATED] Subtype of the participant's bipolar disorder (active or recurrent).,YES,release,VARIABLE,redcap,pre-v4,NO,NO,
bipolar_disorder_schema,bipolar_disorder,mbd_active_psy_med_prob_other,mbd_active_psy_med_prob_other,diagnosis,"[DEPRECATED]
Please specify

MOVED IT TO ""Q - Mood - Participant History""",YES,review,VARIABLE,redcap,v4,NO,NO,
bipolar_disorder_schema,bipolar_disorder,mbd_active_psy_med_problems,mbd_active_psy_med_problems,diagnosis,"[DEPRECATED]
Please select any active psychiatric problems and medical problems (select all that apply).

MOVED IT TO ""Q - Mood - Participant History""",YES,release,VARIABLE,redcap,pre-v4,NO,NO,
bipolar_disorder_schema,bipolar_disorder,mbd_current_medication,mbd_current_medication,diagnosis,"[DEPRECATED]
Please list any current psychiatric medications (to the best of your recollection), including medication names, dosage, and how many times per day.

MOVED IT TO ""Q - Mood - Participant History""",YES,review,VARIABLE,redcap,v4,NO,NO,
bipolar_disorder_schema,bipolar_disorder,mbd_describe_psychotherapy,mbd_describe_psychotherapy,diagnosis,"[DEPRECATED]
Please briefly describe your psychotherapy history (e.g.,
dates, reasons for seeking therapy, etc.).

MOVED IT TO ""Q - Mood - Participant History""",YES,review,VARIABLE,redcap,v4,NO,NO,
bipolar_disorder_schema,bipolar_disorder,mbd_diagnosed_bipolar_i_ii_other,diagnosis_mbd_bipolar_i_ii_other,diagnosis,"Indicates whether the participant was diagnosed with Bipolar I, Bipolar II, or another/unspecified form of bipolar disorder (response options: Bipolar I; Bipolar II; Other/Unspecified).",NO,release,VARIABLE,redcap,pre-v4,NO,NO,
bipolar_disorder_schema,bipolar_disorder,mbd_diagnosed_bm,diagnosis_mbd_gold_standard_diagnosis,diagnosis,Clinician-confirmed gold-standard diagnosis of bipolar disorder (yes or no).,NO,release,VARIABLE,redcap,pre-v4,NO,NO,
bipolar_disorder_schema,bipolar_disorder,mbd_diagnosed_bm_selection,diagnosis_mbd_selection,diagnosis,"ICD-11 bipolar-spectrum diagnosis recorded for the participant: bipolar type I, bipolar type II, cyclothymic disorder, other specified, or unspecified bipolar or related disorders.",NO,release,VARIABLE,redcap,pre-v4,NO,NO,
bipolar_disorder_schema,bipolar_disorder,mbd_diagnosed_other,diagnosis_mbd_other,diagnosis,Other or unspecified bipolar disorder diagnosis,NO,review,VARIABLE,redcap,v4,NO,NO,
bipolar_disorder_schema,bipolar_disorder,mbd_ever_seen_heard,diagnosis_mbd_ever_seen_heard,diagnosis,Indicates whether the participant has ever experienced hallucinations (seeing or hearing things others do not); responses: yes/no.,NO,release,VARIABLE,redcap,pre-v4,NO,NO,
bipolar_disorder_schema,bipolar_disorder,mbd_had_manic_episode,diagnosis_mbd_had_manic_episode,diagnosis,"Indicates whether the participant has ever had a manic episode (Yes/No), defined as a period of abnormally elevated, expansive, or irritable mood with increased goal-directed activity or energy lasting ≥1 week and present most of the day, nearly every day, while not under the influence of substances.",NO,release,VARIABLE,redcap,pre-v4,NO,NO,
bipolar_disorder_schema,bipolar_disorder,mbd_hist_psy_med_prob_other,mbd_hist_psy_med_prob_other,diagnosis,"[DEPRECATED]
Please specify

MOVED IT TO ""Q - Mood - Participant History""",YES,review,VARIABLE,redcap,v4,NO,NO,
bipolar_disorder_schema,bipolar_disorder,mbd_hist_psy_med_problems,mbd_hist_psy_med_problems,diagnosis,"[DEPRECATED]
Please select any historical psychiatric problems and medical problems (select all that apply).

MOVED IT TO ""Q - Mood - Participant History""",YES,release,VARIABLE,redcap,pre-v4,NO,NO,
bipolar_disorder_schema,bipolar_disorder,mbd_last_depressive_episode,diagnosis_mbd_last_depressive_episode,diagnosis,When was your last depressive episode (feeling down and depressed more days than not over two weeks)?,YES,internal,VARIABLE,redcap,v4,NO,YES,
bipolar_disorder_schema,bipolar_disorder,mbd_last_depressive_episode_days_since,mbd_last_depressive_episode_days_since,diagnosis,"Days from the last depressive episode to the start of the participant's first session (computed from mbd_last_depressive_episode; the date shift does not change it). Positive when the episode was before the first session, negative when it was after it (reported at a later session). Blank if either date is missing or the date did not pass the date checks.",NO,release,VARIABLE,pipeline,v4,NO,NO,
bipolar_disorder_schema,bipolar_disorder,mbd_last_manic_episode,diagnosis_mbd_last_manic_episode,diagnosis,When was your last manic episode?,YES,internal,VARIABLE,redcap,v4,NO,YES,
bipolar_disorder_schema,bipolar_disorder,mbd_last_manic_episode_days_since,mbd_last_manic_episode_days_since,diagnosis,"Days from the last manic episode to the start of the participant's first session (computed from mbd_last_manic_episode; the date shift does not change it). Positive when the episode was before the first session, negative when it was after it (reported at a later session). Blank if either date is missing or the date did not pass the date checks.",NO,release,VARIABLE,pipeline,v4,NO,NO,
bipolar_disorder_schema,bipolar_disorder,mbd_many_depressive_episodes,diagnosis_mbd_many_depressive_episodes,diagnosis,"Approximate number of lifetime depressive episodes (feeling down and depressed more days than not over two weeks), recorded as a category: None, More than two, More than five, or Not sure.",NO,release,VARIABLE,redcap,pre-v4,NO,NO,
bipolar_disorder_schema,bipolar_disorder,mbd_many_manic_episodes,diagnosis_mbd_many_manic_episodes,diagnosis,"Approximate number of lifetime manic episodes, recorded as a category: None, More than two, More than five, or Not sure.",NO,release,VARIABLE,redcap,pre-v4,NO,NO,
bipolar_disorder_schema,bipolar_disorder,mbd_prescribed_medication,diagnosis_mbd_prescribed_medication,diagnosis,"[DEPRECATED] Whether the participant has ever been prescribed medication for mental or emotional problems (Yes/No), such as antidepressants, anxiolytics, antipsychotics or mood stabilizers.",NO,release,VARIABLE,redcap,pre-v4,NO,NO,
bipolar_disorder_schema,bipolar_disorder,mbd_previous_medication,mbd_previous_medication,diagnosis,"[DEPRECATED]
Please list any previous psychiatric medications (to the best of your recollection), including medication names,
approximate dates you were taking them, and why they were discontinued.

MOVED IT TO ""Q - Mood - Participant History""",YES,review,VARIABLE,redcap,v4,NO,NO,
bipolar_disorder_schema,bipolar_disorder,mbd_see_mental_health_professional,mbd_see_mental_health_professional,diagnosis,"[DEPRECATED] Whether the participant has ever seen a mental health professional for talk therapy (which could include social workers, psychiatrists, etc.).",YES,release,VARIABLE,redcap,pre-v4,NO,NO,
bridge2ai_econsent_mit_english_schema,,consent_mit_p1,consent_mit_p1,,"Participant's response to the first MIT e-consent question, recording whether they agreed to participate (Yes/No).",YES,drop,VARIABLE,redcap,pre-v4,NO,NO,
bridge2ai_econsent_mit_english_schema,,mit_icf_date_en,mit_icf_date_en,,Date,YES,drop,VARIABLE,redcap,pre-v4,NO,NO,
bridge2ai_econsent_mit_english_schema,,mit_icf_name_en,mit_icf_name_en,,Printed Name of Person Taking Part in Study,YES,drop,VARIABLE,redcap,pre-v4,NO,NO,
bridge2ai_econsent_mit_english_schema,,mit_icf_p1_en,mit_icf_p1_en,,"Participant's response to the first item of the MIT English informed consent form, recorded as a categorical choice (e.g., Yes/No or Agree/Disagree/Decline).",YES,drop,VARIABLE,redcap,pre-v4,NO,NO,
bridge2ai_econsent_mit_english_schema,,mit_icf_p2_en,mit_icf_p2_en,,Indicates whether the participant completed or acknowledged page 2 of the MIT electronic informed consent form in English (typically recorded as a yes/no response or a signature/timestamp).,YES,drop,VARIABLE,redcap,pre-v4,NO,NO,
bridge2ai_econsent_mit_english_schema,,mit_icf_p3_en,mit_icf_p3_en,,"Participant's response to item 3 on the MIT informed consent form (English), recorded as the selected option or entered text.",YES,drop,VARIABLE,redcap,pre-v4,NO,NO,
bridge2ai_econsent_mit_english_schema,,mit_icf_p4_en,mit_icf_p4_en,,"Response to item ""P4"" on the MIT English informed consent form; the specific question text and response options or units were not provided.",YES,drop,VARIABLE,redcap,pre-v4,NO,NO,
bridge2ai_econsent_mit_english_schema,,mit_icf_p5_en,mit_icf_p5_en,,"Participant's response to item 5 on the MIT informed consent form (English), recorded as the participant's answer (free-text or coded choice).",YES,drop,VARIABLE,redcap,pre-v4,NO,NO,
bridge2ai_econsent_mit_english_schema,,mit_icf_p6_en,mit_icf_p6_en,,"Participant's response to item 6 of the MIT electronic informed consent form (English), recorded as either a coded choice or free-text answer as applicable.",YES,drop,VARIABLE,redcap,pre-v4,NO,NO,
bridge2ai_econsent_mit_english_schema,,mit_icf_p7_en,mit_icf_p7_en,,"Participant's response to item 7 on the MIT informed consent (English) form, recording the participant's selected answer (e.g., yes/no or checked option) as provided.",YES,drop,VARIABLE,redcap,pre-v4,NO,NO,
bridge2ai_econsent_mit_english_schema,,mit_icf_p8_en,mit_icf_p8_en,,"Participant response to question 8 of the MIT informed-consent form (English), recorded as free text, a checkbox/categorical answer (e.g., ""Yes""/""No""), or other short response as applicable.",YES,drop,VARIABLE,redcap,pre-v4,NO,NO,
bridge2ai_econsent_mit_english_schema,,mit_icf_question_en,mit_icf_question_en,,"Consent to Take Part in ResearchI freely give my consent to take part in this study. I understand that by signing this form I am agreeingto take part in research. I have received a copy of this form to take with me. I understand that by signingbelow, I am consenting for my contact information to be kept in a repository for this study, and that thisinformation may be used to contact me in the future for further data collection if long-term follow-up isrequired as part of an eventual extension of this grant after the expected 4-year duration, or to be invitedto participate in future research studies. My information will not be shared with third parties.I consent to having all data I submit shared with the researchers of this study and to having my audiorecordings, written responses, and other coded research data shared with other qualified researchers asdescribed in this consent form. I further consent to the public sharing of my de-identified and aggregatedstudy data.I would like to be informed of incidental findings, should the study report this type of information.",YES,drop,VARIABLE,redcap,pre-v4,NO,NO,
bridge2ai_econsent_mit_english_schema,,mit_icf_signature_en,mit_icf_signature_en,,"Signature of Person Taking Part in Study
[Authorization]",YES,drop,VARIABLE,redcap,pre-v4,NO,NO,
bridge2ai_econsent_usf_english_schema,,usf_icf_date_en,usf_icf_date_en,,Date,YES,drop,VARIABLE,redcap,pre-v4,NO,NO,
bridge2ai_econsent_usf_english_schema,,usf_icf_hipaa_date_en,usf_icf_hipaa_date_en,,Date,YES,drop,VARIABLE,redcap,pre-v4,NO,NO,
bridge2ai_econsent_usf_english_schema,,usf_icf_hipaa_en_p1,usf_icf_hipaa_en_p1,,Descriptive text block (page 1 of 3) of the USF HIPAA authorization addendum; no response is recorded.,YES,drop,VARIABLE,redcap,pre-v4,NO,NO,
bridge2ai_econsent_usf_english_schema,,usf_icf_hipaa_en_p2,usf_icf_hipaa_en_p2,,Descriptive text block (page 2 of 3) of the USF HIPAA authorization addendum; no response is recorded.,YES,drop,VARIABLE,redcap,pre-v4,NO,NO,
bridge2ai_econsent_usf_english_schema,,usf_icf_hipaa_en_p3,usf_icf_hipaa_en_p3,,Descriptive text block (page 3 of 3) of the USF HIPAA authorization addendum; no response is recorded.,YES,drop,VARIABLE,redcap,pre-v4,NO,NO,
bridge2ai_econsent_usf_english_schema,,usf_icf_hipaa_name_en,usf_icf_hipaa_name_en,,Printed Name of Person Taking Part in Study (or Their Parent),YES,drop,VARIABLE,redcap,pre-v4,NO,NO,
bridge2ai_econsent_usf_english_schema,,usf_icf_hipaa_signature_en,usf_icf_hipaa_signature_en,,"Signature of Person Taking Part in Study  (or Their Parent)
[Authorization]",YES,drop,VARIABLE,redcap,pre-v4,NO,NO,
bridge2ai_econsent_usf_english_schema,,usf_icf_name_en,usf_icf_name_en,,Printed Name of Person Taking Part in Study,YES,drop,VARIABLE,redcap,pre-v4,NO,NO,
bridge2ai_econsent_usf_english_schema,,usf_icf_p1_en,usf_icf_p1_en,,Indicates whether the participant acknowledged or agreed to the first page of the University of South Florida English informed consent form (typically recorded as Yes/No).,YES,drop,VARIABLE,redcap,pre-v4,NO,NO,
bridge2ai_econsent_usf_english_schema,,usf_icf_p2_en,usf_icf_p2_en,,"Participant's consent status for the University of South Florida informed consent form (part 2), English version, recorded as a categorical response (e.g., ""Yes""/""No"").",YES,drop,VARIABLE,redcap,pre-v4,NO,NO,
bridge2ai_econsent_usf_english_schema,,usf_icf_p3_en,usf_icf_p3_en,,"Indicates whether the participant acknowledged or agreed to the information on page 3 of the English USF informed consent form, typically recorded as ""Yes"" or ""No.""",YES,drop,VARIABLE,redcap,pre-v4,NO,NO,
bridge2ai_econsent_usf_english_schema,,usf_icf_p4_en,usf_icf_p4_en,,"Indicates the participant’s response to item 4 on the University of South Florida English informed consent form, typically recorded as agreement (yes) or disagreement (no).",YES,drop,VARIABLE,redcap,pre-v4,NO,NO,
bridge2ai_econsent_usf_english_schema,,usf_icf_p5_en,usf_icf_p5_en,,"Participant's response to item 5 on the University of South Florida English informed consent form, typically recorded as ""Yes"" or ""No"" to indicate acknowledgment or agreement.",YES,drop,VARIABLE,redcap,pre-v4,NO,NO,
bridge2ai_econsent_usf_english_schema,,usf_icf_p6_en,usf_icf_p6_en,,Participant response to item P6 on the USF English informed consent form (ICF); exact question wording and response options are not available.,YES,drop,VARIABLE,redcap,pre-v4,NO,NO,
bridge2ai_econsent_usf_english_schema,,usf_icf_p7_en,usf_icf_p7_en,,"Participant's answer to item 7 on the University of South Florida English informed consent form, indicating whether they agreed or declined that specific consent item (typically recorded as Yes/No).",YES,drop,VARIABLE,redcap,pre-v4,NO,NO,
bridge2ai_econsent_usf_english_schema,,usf_icf_p8_en,usf_icf_p8_en,,"Participant response to item 8 on the University of South Florida English informed consent form, recorded as the selected option for that item (e.g., Yes/No or Agree/Decline).",YES,drop,VARIABLE,redcap,pre-v4,NO,NO,
bridge2ai_econsent_usf_english_schema,,usf_icf_question_en,usf_icf_question_en,,"Consent to Take Part in ResearchI freely give my consent to take part in this study. I understand that by signing this form I am agreeingto take part in research. I have received a copy of this form to take with me. I understand that by signingbelow, I am consenting for my contact information to be kept in a repository for this study, and that thisinformation may be used to contact me in the future for further data collection if long-term follow-up isrequired as part of an eventual extension of this grant after the expected 4-year duration, or to be invitedto participate in future research studies. My information will not be shared with third parties.I consent to having all data I submit shared with the researchers of this study and to having my audiorecordings, written responses, and other coded research data shared with other qualified researchers asdescribed in this consent form. I further consent to the public sharing of my de-identified and aggregatedstudy data.I would like to be informed of incidental findings, should the study report this type of information.",YES,drop,VARIABLE,redcap,pre-v4,NO,NO,
bridge2ai_econsent_usf_english_schema,,usf_icf_signature_en,usf_icf_signature_en,,"Signature of Person Taking Part in Study
[Authorization]",YES,drop,VARIABLE,redcap,pre-v4,NO,NO,
bridge2ai_econsent_usf_spanish_schema,,usf_icf_date_es,usf_icf_date_es,,Fecha,YES,drop,VARIABLE,redcap,pre-v4,NO,NO,
bridge2ai_econsent_usf_spanish_schema,,usf_icf_date_hipaa_es,usf_icf_date_hipaa_es,,Fecha,YES,drop,VARIABLE,redcap,pre-v4,NO,NO,
bridge2ai_econsent_usf_spanish_schema,,usf_icf_hipaa_p1_es,usf_icf_hipaa_p1_es,,Descriptive text block (page 1 of 3) of the USF HIPAA authorization addendum on the Spanish e-consent form; no response is recorded.,YES,drop,VARIABLE,redcap,pre-v4,NO,NO,
bridge2ai_econsent_usf_spanish_schema,,usf_icf_hipaa_p2_es,usf_icf_hipaa_p2_es,,Descriptive text block (page 2 of 3) of the USF HIPAA authorization addendum on the Spanish e-consent form; no response is recorded.,YES,drop,VARIABLE,redcap,pre-v4,NO,NO,
bridge2ai_econsent_usf_spanish_schema,,usf_icf_hipaa_p3_es,usf_icf_hipaa_p3_es,,Descriptive text block (page 3 of 3) of the USF HIPAA authorization addendum on the Spanish e-consent form; no response is recorded.,YES,drop,VARIABLE,redcap,pre-v4,NO,NO,
bridge2ai_econsent_usf_spanish_schema,,usf_icf_name_es,usf_icf_name_es,,Nombre Impreso de la Persona que Participa en el Estudio,YES,drop,VARIABLE,redcap,pre-v4,NO,NO,
bridge2ai_econsent_usf_spanish_schema,,usf_icf_name_hipaa_es,usf_icf_name_hipaa_es,,Nombre Impreso de la Persona que Participa en el Estudio,YES,drop,VARIABLE,redcap,pre-v4,NO,NO,
bridge2ai_econsent_usf_spanish_schema,,usf_icf_p1_es,usf_icf_p1_es,,Indicates whether the participant provided informed consent using the Spanish-language (es) consent form (response: yes/no).,YES,drop,VARIABLE,redcap,pre-v4,NO,NO,
bridge2ai_econsent_usf_spanish_schema,,usf_icf_p2_es,usf_icf_p2_es,,"Participant's response to item P2 on the Spanish-language informed consent form (ICF), indicating whether they agreed (Yes/No).",YES,drop,VARIABLE,redcap,pre-v4,NO,NO,
bridge2ai_econsent_usf_spanish_schema,,usf_icf_p3_es,usf_icf_p3_es,,"Participant's response to page 3 of the Spanish USF informed consent form, recorded as yes/no (e.g., agree vs. decline).",YES,drop,VARIABLE,redcap,pre-v4,NO,NO,
bridge2ai_econsent_usf_spanish_schema,,usf_icf_p4_es,usf_icf_p4_es,,"Participant's response to item 4 of the University of South Florida Spanish electronic informed consent form, capturing the participant's answer or acknowledgment (e.g., yes/no, initials, or signature).",YES,drop,VARIABLE,redcap,pre-v4,NO,NO,
bridge2ai_econsent_usf_spanish_schema,,usf_icf_p5_es,usf_icf_p5_es,,"Participant’s response to item 5 on the Spanish USF informed consent form, typically recorded as a Yes/No answer.",YES,drop,VARIABLE,redcap,pre-v4,NO,NO,
bridge2ai_econsent_usf_spanish_schema,,usf_icf_p6_es,usf_icf_p6_es,,"Participant's response to item 6 on the Spanish USF informed consent form, recorded as the participant's answer (commonly ""Yes""/""No"" or free-text where applicable).",YES,drop,VARIABLE,redcap,pre-v4,NO,NO,
bridge2ai_econsent_usf_spanish_schema,,usf_icf_p7_es,usf_icf_p7_es,,Response to item 7 on the University of South Florida informed consent form in Spanish (ICF); the specific question text and response options are not available.,YES,drop,VARIABLE,redcap,pre-v4,NO,NO,
bridge2ai_econsent_usf_spanish_schema,,usf_icf_p8_es,usf_icf_p8_es,,Response to item 8 of the University of South Florida Spanish informed consent form (ICF); the exact question text and response options are not available.,YES,drop,VARIABLE,redcap,pre-v4,NO,NO,
bridge2ai_econsent_usf_spanish_schema,,usf_icf_p9_es,usf_icf_p9_es,,"Participant's response to item 9 on the University of South Florida Spanish informed consent form, typically recorded as Yes/No (consent/agreement).",YES,drop,VARIABLE,redcap,pre-v4,NO,NO,
bridge2ai_econsent_usf_spanish_schema,,usf_icf_question_es,usf_icf_question_es,,"Consentimiento para Participar en la InvestigaciónDoy mi consentimiento libremente para participar en este estudio. Entiendo que al firmar este formularioestoy aceptando participar en la investigación. He recibido una copia de este formulario para llevarconmigo. Entiendo que al firmar a continuación, estoy dando mi consentimiento para que mi informaciónde contacto se mantenga en un repositorio para este estudio, y que esta información pueda ser utilizadapara contactarme en el futuro para una mayor recopilación de datos si se requiere un seguimiento a largoplazo como parte de una eventual extensión de esta subvención después de la duración esperada de 4años, o para ser invitado a participar en futuros estudios de investigación. Mi información no serácompartida con terceros.Doy mi consentimiento para que todos los datos que envíe sean compartidos con los investigadores deeste estudio y para que mis grabaciones de audio, respuestas escritas y otros datos de investigacióncodificados sean compartidos con otros investigadores calificados según se describe en este formulariode consentimiento. Además, doy mi consentimiento para el intercambio público de mis datos del estudiodesidentificados y agregados.Me gustaría ser informado de hallazgos incidentales, en caso de que el estudio informe este tipo deinformación.",YES,drop,VARIABLE,redcap,pre-v4,NO,NO,
bridge2ai_econsent_usf_spanish_schema,,usf_icf_signature_es,usf_icf_signature_es,,"Firma de la Persona que Participa en el Estudio
[Autorización]",YES,drop,VARIABLE,redcap,pre-v4,NO,NO,
bridge2ai_econsent_usf_spanish_schema,,usf_icf_signature_hipaa_es,usf_icf_signature_hipaa_es,,"Firma de la Persona que Participa en el Estudio
[Autorización]",YES,drop,VARIABLE,redcap,pre-v4,NO,NO,
bridge2ai_paper_consent_all_sites_english_schema,,paper_consent_enrollment_institution,paper_consent_enrollment_institution,,Enrollment Institution,YES,drop,VARIABLE,redcap,pre-v4,NO,NO,
bridge2ai_paper_consent_all_sites_english_schema,,paper_consent_notes,paper_consent_notes,,"Fill out Instructions
1. Upload the .pdf of the paper consent.
2. Select the Enrollment Institution.
3. Paper Consent Uploaded By is automatically calculated
4. Once all the fields are entered mark this form as ""Complete""

If uploading a paper consent form instead of eConsent, navigate to Form ""Subject/Participant - Basic Information"" and update Consent Status to ""Consented""",YES,drop,VARIABLE,redcap,pre-v4,NO,NO,
bridge2ai_paper_consent_all_sites_english_schema,,paper_consent_pdf_all_sites,paper_consent_pdf_all_sites,,Paper Consent PDF - All Sites,YES,drop,VARIABLE,redcap,pre-v4,NO,NO,
bridge2ai_paper_consent_all_sites_english_schema,,paper_consent_uploaded_by,paper_consent_uploaded_by,,Paper Consent Uploaded By,YES,drop,VARIABLE,redcap,pre-v4,NO,NO,
confounders_schema,confounders,acid_reflux,acid_reflux,confounders,"Acid reflux (e.g. heart burn, GERD, etc.)",NO,release,VARIABLE,redcap,pre-v4,NO,NO,
confounders_schema,confounders,adhd_med_hist_psychological,adhd_med_hist_psychological,confounders,Attention deficit/hyperactivity disorder (ADHD),NO,release,VARIABLE,redcap,pre-v4,NO,NO,
confounders_schema,confounders,age_start_smoking,age_start_smoking,confounders,[DEPRECATED] Age the participant reports they started smoking.,YES,release,VARIABLE,redcap,pre-v4,NO,NO,
confounders_schema,confounders,age_started_using_nicotine_products,age_started_using_nicotine_products,confounders,"Age in years at which the participant first started regularly using nicotine products, entered as a number.",NO,release,VARIABLE,redcap,pre-v4,NO,NO,
confounders_schema,confounders,age_stop_smoking,age_stop_smoking,confounders,[DEPRECATED] Age the participant reports they stopped smoking.,YES,release,VARIABLE,redcap,pre-v4,NO,NO,
confounders_schema,confounders,age_stopped_using_nicotine_products,age_stopped_using_nicotine_products,confounders,"Participant's age in years when they stopped using nicotine products (numeric value, reported in years).",NO,release,VARIABLE,redcap,pre-v4,NO,NO,
confounders_schema,confounders,airway_stenosis_med_hist_throat,airway_stenosis_med_hist_throat,confounders,"Airway stenosis (e.g. glottal, subglottal, tracheal, etc.)",NO,release,VARIABLE,redcap,pre-v4,NO,NO,
confounders_schema,confounders,airway_surgery_reconstruction,airway_surgery_reconstruction,confounders,"Indicates whether the participant has a history of airway surgery or reconstruction below the vocal folds (e.g., tracheal reconstruction, balloon dilation), recorded as yes/no.",NO,release,VARIABLE,redcap,pre-v4,NO,NO,
confounders_schema,confounders,alcohol_amt,alcohol_amt,confounders,"[DEPRECATED] Number of alcoholic drinks the participant reports having on a typical drinking day, in bands (one drink = 12 oz/330 mL beer, 5 oz/150 mL wine, or 1.5 oz/45 mL liquor).",YES,release,VARIABLE,redcap,pre-v4,NO,NO,
confounders_schema,confounders,alcohol_amt_v2,alcohol_amt_v2,confounders,"Typical number of alcoholic drinks on a drinking day, recorded as a range (2 or fewer, 3 - 4, 5 - 6, 7 - 9, 10 or more), where one drink is 12 oz (330 mL) beer, 5 oz (150 mL) wine, or 1.5 oz (45 mL) liquor.",NO,release,VARIABLE,redcap,pre-v4,NO,NO,
confounders_schema,confounders,alcohol_drinks,alcohol_drinks,confounders,"Frequency of having six or more alcoholic drinks on a single occasion in the past year, recorded categorically (e.g., never, less than monthly, monthly, weekly, or daily/almost daily).",NO,release,VARIABLE,redcap,pre-v4,NO,NO,
confounders_schema,confounders,alcohol_freq,alcohol_freq,confounders,[DEPRECATED] How often the participant reports having at least one alcoholic drink.,YES,release,VARIABLE,redcap,pre-v4,NO,NO,
confounders_schema,confounders,alcohol_freq_v2,alcohol_freq_v2,confounders,"How often the participant has at least one alcoholic drink: monthly or less, 2-4 times a month, 2-3 times a week, 4 or more times a week.",NO,release,VARIABLE,redcap,pre-v4,NO,NO,
confounders_schema,confounders,alcohol_rehab,alcohol_rehab,confounders,"[DEPRECATED] How often, over the past year, the participant reports having been in rehab or counseling for heavy alcohol use, recorded on a frequency scale (Never in the past year, Less than monthly, Monthly, Weekly, Daily or almost daily).",YES,release,VARIABLE,redcap,pre-v4,NO,NO,controlled
confounders_schema,confounders,alcohol_substance_use_disorder,alcohol_substance_use_disorder,confounders,Alcohol or substance use disorder,NO,release,VARIABLE,redcap,pre-v4,NO,NO,controlled
confounders_schema,confounders,alcohol_today,alcohol_today,confounders,[DEPRECATED] Whether the participant reports having drunk alcohol today.,YES,release,VARIABLE,redcap,pre-v4,NO,NO,
confounders_schema,confounders,alcohol_today_v2,alcohol_today_v2,confounders,"Indicates whether the participant drank any alcohol today (Yes, No).",NO,release,VARIABLE,redcap,pre-v4,NO,NO,
confounders_schema,confounders,alcohol_yn,alcohol_yn,confounders,"Whether the participant drinks alcohol (beer, wine, shots of liquor, or cocktails containing liquor): Yes, No, Not currently but has in the past.",NO,release,VARIABLE,redcap,pre-v4,NO,NO,
confounders_schema,confounders,allergy_medications,allergy_medications,confounders,"Whether the participant currently takes allergy medications (antihistamines), recorded as Yes or No.",NO,release,VARIABLE,redcap,pre-v4,NO,NO,
confounders_schema,confounders,analgesics,analgesics,confounders,Indicates whether the participant currently takes or uses analgesic (pain-relief) medication (Yes or No; released as Yes/No).,NO,release,VARIABLE,redcap,pre-v4,NO,NO,
confounders_schema,confounders,androgenic_steroids,androgenic_steroids,confounders,"Whether the participant currently takes androgenic (anabolic) steroids (Yes/No); no dose, route or duration is collected.",NO,release,VARIABLE,redcap,pre-v4,NO,NO,
confounders_schema,confounders,anti_anxiety_medication,anti_anxiety_medication,confounders,Indicates whether the participant currently takes or uses anti-anxiety medication to treat any condition (Yes or No).,NO,release,VARIABLE,redcap,pre-v4,NO,NO,
confounders_schema,confounders,antibiotics,antibiotics,confounders,"Whether the participant currently takes or uses antibiotics (Yes/No), as listed under medications or substances taken to treat any condition.",NO,release,VARIABLE,redcap,pre-v4,NO,NO,
confounders_schema,confounders,anticholergenics,anticholergenics,confounders,"Whether the participant currently takes anticholinergic medications, recorded as Yes or No.",NO,release,VARIABLE,redcap,pre-v4,NO,NO,
confounders_schema,confounders,antidepressants,antidepressants,confounders,Indicates whether the participant currently takes or uses antidepressant medication to treat any condition (Yes or No; released as Yes/No).,NO,release,VARIABLE,redcap,pre-v4,NO,NO,
confounders_schema,confounders,antiepileptics,antiepileptics,confounders,Whether the participant currently takes or uses antiepileptic (anti-seizure) medication to treat any condition (Yes/No); medication names and doses are not collected here.,NO,release,VARIABLE,redcap,pre-v4,NO,NO,
confounders_schema,confounders,anxiety_disorder,anxiety_disorder,confounders,Anxiety disorder (e.g. generalized or social anxiety disorder),NO,release,VARIABLE,redcap,pre-v4,NO,NO,
confounders_schema,confounders,anxiety_nervousness,anxiety_nervousness,confounders,Indicates whether the participant is experiencing anxiety or nervousness at the time of assessment (recorded as Yes/No).,NO,release,VARIABLE,redcap,pre-v4,NO,NO,
confounders_schema,confounders,any_dental_condition,any_dental_condition,confounders,"Indicates whether the participant currently has any dental condition (e.g., tooth loss, dentures, retainer, braces); responses recorded as Yes or No.",NO,release,VARIABLE,redcap,pre-v4,NO,NO,
confounders_schema,confounders,any_dental_condition_specify,any_dental_condition_specify,confounders,Free-text specification of the dental condition(s) the participant reports.,NO,review,VARIABLE,redcap,v4,NO,NO,
confounders_schema,confounders,any_infectious_disease,any_infectious_disease,confounders,"Indicates whether the participant currently has any infectious disease, recorded as ""Yes"" or ""No.""",NO,release,VARIABLE,redcap,pre-v4,NO,NO,
confounders_schema,confounders,any_infectious_disease_specify,any_infectious_disease_specify,confounders,Free-text specification of the other infectious disease(s) the participant reports.,NO,review,VARIABLE,redcap,v4,NO,NO,controlled
confounders_schema,confounders,apraxia_of_speech,apraxia_of_speech,confounders,"Indicates whether the participant has ever been diagnosed by a doctor with apraxia of speech, a motor-planning speech disorder (Yes, No).",NO,release,VARIABLE,redcap,pre-v4,NO,NO,
confounders_schema,confounders,asd_med_hist_psychological,asd_med_hist_psychological,confounders,Autism spectrum disorder (ASD),NO,release,VARIABLE,redcap,pre-v4,NO,NO,
confounders_schema,confounders,asthma_med_hist_lung,asthma_med_hist_lung,confounders,Whether a doctor has ever diagnosed the participant with asthma (Yes/No).,NO,release,VARIABLE,redcap,pre-v4,NO,NO,
confounders_schema,confounders,ataxia,ataxia,confounders,"Indicates whether the participant has ever been diagnosed by a doctor with ataxia, an impairment of coordination of voluntary movement, as one of the listed speech conditions (Yes or No).",NO,release,VARIABLE,redcap,pre-v4,NO,NO,
confounders_schema,confounders,atrial_fibrillation,atrial_fibrillation,confounders,"Indicates whether the participant has a diagnosis or history of atrial fibrillation, recorded as Yes or No.",NO,release,VARIABLE,redcap,pre-v4,NO,NO,
confounders_schema,confounders,average_number_of_uses_each_day,nicotine_uses_per_day_lifetime_average,confounders,"Average number of times per day the participant used nicotine over the entire period of use, entered as a number when the participant chose to report a count.",NO,release,VARIABLE,redcap,pre-v4,NO,NO,
confounders_schema,confounders,average_used_nicotine_over_entire_time,average_used_nicotine_over_entire_time,confounders,"Average number of times per day the participant used nicotine over the entire time of use, recorded as a category (less than once per day, a stated number of uses per day, not certain); the number itself is in a separate field.",NO,release,VARIABLE,redcap,pre-v4,NO,NO,
confounders_schema,confounders,bipolar_disorder,bipolar_disorder,confounders,Bipolar disorder,NO,release,VARIABLE,redcap,pre-v4,NO,NO,
confounders_schema,confounders,blood_pressure_medications,blood_pressure_medications,confounders,Indicates whether the participant currently takes or uses blood pressure (anti-hypertensive) medication to treat any condition (Yes or No; released as Yes/No).,NO,release,VARIABLE,redcap,pre-v4,NO,NO,
confounders_schema,confounders,botox_injections,botox_injections,confounders,Botox injections for laryngeal dystonia,NO,release,VARIABLE,redcap,pre-v4,NO,NO,
confounders_schema,confounders,bpd_med_hist_psychological,bpd_med_hist_psychological,confounders,Borderline personality disorder (BPD),NO,release,VARIABLE,redcap,pre-v4,NO,NO,
confounders_schema,confounders,brain_cancer,brain_cancer,confounders,Brain cancer,NO,release,VARIABLE,redcap,pre-v4,NO,NO,
confounders_schema,confounders,brain_tumor,brain_tumor,confounders,Whether a doctor has ever diagnosed the participant with a brain tumor (Yes/No).,NO,release,VARIABLE,redcap,pre-v4,NO,NO,
confounders_schema,confounders,breathe_today,breathe_today,confounders,[DEPRECATED] Whether the participant reports difficulty breathing today.,YES,release,VARIABLE,redcap,pre-v4,NO,NO,
confounders_schema,confounders,breathe_today_difficulty,breathe_today_difficulty,confounders,"[DEPRECATED] Level of breathing difficulty the participant reports today (slight, moderate, or significant).",YES,release,VARIABLE,redcap,pre-v4,NO,NO,
confounders_schema,confounders,bronchiectasis,bronchiectasis,confounders,"Indicates whether the participant has ever been diagnosed by a doctor with bronchiectasis, a chronic lung condition with permanent airway dilation (Yes or No).",NO,release,VARIABLE,redcap,pre-v4,NO,NO,
confounders_schema,confounders,c_pap,c_pap,confounders,C-Pap,NO,release,VARIABLE,redcap,pre-v4,NO,NO,
confounders_schema,confounders,caffeine_intake,caffeine_intake,confounders,"Number of servings of caffeinated products typically consumed per day, where one serving = 8 oz (240 mL) of coffee, tea, or energy drink; 1 oz (30 mL) of espresso; or 12 oz (360 mL) of soda.",NO,release,VARIABLE,redcap,pre-v4,NO,NO,
confounders_schema,confounders,caffeine_intake_today,caffeine_intake_today,confounders,"Number of servings of caffeinated products consumed today, recorded as an integer count in servings (0 = none).",NO,release,VARIABLE,redcap,pre-v4,NO,NO,
confounders_schema,confounders,cardiac_condition,cardiac_condition,confounders,"[DEPRECATED]
Cardiac condition",YES,review,VARIABLE,redcap,v4,NO,NO,
confounders_schema,confounders,chemotherapy,chemotherapy,confounders,Chemotherapy,NO,release,VARIABLE,redcap,pre-v4,NO,NO,
confounders_schema,confounders,chest_surgery,chest_surgery,confounders,"Indicates whether the participant has ever had chest surgery (e.g. bronchoscopy, thoracic surgery) as an intervention for a lung condition (Yes, No).",NO,release,VARIABLE,redcap,pre-v4,NO,NO,
confounders_schema,confounders,chest_wall_trauma,chest_wall_trauma,confounders,Whether a doctor has ever diagnosed the participant with chest wall trauma (Yes/No).,NO,release,VARIABLE,redcap,pre-v4,NO,NO,
confounders_schema,confounders,chronic_cough_med_hist_throat,chronic_cough_med_hist_throat,confounders,Chronic cough,NO,release,VARIABLE,redcap,pre-v4,NO,NO,
confounders_schema,confounders,chronic_ear_infections,chronic_ear_infections,confounders,"Indicates whether the participant has ever been diagnosed by a doctor with chronic ear infections, persistent or recurrent middle ear infections (Yes or No).",NO,release,VARIABLE,redcap,pre-v4,NO,NO,
confounders_schema,confounders,chronic_ear_surgery,chronic_ear_surgery,confounders,"Indicates whether the participant has a history of chronic ear surgery (e.g., mastoid surgery), recorded as Yes or No.",NO,release,VARIABLE,redcap,pre-v4,NO,NO,
confounders_schema,confounders,chronic_kidney_disease,chronic_kidney_disease,confounders,"Whether the participant has ever been diagnosed by a doctor with chronic kidney disease, recorded as Yes, No.",NO,release,VARIABLE,redcap,pre-v4,NO,NO,
confounders_schema,confounders,chronic_pericarditis,chronic_pericarditis,confounders,"Indicates whether the participant has ever been diagnosed by a doctor with chronic pericarditis (Yes, No).",NO,release,VARIABLE,redcap,pre-v4,NO,NO,
confounders_schema,confounders,circulatory_conditions,circulatory_conditions,confounders,"[DEPRECATED]
Have you been diagnosed with any of these circulatory or heart conditions by a clinician? (check all that apply)",YES,release,VARIABLE,redcap,pre-v4,NO,NO,
confounders_schema,confounders,circulatory_med_history,circulatory_med_history,confounders,"[DEPRECATED]
Some other conditions can affect the sound of your voice. Have you been diagnosed with any of these conditions by a clinician? (check all that apply)",NO,release,VARIABLE,redcap,pre-v4,NO,NO,
confounders_schema,confounders,cleft_lip,cleft_lip,confounders,"Indicates whether a doctor has ever diagnosed the participant with a cleft lip (Yes, No).",NO,release,VARIABLE,redcap,pre-v4,NO,NO,
confounders_schema,confounders,cleft_palate,cleft_palate,confounders,"Indicates whether the participant has ever been diagnosed by a doctor with cleft palate, a congenital opening in the roof of the mouth (Yes or No).",NO,release,VARIABLE,redcap,pre-v4,NO,NO,
confounders_schema,confounders,club_drugs,club_drugs,confounders,Club drugs (like ecstasy),NO,internal,VARIABLE,redcap,v4,NO,NO,
confounders_schema,confounders,cocaine,cocaine,confounders,Cocaine or crack,NO,internal,VARIABLE,redcap,v4,NO,NO,
confounders_schema,confounders,cochlear_implant,cochlear_implant,confounders,"Whether the participant has ever had a cochlear implant, listed among surgical interventions for ear, nose, mouth, throat or speech conditions (Yes/No).",NO,release,VARIABLE,redcap,pre-v4,NO,NO,
confounders_schema,confounders,confounders_completed_at,confounders_completed_at,confounders,Questionnaire Completed At,YES,internal,VARIABLE,redcap,v4,NO,YES,
confounders_schema,confounders,confounders_duration,confounders_duration,confounders,"Total time, in seconds, taken by the participant to complete the confounders questionnaire.",NO,release,VARIABLE,redcap,pre-v4,NO,NO,
confounders_schema,confounders,confounders_language,confounders_language,confounders,Confounders - Language,NO,drop,VARIABLE,redcap,v4,NO,NO,
confounders_schema,confounders,confounders_origin,confounders_origin,confounders,Confounders - origin,NO,internal,VARIABLE,redcap,v4,NO,NO,
confounders_schema,confounders,confounders_session_id,confounders_session_id,confounders,"Ordinal index of the session within the participant, numbered in session order (e.g., 01, 02). An ordinal missing from a participant's released records denotes a session with no released data.",NO,release,VARIABLE,redcap,pre-v4,NO,NO,
confounders_schema,confounders,confounders_started_at,confounders_started_at,confounders,Questionnaire Started At,YES,internal,VARIABLE,redcap,v4,NO,YES,
confounders_schema,confounders,confounders_via,confounders_via,confounders,Confounders - via,NO,internal,VARIABLE,redcap,v4,NO,NO,
confounders_schema,confounders,confusion,confusion,confounders,Whether the participant reports experiencing confusion today (Yes/No).,NO,release,VARIABLE,redcap,pre-v4,NO,NO,
confounders_schema,confounders,congestive_heart_failure,congestive_heart_failure,confounders,Indicates whether the participant has ever been diagnosed by a doctor with congestive heart failure (Yes or No).,NO,release,VARIABLE,redcap,pre-v4,NO,NO,
confounders_schema,confounders,contraceptive_birth_control,contraceptive_birth_control,confounders,"Whether the participant currently takes a contraceptive or birth control hormone (Yes/No), asked under hormones currently taken.",NO,release,VARIABLE,redcap,pre-v4,NO,NO,
confounders_schema,confounders,copd_med_hist_lung,copd_med_hist_lung,confounders,"Whether the participant has ever been diagnosed by a doctor with chronic obstructive pulmonary disease (COPD), recorded as Yes, No.",NO,release,VARIABLE,redcap,pre-v4,NO,NO,
confounders_schema,confounders,cordotomy_arytenoidectomy_arytenoid_tie_back,cordotomy_arytenoidectomy_arytenoid_tie_back,confounders,"Indicates whether the participant has ever had a cordotomy, arytenoidectomy, arytenoid tie back or similar laryngeal procedure for an ear, nose, mouth, throat or speech condition (Yes, No).",NO,release,VARIABLE,redcap,pre-v4,NO,NO,
confounders_schema,confounders,coronary_heart_disease,coronary_heart_disease,confounders,Whether a doctor has ever diagnosed the participant with coronary heart disease (Yes/No).,NO,release,VARIABLE,redcap,pre-v4,NO,NO,
confounders_schema,confounders,cough_today,cough_today,confounders,[DEPRECATED] Whether the participant reports coughing today.,YES,release,VARIABLE,redcap,pre-v4,NO,NO,
confounders_schema,confounders,cough_today_severity,cough_today_severity,confounders,"[DEPRECATED] Severity of the participant's cough today, rated on a 1-10 scale.",YES,release,VARIABLE,redcap,pre-v4,NO,NO,
confounders_schema,confounders,coughing_clearing_throat,coughing_clearing_throat,confounders,"Indicates whether the participant reports coughing or clearing their throat today, as one of the symptoms checked at the time of the questionnaire (Yes or No).",NO,release,VARIABLE,redcap,pre-v4,NO,NO,
confounders_schema,confounders,covid,covid,confounders,"[DEPRECATED]
Have you had COVID recently, or are you currently experiencing the effects of long COVID? (check all that apply)",YES,release,VARIABLE,redcap,pre-v4,NO,NO,
confounders_schema,confounders,covid_med_hist_lung,covid_med_hist_lung,confounders,"Whether a doctor has ever diagnosed the participant with COVID, listed among lung conditions (Yes/No).",NO,release,VARIABLE,redcap,pre-v4,NO,NO,
confounders_schema,confounders,covid_past,covid_past,confounders,[DEPRECATED] Whether the participant reports having had COVID in the past month.,YES,release,VARIABLE,redcap,pre-v4,NO,NO,
confounders_schema,confounders,covid_tested_positive_last_10_days,covid_tested_positive_last_10_days,confounders,Indicates whether the participant self-reported a confirmed positive COVID-19 test within the past 10 days (Yes/No).,NO,release,VARIABLE,redcap,pre-v4,NO,NO,
confounders_schema,confounders,cpap_conditions,cpap_conditions,confounders,"[DEPRECATED]
Are you currently using CPAP or supplemental oxygen? (check all that apply)",YES,release,VARIABLE,redcap,pre-v4,NO,NO,
confounders_schema,confounders,craniofacial_trauma,craniofacial_trauma,confounders,"Indicates whether the participant has ever been diagnosed by a doctor with craniofacial trauma, i.e. significant injury to the face, skull or jaw (Yes, No).",NO,release,VARIABLE,redcap,pre-v4,NO,NO,
confounders_schema,confounders,current_neuro_dx,current_neuro_dx,confounders,"[DEPRECATED] Extent to which the participant currently has these neurological conditions or still experiences symptoms from them (none, only some, or all).",YES,release,VARIABLE,redcap,pre-v4,NO,NO,
confounders_schema,confounders,current_recovery_alcohol,current_recovery_alcohol,confounders,[DEPRECATED] Whether the participant reports currently being in recovery for alcohol use.,YES,release,VARIABLE,redcap,pre-v4,NO,NO,controlled
confounders_schema,confounders,current_recovery_alcohol_v2,current_recovery_alcohol_v2,confounders,Whether the participant is currently in recovery for alcohol use (Yes/No).,NO,release,VARIABLE,redcap,pre-v4,NO,NO,controlled
confounders_schema,confounders,current_substance_use_recovery,current_substance_use_recovery,confounders,Are you currently in recovery  for substance use?,NO,internal,VARIABLE,redcap,v4,NO,NO,
confounders_schema,confounders,current_use_nicotine_products,current_use_nicotine_products,confounders,"Indicates how often the participant currently uses nicotine products: every day, some days, not at all.",NO,release,VARIABLE,redcap,pre-v4,NO,NO,
confounders_schema,confounders,currently_considered_obese,currently_considered_obese,confounders,"Self-reported current obesity status, indicating whether the participant is currently considered obese (expected responses: Yes or No).",NO,release,VARIABLE,redcap,pre-v4,NO,NO,
confounders_schema,confounders,currently_have_diabetes,currently_have_diabetes,confounders,"Indicates whether the participant currently has a diagnosis of diabetes (response recorded as ""Yes"" or ""No"").",NO,release,VARIABLE,redcap,pre-v4,NO,NO,
confounders_schema,confounders,currently_pregnant,pregnancy_trimester,confounders,"Self-reported trimester of the participant's current pregnancy: first (under 14 weeks), second (14 to 28 weeks), third (over 28 weeks), not certain.",NO,release,VARIABLE,redcap,pre-v4,NO,NO,
confounders_schema,confounders,daily_env_pollution_affects_your_breathing_voice,daily_env_pollution_affects_your_breathing_voice,confounders,"Self-reported answer on whether everyday environmental pollution (e.g. smog, smoke, dust) significantly affects the participant's breathing or voice: Yes, No, Not certain.",NO,release,VARIABLE,redcap,pre-v4,NO,NO,
confounders_schema,confounders,decongestants,decongestants,confounders,Whether the participant currently takes or uses decongestant medication (Yes/No).,NO,release,VARIABLE,redcap,pre-v4,NO,NO,
confounders_schema,confounders,deep_brain_stimulator,deep_brain_stimulator,confounders,Deep brain stimulator,NO,release,VARIABLE,redcap,pre-v4,NO,NO,
confounders_schema,confounders,dental_problems,dental_problems,confounders,[DEPRECATED] Whether the participant reports any dental problems that might affect speech.,YES,release,VARIABLE,redcap,pre-v4,NO,NO,
confounders_schema,confounders,dental_tx,dental_tx,confounders,"[DEPRECATED]
Do you currently have any tooth loss, dentures, retainers or braces?",YES,review,VARIABLE,redcap,v4,NO,NO,
confounders_schema,confounders,depression_major_depressive_disorder,depression_major_depressive_disorder,confounders,Depression or major depressive disorder,NO,release,VARIABLE,redcap,pre-v4,NO,NO,
confounders_schema,confounders,diabetes_type,diabetes_type,confounders,"Participant-reported type of diabetes: Type 1, Type 2, gestational diabetes, LADA/Type 3a, or not certain.",NO,release,VARIABLE,redcap,pre-v4,NO,NO,
confounders_schema,confounders,diuretics,diuretics,confounders,"Whether the participant currently takes or uses diuretics (Yes/No), as listed under medications or substances taken to treat any condition.",NO,release,VARIABLE,redcap,pre-v4,NO,NO,
confounders_schema,confounders,dizziness,dizziness,confounders,"Whether the participant is experiencing dizziness today, recorded as Yes or No.",NO,release,VARIABLE,redcap,pre-v4,NO,NO,
confounders_schema,confounders,drinks_today_number,drinks_today_number,confounders,Number of alcoholic drinks consumed today (count of standard drinks; enter 0 if none).,NO,release,VARIABLE,redcap,pre-v4,NO,NO,
confounders_schema,confounders,dysarthria,dysarthria,confounders,"Whether a doctor has ever diagnosed the participant with dysarthria, a motor speech disorder (Yes/No).",NO,release,VARIABLE,redcap,pre-v4,NO,NO,
confounders_schema,confounders,ear_cancer,ear_cancer,confounders,Ear cancer,NO,release,VARIABLE,redcap,pre-v4,NO,NO,
confounders_schema,confounders,ear_med_history,ear_med_history,confounders,"[DEPRECATED]
Ear",YES,release,VARIABLE,redcap,pre-v4,NO,NO,
confounders_schema,confounders,ear_surgical,ear_surgical,confounders,"[DEPRECATED]
Ear",YES,release,VARIABLE,redcap,pre-v4,NO,NO,
confounders_schema,confounders,ear_tubes,ear_tubes,confounders,"Indicates whether the participant has ever had ear tubes placed as a surgical intervention for an ear, nose, mouth, throat, or speech condition (Yes or No).",NO,release,VARIABLE,redcap,pre-v4,NO,NO,
confounders_schema,confounders,eating_disorder,eating_disorder,confounders,Eating disorder (ED),NO,release,VARIABLE,redcap,pre-v4,NO,NO,
confounders_schema,confounders,edible_substance_in_past_three_months,edible_substance_in_past_three_months,confounders,"How often in the past three months the participant reports taking marijuana as an edible, recreationally or as prescribed.",NO,release,VARIABLE,redcap,v4,NO,NO,controlled
confounders_schema,confounders,emphysema,emphysema,confounders,"Indicates whether a doctor has ever diagnosed the participant with emphysema, recorded as Yes or No.",NO,release,VARIABLE,redcap,pre-v4,NO,NO,
confounders_schema,confounders,epilepsy,epilepsy,confounders,"Whether the participant has ever been diagnosed by a doctor with epilepsy, recorded as Yes, No.",NO,release,VARIABLE,redcap,pre-v4,NO,NO,
confounders_schema,confounders,esophageal_cancer,esophageal_cancer,confounders,Esophageal cancer,NO,release,VARIABLE,redcap,pre-v4,NO,NO,
confounders_schema,confounders,esophageal_dilation,esophageal_dilation,confounders,"Indicates whether the participant has ever had esophageal dilation as a surgical intervention for an ear, nose, mouth, throat or speech condition (Yes, No).",NO,release,VARIABLE,redcap,pre-v4,NO,NO,
confounders_schema,confounders,ever_alcohol_rehab,ever_alcohol_rehab,confounders,Whether the participant has ever been in rehab or counseling for heavy alcohol use (Yes/No).,NO,release,VARIABLE,redcap,pre-v4,NO,NO,controlled
confounders_schema,confounders,ever_used_nicotine_products,ever_used_nicotine_products,confounders,Have you ever used any of the following nicotine (tobacco) products? Please check all that apply.,NO,release,VARIABLE,redcap,pre-v4,NO,NO,
confounders_schema,confounders,ever_used_nicotine_products_specify,ever_used_nicotine_products_specify,confounders,"Free-text entry specifying the other nicotine product the participant reports having used, shown when 'Other' is selected for ever-used nicotine products; nicotine products are not necessarily tobacco.",NO,review,VARIABLE,redcap,v4,NO,NO,
confounders_schema,confounders,experimental_treatment,experimental_treatment,confounders,Experimental treatment / clinical trial,NO,release,VARIABLE,redcap,pre-v4,NO,NO,
confounders_schema,confounders,experimental_treatment_current_specify,experimental_treatment_current_specify,confounders,Please specify what experimental treatment (e.g. clinical trial) you are currently receiving.,NO,review,VARIABLE,redcap,v4,NO,NO,
confounders_schema,confounders,experimental_treatment_past_specify,experimental_treatment_past_specify,confounders,Please specify what experimental treatment (e.g. clinical trial) you received in the past.,NO,review,VARIABLE,redcap,v4,NO,NO,
confounders_schema,confounders,exposed_environmental_pollution,exposed_environmental_pollution,confounders,[DEPRECATED] Whether the participant reports exposure to environmental pollution that may affect their breathing or voice.,YES,release,VARIABLE,redcap,pre-v4,NO,NO,
confounders_schema,confounders,glottic_insufficiency_med_hist_throat,glottic_insufficiency_med_hist_throat,confounders,"Glottic insufficiency, presbyphonia",NO,release,VARIABLE,redcap,pre-v4,NO,NO,
confounders_schema,confounders,hallucinogens,hallucinogens,confounders,Hallucinogens (like LSD),NO,internal,VARIABLE,redcap,v4,NO,NO,
confounders_schema,confounders,head_med_history,head_med_history,confounders,"[DEPRECATED]
Head",YES,release,VARIABLE,redcap,pre-v4,NO,NO,
confounders_schema,confounders,head_surgical,head_surgical,confounders,"[DEPRECATED]
Head",YES,release,VARIABLE,redcap,pre-v4,NO,NO,
confounders_schema,confounders,headache_migraine,headache_migraine,confounders,"Indicates whether the participant is experiencing a headache or migraine today, as one of the symptoms checked at the time of the questionnaire (Yes or No).",NO,release,VARIABLE,redcap,pre-v4,NO,NO,
confounders_schema,confounders,hearing_loss,hearing_loss,confounders,"Whether a doctor has ever diagnosed the participant with hearing loss, listed among conditions affecting the ears, nose or mouth (Yes/No).",NO,release,VARIABLE,redcap,pre-v4,NO,NO,
confounders_schema,confounders,height,height,confounders,"Participant's self-reported height, entered as a number; the unit (inches or centimeters) is indicated by the companion unit column.",NO,release,VARIABLE,redcap,pre-v4,NO,NO,
confounders_schema,confounders,heroin,heroin,confounders,"Heroin or other opioids, including synthetic opioids like fentanyl",NO,internal,VARIABLE,redcap,v4,NO,NO,
confounders_schema,confounders,hormone_use,hormone_use,confounders,"[DEPRECATED]
Hormone use",YES,release,VARIABLE,redcap,pre-v4,NO,NO,
confounders_schema,confounders,hormones,hormones,confounders,Indicates whether the participant currently takes or uses hormone medication to treat any condition (Yes or No; released as Yes/No).,NO,release,VARIABLE,redcap,pre-v4,NO,NO,
confounders_schema,confounders,hours_voice_activity,hours_voice_activity,confounders,Hours per day the participant spends using a loud voice or in a loud environment that requires a raised voice (for example a noisy bar or classroom).,NO,release,VARIABLE,redcap,pre-v4,NO,NO,
confounders_schema,confounders,hrt,hrt,confounders,"Indicates whether the participant is taking hormonal replacement therapy (HRT) — e.g., estrogen, progesterone, or combined formulations — typically recorded as a yes/no response.",NO,release,VARIABLE,redcap,pre-v4,NO,NO,
confounders_schema,confounders,hydration,hydration,confounders,Typical daily number of small (8 oz / 230 mL) cups of water the participant drinks.,NO,release,VARIABLE,redcap,pre-v4,NO,NO,
confounders_schema,confounders,hydration_today,hydration_today,confounders,"Number of small cups of water the participant consumed today, where one small cup = 8 oz (approximately 230 mL), recorded as a decimal count.",NO,release,VARIABLE,redcap,pre-v4,NO,NO,
confounders_schema,confounders,immune_suppressors,immune_suppressors,confounders,Indicates whether the participant currently takes or uses immune-suppressing medication to treat any condition (Yes or No; released as Yes/No).,NO,release,VARIABLE,redcap,pre-v4,NO,NO,
confounders_schema,confounders,immunotherapy,immunotherapy,confounders,Immunotherapy,NO,release,VARIABLE,redcap,pre-v4,NO,NO,
confounders_schema,confounders,infection_disease,infection_disease,confounders,"[DEPRECATED]
Infectious disease",YES,review,VARIABLE,redcap,v4,NO,NO,
confounders_schema,confounders,inhalants,inhalants,confounders,Inhalants or solvents (like glue),NO,internal,VARIABLE,redcap,pre-v4,NO,NO,
confounders_schema,confounders,inhaled_corticosteroids,inhaled_corticosteroids,confounders,Whether the participant currently takes or uses inhaled corticosteroid medication (Yes/No).,NO,release,VARIABLE,redcap,pre-v4,NO,NO,
confounders_schema,confounders,injection_implant_to_vocal_folds,injection_implant_to_vocal_folds,confounders,Injection/implant to the vocal folds,NO,release,VARIABLE,redcap,pre-v4,NO,NO,
confounders_schema,confounders,insulin,insulin,confounders,Indicates whether the participant currently takes insulin (Yes or No).,NO,release,VARIABLE,redcap,pre-v4,NO,NO,
confounders_schema,confounders,interstitial_lung_disease,interstitial_lung_disease,confounders,"Indicates whether the participant has a current or past diagnosis of interstitial lung disease (e.g., sarcoidosis or pulmonary fibrosis); expected values: yes / no.",NO,release,VARIABLE,redcap,pre-v4,NO,NO,
confounders_schema,confounders,is_regular_smoker,is_regular_smoker,confounders,[DEPRECATED] Whether the participant reports having been a regular smoker within the last 3 years.,YES,release,VARIABLE,redcap,pre-v4,NO,NO,
confounders_schema,confounders,laryngeal_cancer,laryngeal_cancer,confounders,"Laryngeal cancer (e.g. vocal folds, epiglottis, etc.)",NO,release,VARIABLE,redcap,pre-v4,NO,NO,
confounders_schema,confounders,laryngitis_med_hist_throat,laryngitis_med_hist_throat,confounders,Laryngitis,NO,release,VARIABLE,redcap,pre-v4,NO,NO,
confounders_schema,confounders,laryngospasm_irritable_larynx,laryngospasm_irritable_larynx,confounders,"Laryngospasm, irritable larynx",NO,release,VARIABLE,redcap,pre-v4,NO,NO,
confounders_schema,confounders,lesions_vocal_cord,lesions_vocal_cord,confounders,Lesions of the vocal cord,NO,release,VARIABLE,redcap,pre-v4,NO,NO,
confounders_schema,confounders,lobectomy,lobectomy,confounders,"Whether the participant has ever had a lobectomy as an intervention for a lung condition, recorded as Yes, No.",NO,release,VARIABLE,redcap,pre-v4,NO,NO,
confounders_schema,confounders,lung_cancer,lung_cancer,confounders,Lung cancer,NO,release,VARIABLE,redcap,pre-v4,NO,NO,
confounders_schema,confounders,lung_or_metastatic,lung_or_metastatic,confounders,"[DEPRECATED]
Cancer (lung or metastatic)",YES,release,VARIABLE,redcap,pre-v4,NO,NO,
confounders_schema,confounders,marijuana,marijuana,confounders,Marijuana,NO,internal,VARIABLE,redcap,v4,NO,NO,
confounders_schema,confounders,medication_enmt,medication_enmt,confounders,Medication,NO,release,VARIABLE,redcap,pre-v4,NO,NO,
confounders_schema,confounders,medication_med_hist_cancer,medication_med_hist_cancer,confounders,Medication,NO,release,VARIABLE,redcap,pre-v4,NO,NO,
confounders_schema,confounders,medication_med_hist_lung,medication_med_hist_lung,confounders,"Indicates whether the participant has ever had medication as an intervention for a lung condition (Yes, No); medication names and doses are not recorded.",NO,release,VARIABLE,redcap,pre-v4,NO,NO,
confounders_schema,confounders,medication_med_history_neuro,medication_med_history_neuro,confounders,Medication,NO,release,VARIABLE,redcap,pre-v4,NO,NO,
confounders_schema,confounders,medication_med_history_psychological,medication_med_history_psychological,confounders,Medication,NO,release,VARIABLE,redcap,pre-v4,NO,NO,
confounders_schema,confounders,medications,medications,confounders,"[DEPRECATED]
Do you currently take or use any of these medications or substances? Please check all that apply",YES,release,VARIABLE,redcap,pre-v4,NO,NO,
confounders_schema,confounders,menstrual_cycle_status,menstrual_cycle_status,confounders,"Indicates where the participant currently is in their menstrual cycle: menstruating, premenstrual, postmenstrual, not certain.",NO,release,VARIABLE,redcap,pre-v4,NO,NO,
confounders_schema,confounders,menstruate,menstruate,confounders,"Indicates whether the participant currently has menstrual periods, regular or irregular: Yes; No, but used to; Does not apply (never had a period).",NO,release,VARIABLE,redcap,pre-v4,NO,NO,
confounders_schema,confounders,menstruate_no,menstruate_no,confounders,"[DEPRECATED] Reason the participant gives for having no or irregular menstrual periods: currently pregnant, using birth control, having an IUD, menopause or hysterectomy, hormone therapy, or other.",NO,release,VARIABLE,redcap,pre-v4,NO,NO,
confounders_schema,confounders,methamphetamine,methamphetamine,confounders,Methamphetamine (like speed),NO,internal,VARIABLE,redcap,v4,NO,NO,
confounders_schema,confounders,mindfulness_meditation,mindfulness_meditation,confounders,"Mindfulness, meditation",NO,release,VARIABLE,redcap,pre-v4,NO,NO,
confounders_schema,confounders,multiple_sclerosis,multiple_sclerosis,confounders,"Indicates whether the participant has a diagnosis of multiple sclerosis, recorded as Yes or No.",NO,release,VARIABLE,redcap,pre-v4,NO,NO,
confounders_schema,confounders,muscle_relaxants,muscle_relaxants,confounders,Indicates whether the participant currently takes or uses muscle relaxant medication to treat any condition (Yes or No; released as Yes/No).,NO,release,VARIABLE,redcap,pre-v4,NO,NO,
confounders_schema,confounders,muscle_tension_dysphonia,muscle_tension_dysphonia,confounders,Muscle tension dysphonia,NO,release,VARIABLE,redcap,pre-v4,NO,NO,
confounders_schema,confounders,nasal_congestion_obstruction,nasal_congestion_obstruction,confounders,Whether the participant reports nasal congestion or obstruction today (Yes/No).,NO,release,VARIABLE,redcap,pre-v4,NO,NO,
confounders_schema,confounders,neuro_modulators,neuro_modulators,confounders,"Indicates whether the participant currently takes neuro-modulator medication, asked in the list of pain medications (Yes or No); drug names and doses are not recorded.",NO,release,VARIABLE,redcap,pre-v4,NO,NO,
confounders_schema,confounders,neurological_history,neurological_history,confounders,"[DEPRECATED]
Neurological Medical History",YES,release,VARIABLE,redcap,pre-v4,NO,NO,
confounders_schema,confounders,non_surgical_treatment_enmt_speech_cond,non_surgical_treatment_enmt_speech_cond,confounders,"Other non-surgical treatment for an ear, nose, mouth, throat, or speech condition",NO,release,VARIABLE,redcap,pre-v4,NO,NO,
confounders_schema,confounders,non_surgical_treatment_enmt_speech_cond_specify,non_surgical_treatment_enmt_speech_cond_specify,confounders,"Free-text specification of the other non-surgical treatment(s) the participant reports currently receiving for an ear, nose, mouth, throat, or speech condition.",NO,review,VARIABLE,redcap,v4,NO,NO,
confounders_schema,confounders,nose_med_history,nose_med_history,confounders,"[DEPRECATED]
Nose",YES,release,VARIABLE,redcap,pre-v4,NO,NO,
confounders_schema,confounders,nose_surgery,nose_surgery,confounders,"Whether the participant has ever had nose surgery (e.g., septoplasty, rhinoplasty); responses: Yes or No.",NO,release,VARIABLE,redcap,pre-v4,NO,NO,
confounders_schema,confounders,nose_surgical,nose_surgical,confounders,"[DEPRECATED]
Nose",YES,release,VARIABLE,redcap,pre-v4,NO,NO,
confounders_schema,confounders,nsaids,nsaids,confounders,Whether the participant currently takes an NSAID pain medication (Yes/No); drug names and doses are not collected.,NO,release,VARIABLE,redcap,pre-v4,NO,NO,
confounders_schema,confounders,number_of_uses_per_day_now,nicotine_uses_per_day_current,confounders,"The participant's current average number of nicotine uses per day, recorded as a numeric count.",NO,release,VARIABLE,redcap,pre-v4,NO,NO,
confounders_schema,confounders,number_years_used_nicotine,number_years_used_nicotine,confounders,"Total number of years the participant has used nicotine-containing products, reported as a numeric value in years.",NO,release,VARIABLE,redcap,pre-v4,NO,NO,
confounders_schema,confounders,obesity,obesity,confounders,"Indicates whether the participant has obesity, recorded as Yes or No.",NO,release,VARIABLE,redcap,pre-v4,NO,NO,
confounders_schema,confounders,obsessive_compulsive_disorder,obsessive_compulsive_disorder,confounders,Obsessive compulsive disorder (OCD),NO,release,VARIABLE,redcap,pre-v4,NO,NO,
confounders_schema,confounders,opiates,opiates,confounders,"Whether the participant currently takes opiate pain medication, recorded as Yes or No.",NO,release,VARIABLE,redcap,pre-v4,NO,NO,
confounders_schema,confounders,oral_cancer,oral_cancer,confounders,"Oral cancer (e.g. tongue, mouth, gum, tonsil, etc.)",NO,release,VARIABLE,redcap,pre-v4,NO,NO,
confounders_schema,confounders,oral_steroids,oral_steroids,confounders,Indicates whether the participant currently takes or uses oral steroid medication to treat any condition (Yes or No; released as Yes/No).,NO,release,VARIABLE,redcap,pre-v4,NO,NO,
confounders_schema,confounders,osa_med_hist_lung,osa_med_hist_lung,confounders,Whether a doctor has ever diagnosed the participant with obstructive sleep apnea (Yes/No).,NO,release,VARIABLE,redcap,pre-v4,NO,NO,
confounders_schema,confounders,other_cancer,other_cancer,confounders,Other cancer,NO,release,VARIABLE,redcap,pre-v4,NO,NO,
confounders_schema,confounders,other_cancer_current_specify,other_cancer_current_specify,confounders,Please specify what other cancer(s) you have currently.,NO,review,VARIABLE,redcap,v4,NO,NO,
confounders_schema,confounders,other_cancer_past_specify,other_cancer_past_specify,confounders,Please specify what other cancer(s) you have had in the past.,NO,review,VARIABLE,redcap,v4,NO,NO,
confounders_schema,confounders,other_cancer_treatment,other_cancer_treatment,confounders,Other cancer treatment,NO,release,VARIABLE,redcap,pre-v4,NO,NO,
confounders_schema,confounders,other_cancer_treatment_past_specify,other_cancer_treatment_past_specify,confounders,Please specify what other cancer treatment(s) you have received in the past.,NO,review,VARIABLE,redcap,v4,NO,NO,
confounders_schema,confounders,other_ear_nose_mouth_condition,other_ear_nose_mouth_condition,confounders,"Indicates whether the participant currently has any other condition of the ear, nose, or mouth (Yes, No).",NO,release,VARIABLE,redcap,pre-v4,NO,NO,
confounders_schema,confounders,other_ear_nose_mouth_condition_specify,other_ear_nose_mouth_condition_specify,confounders,"Free-text specification of the other ear, nose, or mouth condition(s) the participant reports.",NO,review,VARIABLE,redcap,v4,NO,NO,
confounders_schema,confounders,other_heart_disease,other_heart_disease,confounders,"Indicates whether the participant currently has any other heart disease(s) (yes/no), with space to specify the type if applicable.",NO,release,VARIABLE,redcap,pre-v4,NO,NO,
confounders_schema,confounders,other_heart_disease_specify,other_heart_disease_specify,confounders,Free-text specification of the other heart condition(s) the participant reports.,NO,review,VARIABLE,redcap,v4,NO,NO,
confounders_schema,confounders,other_hormone_replacement,other_hormone_replacement,confounders,Indicates whether the participant currently takes any other hormone replacement beyond the listed hormones (Yes or No); the hormone name is held in a separate free-text field.,NO,release,VARIABLE,redcap,pre-v4,NO,NO,
confounders_schema,confounders,other_hormone_replacement_specify,other_hormone_replacement_specify,confounders,What other hormone replacement(s) do you currently take?,NO,review,VARIABLE,redcap,v4,NO,NO,
confounders_schema,confounders,other_lung_conditions,other_lung_conditions,confounders,"Indicates whether the participant currently has any other lung condition (yes/no), with an option to specify the condition if yes.",NO,release,VARIABLE,redcap,pre-v4,NO,NO,
confounders_schema,confounders,other_lung_conditions_specify,other_lung_conditions_specify,confounders,Free-text specification of the other lung condition(s) the participant reports currently having.,NO,review,VARIABLE,redcap,v4,NO,NO,
confounders_schema,confounders,other_lung_treatment,other_lung_treatment,confounders,Indicates whether the participant is currently receiving any additional treatment(s) for their lung condition(s) (response options: Yes or No).,NO,release,VARIABLE,redcap,pre-v4,NO,NO,
confounders_schema,confounders,other_lung_treatment_specify,other_lung_treatment_specify,confounders,Free-text specification of the other treatment(s) the participant reports receiving for a lung condition.,NO,review,VARIABLE,redcap,v4,NO,NO,
confounders_schema,confounders,other_menstruate_specify,other_menstruate_specify,confounders,"If you selected ""other"" please specify:",NO,review,VARIABLE,redcap,v4,NO,NO,
confounders_schema,confounders,other_neurological_condition,other_neurological_condition,confounders,"Indicates whether the participant currently has any other neurological condition (Yes, No).",NO,release,VARIABLE,redcap,pre-v4,NO,NO,
confounders_schema,confounders,other_neurological_condition_specify,other_neurological_condition_specify,confounders,Free-text specification of the other neurological condition(s) the participant reports currently having.,NO,review,VARIABLE,redcap,v4,NO,NO,
confounders_schema,confounders,other_neurological_treatment,other_neurological_treatment,confounders,Other treatment for a neurological condition,NO,release,VARIABLE,redcap,pre-v4,NO,NO,
confounders_schema,confounders,other_neurological_treatment_specify,other_neurological_treatment_specify,confounders,Please specify what other treatment(s) you are currently receiving for your neurological condition(s).,NO,review,VARIABLE,redcap,v4,NO,NO,
confounders_schema,confounders,other_smoking_specify,other_smoking_specify,confounders,"[DEPRECATED]
If you selected ""other"" for smoking type, please specify:",YES,review,VARIABLE,redcap,v4,NO,NO,
confounders_schema,confounders,other_speech_condition,other_speech_condition,confounders,"Indicates whether a doctor has ever diagnosed the participant with another speech condition not listed elsewhere (Yes, No); the condition itself is in a separate free-text field.",NO,release,VARIABLE,redcap,pre-v4,NO,NO,
confounders_schema,confounders,other_speech_conditions_specify,other_speech_conditions_specify,confounders,Free-text specification of the other speech condition(s) the participant reports.,NO,review,VARIABLE,redcap,v4,NO,NO,
confounders_schema,confounders,other_surgical_treatment_enmt_speech_cond_specify,other_surgical_treatment_enmt_speech_cond_specify,confounders,"Free-text specification of the other surgical treatment(s) the participant reports having received for an ear, nose, mouth, throat, or speech condition.",NO,review,VARIABLE,redcap,v4,NO,NO,
confounders_schema,confounders,other_surgical_treatment_enmt_speech_condition,other_surgical_treatment_enmt_speech_condition,confounders,"Whether the participant has ever had any other surgical treatment for an ear, nose, mouth, throat, or speech condition not listed on the form, recorded as Yes, No.",NO,release,VARIABLE,redcap,pre-v4,NO,NO,
confounders_schema,confounders,other_throat_condition,other_throat_condition,confounders,Other throat condition,NO,release,VARIABLE,redcap,pre-v4,NO,NO,
confounders_schema,confounders,other_throat_condition_specify,other_throat_condition_specify,confounders,Free-text specification of the other throat condition(s) the participant reports currently having.,NO,review,VARIABLE,redcap,v4,NO,NO,
confounders_schema,confounders,other_treatment_cancer_current_specify,other_treatment_cancer_current_specify,confounders,Please specify what other cancer treatment(s) you are currently receiving.,NO,review,VARIABLE,redcap,v4,NO,NO,
confounders_schema,confounders,other_treatment_psychological_condition,other_treatment_psychological_condition,confounders,Other treatment for a psychological condition,NO,release,VARIABLE,redcap,pre-v4,NO,NO,
confounders_schema,confounders,other_treatment_psychological_condition_specify,other_treatment_psychological_condition_specify,confounders,Free-text specification of the other treatment(s) the participant reports currently receiving for a psychological condition.,NO,review,VARIABLE,redcap,v4,NO,NO,controlled
confounders_schema,confounders,other_voice_activity,other_voice_activity,confounders,Please specify what other job or hobby you have that requires you to use your voice loudly for many hours a day.,NO,review,VARIABLE,redcap,v4,NO,NO,
confounders_schema,confounders,pain_medication,pain_medication,confounders,"[DEPRECATED]
Chronic Pain medication",YES,release,VARIABLE,redcap,pre-v4,NO,NO,
confounders_schema,confounders,pain_medications,pain_medications,confounders,Indicates whether the participant currently takes or uses pain medication to treat any condition (Yes or No; released as Yes/No).,NO,release,VARIABLE,redcap,pre-v4,NO,NO,
confounders_schema,confounders,painkillers,painkillers,confounders,Painkillers (like Vicodin),NO,internal,VARIABLE,redcap,pre-v4,NO,NO,
confounders_schema,confounders,panic_disorder,panic_disorder,confounders,Panic disorder,NO,release,VARIABLE,redcap,pre-v4,NO,NO,
confounders_schema,confounders,parkinsons_disease,parkinsons_disease,confounders,Whether a doctor has ever diagnosed the participant with Parkinson's disease (Yes/No).,NO,release,VARIABLE,redcap,pre-v4,NO,NO,
confounders_schema,confounders,ph_concentrating,ph_concentrating,confounders,"Self-rated difficulty over the past 30 days concentrating on doing something for ten minutes because of health conditions: none, mild, moderate, severe, or extreme or cannot do.",NO,release,VARIABLE,redcap,pre-v4,NO,NO,
confounders_schema,confounders,ph_day_to_day_work,ph_day_to_day_work,confounders,"Self-rated difficulty over the past 30 days with day-to-day work because of health conditions: none, mild, moderate, severe, or extreme or cannot do.",NO,release,VARIABLE,redcap,pre-v4,NO,NO,
confounders_schema,confounders,ph_dealing_people,ph_dealing_people,confounders,"Self-reported difficulty dealing with people the participant does not know over the past 30 days, rated No difficulty, Mild, Moderate, Severe, or Extreme or cannot do.",NO,release,VARIABLE,redcap,pre-v4,NO,NO,
confounders_schema,confounders,ph_friendship,ph_friendship,confounders,"Level of difficulty the participant had maintaining a friendship in the past 30 days because of health conditions: None, Mild, Moderate, Severe, or Extreme or cannot do.",NO,release,VARIABLE,redcap,pre-v4,NO,NO,
confounders_schema,confounders,ph_get_dressed,ph_get_dressed,confounders,"Self-rated difficulty over the past 30 days getting dressed because of health conditions: none, mild, moderate, severe, or extreme or cannot do.",NO,release,VARIABLE,redcap,pre-v4,NO,NO,
confounders_schema,confounders,ph_health_problem,ph_health_problem,confounders,"How much the participant has been emotionally affected by their health problems over the past 30 days: none, mild, moderate, severe, or extreme.",NO,release,VARIABLE,redcap,pre-v4,NO,NO,
confounders_schema,confounders,ph_learn_task,ph_learn_task,confounders,"Self-rated difficulty over the past 30 days learning a new task, such as learning how to get to a new place, because of health conditions (No difficulty to Extreme or cannot do).",NO,release,VARIABLE,redcap,pre-v4,NO,NO,
confounders_schema,confounders,ph_problem_join,ph_problem_join,confounders,"Self-reported degree of problem joining in community activities in the same way as anyone else over the past 30 days, rated No difficulty, Mild, Moderate, Severe, or Extreme or cannot do.",NO,release,VARIABLE,redcap,pre-v4,NO,NO,
confounders_schema,confounders,ph_standing,ph_standing,confounders,"Level of difficulty the participant had standing for long periods such as 30 minutes in the past 30 days because of health conditions: None, Mild, Moderate, Severe, or Extreme or cannot do.",NO,release,VARIABLE,redcap,pre-v4,NO,NO,
confounders_schema,confounders,ph_take_care,ph_take_care,confounders,"Difficulty the participant had taking care of household responsibilities in the past 30 days: none, mild, moderate, severe, or extreme or cannot do.",NO,release,VARIABLE,redcap,pre-v4,NO,NO,
confounders_schema,confounders,ph_walking,ph_walking,confounders,"Difficulty walking a long distance such as a kilometre (or equivalent) in the past 30 days: none, mild, moderate, severe, or extreme or cannot do.",NO,release,VARIABLE,redcap,pre-v4,NO,NO,
confounders_schema,confounders,ph_washing,ph_washing,confounders,"Self-rated difficulty over the past 30 days washing the whole body because of health conditions: none, mild, moderate, severe, or extreme or cannot do.",NO,release,VARIABLE,redcap,pre-v4,NO,NO,
confounders_schema,confounders,phys_health_impact,phys_health_impact,confounders,"Number of days in the past 30 days (integer, 0–30) during which the participant was completely unable to carry out their usual activities or work because of any health condition.",NO,release,VARIABLE,redcap,pre-v4,NO,NO,
confounders_schema,confounders,phys_health_limited,phys_health_limited,confounders,Number of days in the past 30 days (excluding days the person was completely unable) that the participant cut back or reduced their usual activities or work due to any health condition; integer 0–30.,NO,release,VARIABLE,redcap,pre-v4,NO,NO,
confounders_schema,confounders,physical_health_freq,physical_health_freq,confounders,"Number of days in the past 30 days that physical health difficulties were present, recorded as an integer value from 0 to 30 days.",NO,release,VARIABLE,redcap,pre-v4,NO,NO,
confounders_schema,confounders,pneumothorax_atelectasis,pneumothorax_atelectasis,confounders,"Indicates whether the participant has a pneumothorax or atelectasis (collapsed lung), recorded as present or absent (yes/no).",NO,release,VARIABLE,redcap,pre-v4,NO,NO,
confounders_schema,confounders,prolonged_intubation,prolonged_intubation,confounders,Indicates whether the participant was endotracheally intubated for more than 7 days (yes/no).,NO,release,VARIABLE,redcap,pre-v4,NO,NO,
confounders_schema,confounders,psychological_condition_other,psychological_condition_other,confounders,Other psychological condition,NO,release,VARIABLE,redcap,pre-v4,NO,NO,
confounders_schema,confounders,psychological_condition_other_specify,psychological_condition_other_specify,confounders,Please specify what other psychological condition(s) you have.,NO,review,VARIABLE,redcap,v4,NO,NO,
confounders_schema,confounders,psychotropic_antipsychotic_medications,psychotropic_antipsychotic_medications,confounders,Indicates whether the participant currently takes or uses psychotropic or antipsychotic medication to treat any condition (Yes or No; released as Yes/No).,NO,release,VARIABLE,redcap,pre-v4,NO,NO,
confounders_schema,confounders,ptsd_med_hist_psychological,ptsd_med_hist_psychological,confounders,Post-traumatic stress disorder (PTSD),NO,release,VARIABLE,redcap,pre-v4,NO,NO,
confounders_schema,confounders,pulmonary_hypertension,pulmonary_hypertension,confounders,Whether a doctor has ever diagnosed the participant with pulmonary hypertension (Yes/No).,NO,release,VARIABLE,redcap,pre-v4,NO,NO,
confounders_schema,confounders,radiation,radiation,confounders,Radiation,NO,release,VARIABLE,redcap,pre-v4,NO,NO,
confounders_schema,confounders,radiation_to_head_neck,radiation_to_head_neck,confounders,Radiation to the head or neck,NO,release,VARIABLE,redcap,pre-v4,NO,NO,
confounders_schema,confounders,radiation_to_the_chest,radiation_to_the_chest,confounders,Indicates whether the participant has ever had radiation to the chest as an intervention for a lung condition (Yes or No).,NO,release,VARIABLE,redcap,pre-v4,NO,NO,
confounders_schema,confounders,radioactive_iodine,radioactive_iodine,confounders,Radioactive Iodine,NO,release,VARIABLE,redcap,pre-v4,NO,NO,
confounders_schema,confounders,reading_aloud,reading_aloud,confounders,"Self-rated ability to read aloud in English or Spanish—reading at a normal pace accurately and with understanding—reported on a Likert-style scale (e.g., poor to excellent).",NO,release,VARIABLE,redcap,pre-v4,NO,NO,
confounders_schema,confounders,recreational_drug_use,recreational_drug_use,confounders,"[DEPRECATED]
How many times in the past YEAR have you used a recreational substance or medication for reasons or in doses other than prescribed?
Recreational substances include methamphetamines (speed, crystal), cannabis (marijuana, pot), inhalants (paint thinner, aerosol, glue), tranquilizers (Valium), barbiturates, cocaine, ecstasy, hallucinogens (LSD, mushrooms), or narcotics (heroin).
More than one",NO,internal,VARIABLE,redcap,v4,NO,NO,
confounders_schema,confounders,recurrent_bronchitis,recurrent_bronchitis,confounders,"Whether the participant has ever been diagnosed by a doctor with recurrent bronchitis, recorded as Yes, No.",NO,release,VARIABLE,redcap,pre-v4,NO,NO,
confounders_schema,confounders,reflux_medications,reflux_medications,confounders,Indicates whether the participant currently takes or uses acid reflux medication to treat any condition (Yes or No; released as Yes/No).,NO,release,VARIABLE,redcap,pre-v4,NO,NO,
confounders_schema,confounders,rehab_counseling_substance_use,rehab_counseling_substance_use,confounders,Have you ever been in rehab  or counseling for heavy substance use?,NO,internal,VARIABLE,redcap,v4,NO,NO,
confounders_schema,confounders,resp_medical_history,resp_medical_history,confounders,"[DEPRECATED]
Respiratory medical history",YES,release,VARIABLE,redcap,pre-v4,NO,NO,
confounders_schema,confounders,respiratory_conditions,respiratory_conditions,confounders,"[DEPRECATED]
Respiratory Conditions",YES,release,VARIABLE,redcap,pre-v4,NO,NO,
confounders_schema,confounders,schizophrenia_med_hist_psychological,schizophrenia_med_hist_psychological,confounders,Schizophrenia,NO,release,VARIABLE,redcap,pre-v4,NO,NO,
confounders_schema,confounders,scoliosis,scoliosis,confounders,"Whether a doctor has ever diagnosed the participant with scoliosis, a curvature of the spine (Yes/No).",NO,release,VARIABLE,redcap,pre-v4,NO,NO,
confounders_schema,confounders,scratchy_sore_throat,scratchy_sore_throat,confounders,Indicates whether the participant currently has a scratchy or sore throat (yes/no).,NO,release,VARIABLE,redcap,pre-v4,NO,NO,
confounders_schema,confounders,seasonal_allergies,seasonal_allergies,confounders,"[DEPRECATED] Whether the participant reported seasonal allergies, cold-like symptoms or other conditions that may affect the voice on the day of recording (Yes/No).",NO,release,VARIABLE,redcap,pre-v4,NO,NO,
confounders_schema,confounders,seasonal_allergies_med_hist_enm,seasonal_allergies_med_hist_enm,confounders,"Whether the participant has ever been diagnosed by a doctor with seasonal allergies, recorded as Yes, No.",NO,release,VARIABLE,redcap,pre-v4,NO,NO,
confounders_schema,confounders,seasonal_allergies_options,seasonal_allergies_options,confounders,"[DEPRECATED]
Check all that apply:",YES,release,VARIABLE,redcap,pre-v4,NO,NO,
confounders_schema,confounders,sedatives,sedatives,confounders,Sedatives or tranquilizers (like sleeping pills or Valium),NO,internal,VARIABLE,redcap,pre-v4,NO,NO,
confounders_schema,confounders,shortness_breath,shortness_breath,confounders,"Indicates whether the participant is currently experiencing shortness of breath (dyspnea), recorded as a yes/no response.",NO,release,VARIABLE,redcap,pre-v4,NO,NO,
confounders_schema,confounders,sinus_cancer,sinus_cancer,confounders,Sinus cancer,NO,release,VARIABLE,redcap,pre-v4,NO,NO,
confounders_schema,confounders,sinus_surgery,sinus_surgery,confounders,Whether the participant has ever had sinus surgery (Yes/No).,NO,release,VARIABLE,redcap,pre-v4,NO,NO,
confounders_schema,confounders,sinusitis,sinusitis,confounders,"Indicates whether the participant reports having or being diagnosed with sinusitis (rhinitis), typically recorded as a Yes/No response.",NO,release,VARIABLE,redcap,pre-v4,NO,NO,
confounders_schema,confounders,sjogrens_syndrome,sjogrens_syndrome,confounders,"Indicates whether the participant has a clinical diagnosis of Sjogren's syndrome, recorded as Yes or No.",NO,release,VARIABLE,redcap,pre-v4,NO,NO,
confounders_schema,confounders,sleep_disturbance,sleep_disturbance,confounders,"Whether the participant is experiencing sleep disturbance today, recorded as Yes or No.",NO,release,VARIABLE,redcap,pre-v4,NO,NO,
confounders_schema,confounders,sleep_surgery,sleep_surgery,confounders,"Indicates whether the participant has ever had sleep surgery (e.g. an implantable device for sleep apnea) as a surgical intervention for an ear, nose, mouth, throat or speech condition (Yes, No).",NO,release,VARIABLE,redcap,pre-v4,NO,NO,
confounders_schema,confounders,smoked_substance_in_past_three_months,smoked_substance_in_past_three_months,confounders,"How often in the past three months the participant reports smoking marijuana, recreationally or as prescribed.",NO,release,VARIABLE,redcap,v4,NO,NO,controlled
confounders_schema,confounders,smoking_age_regular_cigarette_smoking,smoking_age_regular_cigarette_smoking,confounders,"[DEPRECATED] Indicates whether the participant gave a specific value, did not know, or preferred not to answer for the age they first started regular cigarette smoking.",YES,release,VARIABLE,redcap,pre-v4,NO,NO,
confounders_schema,confounders,smoking_age_regular_cigarette_smoking_age,smoking_age_regular_cigarette_smoking_age,confounders,"[DEPRECATED] Age in years at which the participant began smoking cigarettes regularly, entered as a number.",NO,release,VARIABLE,redcap,pre-v4,NO,NO,
confounders_schema,confounders,smoking_age_stopped,smoking_age_stopped,confounders,"[DEPRECATED] Response category for whether the participant specified the age at which they completely stopped smoking cigarettes (Specify, Don't know); the age itself is in a separate field.",NO,release,VARIABLE,redcap,pre-v4,NO,NO,
confounders_schema,confounders,smoking_age_stopped_age,smoking_age_stopped_age,confounders,[DEPRECATED] Age the participant reports they stopped smoking.,YES,release,VARIABLE,redcap,pre-v4,NO,NO,
confounders_schema,confounders,smoking_cigarettes_day_current_avg,smoking_cigarettes_day_current_avg,confounders,"[DEPRECATED] Indicates whether the participant gave a specific value, did not know, or preferred not to answer for the average number of cigarettes smoked per day now (20 per pack); the value is in smoking_cigarettes_day_current_avg_number.",YES,release,VARIABLE,redcap,pre-v4,NO,NO,
confounders_schema,confounders,smoking_cigarettes_day_current_avg_number,smoking_cigarettes_day_current_avg_number,confounders,[DEPRECATED] Average number of cigarettes the participant reports smoking per day now (20 per pack).,YES,release,VARIABLE,redcap,pre-v4,NO,NO,
confounders_schema,confounders,smoking_cigarettes_day_past_avg,smoking_cigarettes_day_past_avg,confounders,"[DEPRECATED] Indicates whether the participant gave a specific value, did not know, or preferred not to answer for the average number of cigarettes smoked per day over the entire time they smoked (20 per pack); the value is in smoking_cigarettes_day_past_avg_number.",YES,release,VARIABLE,redcap,pre-v4,NO,NO,
confounders_schema,confounders,smoking_cigarettes_day_past_avg_number,smoking_cigarettes_day_past_avg_number,confounders,[DEPRECATED] Average number of cigarettes the participant reports smoking per day over the entire time they smoked (20 per pack).,YES,release,VARIABLE,redcap,pre-v4,NO,NO,
confounders_schema,confounders,smoking_electronic,smoking_electronic,confounders,"[DEPRECATED] Whether the participant reports ever having used an electronic nicotine product (e.g. e-cigarettes, vape pens, hookah pens, vaporizers, e-cigars, e-pipes, e-hookahs), even once or twice.",YES,release,VARIABLE,redcap,pre-v4,NO,NO,
confounders_schema,confounders,smoking_electronic_current_occurence,smoking_electronic_current_occurence,confounders,"[DEPRECATED] How often the participant reports currently using electronic nicotine products (every day, some days, or not at all).",YES,release,VARIABLE,redcap,pre-v4,NO,NO,
confounders_schema,confounders,smoking_entire_life,smoking_entire_life,confounders,[DEPRECATED] Whether the participant reports having smoked at least 100 cigarettes in their entire life (20 per pack).,YES,release,VARIABLE,redcap,pre-v4,NO,NO,
confounders_schema,confounders,smoking_freq,smoking_freq,confounders,[DEPRECATED] How often the participant reports smoking or having smoked.,YES,release,VARIABLE,redcap,pre-v4,NO,NO,
confounders_schema,confounders,smoking_hx,smoking_hx,confounders,"[DEPRECATED] Whether the participant reports ever having smoked regularly - never, formerly, or currently.",YES,release,VARIABLE,redcap,v4,NO,NO,
confounders_schema,confounders,smoking_marijuana,smoking_marijuana,confounders,[DEPRECATED] How often the participant reports using marijuana in the past three months.,NO,release,VARIABLE,redcap,v4,NO,NO,controlled
confounders_schema,confounders,smoking_occurrence,smoking_occurrence,confounders,"[DEPRECATED] How often the participant reports currently smoking cigarettes (every day, some days, or not at all).",YES,release,VARIABLE,redcap,pre-v4,NO,NO,
confounders_schema,confounders,smoking_types,smoking_types,confounders,"[DEPRECATED]
Checklist of different types (choose all that apply):",YES,release,VARIABLE,redcap,pre-v4,NO,NO,controlled
confounders_schema,confounders,smoking_years_cigarettes,smoking_years_cigarettes,confounders,"[DEPRECATED] Indicates whether the participant gave a specific value, did not know, or preferred not to answer for the number of years they smoked cigarettes; the value is in smoking_years_cigarettes_years.",YES,release,VARIABLE,redcap,pre-v4,NO,NO,
confounders_schema,confounders,smoking_years_cigarettes_years,smoking_years_cigarettes_years,confounders,[DEPRECATED] Number of years the participant reports having smoked cigarettes.,YES,release,VARIABLE,redcap,pre-v4,NO,NO,
confounders_schema,confounders,specify_current_neuro,specify_current_neuro,confounders,"[DEPRECATED]
Which ones do you currently have?",YES,review,VARIABLE,redcap,v4,NO,NO,
confounders_schema,confounders,speech_difficulty,speech_difficulty,confounders,"Whether the participant reports difficulty speaking today, listed among symptoms experienced on the day of the session (Yes/No).",NO,release,VARIABLE,redcap,pre-v4,NO,NO,
confounders_schema,confounders,speech_voice_swallowing_therapy,speech_voice_swallowing_therapy,confounders,"Speech, voice, or swallowing therapy",NO,release,VARIABLE,redcap,pre-v4,NO,NO,
confounders_schema,confounders,started_using_nicotine_products,started_using_nicotine_products,confounders,"Whether the participant reported the age at which they first began regularly using nicotine products (a specific age, not certain); the age itself is entered in a separate field.",NO,release,VARIABLE,redcap,pre-v4,NO,NO,
confounders_schema,confounders,stimulants,stimulants,confounders,"Stimulants (like Ritalin, Adderall)",NO,internal,VARIABLE,redcap,pre-v4,NO,NO,
confounders_schema,confounders,stimulants_medications,stimulants_medications,confounders,Indicates whether the participant currently takes or uses stimulant medication to treat any condition (Yes or No; released as Yes/No).,NO,release,VARIABLE,redcap,pre-v4,NO,NO,
confounders_schema,confounders,stopped_using_nicotine_products,stopped_using_nicotine_products,confounders,"Category of the participant's answer about the age at which they completely stopped using nicotine: an age was entered, not certain; the age itself is in a separate field.",NO,release,VARIABLE,redcap,pre-v4,NO,NO,
confounders_schema,confounders,stroke,stroke,confounders,"Indicates whether the participant has a history of stroke and/or clinical aphasia, recorded as Yes or No.",NO,release,VARIABLE,redcap,pre-v4,NO,NO,
confounders_schema,confounders,stutter_dysfluency,stutter_dysfluency,confounders,"Whether a doctor has ever diagnosed the participant with stuttering or dysfluency, listed among other speech conditions (Yes/No).",NO,release,VARIABLE,redcap,pre-v4,NO,NO,
confounders_schema,confounders,substance_use_recovery,substance_use_recovery,confounders,"[DEPRECATED]
Are you currently in recovery for substance use?",YES,internal,VARIABLE,redcap,v4,NO,NO,
confounders_schema,confounders,supplemental_oxygen,supplemental_oxygen,confounders,"Indicates whether the participant has ever used supplemental oxygen as an intervention for a lung condition (Yes, No); delivery method and flow rate are not recorded.",NO,release,VARIABLE,redcap,pre-v4,NO,NO,
confounders_schema,confounders,surgery,surgery,confounders,Surgery,NO,release,VARIABLE,redcap,pre-v4,NO,NO,
confounders_schema,confounders,swallowing_disorder,swallowing_disorder,confounders,Swallowing disorder/dysphagia,NO,release,VARIABLE,redcap,pre-v4,NO,NO,
confounders_schema,confounders,symptoms,symptoms,confounders,"[DEPRECATED]
There are some symptoms that can affect your voice. Are you currently experiencing any of these symptoms? Check all that apply.",YES,release,VARIABLE,redcap,pre-v4,NO,NO,
confounders_schema,confounders,talk_therapy_mental_health_prof,talk_therapy_mental_health_prof,confounders,"Talk therapy with a mental health professional (e.g. social worker, psychiatrist, etc.)",NO,release,VARIABLE,redcap,pre-v4,NO,NO,
confounders_schema,confounders,tell_us_about_you_health_header,tell_us_about_you_health_header,confounders,"TELL US ABOUT YOUR HEALTHMEDICAL HISTORYThere are some medical conditions that could have long term effects on your voice. In the following questions you will be asked about your CURRENT conditions as well as those you may have had in the PAST. Please read each set of questions carefully.NOTE:[All fields will be pre-populated to NO/NEVER unless the person noted the condition at enrollment. E.g. if the person enrolled with chronic cough, then ""Chronic cough"" will be pre-populated to YES/CURRENT.]",YES,drop,VARIABLE,redcap,pre-v4,NO,NO,
confounders_schema,confounders,throat_med_history,throat_med_history,confounders,"[DEPRECATED]
Throat",YES,release,VARIABLE,redcap,pre-v4,NO,NO,
confounders_schema,confounders,throat_surgical,throat_surgical,confounders,"[DEPRECATED]
Throat",YES,release,VARIABLE,redcap,pre-v4,NO,NO,
confounders_schema,confounders,thyroid_cancer,thyroid_cancer,confounders,Thyroid cancer,NO,release,VARIABLE,redcap,pre-v4,NO,NO,
confounders_schema,confounders,thyroid_disease,thyroid_disease,confounders,"Thyroid disease (e.g. thyroid polyp, Hashimoto's Grave's disease, hypo/hyperthyroidism, etc.)",NO,release,VARIABLE,redcap,pre-v4,NO,NO,
confounders_schema,confounders,thyroid_replacement,thyroid_replacement,confounders,Indicates whether the participant currently takes thyroid replacement hormone medication (Yes or No).,NO,release,VARIABLE,redcap,pre-v4,NO,NO,
confounders_schema,confounders,times_use_nicotine_per_day,times_use_nicotine_per_day,confounders,"Category of the participant's answer for how many times per day they use nicotine now: less than once per day, a number of uses entered, not certain; the count itself is in a separate field.",NO,release,VARIABLE,redcap,pre-v4,NO,NO,
confounders_schema,confounders,tired_measure,tired_measure,confounders,"Self-reported current level of tiredness on a 0–10 numeric scale, where 0 = not tired at all and 10 = extremely tired.",NO,release,VARIABLE,redcap,pre-v4,NO,NO,
confounders_schema,confounders,today_consume_caffeinated_products,today_consume_caffeinated_products,confounders,What type(s) of caffeinated products have you had today?,NO,release,VARIABLE,redcap,pre-v4,NO,NO,
confounders_schema,confounders,today_consume_other_specify,today_consume_other_specify,confounders,Other caffeinated product consumed today,NO,review,VARIABLE,redcap,v4,NO,NO,
confounders_schema,confounders,today_drink_caffeinated_products,today_drink_caffeinated_products,confounders,"Indicates whether the participant consumed coffee or any other caffeinated products today (Yes/No), including items such as coffee, tea, soda, or energy drinks.",NO,release,VARIABLE,redcap,pre-v4,NO,NO,
confounders_schema,confounders,tonsillectomy,tonsillectomy,confounders,"Indicates whether the participant has ever had a tonsillectomy (surgical removal of the tonsils), with or without adenoidectomy, typically recorded as Yes/No.",NO,release,VARIABLE,redcap,pre-v4,NO,NO,
confounders_schema,confounders,tracheostomy,tracheostomy,confounders,"Indicates whether the participant has ever had a tracheostomy as a surgical intervention for an ear, nose, mouth, throat, or speech condition (Yes, No).",NO,release,VARIABLE,redcap,pre-v4,NO,NO,
confounders_schema,confounders,traumatic_brain_injury,traumatic_brain_injury,confounders,Whether a doctor has ever diagnosed the participant with traumatic brain injury (Yes/No).,NO,release,VARIABLE,redcap,pre-v4,NO,NO,
confounders_schema,confounders,tuberculosis,tuberculosis,confounders,Indicates whether the participant has ever been diagnosed by a doctor with tuberculosis (Yes or No).,NO,release,VARIABLE,redcap,pre-v4,NO,NO,
confounders_schema,confounders,typical_day_consume_caffeinated_products,typical_day_consume_caffeinated_products,confounders,What type(s) of caffeinated products do you typically consume?,NO,release,VARIABLE,redcap,pre-v4,NO,NO,
confounders_schema,confounders,typical_day_consume_other_specify,typical_day_consume_other_specify,confounders,Other caffeinated product typically consumed,NO,review,VARIABLE,redcap,v4,NO,NO,
confounders_schema,confounders,typical_day_drink_caffeinated_products,typical_day_drink_caffeinated_products,confounders,"Indicates whether the participant typically consumes coffee or other caffeinated products on a usual day (e.g., teas, carbonated beverages, energy drinks, espresso), recorded as Yes or No.",NO,release,VARIABLE,redcap,pre-v4,NO,NO,
confounders_schema,confounders,unit,unit,confounders,"Measurement system the participant selected for height and weight: Metric (centimeters, kilograms) or US customary (inches, pounds).",NO,release,VARIABLE,redcap,pre-v4,NO,NO,
confounders_schema,confounders,used_drugs,used_drugs,confounders,"Have you ever used marijuana, cocaine or crack, and/or other drugs?",NO,internal,VARIABLE,redcap,v4,NO,NO,
confounders_schema,confounders,used_nicotine_products_in_entire_life,used_nicotine_products_in_entire_life,confounders,"Whether the participant has used any nicotine products at least 100 times in their entire life: Yes, No, Not certain.",NO,release,VARIABLE,redcap,pre-v4,NO,NO,
confounders_schema,confounders,used_substance_on_your_own,used_substance_on_your_own,confounders,"Have you ever used medicines ON YOUR OWN without a doctor's prescription, or in greater amounts or longer than prescribed?",NO,internal,VARIABLE,redcap,pre-v4,NO,NO,
confounders_schema,confounders,vagal_nerve_stimulator,vagal_nerve_stimulator,confounders,Vagal nerve stimulator,NO,release,VARIABLE,redcap,pre-v4,NO,NO,
confounders_schema,confounders,velopharyngeal_insufficiency,velopharyngeal_insufficiency,confounders,"Whether a doctor has ever diagnosed the participant with velopharyngeal insufficiency, such as hyponasality or nasal emission (Yes/No).",NO,release,VARIABLE,redcap,pre-v4,NO,NO,
confounders_schema,confounders,vfp_bilateral,vfp_bilateral,confounders,Vocal fold paralysis (bilateral),YES,release,VARIABLE,redcap,pre-v4,NO,NO,
confounders_schema,confounders,vfp_unilateral,vfp_unilateral,confounders,Vocal fold paralysis (unilateral),YES,release,VARIABLE,redcap,pre-v4,NO,NO,
confounders_schema,confounders,vocal_cord_dysfunction,vocal_cord_dysfunction,confounders,Vocal cord dysfunction/paradoxical vocal fold motion,NO,release,VARIABLE,redcap,pre-v4,NO,NO,
confounders_schema,confounders,vocal_fold_hemorrhage,vocal_fold_hemorrhage,confounders,Vocal fold hemorrhage or bleed,NO,release,VARIABLE,redcap,pre-v4,NO,NO,
confounders_schema,confounders,voice_activity,voice_activity,confounders,"[DEPRECATED]
Do you do one of these jobs or hobbies that requires using your voice for many hours a day? Check all that apply",YES,release,VARIABLE,redcap,pre-v4,NO,NO,
confounders_schema,confounders,voice_activity_v2,voice_activity_v2,confounders,Do you do one of these jobs or hobbies that requires using your voice for many hours a day? Check all that apply,NO,release,VARIABLE,redcap,pre-v4,NO,NO,
confounders_schema,confounders,weight,weight,confounders,"Participant's self-reported body weight, entered as a number; the unit (pounds or kilograms) is indicated by the companion unit column.",NO,release,VARIABLE,redcap,pre-v4,NO,NO,
confounders_schema,confounders,years_used_nicotine,years_used_nicotine,confounders,"Response category for how long the participant has used nicotine: less than 1 year, a number of years entered, not certain; the number of years itself is in a separate field.",NO,release,VARIABLE,redcap,pre-v4,NO,NO,
copd_and_asthma_schema,copd_and_asthma,diagnosis_ca_10_pack_year_tobacco_cigarette,diagnosis_ca_10_pack_year_tobacco_cigarette,diagnosis,"Indicates whether the participant has a tobacco cigarette smoking history of at least 10 pack-years, recorded as Yes or No.",NO,release,VARIABLE,redcap,pre-v4,NO,NO,
copd_and_asthma_schema,copd_and_asthma,diagnosis_ca_absolute_eosinophil_count,diagnosis_ca_absolute_eosinophil_count,diagnosis,"Highest absolute eosinophil count measured in the past 12 months, reported as a numeric value in cells per microliter (µL).",NO,release,VARIABLE,redcap,pre-v4,NO,NO,
copd_and_asthma_schema,copd_and_asthma,diagnosis_ca_act_score,diagnosis_ca_act_score,diagnosis,"Asthma Control Test (ACT) result at the most recent visit, recorded as a category: Controlled (>20), Not controlled (15-19), Poorly controlled (<15), or Not certain; not a numeric score.",NO,release,VARIABLE,redcap,pre-v4,NO,NO,
copd_and_asthma_schema,copd_and_asthma,diagnosis_ca_asthma,diagnosis_ca_asthma,diagnosis,"Whether the participant has a history of confirmed expiratory airflow variability (Yes/No/Not certain): FEV1 or FVC rise of at least 200 mL and 12% with bronchodilator or after 4 weeks of ICS, or positive bronchial challenge.",NO,release,VARIABLE,redcap,pre-v4,NO,NO,
copd_and_asthma_schema,copd_and_asthma,diagnosis_ca_asthma_has_subtype,diagnosis_ca_asthma_has_subtype,diagnosis,"Indicates whether the participant has a disease subtype of asthma (Yes, No, or Not certain).",NO,release,VARIABLE,redcap,pre-v4,NO,NO,
copd_and_asthma_schema,copd_and_asthma,diagnosis_ca_asthma_probability,diagnosis_ca_asthma_probability,diagnosis,"Indicates whether the clinician assessed the clinical probability of asthma as high, recorded as Yes or No.",NO,release,VARIABLE,redcap,pre-v4,NO,NO,
copd_and_asthma_schema,copd_and_asthma,diagnosis_ca_asthma_subtype,diagnosis_ca_asthma_subtype,diagnosis,Please select all that apply:,NO,release,VARIABLE,redcap,pre-v4,NO,NO,
copd_and_asthma_schema,copd_and_asthma,diagnosis_ca_asthma_subtype_other,diagnosis_ca_asthma_subtype_other,diagnosis,Other asthma subtype,NO,review,VARIABLE,redcap,v4,NO,NO,
copd_and_asthma_schema,copd_and_asthma,diagnosis_ca_ats_ers_criteria_fev1,diagnosis_ca_ats_ers_criteria_fev1,diagnosis,Indicates whether spirometry shows the FEV1/FVC ratio is below the 5th percentile or has a z‑score ≤ −1.65 (Yes/No).,NO,release,VARIABLE,redcap,pre-v4,NO,NO,
copd_and_asthma_schema,copd_and_asthma,diagnosis_ca_ats_ers_criteria_fvc,diagnosis_ca_ats_ers_criteria_fvc,diagnosis,"Whether the participant’s forced vital capacity (FVC) meets the abnormal threshold — i.e., FVC value < 0.7 (as recorded) or FVC z‑score ≤ -1.65 — recorded as Yes/No.",NO,release,VARIABLE,redcap,pre-v4,NO,NO,
copd_and_asthma_schema,copd_and_asthma,diagnosis_ca_cat_score,diagnosis_ca_cat_score,diagnosis,"Total COPD Assessment Test (CAT) score: the 8‑item questionnaire total (0–40 points), with higher scores indicating greater respiratory symptom burden and worse health status.",NO,release,VARIABLE,redcap,pre-v4,NO,NO,
copd_and_asthma_schema,copd_and_asthma,diagnosis_ca_copd,diagnosis_ca_copd,diagnosis,"Indicates whether the participant has a disease subtype of COPD (Yes, No, or Not certain).",NO,release,VARIABLE,redcap,pre-v4,NO,NO,
copd_and_asthma_schema,copd_and_asthma,diagnosis_ca_copd_asthma,diagnosis_ca_copd_asthma_gold_standard_diagnosis,diagnosis,"Clinician-confirmed gold-standard diagnosis of COPD, asthma, or both.",NO,release,VARIABLE,redcap,pre-v4,NO,NO,
copd_and_asthma_schema,copd_and_asthma,diagnosis_ca_copd_subtype,diagnosis_ca_copd_subtype,diagnosis,Please select all that apply:,NO,release,VARIABLE,redcap,pre-v4,NO,NO,
copd_and_asthma_schema,copd_and_asthma,diagnosis_ca_current_smoker,diagnosis_ca_current_smoker,diagnosis,"Indicates whether the participant currently smokes tobacco (e.g., cigarettes), recorded as Yes or No.",NO,release,VARIABLE,redcap,pre-v4,NO,NO,
copd_and_asthma_schema,copd_and_asthma,diagnosis_ca_environmental_allergy_history,diagnosis_ca_environmental_allergy_history,diagnosis,"Whether the participant has a strong environmental allergy history: Yes, No, or Not Certain.",NO,release,VARIABLE,redcap,pre-v4,NO,NO,
copd_and_asthma_schema,copd_and_asthma,diagnosis_ca_feno_value,diagnosis_ca_feno_value,diagnosis,"Fractional exhaled nitric oxide (FeNO), a biomarker of airway inflammation, recorded as a numeric value in parts per billion (ppb).",NO,release,VARIABLE,redcap,pre-v4,NO,NO,
copd_and_asthma_schema,copd_and_asthma,diagnosis_ca_feno_within_12_months,diagnosis_ca_feno_within_12_months,diagnosis,Indicates whether a fractional exhaled nitric oxide (FeNO) value is available from within the last 12 months (Yes or No).,NO,release,VARIABLE,redcap,pre-v4,NO,NO,
copd_and_asthma_schema,copd_and_asthma,diagnosis_ca_fev1,diagnosis_ca_fev1,diagnosis,"Participant's FEV1 (forced expiratory volume in one second) expressed as percent of the predicted value, reported as a percentage (if known).",NO,release,VARIABLE,redcap,pre-v4,NO,NO,
copd_and_asthma_schema,copd_and_asthma,diagnosis_ca_gold_group,diagnosis_ca_gold_group,diagnosis,"Clinical GOLD Group: the COPD classification reflecting symptom burden and exacerbation risk, recorded as A, B, or E (E indicates high exacerbation risk).",NO,release,VARIABLE,redcap,pre-v4,NO,NO,
copd_and_asthma_schema,copd_and_asthma,diagnosis_ca_ics_dosage,diagnosis_ca_ics_dosage,diagnosis,"Dose category of inhaled corticosteroid (ICS) the participant is on: Low, Medium, High, or Not certain.",NO,release,VARIABLE,redcap,pre-v4,NO,NO,
copd_and_asthma_schema,copd_and_asthma,diagnosis_ca_mmrc_grade_score,diagnosis_ca_mmrc_grade_score,diagnosis,"Modified Medical Research Council (mMRC) dyspnea grade (integer 0–4) indicating breathlessness severity, where 0 = only breathless with strenuous exercise and 4 = too breathless to leave the house or breathless when dressing.",NO,release,VARIABLE,redcap,pre-v4,NO,NO,
copd_and_asthma_schema,copd_and_asthma,diagnosis_ca_moderate_exacerbations_count,diagnosis_ca_moderate_exacerbations_count,diagnosis,Count of moderate exacerbations in the past 12 months—defined as episodes requiring a course of oral corticosteroids (OCS)—recorded as an integer number of exacerbations.,NO,release,VARIABLE,redcap,pre-v4,NO,NO,
copd_and_asthma_schema,copd_and_asthma,diagnosis_ca_pft_file,diagnosis_ca_pft_file,diagnosis,Please upload results,NO,drop,VARIABLE,redcap,v4,NO,NO,
copd_and_asthma_schema,copd_and_asthma,diagnosis_ca_pft_lung,diagnosis_ca_pft_lung,diagnosis,Indicates whether the participant underwent a full pulmonary function test (PFT) that included lung volume measurements (Yes/No).,NO,release,VARIABLE,redcap,pre-v4,NO,NO,
copd_and_asthma_schema,copd_and_asthma,diagnosis_ca_pft_within_6_months,diagnosis_ca_pft_within_6_months,diagnosis,Indicates whether the participant has undergone a pulmonary function test (PFT) within the past 6 months (Yes/No).,NO,release,VARIABLE,redcap,pre-v4,NO,NO,
copd_and_asthma_schema,copd_and_asthma,diagnosis_ca_pharmacologic_treatment,diagnosis_ca_pharmacologic_treatment,diagnosis,What pharmacologic treatment is the participant currently receiving? (Select all that apply),NO,release,VARIABLE,redcap,pre-v4,NO,NO,
copd_and_asthma_schema,copd_and_asthma,diagnosis_ca_pulmonary_symptoms,diagnosis_ca_pulmonary_symptoms,diagnosis,Does the participant have any of the following pulmonary symptoms? (Check all that apply),NO,release,VARIABLE,redcap,pre-v4,NO,NO,
copd_and_asthma_schema,copd_and_asthma,diagnosis_ca_responsiveness_criteria,diagnosis_ca_responsiveness_criteria,diagnosis,"Indicates whether the participant met bronchodilator responsiveness criteria, defined as an increase in FEV1 or FVC of at least 200 mL and at least 12% from baseline after bronchodilator administration, recorded as Yes or No.",NO,release,VARIABLE,redcap,pre-v4,NO,NO,
copd_and_asthma_schema,copd_and_asthma,diagnosis_ca_restrictive,diagnosis_ca_restrictive,diagnosis,"Whether there is evidence of a restrictive ventilatory defect, total lung capacity below the 5th percentile or z-score at or below -1.65 (Yes/No).",NO,release,VARIABLE,redcap,pre-v4,NO,NO,
copd_and_asthma_schema,copd_and_asthma,diagnosis_ca_severe_exacerbations_count,diagnosis_ca_severe_exacerbations_count,diagnosis,Count of severe exacerbations requiring hospitalization in the past 12 months (integer count; 0 = none).,NO,release,VARIABLE,redcap,pre-v4,NO,NO,
copd_and_asthma_schema,copd_and_asthma,diagnosis_ca_significant_inhalation_exposure_history,diagnosis_ca_significant_inhalation_exposure_history,diagnosis,"Indicates whether the participant has any other significant inhalation exposures (e.g., occupational or environmental), recorded as Yes, No, or Not Certain.",NO,release,VARIABLE,redcap,pre-v4,NO,NO,
copd_and_asthma_schema,copd_and_asthma,diagnosis_ca_significant_inhalation_exposure_history_explanation,diagnosis_ca_significant_inhalation_exposure_history_explanation,diagnosis,Please select all that apply (optional):,NO,release,VARIABLE,redcap,pre-v4,NO,NO,
copd_and_asthma_schema,copd_and_asthma,diagnosis_ca_significant_inhalation_exposure_history_explanation_other,diagnosis_ca_significant_inhalation_exposure_history_explanation_other,diagnosis,Other significant inhalation exposure history,NO,review,VARIABLE,redcap,v4,NO,NO,
copd_and_asthma_schema,copd_and_asthma,diagnosis_ca_spirometry_ce,diagnosis_ca_spirometry_ce,diagnosis,"Whether spirometry showed clinical evidence of airway obstruction, recorded as Yes or No.",NO,release,VARIABLE,redcap,pre-v4,NO,NO,
copd_and_asthma_schema,copd_and_asthma,diagnosis_ca_spirometry_test,diagnosis_ca_spirometry_test,diagnosis,Whether the participant has ever undergone a spirometry test (response: Yes/No).,NO,release,VARIABLE,redcap,pre-v4,NO,NO,
copd_and_asthma_schema,copd_and_asthma,diagnosis_ca_spirometry_verification,diagnosis_ca_spirometry_verification,diagnosis,Which standard verified the spirometry: ATS/ERS criteria (FEV1/FVC below 5th percentile or z-score at or below -1.65) or GOLD criteria (FEV1/FVC below 0.7); ATS/ERS is chosen if both are available.,NO,release,VARIABLE,redcap,pre-v4,NO,NO,
copd_and_asthma_schema,copd_and_asthma,part_asthmaeosinop_hil,part_asthmaeosinop_hil,diagnosis,"[DEPRECATED] Highest absolute eosinophil count in the last 12 months, in cells per microliter (µL).",YES,release,VARIABLE,redcap,pre-v4,NO,NO,
copd_and_asthma_schema,copd_and_asthma,part_copd,part_copd,diagnosis,Check all that are present:,NO,release,VARIABLE,redcap,pre-v4,NO,NO,
custom_affect_scale_schema,custom_affect_scale,agitated,agitated,questionnaire,"Participant's general self-rating of feeling agitated (restless, fidgety, pacing, cannot sit still) on a 0-10 scale from 0 (not at all) to 10 (extremely).",NO,release,VARIABLE,redcap,pre-v4,NO,NO,
custom_affect_scale_schema,custom_affect_scale,concentrated,concentrated,questionnaire,Participant's general self-rating of feeling concentrated (not distracted or inattentive) on a 0-10 scale from not at all to extremely.,NO,release,VARIABLE,redcap,pre-v4,NO,NO,
custom_affect_scale_schema,custom_affect_scale,custom_affect_scale_completed_at,custom_affect_scale_completed_at,questionnaire,Questionnaire Completed At,YES,internal,VARIABLE,redcap,v4,NO,YES,
custom_affect_scale_schema,custom_affect_scale,custom_affect_scale_duration,custom_affect_scale_duration,questionnaire,"Total time, in seconds, that the participant took to complete the questionnaire.",NO,release,VARIABLE,redcap,pre-v4,NO,NO,
custom_affect_scale_schema,custom_affect_scale,custom_affect_scale_language,custom_affect_scale_language,questionnaire,Custom Affect Scale - Language,NO,drop,VARIABLE,redcap,v4,NO,NO,
custom_affect_scale_schema,custom_affect_scale,custom_affect_scale_origin,custom_affect_scale_origin,questionnaire,Custom Affect Scale - origin,NO,internal,VARIABLE,redcap,v4,NO,NO,
custom_affect_scale_schema,custom_affect_scale,custom_affect_scale_session_id,custom_affect_scale_session_id,questionnaire,"Ordinal index of the session within the participant, numbered in session order (e.g., 01, 02). An ordinal missing from a participant's released records denotes a session with no released data.",NO,release,VARIABLE,redcap,pre-v4,NO,NO,
custom_affect_scale_schema,custom_affect_scale,custom_affect_scale_started_at,custom_affect_scale_started_at,questionnaire,Questionnaire Started At,YES,internal,VARIABLE,redcap,v4,NO,YES,
custom_affect_scale_schema,custom_affect_scale,custom_affect_scale_via,custom_affect_scale_via,questionnaire,Custom Affect Scale - via,NO,internal,VARIABLE,redcap,v4,NO,NO,
custom_affect_scale_schema,custom_affect_scale,desire_to_escape,desire_to_escape,questionnaire,"Extent to which the participant generally feels a desire to escape their thoughts and/or feelings, rated 0 (not at all) to 10 (extremely).",NO,release,VARIABLE,redcap,pre-v4,NO,NO,
custom_affect_scale_schema,custom_affect_scale,energetic,energetic,questionnaire,"Self-rated extent to which the participant generally feels energetic, from 0 (not at all) to 10 (extremely).",NO,release,VARIABLE,redcap,pre-v4,NO,NO,
custom_affect_scale_schema,custom_affect_scale,irritated,irritated,questionnaire,"Self-rated level of irritation or anger towards something or someone that the participant generally feels, on a 0-10 scale from 0 (not at all) to 10 (extremely).",NO,release,VARIABLE,redcap,pre-v4,NO,NO,
custom_affect_scale_schema,custom_affect_scale,joyful,joyful,questionnaire,"Self-reported extent to which the participant generally feels joyful, thinking about how they normally feel, on a 0 (not at all) to 10 (extremely) scale.",NO,release,VARIABLE,redcap,pre-v4,NO,NO,
custom_affect_scale_schema,custom_affect_scale,lack_of_pleasure,lack_of_pleasure,questionnaire,"Self-rated extent to which the participant generally has a lack of pleasure in things they tend to enjoy, from 0 (not at all) to 10 (extremely).",NO,release,VARIABLE,redcap,pre-v4,NO,NO,
custom_affect_scale_schema,custom_affect_scale,lonely,lonely,questionnaire,"Extent to which the participant generally feels lonely or isolated, rated from 0 (not at all) to 10 (extremely).",NO,release,VARIABLE,redcap,pre-v4,NO,NO,
custom_affect_scale_schema,custom_affect_scale,motivated,motivated,questionnaire,"Self-reported extent to which the participant generally feels motivated or interested, on a 0 (not at all) to 10 (extremely) scale.",NO,release,VARIABLE,redcap,pre-v4,NO,NO,
custom_affect_scale_schema,custom_affect_scale,relaxed,relaxed,questionnaire,"Self-reported extent to which the participant generally feels relaxed or calm, on a 0 (not at all) to 10 (extremely) scale.",NO,release,VARIABLE,redcap,pre-v4,NO,NO,
custom_affect_scale_schema,custom_affect_scale,sad_or_down,sad_or_down,questionnaire,"Extent to which the participant generally feels sad or down, rated from 0 (not at all) to 10 (extremely).",NO,release,VARIABLE,redcap,pre-v4,NO,NO,
custom_affect_scale_schema,custom_affect_scale,tired,tired,questionnaire,"Self-rated level of tiredness or fatigue the participant generally feels, on a 0-10 scale from 0 (not at all) to 10 (extremely).",NO,release,VARIABLE,redcap,pre-v4,NO,NO,
custom_affect_scale_schema,custom_affect_scale,worried,worried,questionnaire,Participant's general self-rating of feeling worried or anxious on a 0-10 scale from not at all to extremely.,NO,release,VARIABLE,redcap,pre-v4,NO,NO,
d_control_schema,control,diagnosis_c_ac,clinical_global_impression_voice_affecting_condition,diagnosis,"Assessor's judgment, from the assessment and hearing the participant's voice, of whether the participant has a condition affecting speech or voice (Yes/No/Not certain).",NO,release,VARIABLE,redcap,pre-v4,NO,NO,
d_control_schema,control,diagnosis_c_ac_specified,clinical_global_impression_voice_affecting_condition_specified,diagnosis,Free-text specification of the condition affecting the participant's speech or voice.,NO,review,VARIABLE,redcap,v4,NO,NO,
data_dissemination_schema,,exclude_participant,exclude_participant,,Exclude Participant and their data from Bridge2AI Data Dissemination?,YES,drop,VARIABLE,redcap,v4,NO,NO,
data_dissemination_schema,,exclude_reason,exclude_reason,,Check all that apply,YES,drop,VARIABLE,redcap,pre-v4,NO,NO,
data_dissemination_schema,data_dissemination,exclude_reason_other,exclude_reason_other,enrollment,Other exclusion reason,YES,internal,VARIABLE,redcap,v4,NO,NO,
data_dissemination_schema,,exclusion_date,exclusion_date,,Date Data Exclusion was requested,YES,drop,VARIABLE,redcap,v4,NO,NO,
data_dissemination_schema,,inclusion_date,inclusion_date,,Date Data Inclusion was requested,YES,drop,VARIABLE,redcap,v4,NO,NO,
demographics_schema,demographics,asian_race,asian_race,demographics,Asian,NO,internal,VARIABLE,redcap,pre-v4,NO,NO,
demographics_schema,demographics,assistance_programs_ca,assistance_programs_ca,demographics,"[DEPRECATED]
Do you take advantage of any of the following programs? Choose all that apply",YES,internal,VARIABLE,redcap,pre-v4,NO,NO,
demographics_schema,demographics,assistance_programs_usa,assistance_programs_usa,demographics,"[DEPRECATED]
Do you take advantage of any of the following programs? Choose all that apply",YES,internal,VARIABLE,redcap,pre-v4,NO,NO,
demographics_schema,demographics,black_race,black_race,demographics,Black or African American,NO,internal,VARIABLE,redcap,pre-v4,NO,NO,
demographics_schema,demographics,canadian_race,canadian_race,demographics,Canadian Indigenous or Aboriginal,NO,internal,VARIABLE,redcap,pre-v4,NO,NO,
demographics_schema,demographics,children,children,demographics,"Indicates the participant reported that one or more children live with them, from the 'Who lives with you?' household-composition question.",NO,release,VARIABLE,redcap,pre-v4,NO,NO,
demographics_schema,demographics,citizen,citizen,demographics,"[DEPRECATED]
Citizen",YES,internal,VARIABLE,redcap,v4,NO,NO,
demographics_schema,demographics,city,city,demographics,"[DEPRECATED]
City",YES,internal,VARIABLE,redcap,v4,NO,NO,
demographics_schema,demographics,cognition,cognition,demographics,"Whether the participant reports serious difficulty concentrating, remembering, or making decisions because of a physical, mental, or emotional condition (Yes/No).",NO,release,VARIABLE,redcap,pre-v4,NO,NO,
demographics_schema,demographics,colorblind,colorblind,demographics,"Indicates whether the participant reports being colorblind (Yes, No, or Not certain).",NO,release,VARIABLE,redcap,pre-v4,NO,NO,
demographics_schema,demographics,country,country,demographics,"Participant's country of residence, selected from USA or Canada.",NO,release,VARIABLE,redcap,pre-v4,NO,NO,
demographics_schema,demographics,demographics_completed_at,demographics_completed_at,demographics,Questionnaire Completed At,YES,internal,VARIABLE,redcap,v4,NO,YES,
demographics_schema,demographics,demographics_completed_by,demographics_completed_by,demographics,"[DEPRECATED]
Who is completing this survey?",YES,internal,VARIABLE,redcap,pre-v4,NO,NO,
demographics_schema,demographics,demographics_duration,demographics_duration,demographics,"Total elapsed time, in seconds, from when the participant began the questionnaire to when they completed it.",NO,release,VARIABLE,redcap,pre-v4,NO,NO,
demographics_schema,demographics,demographics_language,demographics_language,demographics,Demographics - Language,NO,drop,VARIABLE,redcap,v4,NO,NO,
demographics_schema,demographics,demographics_origin,demographics_origin,demographics,Demographics - origin,NO,internal,VARIABLE,redcap,v4,NO,NO,
demographics_schema,demographics,demographics_session_id,demographics_session_id,demographics,"Ordinal index of the session within the participant, numbered in session order (e.g., 01, 02). An ordinal missing from a participant's released records denotes a session with no released data.",NO,release,VARIABLE,redcap,pre-v4,NO,NO,
demographics_schema,demographics,demographics_started_at,demographics_started_at,demographics,Questionnaire Started At,YES,internal,VARIABLE,redcap,v4,NO,YES,
demographics_schema,demographics,demographics_via,demographics_via,demographics,Demographics - via,NO,internal,VARIABLE,redcap,v4,NO,NO,
demographics_schema,demographics,edu_level,edu_level,demographics,"Highest level of education the participant has completed, chosen from ordered coded levels ranging from no formal education through doctoral or post-graduate education, plus an Other category.",NO,release,VARIABLE,redcap,pre-v4,NO,NO,
demographics_schema,demographics,employ_status,employ_status,demographics,What is your employment status? Choose all that apply,NO,release,VARIABLE,redcap,pre-v4,NO,NO,
demographics_schema,demographics,ethnicity,ethnicity,demographics,"Participant-reported Hispanic or Latino ethnicity: Hispanic or Latino, Not Hispanic or Latino.",NO,release,VARIABLE,redcap,pre-v4,NO,NO,
demographics_schema,demographics,financial_assistance_ca,financial_assistance_ca,demographics,"Do you receive a significant portion (>20%) of your income through the following federally-funded income assistance program(s): Veteran Disability Pension, Employment Insurance Sickness Benefits, or Canada Pension Plan Disability Benefits",NO,internal,VARIABLE,redcap,v4,NO,NO,
demographics_schema,demographics,financial_assistance_usa,financial_assistance_usa,demographics,"Do you receive a significant portion (>20%) of your income through any of the following federally-funded income assistance programs: SNAP, WIC, or Social Security?",NO,internal,VARIABLE,redcap,v4,NO,NO,
demographics_schema,demographics,gender_identity,gender_identity,demographics,What is your gender identity?,NO,internal,VARIABLE,redcap,pre-v4,NO,NO,
demographics_schema,demographics,grandparent,grandparent,demographics,"Indicates whether one or more grandparents live with the participant, from the household members list (Yes or No).",NO,release,VARIABLE,redcap,pre-v4,NO,NO,
demographics_schema,demographics,hearing,hearing,demographics,Indicates whether the participant is deaf or has serious difficulty hearing (response: Yes or No).,NO,release,VARIABLE,redcap,pre-v4,NO,NO,
demographics_schema,demographics,hispanic_latino_selection,hispanic_latino_selection,demographics,"Check all that apply

NOTE: Once the options completed map to new options, the following options [Deprecated in Protocol v4]
2, Mexican
5, Latin American
6, Puerto Rican
7, Cuban
8, Dominican",YES,internal,VARIABLE,redcap,pre-v4,NO,NO,
demographics_schema,demographics,household_count,household_count,demographics,"Number of other people who live with the participant, not counting the participant, reported as an integer count.",NO,release,VARIABLE,redcap,pre-v4,NO,NO,
demographics_schema,demographics,household_income_ca,household_income_ca,demographics,"Total household income last year in Canadian dollars, including all sources (pensions, dividends, alimony, child support, etc.), in the band the participant reports.",NO,release,VARIABLE,redcap,v4,NO,NO,
demographics_schema,demographics,household_income_usa,household_income_usa,demographics,"Participant-reported total household income for the previous year in US dollars, chosen from coded brackets (under $15,000 up to over $250,000), including all income sources.",NO,release,VARIABLE,redcap,pre-v4,NO,NO,
demographics_schema,demographics,housing_status,housing_status,demographics,"Participant's current housing situation: assisted living, own home, rent home, skilled nursing facility, temporarily or permanently unhoused, long-term care facility, retirement community, or living with family.",NO,release,VARIABLE,redcap,pre-v4,NO,NO,
demographics_schema,demographics,independent_living,independent_living,demographics,"Indicates whether the participant has difficulty doing errands alone (e.g., visiting a doctor’s office or shopping) because of a physical, mental, or emotional condition; recorded as Yes/No.",NO,release,VARIABLE,redcap,pre-v4,NO,NO,
demographics_schema,demographics,live_by_yourself,live_by_yourself,demographics,Indicates whether the participant lives alone (response options: Yes or No).,NO,release,VARIABLE,redcap,pre-v4,NO,NO,
demographics_schema,demographics,marital_status,marital_status,demographics,What is your marital status? Choose all that apply,NO,internal,VARIABLE,redcap,pre-v4,NO,NO,
demographics_schema,demographics,mobility,mobility,demographics,Indicates whether the participant self-reports serious difficulty walking or climbing stairs (response: Yes or No).,NO,release,VARIABLE,redcap,pre-v4,NO,NO,
demographics_schema,demographics,native_american_race,native_american_race,demographics,American Indian or Alaska Native,NO,internal,VARIABLE,redcap,pre-v4,NO,NO,
demographics_schema,demographics,occupation,occupation,demographics,What do you consider to be or have been your primary occupation?,NO,internal,VARIABLE,redcap,v4,NO,NO,
demographics_schema,demographics,other_edu_level,other_edu_level,demographics,"If you selected ""other"" level of education, please specify:",NO,review,VARIABLE,redcap,v4,NO,NO,
demographics_schema,demographics,other_employ_specify,other_employ_specify,demographics,"If you selected ""other"" employment status, please specify.",NO,review,VARIABLE,redcap,v4,NO,NO,
demographics_schema,demographics,other_gender_identity,other_gender_identity,demographics,"If you selected ""other"" for gender identity, please specify:",NO,internal,VARIABLE,redcap,v4,NO,NO,
demographics_schema,demographics,other_live_with,other_live_with,demographics,Indicates whether someone else not covered by the listed household members lives with the participant (Yes or No).,NO,release,VARIABLE,redcap,pre-v4,NO,NO,
demographics_schema,demographics,other_race_specify,other_race_specify,demographics,"If race not listed above, please specify:",NO,review,VARIABLE,redcap,v4,NO,NO,
demographics_schema,demographics,other_sex_orientation,other_sex_orientation,demographics,"If you selected ""other"" for sexual orientation, please specify:",NO,internal,VARIABLE,redcap,v4,NO,NO,
demographics_schema,demographics,other_transportation,other_transportation,demographics,"If you selected ""other"" transportation, please specify.",NO,review,VARIABLE,redcap,v4,NO,NO,
demographics_schema,demographics,others_household_specify,others_household_specify,demographics,"If ""others"" live in your household, please specify:",NO,review,VARIABLE,redcap,v4,NO,NO,
demographics_schema,demographics,pacific_islander_race,pacific_islander_race,demographics,Native Hawaiian or other Pacific Islander,NO,internal,VARIABLE,redcap,pre-v4,NO,NO,
demographics_schema,demographics,parent,parent,demographics,"Indicates whether one or more parents live with the participant, from the household members list (Yes or No).",NO,release,VARIABLE,redcap,pre-v4,NO,NO,
demographics_schema,demographics,primary_transportation,primary_transportation,demographics,"Participant's usual primary mode of transportation: personal vehicle, shared vehicle, public transportation, riding with someone else, ride service, bicycle or motorbike, walking, or other.",NO,release,VARIABLE,redcap,pre-v4,NO,NO,
demographics_schema,demographics,race,race,demographics,Which race category best describes you? Choose all that apply,NO,release,VARIABLE,redcap,pre-v4,NO,NO,
demographics_schema,demographics,roommate,roommate,demographics,"Whether the participant currently lives with one or more roommates, recorded as Yes or No.",NO,release,VARIABLE,redcap,pre-v4,NO,NO,
demographics_schema,demographics,self_care,self_care,demographics,Indicates whether the participant has difficulty with self-care activities such as dressing or bathing (response: Yes/No).,NO,release,VARIABLE,redcap,pre-v4,NO,NO,
demographics_schema,demographics,sex_assigned_at_birth,sex_assigned_at_birth,demographics,What was your sex assigned at birth?,NO,internal,VARIABLE,redcap,pre-v4,NO,NO,
demographics_schema,demographics,sex_at_birth,sex_at_birth,demographics,"Sex assigned at birth, from the participant's own answers.",NO,release,VARIABLE,pipeline,pre-v4,NO,NO,
demographics_schema,demographics,sexual_orientation,sexual_orientation,demographics,What is your sexual orientation?,NO,internal,VARIABLE,redcap,pre-v4,NO,NO,
demographics_schema,demographics,specify_gender_identity,specify_gender_identity,demographics,Please specify gender identity,NO,internal,VARIABLE,redcap,pre-v4,NO,NO,
demographics_schema,demographics,spouse_partner_sig_other,spouse_partner_sig_other,demographics,"Indicates whether a spouse, partner, or significant other lives with the participant, from the household members list (Yes or No).",NO,release,VARIABLE,redcap,pre-v4,NO,NO,
demographics_schema,demographics,state_province,state_province_as_entered,demographics,"[DEPRECATED]
State/Province",YES,internal,VARIABLE,redcap,pre-v4,NO,NO,
demographics_schema,demographics,state_province_standardized,state_province,demographics,[DEPRECATED] Participant's state or province of residence.,NO,release,VARIABLE,pipeline,v4,NO,NO,
demographics_schema,demographics,tone_deaf,tone_deaf,demographics,"Self-report of whether the participant is tone deaf: Yes, No, or Not certain.",NO,release,VARIABLE,redcap,pre-v4,NO,NO,
demographics_schema,demographics,transportation,transportation,demographics,Indicates whether the participant has access to a reliable mode of transportation (response options: Yes/No).,NO,release,VARIABLE,redcap,pre-v4,NO,NO,
demographics_schema,demographics,transportation_yn,transportation_yn,demographics,[DEPRECATED] Whether the participant reports having a reliable mode of transportation.,YES,release,VARIABLE,redcap,pre-v4,NO,NO,
demographics_schema,demographics,veteran,veteran,demographics,Are you a veteran?,NO,internal,VARIABLE,redcap,v4,NO,NO,
demographics_schema,demographics,vision,vision,demographics,Self-reported indicator of being blind or having serious difficulty seeing even when wearing glasses (Yes/No).,NO,release,VARIABLE,redcap,pre-v4,NO,NO,
demographics_schema,demographics,white_race,white_race,demographics,White,NO,internal,VARIABLE,redcap,pre-v4,NO,NO,
demographics_schema,demographics,zipcode,zipcode,demographics,Zipcode,YES,internal,VARIABLE,redcap,v4,NO,NO,
depression_or_major_depressive_disorder_schema,depression,diagnosis_bipolar_active_problems_depression,diagnosis_bipolar_active_problems_depression,diagnosis,"[DEPRECATED]
Enter list of active problems",YES,review,VARIABLE,redcap,v4,NO,NO,
depression_or_major_depressive_disorder_schema,depression,diagnosis_bipolar_current_med_therapies_depression,diagnosis_bipolar_current_med_therapies_depression,diagnosis,"[DEPRECATED]
List any current medications/therapies",YES,review,VARIABLE,redcap,v4,NO,NO,
depression_or_major_depressive_disorder_schema,depression,diagnosis_bipolar_etiology_depression,diagnosis_bipolar_etiology_depression,diagnosis,"[DEPRECATED]
Describe life events that may relate to the diagnosis",YES,review,VARIABLE,redcap,pre-v4,NO,NO,
depression_or_major_depressive_disorder_schema,depression,diagnosis_bipolar_former_med_therapies_depression,diagnosis_bipolar_former_med_therapies_depression,diagnosis,"[DEPRECATED]
List any former medications/therapies",YES,review,VARIABLE,redcap,v4,NO,NO,
depression_or_major_depressive_disorder_schema,depression,diagnosis_bipolar_history_problems_depression,diagnosis_bipolar_history_problems_depression,diagnosis,"[DEPRECATED]
Enter any history of problems",YES,review,VARIABLE,redcap,v4,NO,NO,
depression_or_major_depressive_disorder_schema,depression,diagnosis_bipolar_psychotic_depression,diagnosis_bipolar_psychotic_depression,diagnosis,[DEPRECATED] Whether the participant's depression presents with or without psychotic symptoms.,YES,release,VARIABLE,redcap,v4,NO,NO,
depression_or_major_depressive_disorder_schema,depression,diagnosis_bipolar_severity_depression,diagnosis_bipolar_severity_depression,diagnosis,"[DEPRECATED] Severity of the participant's depression (mild, moderate, or severe).",YES,release,VARIABLE,redcap,pre-v4,NO,NO,
depression_or_major_depressive_disorder_schema,depression,diagnosis_bipolar_subtype_active_depression,diagnosis_bipolar_subtype_active_depression,diagnosis,[DEPRECATED] Subtype of the participant's depression (active or recurrent).,YES,release,VARIABLE,redcap,pre-v4,NO,NO,
depression_or_major_depressive_disorder_schema,depression,diagnosis_depression_clinical_subcategory,diagnosis_depression_clinical_subcategory,diagnosis,"[DEPRECATED] Subcategory of the participant's clinical depression (major depressive disorder): seasonal affective disorder, prenatal and postpartum depression, or atypical depression.",YES,release,VARIABLE,redcap,pre-v4,NO,NO,
depression_or_major_depressive_disorder_schema,depression,diagnosis_depression_gsd,diagnosis_depression_gold_standard_diagnosis,diagnosis,[DEPRECATED] Clinician's gold-standard diagnosis of the participant's depression (major depressive disorder).,YES,release,VARIABLE,redcap,pre-v4,NO,NO,
depression_or_major_depressive_disorder_schema,depression,diagnosis_depression_gsd_interview,diagnosis_depression_gold_standard_diagnosis_interview,diagnosis,[DEPRECATED] Whether a structured clinical interview was done for the participant's depression diagnosis.,YES,release,VARIABLE,redcap,pre-v4,NO,NO,
depression_or_major_depressive_disorder_schema,depression,diagnosis_depression_gsd_oqu,diagnosis_depression_gold_standard_diagnosis_oqu,diagnosis,[DEPRECATED] Whether an objective questionnaire was used for the participant's depression diagnosis.,YES,release,VARIABLE,redcap,pre-v4,NO,NO,
depression_or_major_depressive_disorder_schema,depression,diagnosis_depression_gsd_oqu_other,diagnosis_depression_gold_standard_diagnosis_oqu_other,diagnosis,"[DEPRECATED]
Please specify",YES,review,VARIABLE,redcap,v4,NO,NO,
depression_or_major_depressive_disorder_schema,depression,diagnosis_depression_gsd_oquw,diagnosis_depression_gold_standard_diagnosis_oquw,diagnosis,[DEPRECATED] Which objective questionnaire was used for the participant's depression diagnosis.,YES,release,VARIABLE,redcap,pre-v4,NO,NO,
depression_or_major_depressive_disorder_schema,depression,dmdd_active_psy_med_prob_other,dmdd_active_psy_med_prob_other,diagnosis,"[DEPRECATED]
Please specify

MOVED IT TO ""Q - Mood - Participant History""",YES,review,VARIABLE,redcap,v4,NO,NO,
depression_or_major_depressive_disorder_schema,depression,dmdd_active_psy_med_problems,dmdd_active_psy_med_problems,diagnosis,"[DEPRECATED]
Please select any active psychiatric problems and medical problems (select all that apply).

MOVED IT TO ""Q - Mood - Participant History""",NO,release,VARIABLE,redcap,pre-v4,NO,NO,
depression_or_major_depressive_disorder_schema,depression,dmdd_current_medication,dmdd_current_medication,diagnosis,"[DEPRECATED]
Please list any current psychiatric medications (to the best of your recollection), including medication names, dosage,
and how many times per day.

MOVED IT TO ""Q - Mood - Participant History""",YES,review,VARIABLE,redcap,v4,NO,NO,
depression_or_major_depressive_disorder_schema,depression,dmdd_describe_psychotherapy,dmdd_describe_psychotherapy,diagnosis,"[DEPRECATED]
Please briefly describe your psychotherapy history (e.g.,
dates, reasons for seeking therapy, etc.).

MOVED IT TO ""Q - Mood - Participant History""",YES,review,VARIABLE,redcap,v4,NO,NO,
depression_or_major_depressive_disorder_schema,depression,dmdd_diagnosed_dd,diagnosis_dmdd_gold_standard_diagnosis,diagnosis,Clinician-confirmed gold-standard diagnosis of a depressive disorder (yes or no).,NO,release,VARIABLE,redcap,pre-v4,NO,NO,
depression_or_major_depressive_disorder_schema,depression,dmdd_diagnosed_dd_selection,diagnosis_dmdd_selection,diagnosis,"Depressive disorder diagnosis selected for the participant, recorded as an ICD-11 category (e.g., recurrent depressive disorder, dysthymic disorder, mixed depressive and anxiety disorder, premenstrual dysphoric disorder, depressive disorders unspecified).",NO,release,VARIABLE,redcap,pre-v4,NO,NO,
depression_or_major_depressive_disorder_schema,depression,dmdd_hist_psy_med_prob_other,dmdd_hist_psy_med_prob_other,diagnosis,"[DEPRECATED]
Please specify

MOVED IT TO ""Q - Mood - Participant History""",YES,review,VARIABLE,redcap,v4,NO,NO,
depression_or_major_depressive_disorder_schema,depression,dmdd_hist_psy_med_problems,dmdd_hist_psy_med_problems,diagnosis,"[DEPRECATED]
Please select any historical psychiatric problems and medical problems (select all that apply).

MOVED IT TO ""Q - Mood - Participant History""",YES,release,VARIABLE,redcap,pre-v4,NO,NO,
depression_or_major_depressive_disorder_schema,depression,dmdd_how_many_depressive_episodes,diagnosis_dmdd_how_many_depressive_episodes,diagnosis,"Approximate number of depressive episodes (feeling down or depressed more days than not over two weeks) the participant has had in their life, recorded as a category: None, More than two, More than five, or Not sure.",NO,release,VARIABLE,redcap,pre-v4,NO,NO,
depression_or_major_depressive_disorder_schema,depression,dmdd_last_depressive_episode,diagnosis_dmdd_last_depressive_episode,diagnosis,"When was your last depressive episode (feeling depressed more days than not over
two weeks)?",YES,internal,VARIABLE,redcap,v4,NO,YES,
depression_or_major_depressive_disorder_schema,depression,dmdd_last_depressive_episode_days_since,dmdd_last_depressive_episode_days_since,diagnosis,"Days from the last depressive episode to the start of the participant's first session (computed from dmdd_last_depressive_episode; the date shift does not change it). Positive when the episode was before the first session, negative when it was after it (reported at a later session). Blank if either date is missing or the date did not pass the date checks.",NO,release,VARIABLE,pipeline,v4,NO,NO,
depression_or_major_depressive_disorder_schema,depression,dmdd_prescribed_medication,dmdd_prescribed_medication,diagnosis,"[DEPRECATED] Whether the participant has ever been prescribed medication for mental or emotional problems (e.g., antidepressants, anxiolytics, antipsychotics, mood stabilizers).",YES,release,VARIABLE,redcap,v4,NO,NO,
depression_or_major_depressive_disorder_schema,depression,dmdd_previous_medication,dmdd_previous_medication,diagnosis,"[DEPRECATED]
Please list any previous psychiatric medications (to the best of your recollection), including medication names,
approximate dates you were taking them, and why they were discontinued.

MOVED IT TO ""Q - Mood - Participant History""",YES,review,VARIABLE,redcap,v4,NO,NO,
depression_or_major_depressive_disorder_schema,depression,dmdd_see_mental_health_professional,dmdd_see_mental_health_professional,diagnosis,"[DEPRECATED] Whether the participant has ever seen a mental health professional for talk therapy (e.g., social workers, psychiatrists).",YES,release,VARIABLE,redcap,pre-v4,NO,NO,
dsm5_adult_schema,dsm5_adult,avoiding_situations,avoiding_situations,questionnaire,"How much, or how often, the participant was bothered during the past two weeks by avoiding situations that make them anxious, rated 0 (None, not at all), 1 (Slight, rare), 2 (Mild, several days), 3 (Moderate, more than half the days), or 4 (Severe, nearly every day).",NO,release,VARIABLE,redcap,pre-v4,NO,NO,
dsm5_adult_schema,dsm5_adult,drinking_more,drinking_more,questionnaire,"How much, or how often, the participant was bothered during the past two weeks by drinking at least 4 drinks of any kind of alcohol in a single day, rated 0 (None, not at all), 1 (Slight, rare), 2 (Mild, several days), 3 (Moderate, more than half the days), or 4 (Severe, nearly every day).",NO,release,VARIABLE,redcap,pre-v4,NO,NO,
dsm5_adult_schema,dsm5_adult,dsm_5_completed_at,dsm_5_completed_at,questionnaire,Questionnaire Completed At,YES,internal,VARIABLE,redcap,v4,NO,YES,
dsm5_adult_schema,dsm5_adult,dsm_5_duration,dsm_5_duration,questionnaire,"Total elapsed time, in seconds, that the participant took to complete the DSM‑5 adult questionnaire.",NO,release,VARIABLE,redcap,pre-v4,NO,NO,
dsm5_adult_schema,dsm5_adult,dsm_5_language,dsm_5_language,questionnaire,DSM-5 - Language,NO,drop,VARIABLE,redcap,v4,NO,NO,
dsm5_adult_schema,dsm5_adult,dsm_5_origin,dsm_5_origin,questionnaire,DSM-5 - origin,NO,internal,VARIABLE,redcap,v4,NO,NO,
dsm5_adult_schema,dsm5_adult,dsm_5_session_id,dsm_5_session_id,questionnaire,"Ordinal index of the session within the participant, numbered in session order (e.g., 01, 02). An ordinal missing from a participant's released records denotes a session with no released data.",NO,release,VARIABLE,redcap,pre-v4,NO,NO,
dsm5_adult_schema,dsm5_adult,dsm_5_started_at,dsm_5_started_at,questionnaire,Questionnaire Started At,YES,internal,VARIABLE,redcap,v4,NO,YES,
dsm5_adult_schema,dsm5_adult,dsm_5_via,dsm_5_via,questionnaire,DSM-5 - via,NO,internal,VARIABLE,redcap,v4,NO,NO,
dsm5_adult_schema,dsm5_adult,feeling_detached,feeling_detached,questionnaire,"How much, or how often, the participant was bothered during the past two weeks by feeling detached or distant from themselves, their body, their physical surroundings, or their memories, rated 0 (None, not at all), 1 (Slight, rare), 2 (Mild, several days), 3 (Moderate, more than half the days), or 4 (Severe, nearly every day).",NO,release,VARIABLE,redcap,pre-v4,NO,NO,
dsm5_adult_schema,dsm5_adult,feeling_down,feeling_down,questionnaire,"How much, or how often, the participant was bothered over the past two weeks by feeling down, depressed, or hopeless, rated 0 (none) to 4 (severe).",NO,release,VARIABLE,redcap,pre-v4,NO,NO,
dsm5_adult_schema,dsm5_adult,feeling_more_irritated,feeling_more_irritated,questionnaire,"How much, or how often, the participant was bothered during the past two weeks by feeling more irritated, grouchy, or angry than usual, rated 0 (None, not at all), 1 (Slight, rare), 2 (Mild, several days), 3 (Moderate, more than half the days), or 4 (Severe, nearly every day).",NO,release,VARIABLE,redcap,pre-v4,NO,NO,
dsm5_adult_schema,dsm5_adult,feeling_nervous,feeling_nervous,questionnaire,"Self-rated degree over the past 2 weeks of feeling nervous, anxious, frightened, worried, or on edge, from 0 (None, not at all) to 4 (Severe, nearly every day).",NO,release,VARIABLE,redcap,pre-v4,NO,NO,
dsm5_adult_schema,dsm5_adult,feeling_panic,feeling_panic,questionnaire,"How much, or how often, the participant was bothered during the past two weeks by feeling panic or being frightened, rated 0 (None, not at all), 1 (Slight, rare), 2 (Mild, several days), 3 (Moderate, more than half the days), or 4 (Severe, nearly every day).",NO,release,VARIABLE,redcap,pre-v4,NO,NO,
dsm5_adult_schema,dsm5_adult,hearing_things,hearing_things,questionnaire,"How much, or how often, the participant was bothered during the past two weeks by hearing things other people could not hear, such as voices when no one was around, rated 0 (None, not at all), 1 (Slight, rare), 2 (Mild, several days), 3 (Moderate, more than half the days), or 4 (Severe, nearly every day).",NO,release,VARIABLE,redcap,pre-v4,NO,NO,
dsm5_adult_schema,dsm5_adult,illness_not_taken_serious,illness_not_taken_serious,questionnaire,"How much, or how often, the participant was bothered during the past two weeks by feeling that their illnesses are not being taken seriously enough, rated 0 (None, not at all), 1 (Slight, rare), 2 (Mild, several days), 3 (Moderate, more than half the days), or 4 (Severe, nearly every day).",NO,release,VARIABLE,redcap,pre-v4,NO,NO,
dsm5_adult_schema,dsm5_adult,isolated,isolated,questionnaire,"How much, or how often, the participant was bothered during the past two weeks by not feeling close to other people or enjoying their relationships with them, rated 0 (None, not at all), 1 (Slight, rare), 2 (Mild, several days), 3 (Moderate, more than half the days), or 4 (Severe, nearly every day).",NO,release,VARIABLE,redcap,pre-v4,NO,NO,
dsm5_adult_schema,dsm5_adult,little_interest,little_interest,questionnaire,"How much (or how often) the participant was bothered over the past two weeks by little interest or pleasure in doing things, rated from 0 (None, not at all) to 4 (Severe, nearly every day).",NO,release,VARIABLE,redcap,pre-v4,NO,NO,
dsm5_adult_schema,dsm5_adult,medication_use,medication_use,questionnaire,"How much (or how often) the participant was bothered over the past two weeks by using medicines (such as painkillers, stimulants, sedatives, marijuana or other drugs) on their own, without a prescription or in greater amounts or longer than prescribed, rated from 0 (None, not at all) to 4 (Severe, nearly every day).",NO,release,VARIABLE,redcap,pre-v4,NO,NO,
dsm5_adult_schema,dsm5_adult,memory_issues,memory_issues,questionnaire,"How much (or how often) the participant was bothered over the past two weeks by problems with memory (for example learning new information) or with location (for example finding the way home), rated from 0 (None, not at all) to 4 (Severe, nearly every day).",NO,release,VARIABLE,redcap,pre-v4,NO,NO,
dsm5_adult_schema,dsm5_adult,no_purpose,no_purpose,questionnaire,"Degree to which the participant was bothered during the past two weeks by not knowing who they really are or what they want out of life, rated 0 (none) to 4 (severe, nearly every day).",NO,release,VARIABLE,redcap,pre-v4,NO,NO,
dsm5_adult_schema,dsm5_adult,q1_happy,q1_happy,questionnaire,Altman Self-Rating Mania item on elevated or cheerful mood over the past week.,NO,release,VARIABLE,redcap,pre-v4,NO,NO,
dsm5_adult_schema,dsm5_adult,q2_self_confident,q2_self_confident,questionnaire,"Altman Self-Rating Mania Scale item 2 (self-confidence) for the past week: the statement chosen, from not more self-confident than usual to extremely self-confident all the time.",NO,release,VARIABLE,redcap,pre-v4,NO,NO,
dsm5_adult_schema,dsm5_adult,q3_sleep,q3_sleep,questionnaire,Altman Self-Rating Mania item on reduced need for sleep over the past week.,NO,release,VARIABLE,redcap,pre-v4,NO,NO,
dsm5_adult_schema,dsm5_adult,q4_talk,q4_talk,questionnaire,Altman Self-Rating Mania item on increased talkativeness over the past week.,NO,release,VARIABLE,redcap,pre-v4,NO,NO,
dsm5_adult_schema,dsm5_adult,q5_active,q5_active,questionnaire,Altman Self-Rating Mania item on increased activity level over the past week.,NO,release,VARIABLE,redcap,pre-v4,NO,NO,
dsm5_adult_schema,dsm5_adult,repeat_acts,repeat_acts,questionnaire,"How much (or how often) the participant was bothered over the past two weeks by feeling driven to perform certain behaviors or mental acts over and over again, rated from 0 (None, not at all) to 4 (Severe, nearly every day).",NO,release,VARIABLE,redcap,pre-v4,NO,NO,
dsm5_adult_schema,dsm5_adult,self_harm,self_harm,questionnaire,"How much (or how often) the participant was bothered over the past two weeks by thoughts of actually hurting themselves, rated from 0 (None, not at all) to 4 (Severe, nearly every day).",NO,release,VARIABLE,redcap,pre-v4,NO,NO,
dsm5_adult_schema,dsm5_adult,sleep_quality,sleep_quality,questionnaire,"Degree to which the participant was bothered during the past two weeks by sleep problems that affected overall sleep quality, rated 0 (none) to 4 (severe, nearly every day).",NO,release,VARIABLE,redcap,pre-v4,NO,NO,
dsm5_adult_schema,dsm5_adult,sleeping_less,sleeping_less,questionnaire,"How much (or how often) the participant was bothered over the past two weeks by sleeping less than usual but still having a lot of energy, rated from 0 (None, not at all) to 4 (Severe, nearly every day).",NO,release,VARIABLE,redcap,pre-v4,NO,NO,
dsm5_adult_schema,dsm5_adult,smoking_more,smoking_more,questionnaire,"How much (or how often) the participant was bothered over the past two weeks by smoking cigarettes, a cigar or pipe, or using snuff or chewing tobacco, rated from 0 (None, not at all) to 4 (Severe, nearly every day).",NO,release,VARIABLE,redcap,pre-v4,NO,NO,
dsm5_adult_schema,dsm5_adult,social_phobia_1,social_phobia_1,questionnaire,"Social phobia item on feeling moments of sudden terror, fear, or fright in social situations over the past seven days.",NO,release,VARIABLE,redcap,pre-v4,NO,NO,
dsm5_adult_schema,dsm5_adult,social_phobia_10,social_phobia_10,questionnaire,"Self-report item on whether the participant needed help to cope with social situations (for example alcohol, medications, or superstitious objects) over the past 7 days.",NO,release,VARIABLE,redcap,pre-v4,NO,NO,
dsm5_adult_schema,dsm5_adult,social_phobia_2,social_phobia_2,questionnaire,"Social phobia item on feeling anxious, worried, or nervous about social situations over the past 7 days.",NO,release,VARIABLE,redcap,pre-v4,NO,NO,
dsm5_adult_schema,dsm5_adult,social_phobia_3,social_phobia_3,questionnaire,"Social phobia item on thoughts of being rejected, humiliated, embarrassed, ridiculed, or offending others, over the past 7 days.",NO,release,VARIABLE,redcap,pre-v4,NO,NO,
dsm5_adult_schema,dsm5_adult,social_phobia_4,social_phobia_4,questionnaire,"Social-phobia item on feeling a racing heart, sweaty, having trouble breathing, faint, or shaky in social situations over the past 7 days.",NO,release,VARIABLE,redcap,pre-v4,NO,NO,
dsm5_adult_schema,dsm5_adult,social_phobia_5,social_phobia_5,questionnaire,"Social phobia item on feeling tense muscles, on edge or restless, or having trouble relaxing in social situations over the past seven days.",NO,release,VARIABLE,redcap,pre-v4,NO,NO,
dsm5_adult_schema,dsm5_adult,social_phobia_6,social_phobia_6,questionnaire,"Self-report item on whether the participant avoided, or did not approach or enter, social situations over the past 7 days.",NO,release,VARIABLE,redcap,pre-v4,NO,NO,
dsm5_adult_schema,dsm5_adult,social_phobia_7,social_phobia_7,questionnaire,"Social phobia item on leaving social situations early or participating only minimally (e.g., saying little, avoiding eye contact) over the past 7 days.",NO,release,VARIABLE,redcap,pre-v4,NO,NO,
dsm5_adult_schema,dsm5_adult,social_phobia_8,social_phobia_8,questionnaire,"Social phobia item on spending a lot of time preparing what to say or how to act in social situations, over the past 7 days.",NO,release,VARIABLE,redcap,pre-v4,NO,NO,
dsm5_adult_schema,dsm5_adult,social_phobia_9,social_phobia_9,questionnaire,Social-phobia item on distracting oneself to avoid thinking about social situations over the past 7 days.,NO,release,VARIABLE,redcap,pre-v4,NO,NO,
dsm5_adult_schema,dsm5_adult,someone_hear_thoughts,someone_hear_thoughts,questionnaire,"How much (or how often) the participant was bothered over the past two weeks by feeling that someone could hear their thoughts, or that they could hear what another person was thinking, rated from 0 (None, not at all) to 4 (Severe, nearly every day).",NO,release,VARIABLE,redcap,pre-v4,NO,NO,
dsm5_adult_schema,dsm5_adult,starting_more_projects,starting_more_projects,questionnaire,"How much (or how often) the participant was bothered over the past two weeks by starting lots more projects than usual or doing more risky things than usual, rated from 0 (None, not at all) to 4 (Severe, nearly every day).",NO,release,VARIABLE,redcap,pre-v4,NO,NO,
dsm5_adult_schema,dsm5_adult,unexplained_aches,unexplained_aches,questionnaire,"How much (or how often) the participant was bothered over the past two weeks by unexplained aches and pains (for example head, back, joints, abdomen, legs), rated from 0 (None, not at all) to 4 (Severe, nearly every day).",NO,release,VARIABLE,redcap,pre-v4,NO,NO,
dsm5_adult_schema,dsm5_adult,unpleasant_thoughts,unpleasant_thoughts,questionnaire,"How much, or how often, the participant was bothered over the past two weeks by unpleasant thoughts, urges, or images that repeatedly enter their mind, rated 0 (none) to 4 (severe).",NO,release,VARIABLE,redcap,pre-v4,NO,NO,
dyspnea_index_di_schema,dyspnea_index,di_air_in,di_air_in,questionnaire,"How often the participant has trouble getting air in: never, almost never, sometimes, almost always, or always (dyspnea index).",NO,release,VARIABLE,redcap,pre-v4,NO,NO,
dyspnea_index_di_schema,dyspnea_index,di_breathing_stresses_me,di_breathing_stresses_me,questionnaire,"Dyspnea index item: how often the participant's breathing problem makes them feel stressed, from never to always (0-4 scale).",NO,release,VARIABLE,redcap,pre-v4,NO,NO,
dyspnea_index_di_schema,dyspnea_index,di_breathing_worse_stress,di_breathing_worse_stress,questionnaire,"Indicates how often the participant reports their breathing worsens during stressful situations, recorded on an ordinal frequency scale (Never, Almost never, Sometimes, Almost always, Always).",NO,release,VARIABLE,redcap,pre-v4,NO,NO,
dyspnea_index_di_schema,dyspnea_index,di_effort_breathe,di_effort_breathe,questionnaire,"How often the participant reports it takes more effort to breathe than it used to, rated Never, Almost never, Sometimes, Almost always, or Always (0-4 Dyspnea Index scale).",NO,release,VARIABLE,redcap,pre-v4,NO,NO,
dyspnea_index_di_schema,dyspnea_index,di_exercise,di_exercise,questionnaire,"How often the participant reports shortness of breath getting worse with exercise or physical activity, rated Never, Almost never, Sometimes, Almost always, or Always (0-4 Dyspnea Index scale).",NO,release,VARIABLE,redcap,pre-v4,NO,NO,
dyspnea_index_di_schema,dyspnea_index,di_restrict_personal_social_life,di_restrict_personal_social_life,questionnaire,"How often the participant's breathing problem causes them to restrict personal and social life: never, almost never, sometimes, almost always, or always.",NO,release,VARIABLE,redcap,pre-v4,NO,NO,
dyspnea_index_di_schema,dyspnea_index,di_sound_breathing_in,di_sound_breathing_in,questionnaire,"Dyspnea index item: how often the participant makes sound or noise when breathing in, from never to always (0-4 scale).",NO,release,VARIABLE,redcap,pre-v4,NO,NO,
dyspnea_index_di_schema,dyspnea_index,di_strain,di_strain,questionnaire,"How often the participant feels they have to strain to breathe, from Never to Always (Dyspnea Index 0-4 frequency scale).",NO,release,VARIABLE,redcap,pre-v4,NO,NO,
dyspnea_index_di_schema,dyspnea_index,di_tightness_throat,di_tightness_throat,questionnaire,"How often the participant reports tightness in the throat when having a breathing problem, rated Never, Almost never, Sometimes, Almost always, or Always (0-4 Dyspnea Index scale).",NO,release,VARIABLE,redcap,pre-v4,NO,NO,
dyspnea_index_di_schema,dyspnea_index,di_weather_changes,di_weather_changes,questionnaire,"How often the participant reports changes in the weather affecting the breathing problem, rated Never, Almost never, Sometimes, Almost always, or Always (0-4 Dyspnea Index scale).",NO,release,VARIABLE,redcap,pre-v4,NO,NO,
dyspnea_index_di_schema,dyspnea_index,dyspnea_index_completed_at,dyspnea_index_completed_at,questionnaire,Questionnaire Completed At,YES,internal,VARIABLE,redcap,v4,NO,YES,
dyspnea_index_di_schema,dyspnea_index,dyspnea_index_duration,dyspnea_index_duration,questionnaire,"Total time, in seconds, taken to complete the dyspnea index questionnaire.",NO,release,VARIABLE,redcap,pre-v4,NO,NO,
dyspnea_index_di_schema,dyspnea_index,dyspnea_index_language,dyspnea_index_language,questionnaire,Dyspnea Index (DI) - Language,NO,drop,VARIABLE,redcap,v4,NO,NO,
dyspnea_index_di_schema,dyspnea_index,dyspnea_index_origin,dyspnea_index_origin,questionnaire,Dyspnea Index (DI) - origin,NO,internal,VARIABLE,redcap,v4,NO,NO,
dyspnea_index_di_schema,dyspnea_index,dyspnea_index_session_id,dyspnea_index_session_id,questionnaire,"Ordinal index of the session within the participant, numbered in session order (e.g., 01, 02). An ordinal missing from a participant's released records denotes a session with no released data.",NO,release,VARIABLE,redcap,pre-v4,NO,NO,
dyspnea_index_di_schema,dyspnea_index,dyspnea_index_started_at,dyspnea_index_started_at,questionnaire,Questionnaire Started At,YES,internal,VARIABLE,redcap,v4,NO,YES,
dyspnea_index_di_schema,dyspnea_index,dyspnea_index_via,dyspnea_index_via,questionnaire,Dyspnea Index (DI) - via,NO,internal,VARIABLE,redcap,v4,NO,NO,
enrollment_form_schema,enrollment,ef_add_adhd,self_reported_add_adhd,enrollment,"Whether the participant selected Attention-Deficit / Hyperactivity Disorder (ADHD) on the enrollment condition checklist, recorded as Checked or Unchecked.",YES,internal,VARIABLE,redcap,v4,NO,NO,
enrollment_form_schema,enrollment,ef_airway_stenosis,self_reported_airway_stenosis,enrollment,"Eligibility-form checkbox marking whether the participant self-reported airway stenosis (e.g. bilateral vocal fold paralysis, laryngeal stenosis); checked if reported, unchecked otherwise.",YES,internal,VARIABLE,redcap,v4,NO,NO,
enrollment_form_schema,enrollment,ef_alcohol_subst_abuse,self_reported_alcohol_subst_abuse,enrollment,Eligibility-form checkbox: the participant self-reported alcohol or substance use disorder (Checked/Unchecked).,YES,release,VARIABLE,redcap,v4,NO,NO,controlled
enrollment_form_schema,enrollment,ef_als,self_reported_als,enrollment,Checkbox indicating the participant self-reported a diagnosis of amyotrophic lateral sclerosis (ALS) on the eligibility form (Checked or Unchecked).,YES,internal,VARIABLE,redcap,v4,NO,NO,
enrollment_form_schema,enrollment,ef_alz_dementia_mci,self_reported_alz_dementia_mci,enrollment,"Whether the participant checked Alzheimer's disease, another dementia, or mild cognitive impairment among the conditions self-reported during enrollment eligibility screening (Checked or Unchecked).",YES,internal,VARIABLE,redcap,v4,NO,NO,
enrollment_form_schema,enrollment_form,ef_any_cognitive_challeges,ef_any_cognitive_challeges,enrollment,"Whether the participant reports any cognitive challenges (e.g., difficulty reading or following directions) that need assistance (Yes or No).",NO,release,VARIABLE,redcap,pre-v4,NO,NO,
enrollment_form_schema,enrollment_form,ef_any_hearing_related_req,ef_any_hearing_related_req,enrollment,Whether the participant reports any hearing-related requirements that need assistance when presented with sound files (Yes or No).,NO,release,VARIABLE,redcap,pre-v4,NO,NO,
enrollment_form_schema,enrollment_form,ef_any_physical_challenges,ef_any_physical_challenges,enrollment,Whether the participant reports any physical challenges that need accommodation for navigating the touchscreen (Yes or No).,NO,release,VARIABLE,redcap,pre-v4,NO,NO,
enrollment_form_schema,enrollment_form,ef_any_vision_related_req,ef_any_vision_related_req,enrollment,Whether the participant reports any vision-related requirements that need assistance for reading the application text (Yes or No).,NO,release,VARIABLE,redcap,pre-v4,NO,NO,
enrollment_form_schema,enrollment,ef_asd,self_reported_asd,enrollment,"Whether the participant selected Autism Spectrum Disorder (ASD) on the enrollment condition checklist, recorded as Checked or Unchecked.",YES,internal,VARIABLE,redcap,v4,NO,NO,
enrollment_form_schema,enrollment,ef_asthma,self_reported_asthma,enrollment,"Eligibility-form checkbox marking whether the participant self-reported asthma; checked if reported, unchecked otherwise.",YES,internal,VARIABLE,redcap,v4,NO,NO,
enrollment_form_schema,enrollment,ef_autism,self_reported_autism,enrollment,Autism spectrum disorder (ASD) as self-reported by the participant on the eligibility screening.,YES,internal,VARIABLE,redcap,v4,NO,NO,
enrollment_form_schema,enrollment,ef_benign_cord_lesion,self_reported_benign_cord_lesion,enrollment,"Enrollment checkbox: the participant self-reported a benign vocal cord lesion (nodule, polyp, or cyst) (Checked/Unchecked).",YES,internal,VARIABLE,redcap,v4,NO,NO,
enrollment_form_schema,enrollment,ef_bipolar,self_reported_bipolar,enrollment,Checkbox indicating the participant self-reported a diagnosis of bipolar disorder on the eligibility form (Checked or Unchecked).,YES,internal,VARIABLE,redcap,v4,NO,NO,
enrollment_form_schema,enrollment,ef_bpd,self_reported_bpd,enrollment,Whether the participant checked borderline personality disorder among the conditions self-reported during enrollment eligibility screening (Checked or Unchecked).,YES,internal,VARIABLE,redcap,v4,NO,NO,
enrollment_form_schema,enrollment,ef_chronic_cough,self_reported_chronic_cough,enrollment,"Whether the participant selected chronic cough on the enrollment condition checklist, recorded as Checked or Unchecked.",YES,internal,VARIABLE,redcap,v4,NO,NO,
enrollment_form_schema,enrollment_form,ef_cognitive_a11y_options,ef_cognitive_a11y_options,enrollment,"Yes, I would like to use some of the accessibility features of the app",NO,internal,VARIABLE,redcap,pre-v4,NO,NO,
enrollment_form_schema,enrollment_form,ef_completed_at,ef_completed_at,enrollment,Enrollment Form Completed At,YES,internal,VARIABLE,redcap,v4,NO,YES,
enrollment_form_schema,enrollment_form,ef_completed_by,ef_completed_by,enrollment,Check all that apply,NO,internal,VARIABLE,redcap,pre-v4,NO,NO,
enrollment_form_schema,enrollment_form,ef_cond_prompt,ef_cond_prompt,enrollment,(Check all that apply if you currently have the condition),YES,drop,VARIABLE,redcap,pre-v4,NO,NO,
enrollment_form_schema,enrollment,ef_contact_info_stored,ef_contact_info_stored,enrollment,[DEPRECATED] I want my contact information to be kept in a repository for this study which can be used to contact me to ask me to enroll in further studies or return important results. My information will not be shared with third parties.,YES,drop,VARIABLE,redcap,pre-v4,NO,NO,
enrollment_form_schema,enrollment,ef_copd,self_reported_copd,enrollment,"Eligibility-form checkbox marking whether the participant self-reported chronic obstructive pulmonary disease (COPD); checked if reported, unchecked otherwise.",YES,internal,VARIABLE,redcap,v4,NO,NO,
enrollment_form_schema,enrollment,ef_depression,self_reported_depression,enrollment,Enrollment checkbox: the participant self-reported depression or major depressive disorder (Checked/Unchecked).,YES,internal,VARIABLE,redcap,v4,NO,NO,
enrollment_form_schema,enrollment_form,ef_dob,ef_dob,enrollment,What is your date of birth?,YES,drop,VARIABLE,redcap,pre-v4,NO,NO,
enrollment_form_schema,enrollment_form,ef_duration,ef_duration,enrollment,"Time taken to complete the Enrollment Form, in seconds.",NO,release,VARIABLE,redcap,v4,NO,NO,
enrollment_form_schema,enrollment,ef_ed,self_reported_ed,enrollment,Checkbox indicating the participant self-reported a diagnosis of an eating disorder on the eligibility form (Checked or Unchecked).,YES,internal,VARIABLE,redcap,v4,NO,NO,
enrollment_form_schema,enrollment_form,ef_eligible_studies,ef_eligible_studies,enrollment,Eligible Studies,NO,internal,VARIABLE,redcap,pre-v4,NO,NO,
enrollment_form_schema,enrollment_form,ef_email,ef_email,enrollment,Email,NO,drop,VARIABLE,redcap,pre-v4,NO,NO,
enrollment_form_schema,enrollment_form,ef_enrollment,ef_enrollment,enrollment,"Please review your answers reading all the way through the bottom and select an option. If you have any questions, you can still proceed with enrollment and ask or make changes at a later time.",NO,internal,VARIABLE,redcap,v4,NO,NO,
enrollment_form_schema,enrollment_form,ef_enrollment_institution,ef_enrollment_institution,enrollment,Enrollment Institution,NO,internal,VARIABLE,redcap,v4,NO,NO,
enrollment_form_schema,enrollment_form,ef_enrollment_origin,ef_enrollment_origin,enrollment,Enrollment Origin,NO,internal,VARIABLE,redcap,v4,NO,NO,
enrollment_form_schema,enrollment_form,ef_enrollment_via,ef_enrollment_via,enrollment,Enrollment via,NO,internal,VARIABLE,redcap,v4,NO,NO,
enrollment_form_schema,enrollment_form,ef_first_name,ef_first_name,enrollment,First Name,NO,drop,VARIABLE,redcap,pre-v4,NO,NO,
enrollment_form_schema,enrollment_form,ef_fluent_language_other,ef_fluent_language_other,enrollment,"If you speak any other languages fluently, please specify:",NO,internal,VARIABLE,redcap,v4,NO,NO,
enrollment_form_schema,enrollment_form,ef_fluent_languages,ef_fluent_languages,enrollment,Do you speak any additional language(s) fluently (similar to a native speaker)?,NO,release,VARIABLE,redcap,pre-v4,NO,NO,
enrollment_form_schema,enrollment,ef_gad,self_reported_gad,enrollment,Whether the participant checked an anxiety disorder among the conditions self-reported during enrollment eligibility screening (Checked or Unchecked).,YES,internal,VARIABLE,redcap,v4,NO,NO,
enrollment_form_schema,enrollment,ef_glottic_insufficiency,self_reported_glottic_insufficiency,enrollment,"Whether the participant selected glottic insufficiency / presbyphonia on the enrollment condition checklist, recorded as Checked or Unchecked.",YES,internal,VARIABLE,redcap,v4,NO,NO,
enrollment_form_schema,enrollment_form,ef_hearing_a11y_options,ef_hearing_a11y_options,enrollment,"Yes, I would like to use some of the accessibility features of the app",NO,internal,VARIABLE,redcap,pre-v4,NO,NO,
enrollment_form_schema,enrollment,ef_huntingtons,self_reported_huntingtons,enrollment,"Eligibility-form checkbox marking whether the participant self-reported Huntington's disease; checked if reported, unchecked otherwise.",YES,internal,VARIABLE,redcap,v4,NO,NO,
enrollment_form_schema,enrollment,ef_insomnia,self_reported_insomnia,enrollment,Enrollment checkbox: the participant self-reported insomnia or a sleep disorder (Checked/Unchecked).,YES,internal,VARIABLE,redcap,v4,NO,NO,
enrollment_form_schema,enrollment_form,ef_is_control_participant,ef_is_control_participant,enrollment,Is Control Participant?,NO,internal,VARIABLE,redcap,v4,NO,NO,
enrollment_form_schema,enrollment,ef_laryng_cancer,self_reported_laryng_cancer,enrollment,Checkbox indicating the participant self-reported a diagnosis of laryngeal cancer on the eligibility form (Checked or Unchecked).,YES,internal,VARIABLE,redcap,v4,NO,NO,
enrollment_form_schema,enrollment,ef_laryngitis,self_reported_laryngitis,enrollment,Whether the participant checked laryngitis among the conditions self-reported during enrollment eligibility screening (Checked or Unchecked).,YES,internal,VARIABLE,redcap,v4,NO,NO,
enrollment_form_schema,enrollment_form,ef_last_name,ef_last_name,enrollment,Last Name,NO,drop,VARIABLE,redcap,pre-v4,NO,NO,
enrollment_form_schema,enrollment_form,ef_learn_about_this_study,ef_learn_about_this_study,enrollment,How did you learn about this study?,NO,internal,VARIABLE,redcap,v4,NO,NO,
enrollment_form_schema,enrollment_form,ef_learn_about_this_study_event,ef_learn_about_this_study_event,enrollment,"If ""At an event"", please specify:",NO,internal,VARIABLE,redcap,v4,NO,NO,
enrollment_form_schema,enrollment_form,ef_learn_about_this_study_other,ef_learn_about_this_study_other,enrollment,"If ""Other"", please specify:",NO,internal,VARIABLE,redcap,v4,NO,NO,
enrollment_form_schema,enrollment,ef_mtd,self_reported_mtd,enrollment,"Whether the participant selected muscle tension dysphonia (MTD) on the enrollment condition checklist, recorded as Checked or Unchecked.",YES,internal,VARIABLE,redcap,v4,NO,NO,
enrollment_form_schema,enrollment,ef_ocd,self_reported_ocd,enrollment,"Eligibility-form checkbox marking whether the participant self-reported obsessive-compulsive disorder (OCD); checked if reported, unchecked otherwise.",YES,internal,VARIABLE,redcap,v4,NO,NO,
enrollment_form_schema,enrollment,ef_osa,self_reported_osa,enrollment,Enrollment checkbox: the participant self-reported obstructive sleep apnea (Checked/Unchecked).,YES,internal,VARIABLE,redcap,v4,NO,NO,
enrollment_form_schema,enrollment,ef_other_psych,self_reported_other_psych,enrollment,Checkbox indicating the participant self-reported a diagnosis of another psychiatric disorder on the eligibility form (Checked or Unchecked).,YES,internal,VARIABLE,redcap,v4,NO,NO,
enrollment_form_schema,enrollment_form,ef_other_reason_decline,ef_other_reason_decline,enrollment,"If ""Other"" reason for declining enrollment, please specify:",NO,drop,VARIABLE,redcap,v4,NO,NO,
enrollment_form_schema,enrollment,ef_panic,self_reported_panic,enrollment,Whether the participant checked panic disorder among the conditions self-reported during enrollment eligibility screening (Checked or Unchecked).,YES,internal,VARIABLE,redcap,v4,NO,NO,
enrollment_form_schema,enrollment,ef_parkinsons,self_reported_parkinsons,enrollment,"Whether the participant selected Parkinson's disease on the enrollment condition checklist, recorded as Checked or Unchecked.",YES,internal,VARIABLE,redcap,v4,NO,NO,
enrollment_form_schema,enrollment_form,ef_participant_study_id,ef_participant_study_id,enrollment,Participant Study ID,NO,drop,VARIABLE,redcap,pre-v4,NO,NO,
enrollment_form_schema,enrollment_form,ef_phone_number,ef_phone_number,enrollment,Phone Number,NO,drop,VARIABLE,redcap,pre-v4,NO,NO,
enrollment_form_schema,enrollment_form,ef_physical_a11y_options,ef_physical_a11y_options,enrollment,"Yes, I would like to use some of the accessibility features of the app",NO,internal,VARIABLE,redcap,pre-v4,NO,NO,
enrollment_form_schema,enrollment_form,ef_primary_language,ef_primary_language,enrollment,"Primary language the participant reports (English, French, Spanish, or Other).",NO,release,VARIABLE,redcap,pre-v4,NO,NO,
enrollment_form_schema,enrollment_form,ef_primary_language_other,ef_primary_language_other,enrollment,"If primary language is ""other"", please specify:",NO,review,VARIABLE,redcap,v4,NO,NO,
enrollment_form_schema,enrollment,ef_ptsd,self_reported_ptsd,enrollment,"Eligibility-form checkbox marking whether the participant self-reported post-traumatic stress disorder (PTSD); checked if reported, unchecked otherwise.",YES,internal,VARIABLE,redcap,v4,NO,NO,
enrollment_form_schema,enrollment_form,ef_reason_decline_enroll,ef_reason_decline_enroll,enrollment,Please select a reason for declining,NO,drop,VARIABLE,redcap,v4,NO,NO,
enrollment_form_schema,enrollment_form,ef_remote_collection_agreement_terms,ef_remote_collection_agreement_terms,enrollment,I acknowledge that:,NO,internal,VARIABLE,redcap,pre-v4,NO,NO,
enrollment_form_schema,enrollment_form,ef_researcher_email,ef_researcher_email,enrollment,Researcher Email,YES,drop,VARIABLE,redcap,v4,NO,NO,
enrollment_form_schema,enrollment,ef_rrp,self_reported_rrp,enrollment,Enrollment checkbox: the participant self-reported recurrent laryngeal papilloma (RRP) (Checked/Unchecked).,YES,internal,VARIABLE,redcap,v4,NO,NO,
enrollment_form_schema,enrollment,ef_schizophrenia,self_reported_schizophrenia,enrollment,Checkbox indicating the participant self-reported a diagnosis of schizophrenia on the eligibility form (Checked or Unchecked).,YES,internal,VARIABLE,redcap,v4,NO,NO,
enrollment_form_schema,enrollment_form,ef_select_language,ef_select_language,enrollment,"Language the participant selected for the enrollment form (English, French/Français, or Spanish/Español; released as English or Español).",NO,release,VARIABLE,redcap,pre-v4,NO,NO,
enrollment_form_schema,enrollment,ef_soc_anx_dis,self_reported_soc_anx_dis,enrollment,Whether the participant checked social anxiety disorder among the conditions self-reported during enrollment eligibility screening (Checked or Unchecked).,YES,internal,VARIABLE,redcap,v4,NO,NO,
enrollment_form_schema,enrollment,ef_spas_dys,self_reported_spas_dys,enrollment,"Whether the participant selected spasmodic dysphonia / laryngeal tremor on the enrollment condition checklist, recorded as Checked or Unchecked.",YES,internal,VARIABLE,redcap,v4,NO,NO,
enrollment_form_schema,enrollment,ef_speech_delay,self_reported_speech_delay,enrollment,Speech delay as self-reported by the participant on the eligibility screening.,YES,internal,VARIABLE,redcap,v4,NO,NO,
enrollment_form_schema,enrollment_form,ef_started_at,ef_started_at,enrollment,Enrollment Form Started At,YES,internal,VARIABLE,redcap,v4,NO,YES,
enrollment_form_schema,enrollment_form,ef_vision_a11y_options,ef_vision_a11y_options,enrollment,"Yes, I would like to use some of the accessibility features of the app",NO,internal,VARIABLE,redcap,pre-v4,NO,NO,
enrollment_form_schema,enrollment,ef_voc_fold_paralysis,self_reported_unilateral_vocal_fold_paralysis,enrollment,"Eligibility-form checkbox marking whether the participant self-reported unilateral vocal fold paralysis; checked if reported, unchecked otherwise.",YES,internal,VARIABLE,redcap,v4,NO,NO,
gad7_anxiety_schema,gad7_anxiety,afraid_of_things,afraid_of_things,questionnaire,"Frequency over the past two weeks of feeling afraid, as if something awful might happen, rated on a 4‑point scale: 0=Not at all, 1=Several days, 2=More than half the days, 3=Nearly every day.",NO,release,VARIABLE,redcap,pre-v4,NO,NO,
gad7_anxiety_schema,gad7_anxiety,cant_control_worry,cant_control_worry,questionnaire,"Frequency of being unable to stop or control worrying, rated on the GAD-7 scale (0 = Not at all; 1 = Several days; 2 = More than half the days; 3 = Nearly every day).",NO,release,VARIABLE,redcap,pre-v4,NO,NO,
gad7_anxiety_schema,gad7_anxiety,easily_agitated,easily_agitated,questionnaire,"How often in the past two weeks the participant has become easily annoyed or irritable, rated on the GAD‑7 frequency scale (0=Not at all, 1=Several days, 2=More than half the days, 3=Nearly every day).",NO,release,VARIABLE,redcap,pre-v4,NO,NO,
gad7_anxiety_schema,gad7_anxiety,gad_7_completed_at,gad_7_completed_at,questionnaire,Questionnaire Completed At,YES,internal,VARIABLE,redcap,v4,NO,YES,
gad7_anxiety_schema,gad7_anxiety,gad_7_duration,gad_7_duration,questionnaire,"Total time, in seconds, that the participant took to complete the GAD‑7 anxiety questionnaire.",NO,release,VARIABLE,redcap,pre-v4,NO,NO,
gad7_anxiety_schema,gad7_anxiety,gad_7_language,gad_7_language,questionnaire,GAD-7 - Language,NO,drop,VARIABLE,redcap,v4,NO,NO,
gad7_anxiety_schema,gad7_anxiety,gad_7_origin,gad_7_origin,questionnaire,GAD-7 - origin,NO,internal,VARIABLE,redcap,v4,NO,NO,
gad7_anxiety_schema,gad7_anxiety,gad_7_session_id,gad_7_session_id,questionnaire,"Ordinal index of the session within the participant, numbered in session order (e.g., 01, 02). An ordinal missing from a participant's released records denotes a session with no released data.",NO,release,VARIABLE,redcap,pre-v4,NO,NO,
gad7_anxiety_schema,gad7_anxiety,gad_7_started_at,gad_7_started_at,questionnaire,Questionnaire Started At,YES,internal,VARIABLE,redcap,v4,NO,YES,
gad7_anxiety_schema,gad7_anxiety,gad_7_via,gad_7_via,questionnaire,GAD-7 - via,NO,internal,VARIABLE,redcap,v4,NO,NO,
gad7_anxiety_schema,gad7_anxiety,hard_to_sit_still,hard_to_sit_still,questionnaire,"Self-reported frequency over the past two weeks of feeling so restless that it is hard to sit still, rated: Not at all (0), Several days (1), More than half the days (2), or Nearly every day (3).",NO,release,VARIABLE,redcap,pre-v4,NO,NO,
gad7_anxiety_schema,gad7_anxiety,nervous_anxious,nervous_anxious,questionnaire,"Self-reported frequency over the past two weeks of feeling nervous, anxious, or on edge, with response options: Not at all (0), Several days (1), More than half the days (2), Nearly every day (3).",NO,release,VARIABLE,redcap,pre-v4,NO,NO,
gad7_anxiety_schema,gad7_anxiety,tough_to_work,tough_to_work,questionnaire,"Self-reported how much the respondent’s problems have interfered with work, home responsibilities, or getting along with others, with response options like Not difficult at all, Somewhat difficult, Very difficult, and Extremely difficult.",NO,release,VARIABLE,redcap,pre-v4,NO,NO,
gad7_anxiety_schema,gad7_anxiety,trouble_relaxing,trouble_relaxing,questionnaire,"Self-reported frequency over the past two weeks of having trouble relaxing, rated ""Not at all,"" ""Several days,"" ""More than half the days,"" or ""Nearly every day"" (scored 0–3).",NO,release,VARIABLE,redcap,pre-v4,NO,NO,
gad7_anxiety_schema,gad7_anxiety,worry_too_much,worry_too_much,questionnaire,"Self-reported frequency over the past two weeks of ""worrying too much about different things,"" rated 0 = not at all, 1 = several days, 2 = more than half the days, or 3 = nearly every day.",NO,release,VARIABLE,redcap,pre-v4,NO,NO,
generic_demographics_schema,pediatric_demographics,peds_cognition,peds_cognition,pediatric,"Whether the participant reports serious difficulty concentrating, remembering, or making decisions because of a physical, mental, or emotional condition, recorded as Yes, No.",NO,release,VARIABLE,redcap,pre-v4,NO,NO,
generic_demographics_schema,pediatric_demographics,peds_country,peds_country,pediatric,Country of the participant's address: USA or Canada.,NO,release,VARIABLE,redcap,pre-v4,NO,NO,
generic_demographics_schema,pediatric_demographics,peds_demographics_completed_at,peds_demographics_completed_at,pediatric,Questionnaire Completed At,YES,internal,VARIABLE,redcap,v4,NO,YES,
generic_demographics_schema,pediatric_demographics,peds_demographics_duration,peds_demographics_duration,pediatric,"Time taken to complete the pediatric demographics questionnaire, in seconds.",NO,release,VARIABLE,redcap,pre-v4,NO,NO,
generic_demographics_schema,pediatric_demographics,peds_demographics_language,peds_demographics_language,pediatric,Peds Demographics - Language,NO,drop,VARIABLE,redcap,v4,NO,NO,
generic_demographics_schema,pediatric_demographics,peds_demographics_origin,peds_demographics_origin,pediatric,Peds Demographics - origin,NO,internal,VARIABLE,redcap,v4,NO,NO,
generic_demographics_schema,pediatric_demographics,peds_demographics_session_id,peds_demographics_session_id,pediatric,"Ordinal index of the session within the participant, numbered in session order (e.g., 01, 02). An ordinal missing from a participant's released records denotes a session with no released data.",NO,release,VARIABLE,redcap,pre-v4,NO,NO,
generic_demographics_schema,pediatric_demographics,peds_demographics_started_at,peds_demographics_started_at,pediatric,Questionnaire Started At,YES,internal,VARIABLE,redcap,v4,NO,YES,
generic_demographics_schema,pediatric_demographics,peds_demographics_via,peds_demographics_via,pediatric,Peds Demographics - via,NO,internal,VARIABLE,redcap,v4,NO,NO,
generic_demographics_schema,pediatric_demographics,peds_edu_level,peds_edu_level,pediatric,"Highest level of education reported on the pediatric demographics form: no formal education, some elementary school, some secondary or high school education, secondary school degree complete, other.",NO,release,VARIABLE,redcap,v4,NO,NO,
generic_demographics_schema,pediatric_demographics,peds_first_language,peds_first_language,pediatric,"First language learned by the participant, selected from English, French, Mandarin Chinese, Punjabi, Spanish, Arabic, Tagalog, Italian, German, or Other.",NO,release,VARIABLE,redcap,pre-v4,NO,NO,
generic_demographics_schema,pediatric_demographics,peds_gender_identity,peds_gender_identity,pediatric,"Gender identity as reported on the pediatric demographics form: Female gender identity, Male gender identity, or Other (with an optional free-text specify field).",NO,release,VARIABLE,redcap,pre-v4,NO,NO,
generic_demographics_schema,pediatric_demographics,peds_hearing,peds_hearing,pediatric,Indicates whether the participant is deaf or has serious difficulty hearing (response: Yes or No).,NO,release,VARIABLE,redcap,pre-v4,NO,NO,
generic_demographics_schema,pediatric_demographics,peds_mobility,peds_mobility,pediatric,"Whether the participant self-reports serious difficulty walking or climbing stairs, typically recorded as Yes or No.",NO,release,VARIABLE,redcap,pre-v4,NO,NO,
generic_demographics_schema,pediatric_demographics,peds_other_edu_level,peds_other_edu_level,pediatric,"If you selected ""other"" level of education, please specify:",NO,review,VARIABLE,redcap,v4,NO,NO,
generic_demographics_schema,pediatric_demographics,peds_other_first_language,peds_other_first_language,pediatric,"If you selected ""other"" for first language, please specify:",NO,review,VARIABLE,redcap,v4,NO,NO,
generic_demographics_schema,pediatric_demographics,peds_other_gender_identity,peds_other_gender_identity,pediatric,"If you selected ""other"" for gender identity, please specify:",NO,internal,VARIABLE,redcap,v4,NO,NO,
generic_demographics_schema,pediatric_demographics,peds_other_primary_language,peds_other_primary_language,pediatric,"If you selected ""other"" for primary language, please specify:",NO,review,VARIABLE,redcap,v4,NO,NO,
generic_demographics_schema,pediatric_demographics,peds_other_race_specify,peds_other_race_specify,pediatric,"If race not listed above, please specify:",NO,review,VARIABLE,redcap,v4,NO,NO,
generic_demographics_schema,pediatric_demographics,peds_primary_language,peds_primary_language,pediatric,"The language the participant speaks most often (primary spoken language), recorded as the name of the language (e.g., English, Spanish).",NO,release,VARIABLE,redcap,pre-v4,NO,NO,
generic_demographics_schema,pediatric_demographics,peds_race,peds_race,pediatric,Which race category best describes you? Choose all that apply,NO,release,VARIABLE,redcap,pre-v4,NO,NO,
generic_demographics_schema,pediatric_demographics,peds_self_care,peds_self_care,pediatric,"Self-reported difficulty with basic self-care (dressing or bathing), recorded as a binary Yes/No response.",NO,release,VARIABLE,redcap,pre-v4,NO,NO,
generic_demographics_schema,pediatric_demographics,peds_state_province,peds_state_province_as_entered,pediatric,"[DEPRECATED]
State/Province",YES,internal,VARIABLE,redcap,pre-v4,NO,NO,
generic_demographics_schema,pediatric_demographics,peds_state_province_standardized,peds_state_province,pediatric,[DEPRECATED] State or province of residence.,NO,release,VARIABLE,pipeline,v4,NO,NO,
generic_demographics_schema,pediatric_demographics,peds_vision,peds_vision,pediatric,Indicates whether the participant is blind or has serious difficulty seeing even when wearing glasses (Yes/No).,NO,release,VARIABLE,redcap,pre-v4,NO,NO,
generic_demographics_schema,pediatric_demographics,peds_zipcode,peds_zipcode,pediatric,Zipcode,YES,internal,VARIABLE,redcap,v4,NO,NO,
generic_medical_conditions_schema,pediatric_medical_conditions,peds_mc_a_therapy,peds_mc_a_therapy,pediatric,Whether the child has ever received speech therapy for articulation or voice-related problems (yes/no).,NO,release,VARIABLE,redcap,pre-v4,NO,NO,
generic_medical_conditions_schema,pediatric_medical_conditions,peds_mc_a_therapy_specified,peds_mc_a_therapy_specified,pediatric,"Speech therapy for articulation or voice issues, specified",NO,review,VARIABLE,redcap,v4,NO,NO,
generic_medical_conditions_schema,pediatric_medical_conditions,peds_mc_adenoidectomy,peds_mc_adenoidectomy,pediatric,"Indicates whether the child has ever had an adenoidectomy, surgical removal of the adenoids (Yes or No).",NO,release,VARIABLE,redcap,pre-v4,NO,NO,
generic_medical_conditions_schema,pediatric_medical_conditions,peds_mc_adenoidectomy_date,peds_mc_adenoidectomy_date,pediatric,What was the date of the surgery?,YES,internal,VARIABLE,redcap,v4,NO,YES,
generic_medical_conditions_schema,pediatric_medical_conditions,peds_mc_adenoidectomy_days_since,peds_mc_adenoidectomy_days_since,pediatric,"Days from the adenoidectomy to the start of the participant's first session (computed from peds_mc_adenoidectomy_date; the date shift does not change it). Positive when the surgery was before the first session, negative when it was after it (reported at a later session). Blank if either date is missing or the date did not pass the date checks.",NO,release,VARIABLE,pipeline,v4,NO,NO,
generic_medical_conditions_schema,pediatric_medical_conditions,peds_mc_allergies,peds_mc_allergies,pediatric,"Indicates whether the child has any known allergies (food, environmental, or medication), recorded as Yes/No.",NO,release,VARIABLE,redcap,pre-v4,NO,NO,
generic_medical_conditions_schema,pediatric_medical_conditions,peds_mc_allergies_specified,peds_mc_allergies_specified,pediatric,"Known allergies, specified",NO,review,VARIABLE,redcap,v4,NO,NO,
generic_medical_conditions_schema,pediatric_medical_conditions,peds_mc_breathing_conditions,peds_mc_breathing_conditions,pediatric,Does your child have a history of a breathing or airway conditions? (Select all that apply),NO,release,VARIABLE,redcap,pre-v4,NO,NO,
generic_medical_conditions_schema,pediatric_medical_conditions,peds_mc_chronic_medical_condition,peds_mc_chronic_medical_condition,pediatric,Indicates whether the child has ever been diagnosed with a chronic medical condition (Yes/No).,NO,release,VARIABLE,redcap,pre-v4,NO,NO,
generic_medical_conditions_schema,pediatric_medical_conditions,peds_mc_chronic_medical_condition_specified,peds_mc_chronic_medical_condition_specified,pediatric,"Chronic medical condition, specified",NO,review,VARIABLE,redcap,v4,NO,NO,
generic_medical_conditions_schema,pediatric_medical_conditions,peds_mc_completed_at,peds_mc_completed_at,pediatric,Questionnaire Completed At,YES,internal,VARIABLE,redcap,v4,NO,YES,
generic_medical_conditions_schema,pediatric_medical_conditions,peds_mc_conditions,peds_mc_conditions,pediatric,Does your child have any of the following conditions? (Select all that apply),NO,release,VARIABLE,redcap,pre-v4,NO,NO,
generic_medical_conditions_schema,pediatric_medical_conditions,peds_mc_conditions_other_specified,peds_mc_conditions_other_specified,pediatric,"Other condition, pediatric medical history",NO,review,VARIABLE,redcap,v4,NO,NO,
generic_medical_conditions_schema,pediatric_medical_conditions,peds_mc_dif_swallowing,peds_mc_dif_swallowing,pediatric,Indicates whether the child has ever experienced difficulty swallowing liquids or solids (response: yes or no).,NO,release,VARIABLE,redcap,pre-v4,NO,NO,
generic_medical_conditions_schema,pediatric_medical_conditions,peds_mc_dif_swallowing_specified,peds_mc_dif_swallowing_specified,pediatric,"Difficulty swallowing liquids or solids, specified",NO,review,VARIABLE,redcap,v4,NO,NO,
generic_medical_conditions_schema,pediatric_medical_conditions,peds_mc_duration,peds_mc_duration,pediatric,"Total time, in seconds, taken to complete the pediatric medical‑conditions questionnaire.",NO,release,VARIABLE,redcap,pre-v4,NO,NO,
generic_medical_conditions_schema,pediatric_medical_conditions,peds_mc_ear_inf_ant_py,peds_mc_ear_inf_ant_py,pediatric,Parent-reported yes/no indicating whether the child had any ear infections in the past year that required antibiotic treatment.,NO,release,VARIABLE,redcap,pre-v4,NO,NO,
generic_medical_conditions_schema,pediatric_medical_conditions,peds_mc_ear_inf_ant_py_specified,peds_mc_ear_inf_ant_py_specified,pediatric,"Ear infections requiring antibiotics in past year, specified",NO,review,VARIABLE,redcap,v4,NO,NO,
generic_medical_conditions_schema,pediatric_medical_conditions,peds_mc_epistaxis,peds_mc_epistaxis,pediatric,"Indicates whether the child has a history of epistaxis (nosebleeds), typically recorded as ""Yes"" or ""No.""",NO,release,VARIABLE,redcap,pre-v4,NO,NO,
generic_medical_conditions_schema,pediatric_medical_conditions,peds_mc_etp,peds_mc_etp,pediatric,Whether the child has ever had ear tube placement (tympanostomy tubes/grommets); responses: Yes or No.,NO,release,VARIABLE,redcap,pre-v4,NO,NO,
generic_medical_conditions_schema,pediatric_medical_conditions,peds_mc_etp_procedure,peds_mc_etp_procedure,pediatric,Please specify which procedure,NO,review,VARIABLE,redcap,v4,NO,NO,
generic_medical_conditions_schema,pediatric_medical_conditions,peds_mc_etp_procedure_date,peds_mc_etp_procedure_date,pediatric,What was the date of the surgery?,YES,internal,VARIABLE,redcap,v4,NO,YES,
generic_medical_conditions_schema,pediatric_medical_conditions,peds_mc_etp_procedure_days_since,peds_mc_etp_procedure_days_since,pediatric,"Days from the ear tube placement to the start of the participant's first session (computed from peds_mc_etp_procedure_date; the date shift does not change it). Positive when the surgery was before the first session, negative when it was after it (reported at a later session). Blank if either date is missing or the date did not pass the date checks.",NO,release,VARIABLE,pipeline,v4,NO,NO,
generic_medical_conditions_schema,pediatric_medical_conditions,peds_mc_eval_voice_swal_c,peds_mc_eval_voice_swal_c,pediatric,"Whether the child has ever been evaluated by an ear, nose, and throat (ENT) specialist or a speech‑language pathologist for voice or swallowing concerns (Yes/No).",NO,release,VARIABLE,redcap,pre-v4,NO,NO,
generic_medical_conditions_schema,pediatric_medical_conditions,peds_mc_eval_voice_swal_c_specified,peds_mc_eval_voice_swal_c_specified,pediatric,"ENT or speech-language pathologist evaluation, specified",NO,review,VARIABLE,redcap,v4,NO,NO,
generic_medical_conditions_schema,pediatric_medical_conditions,peds_mc_fr_inf_tons,peds_mc_fr_inf_tons,pediatric,"Indicates whether the child has experienced frequent throat infections or tonsillitis, reported as Yes/No.",NO,release,VARIABLE,redcap,pre-v4,NO,NO,
generic_medical_conditions_schema,pediatric_medical_conditions,peds_mc_fr_inf_tons_specified,peds_mc_fr_inf_tons_specified,pediatric,"Frequent throat infections or tonsillitis, specified",NO,review,VARIABLE,redcap,v4,NO,NO,
generic_medical_conditions_schema,pediatric_medical_conditions,peds_mc_fr_v_f,peds_mc_fr_v_f,pediatric,Parent-reported Yes/No indicating whether the child frequently experiences vocal strain or voice fatigue.,NO,release,VARIABLE,redcap,pre-v4,NO,NO,
generic_medical_conditions_schema,pediatric_medical_conditions,peds_mc_fr_v_f_specified,peds_mc_fr_v_f_specified,pediatric,"Frequent vocal strain or voice fatigue, specified",NO,review,VARIABLE,redcap,v4,NO,NO,
generic_medical_conditions_schema,pediatric_medical_conditions,peds_mc_ft,peds_mc_ft,pediatric,"Indicates whether the child has ever required a feeding tube (e.g., nasogastric [NG] or gastrostomy/G‑tube); responses: Yes or No.",NO,release,VARIABLE,redcap,pre-v4,NO,NO,
generic_medical_conditions_schema,pediatric_medical_conditions,peds_mc_ft_specified,peds_mc_ft_specified,pediatric,"Feeding tube use, specified",NO,review,VARIABLE,redcap,v4,NO,NO,
generic_medical_conditions_schema,pediatric_medical_conditions,peds_mc_genetic_syndromes,peds_mc_genetic_syndromes,pediatric,"Whether the child has been diagnosed with any genetic syndrome, recorded as Yes or No.",NO,release,VARIABLE,redcap,pre-v4,NO,NO,
generic_medical_conditions_schema,pediatric_medical_conditions,peds_mc_genetic_syndromes_specified,peds_mc_genetic_syndromes_specified,pediatric,"Genetic syndrome, specified",NO,review,VARIABLE,redcap,v4,NO,NO,
generic_medical_conditions_schema,pediatric_medical_conditions,peds_mc_hearing_loss,peds_mc_hearing_loss,pediatric,Does your child have a history of hearing loss or associated conditions? (Select all that apply),NO,release,VARIABLE,redcap,pre-v4,NO,NO,
generic_medical_conditions_schema,pediatric_medical_conditions,peds_mc_hl,peds_mc_hl,pediatric,Whether the child has ever been diagnosed with hearing loss or has required hearing aids (Yes/No).,NO,release,VARIABLE,redcap,pre-v4,NO,NO,
generic_medical_conditions_schema,pediatric_medical_conditions,peds_mc_hl_specified,peds_mc_hl_specified,pediatric,"Hearing loss or hearing aid use, specified",NO,review,VARIABLE,redcap,v4,NO,NO,
generic_medical_conditions_schema,pediatric_medical_conditions,peds_mc_hospitalized,peds_mc_hospitalized,pediatric,Indicates whether the child has ever been hospitalized for a medical condition (response options: Yes or No).,NO,release,VARIABLE,redcap,pre-v4,NO,NO,
generic_medical_conditions_schema,pediatric_medical_conditions,peds_mc_hospitalized_specified,peds_mc_hospitalized_specified,pediatric,"Hospitalization for a medical condition, specified",NO,review,VARIABLE,redcap,v4,NO,NO,
generic_medical_conditions_schema,pediatric_medical_conditions,peds_mc_hw_voice_2_w,peds_mc_hw_voice_2_w,pediatric,Whether the child has ever had a hoarse or weak voice that lasted for more than two weeks (response: Yes/No).,NO,release,VARIABLE,redcap,pre-v4,NO,NO,
generic_medical_conditions_schema,pediatric_medical_conditions,peds_mc_hw_voice_2_w_specified,peds_mc_hw_voice_2_w_specified,pediatric,"Hoarse or weak voice over two weeks, specified",NO,review,VARIABLE,redcap,v4,NO,NO,
generic_medical_conditions_schema,pediatric_medical_conditions,peds_mc_l2w,peds_mc_l2w,pediatric,Has your child had any of the following in the 2 weeks? (Select all that apply),NO,release,VARIABLE,redcap,pre-v4,NO,NO,
generic_medical_conditions_schema,pediatric_medical_conditions,peds_mc_language,peds_mc_language,pediatric,Peds Medical Conditions - Language,NO,drop,VARIABLE,redcap,v4,NO,NO,
generic_medical_conditions_schema,pediatric_medical_conditions,peds_mc_lingual_tonsillectomy,peds_mc_lingual_tonsillectomy,pediatric,"Indicates whether the participant has ever undergone a lingual tonsillectomy, recorded as Yes or No.",NO,release,VARIABLE,redcap,pre-v4,NO,NO,
generic_medical_conditions_schema,pediatric_medical_conditions,peds_mc_lingual_tonsillectomy_date,peds_mc_lingual_tonsillectomy_date,pediatric,What was the date of the surgery?,YES,internal,VARIABLE,redcap,v4,NO,YES,
generic_medical_conditions_schema,pediatric_medical_conditions,peds_mc_lingual_tonsillectomy_days_since,peds_mc_lingual_tonsillectomy_days_since,pediatric,"Days from the lingual tonsillectomy to the start of the participant's first session (computed from peds_mc_lingual_tonsillectomy_date; the date shift does not change it). Positive when the surgery was before the first session, negative when it was after it (reported at a later session). Blank if either date is missing or the date did not pass the date checks.",NO,release,VARIABLE,pipeline,v4,NO,NO,
generic_medical_conditions_schema,pediatric_medical_conditions,peds_mc_meds,peds_mc_meds,pediatric,"Whether the child is currently taking any medication that could affect voice, breathing, or swallowing, recorded as Yes or No.",NO,release,VARIABLE,redcap,pre-v4,NO,NO,
generic_medical_conditions_schema,pediatric_medical_conditions,peds_mc_meds_specified,peds_mc_meds_specified,pediatric,"Medications affecting voice, breathing, or swallowing, specified",NO,review,VARIABLE,redcap,v4,NO,NO,
generic_medical_conditions_schema,pediatric_medical_conditions,peds_mc_nasal_fractures,peds_mc_nasal_fractures,pediatric,Whether the child has a history of nasal fractures (Yes or No).,NO,release,VARIABLE,redcap,pre-v4,NO,NO,
generic_medical_conditions_schema,pediatric_medical_conditions,peds_mc_neck_mass,peds_mc_neck_mass,pediatric,Does your child have a history of a neck mass? (Select all that apply),NO,release,VARIABLE,redcap,pre-v4,NO,NO,
generic_medical_conditions_schema,pediatric_medical_conditions,peds_mc_neck_mass_branchial_cleft_cyst_surgery,peds_mc_neck_mass_branchial_cleft_cyst_surgery,pediatric,Indicates whether the participant has ever undergone surgical treatment for a branchial cleft cyst neck mass (Yes/No).,NO,release,VARIABLE,redcap,pre-v4,NO,NO,
generic_medical_conditions_schema,pediatric_medical_conditions,peds_mc_neck_mass_branchial_cleft_cyst_surgery_date,peds_mc_neck_mass_branchial_cleft_cyst_surgery_date,pediatric,What was the date of the surgery?,YES,internal,VARIABLE,redcap,v4,NO,YES,
generic_medical_conditions_schema,pediatric_medical_conditions,peds_mc_neck_mass_branchial_cleft_cyst_surgery_days_since,peds_mc_neck_mass_branchial_cleft_cyst_surgery_days_since,pediatric,"Days from the branchial cleft cyst surgery to the start of the participant's first session (computed from peds_mc_neck_mass_branchial_cleft_cyst_surgery_date; the date shift does not change it). Positive when the surgery was before the first session, negative when it was after it (reported at a later session). Blank if either date is missing or the date did not pass the date checks.",NO,release,VARIABLE,pipeline,v4,NO,NO,
generic_medical_conditions_schema,pediatric_medical_conditions,peds_mc_neck_mass_dermoid_cyst_surgery,peds_mc_neck_mass_dermoid_cyst_surgery,pediatric,Indicates whether the participant has undergone surgery to treat a neck mass or dermoid cyst (Yes/No).,NO,release,VARIABLE,redcap,pre-v4,NO,NO,
generic_medical_conditions_schema,pediatric_medical_conditions,peds_mc_neck_mass_dermoid_cyst_surgery_date,peds_mc_neck_mass_dermoid_cyst_surgery_date,pediatric,What was the date of the surgery?,YES,internal,VARIABLE,redcap,v4,NO,YES,
generic_medical_conditions_schema,pediatric_medical_conditions,peds_mc_neck_mass_dermoid_cyst_surgery_days_since,peds_mc_neck_mass_dermoid_cyst_surgery_days_since,pediatric,"Days from the dermoid cyst surgery to the start of the participant's first session (computed from peds_mc_neck_mass_dermoid_cyst_surgery_date; the date shift does not change it). Positive when the surgery was before the first session, negative when it was after it (reported at a later session). Blank if either date is missing or the date did not pass the date checks.",NO,release,VARIABLE,pipeline,v4,NO,NO,
generic_medical_conditions_schema,pediatric_medical_conditions,peds_mc_neck_mass_enlarged_lymph_node_surgery,peds_mc_neck_mass_enlarged_lymph_node_surgery,pediatric,"Indicates whether the participant has ever undergone surgery to remove or treat a neck mass or enlarged lymph node, recorded as Yes or No.",NO,release,VARIABLE,redcap,pre-v4,NO,NO,
generic_medical_conditions_schema,pediatric_medical_conditions,peds_mc_neck_mass_enlarged_lymph_node_surgery_date,peds_mc_neck_mass_enlarged_lymph_node_surgery_date,pediatric,What was the date of the surgery?,YES,internal,VARIABLE,redcap,v4,NO,YES,
generic_medical_conditions_schema,pediatric_medical_conditions,peds_mc_neck_mass_enlarged_lymph_node_surgery_days_since,peds_mc_neck_mass_enlarged_lymph_node_surgery_days_since,pediatric,"Days from the enlarged lymph node surgery to the start of the participant's first session (computed from peds_mc_neck_mass_enlarged_lymph_node_surgery_date; the date shift does not change it). Positive when the surgery was before the first session, negative when it was after it (reported at a later session). Blank if either date is missing or the date did not pass the date checks.",NO,release,VARIABLE,pipeline,v4,NO,NO,
generic_medical_conditions_schema,pediatric_medical_conditions,peds_mc_neck_mass_hyroid_nodule_or_cancer_surgery,peds_mc_neck_mass_hyroid_nodule_or_cancer_surgery,pediatric,"Whether the child has had surgery for a neck mass, thyroid nodule, or thyroid cancer, recorded as Yes or No.",NO,release,VARIABLE,redcap,pre-v4,NO,NO,
generic_medical_conditions_schema,pediatric_medical_conditions,peds_mc_neck_mass_hyroid_nodule_or_cancer_surgery_date,peds_mc_neck_mass_hyroid_nodule_or_cancer_surgery_date,pediatric,What was the date of the surgery?,YES,internal,VARIABLE,redcap,v4,NO,YES,
generic_medical_conditions_schema,pediatric_medical_conditions,peds_mc_neck_mass_hyroid_nodule_or_cancer_surgery_days_since,peds_mc_neck_mass_hyroid_nodule_or_cancer_surgery_days_since,pediatric,"Days from the thyroid nodule or cancer surgery to the start of the participant's first session (computed from peds_mc_neck_mass_hyroid_nodule_or_cancer_surgery_date; the date shift does not change it). Positive when the surgery was before the first session, negative when it was after it (reported at a later session). Blank if either date is missing or the date did not pass the date checks.",NO,release,VARIABLE,pipeline,v4,NO,NO,
generic_medical_conditions_schema,pediatric_medical_conditions,peds_mc_neck_mass_other,peds_mc_neck_mass_other,pediatric,"Other neck mass history, pediatric",NO,review,VARIABLE,redcap,v4,NO,NO,
generic_medical_conditions_schema,pediatric_medical_conditions,peds_mc_neck_mass_thyroglossal_duct_cyst_surgery,peds_mc_neck_mass_thyroglossal_duct_cyst_surgery,pediatric,"Whether the participant has ever had surgery to treat a thyroglossal duct cyst (a congenital neck mass), recorded as Yes or No.",NO,release,VARIABLE,redcap,pre-v4,NO,NO,
generic_medical_conditions_schema,pediatric_medical_conditions,peds_mc_neck_mass_thyroglossal_duct_cyst_surgery_date,peds_mc_neck_mass_thyroglossal_duct_cyst_surgery_date,pediatric,What was the date of the surgery?,YES,internal,VARIABLE,redcap,v4,NO,YES,
generic_medical_conditions_schema,pediatric_medical_conditions,peds_mc_neck_mass_thyroglossal_duct_cyst_surgery_days_since,peds_mc_neck_mass_thyroglossal_duct_cyst_surgery_days_since,pediatric,"Days from the thyroglossal duct cyst surgery to the start of the participant's first session (computed from peds_mc_neck_mass_thyroglossal_duct_cyst_surgery_date; the date shift does not change it). Positive when the surgery was before the first session, negative when it was after it (reported at a later session). Blank if either date is missing or the date did not pass the date checks.",NO,release,VARIABLE,pipeline,v4,NO,NO,
generic_medical_conditions_schema,pediatric_medical_conditions,peds_mc_neurological_disorders,peds_mc_neurological_disorders,pediatric,"Indicates whether the child has a history of neurological disorders (e.g., cerebral palsy, muscular dystrophy), recorded as Yes/No with an option to specify diagnosis details if present.",NO,release,VARIABLE,redcap,pre-v4,NO,NO,
generic_medical_conditions_schema,pediatric_medical_conditions,peds_mc_neurological_disorders_specified,peds_mc_neurological_disorders_specified,pediatric,"Neurological disorder history, specified",NO,review,VARIABLE,redcap,v4,NO,NO,
generic_medical_conditions_schema,pediatric_medical_conditions,peds_mc_no_surgeries,peds_mc_neuroortho_surgery,pediatric,Whether the child has ever had neurological or orthopedic surgery that could affect breathing or speech (response: Yes/No).,NO,release,VARIABLE,redcap,pre-v4,NO,NO,
generic_medical_conditions_schema,pediatric_medical_conditions,peds_mc_no_surgeries_procedure,peds_mc_no_surgeries_procedure,pediatric,Please specify which procedure,NO,review,VARIABLE,redcap,v4,NO,NO,
generic_medical_conditions_schema,pediatric_medical_conditions,peds_mc_no_surgeries_procedure_date,peds_mc_no_surgeries_procedure_date,pediatric,What was the date of the surgery?,YES,internal,VARIABLE,redcap,v4,NO,YES,
generic_medical_conditions_schema,pediatric_medical_conditions,peds_mc_no_surgeries_procedure_days_since,peds_mc_no_surgeries_procedure_days_since,pediatric,"Days from the neurological or orthopedic surgery affecting breathing or speech to the start of the participant's first session (computed from peds_mc_no_surgeries_procedure_date; the date shift does not change it). Positive when the surgery was before the first session, negative when it was after it (reported at a later session). Blank if either date is missing or the date did not pass the date checks.",NO,release,VARIABLE,pipeline,v4,NO,NO,
generic_medical_conditions_schema,pediatric_medical_conditions,peds_mc_origin,peds_mc_origin,pediatric,Peds Medical Conditions - Origin,NO,internal,VARIABLE,redcap,v4,NO,NO,
generic_medical_conditions_schema,pediatric_medical_conditions,peds_mc_ox_sup,peds_mc_ox_sup,pediatric,"Whether the child has ever required respiratory support, including supplemental oxygen, endotracheal intubation, mechanical ventilation, or a tracheostomy (Yes/No).",NO,release,VARIABLE,redcap,pre-v4,NO,NO,
generic_medical_conditions_schema,pediatric_medical_conditions,peds_mc_ox_sup_specified,peds_mc_ox_sup_specified,pediatric,"Oxygen support, intubation, ventilator, or tracheostomy, specified",NO,review,VARIABLE,redcap,v4,NO,NO,
generic_medical_conditions_schema,pediatric_medical_conditions,peds_mc_psych_disorders,peds_mc_psych_disorders,pediatric,Does your child have a history of a psychological disorders or mood problems? (Select all that apply),NO,release,VARIABLE,redcap,pre-v4,NO,NO,
generic_medical_conditions_schema,pediatric_medical_conditions,peds_mc_psych_disorders_other,peds_mc_psych_disorders_other,pediatric,"Other psychiatric disorder, pediatric",NO,review,VARIABLE,redcap,v4,NO,NO,
generic_medical_conditions_schema,pediatric_medical_conditions,peds_mc_reflux,peds_mc_reflux,pediatric,Whether the child has ever been diagnosed with gastroesophageal reflux disease (GERD) or has ever taken medication for acid reflux (response: Yes/No).,NO,release,VARIABLE,redcap,pre-v4,NO,NO,
generic_medical_conditions_schema,pediatric_medical_conditions,peds_mc_reflux_specified,peds_mc_reflux_specified,pediatric,"Reflux (GERD) diagnosis or medication, specified",NO,review,VARIABLE,redcap,v4,NO,NO,
generic_medical_conditions_schema,pediatric_medical_conditions,peds_mc_session_id,peds_mc_session_id,pediatric,"Ordinal index of the session within the participant, numbered in session order (e.g., 01, 02). An ordinal missing from a participant's released records denotes a session with no released data.",NO,release,VARIABLE,redcap,pre-v4,NO,NO,
generic_medical_conditions_schema,pediatric_medical_conditions,peds_mc_snoring_apnea,peds_mc_snoring_apnea,pediatric,Does your child have a history of a snoring or obstructive sleep apnea? (Select all that apply),NO,release,VARIABLE,redcap,pre-v4,NO,NO,
generic_medical_conditions_schema,pediatric_medical_conditions,peds_mc_snoring_apnea_had_sleep_study_oahi,peds_mc_snoring_apnea_had_sleep_study_oahi,pediatric,"What was the oAHI on the sleep study
(to be competed by research assistant)",NO,review,VARIABLE,redcap,v4,NO,NO,
generic_medical_conditions_schema,pediatric_medical_conditions,peds_mc_started_at,peds_mc_started_at,pediatric,Questionnaire Started At,YES,internal,VARIABLE,redcap,v4,NO,YES,
generic_medical_conditions_schema,pediatric_medical_conditions,peds_mc_stridor,peds_mc_stridor,pediatric,"Whether the child has ever experienced noisy breathing (stridor) or episodes of difficulty breathing, recorded as Yes or No.",NO,release,VARIABLE,redcap,pre-v4,NO,NO,
generic_medical_conditions_schema,pediatric_medical_conditions,peds_mc_stridor_specified,peds_mc_stridor_specified,pediatric,"Noisy breathing (stridor) or difficulty breathing, specified",NO,review,VARIABLE,redcap,v4,NO,NO,
generic_medical_conditions_schema,pediatric_medical_conditions,peds_mc_surgery_t_vc_a,peds_mc_surgery_t_vc_a,pediatric,"Indicates whether the child has ever undergone surgery on the throat, vocal cords, or airway (response: Yes/No).",NO,release,VARIABLE,redcap,pre-v4,NO,NO,
generic_medical_conditions_schema,pediatric_medical_conditions,peds_mc_surgery_t_vc_a_specified,peds_mc_surgery_t_vc_a_specified,pediatric,"Surgery involving throat, vocal cords, or airway, specified",NO,review,VARIABLE,redcap,v4,NO,NO,
generic_medical_conditions_schema,pediatric_medical_conditions,peds_mc_tonsillectomy,peds_mc_tonsillectomy,pediatric,"Whether the participant has ever had a tonsillectomy (surgical removal of the tonsils), typically recorded as Yes or No.",NO,release,VARIABLE,redcap,pre-v4,NO,NO,
generic_medical_conditions_schema,pediatric_medical_conditions,peds_mc_tonsillectomy_date,peds_mc_tonsillectomy_date,pediatric,What was the date of the surgery?,YES,internal,VARIABLE,redcap,v4,NO,YES,
generic_medical_conditions_schema,pediatric_medical_conditions,peds_mc_tonsillectomy_days_since,peds_mc_tonsillectomy_days_since,pediatric,"Days from the tonsillectomy to the start of the participant's first session (computed from peds_mc_tonsillectomy_date; the date shift does not change it). Positive when the surgery was before the first session, negative when it was after it (reported at a later session). Blank if either date is missing or the date did not pass the date checks.",NO,release,VARIABLE,pipeline,v4,NO,NO,
generic_medical_conditions_schema,pediatric_medical_conditions,peds_mc_v_dis,peds_mc_v_dis,pediatric,"Whether the child has ever been diagnosed with a voice disorder or speech delay, recorded as Yes or No.",NO,release,VARIABLE,redcap,pre-v4,NO,NO,
generic_medical_conditions_schema,pediatric_medical_conditions,peds_mc_v_dis_specified,peds_mc_v_dis_specified,pediatric,"Voice disorder or speech delay, specified",NO,review,VARIABLE,redcap,v4,NO,NO,
generic_medical_conditions_schema,pediatric_medical_conditions,peds_mc_via,peds_mc_via,pediatric,Peds Medical Conditions - via,NO,internal,VARIABLE,redcap,v4,NO,NO,
generic_medical_conditions_schema,pediatric_medical_conditions,peds_mc_voice_disorders,peds_mc_voice_disorders,pediatric,Does your child have a history of a voice disorder? (Select all that apply),NO,release,VARIABLE,redcap,pre-v4,NO,NO,
generic_phqa_schema,pediatric_hqa,peds_phqa_completed_at,peds_phqa_completed_at,pediatric_questionnaire,Questionnaire Completed At,YES,internal,VARIABLE,redcap,v4,NO,YES,
generic_phqa_schema,pediatric_hqa,peds_phqa_duration,peds_phqa_duration,pediatric_questionnaire,"Total time in seconds required to complete the pediatric PHQA questionnaire, measured as the elapsed time from start to finish.",NO,release,VARIABLE,redcap,pre-v4,NO,NO,
generic_phqa_schema,pediatric_hqa,peds_phqa_feeling_bad_self,peds_phqa_feeling_bad_self,pediatric_questionnaire,"Self-reported frequency over the past two weeks of feeling bad about yourself (e.g., feeling like a failure or letting yourself or your family down), rated on a 4-point scale: 0=Not at all, 1=Several days, 2=More than half the days, 3=Nearly every day.",NO,release,VARIABLE,redcap,pre-v4,NO,NO,
generic_phqa_schema,pediatric_hqa,peds_phqa_feeling_depressed,peds_phqa_feeling_depressed,pediatric_questionnaire,"Participant-reported frequency of feeling down, depressed, irritable, or hopeless over the past two weeks, recorded on a 4‑point scale: Not at all; Several days; More than half the days; Nearly every day.",NO,release,VARIABLE,redcap,pre-v4,NO,NO,
generic_phqa_schema,pediatric_hqa,peds_phqa_language,peds_phqa_language,pediatric_questionnaire,Peds PHQ-A - Language,NO,drop,VARIABLE,redcap,v4,NO,NO,
generic_phqa_schema,pediatric_hqa,peds_phqa_move_speak_slow,peds_phqa_move_speak_slow,pediatric_questionnaire,"Participant-reported frequency over the past two weeks of noticeable psychomotor changes (moving or speaking very slowly, or being unusually fidgety/restless), recorded on the PHQ-A frequency scale (e.g., Not at all to Nearly every day).",NO,release,VARIABLE,redcap,pre-v4,NO,NO,
generic_phqa_schema,pediatric_hqa,peds_phqa_no_appetite,peds_phqa_no_appetite,pediatric_questionnaire,"How often the youth experienced poor appetite, weight loss, or overeating in the past two weeks, recorded on an ordinal frequency scale (e.g., not at all; several days; more than half the days; nearly every day).",NO,release,VARIABLE,redcap,pre-v4,NO,NO,
generic_phqa_schema,pediatric_hqa,peds_phqa_no_energy,peds_phqa_no_energy,pediatric_questionnaire,"Self-reported frequency in the past two weeks of feeling tired or having little energy, rated ""Not at all,"" ""Several days,"" ""More than half the days,"" or ""Nearly every day.""",NO,release,VARIABLE,redcap,pre-v4,NO,NO,
generic_phqa_schema,pediatric_hqa,peds_phqa_no_interest,peds_phqa_no_interest,pediatric_questionnaire,"Participant-reported frequency of having little interest or pleasure in doing things over the past two weeks, rated 0–3 (0=Not at all, 1=Several days, 2=More than half the days, 3=Nearly every day).",NO,release,VARIABLE,redcap,pre-v4,NO,NO,
generic_phqa_schema,pediatric_hqa,peds_phqa_origin,peds_phqa_origin,pediatric_questionnaire,Peds PHQ-A - origin,NO,internal,VARIABLE,redcap,v4,NO,NO,
generic_phqa_schema,pediatric_hqa,peds_phqa_session_id,peds_phqa_session_id,pediatric_questionnaire,"Ordinal index of the session within the participant, numbered in session order (e.g., 01, 02). An ordinal missing from a participant's released records denotes a session with no released data.",NO,release,VARIABLE,redcap,pre-v4,NO,NO,
generic_phqa_schema,pediatric_hqa,peds_phqa_started_at,peds_phqa_started_at,pediatric_questionnaire,Questionnaire Started At,YES,internal,VARIABLE,redcap,v4,NO,YES,
generic_phqa_schema,pediatric_hqa,peds_phqa_thoughts_death,peds_phqa_thoughts_death,pediatric_questionnaire,"Indicates how often the respondent experienced thoughts of being better off dead or of hurting themselves, with response options such as ""Not at all"", ""Several days"", ""More than half the days"", and ""Nearly every day"".",NO,release,VARIABLE,redcap,pre-v4,NO,NO,
generic_phqa_schema,pediatric_hqa,peds_phqa_trouble_concentrate,peds_phqa_trouble_concentrate,pediatric_questionnaire,"How often during the past two weeks the participant was bothered by trouble concentrating on things like schoolwork, reading, or watching TV: Not at all, Several days, More than half the days, or Nearly every day.",NO,release,VARIABLE,redcap,pre-v4,NO,NO,
generic_phqa_schema,pediatric_hqa,peds_phqa_trouble_sleeping,peds_phqa_trouble_sleeping,pediatric_questionnaire,"Self-reported frequency of trouble falling asleep, staying asleep, or sleeping too much, typically rated on a severity/frequency scale (e.g., ""not at all"" to ""nearly every day"").",NO,release,VARIABLE,redcap,pre-v4,NO,NO,
generic_phqa_schema,pediatric_hqa,peds_phqa_via,peds_phqa_via,pediatric_questionnaire,Peds PHQ-A - via,NO,internal,VARIABLE,redcap,v4,NO,NO,
generic_vhi_10_schema,pediatric_vhi10,peds_annoyed_repeat,peds_annoyed_repeat,pediatric_questionnaire,"How often the child is annoyed when asked to repeat what was said (parent-reported), rated Never, Almost never, Sometimes, Almost always, or Always.",NO,release,VARIABLE,redcap,pre-v4,NO,NO,
generic_vhi_10_schema,pediatric_vhi10,peds_avoid_communicating,peds_avoid_communicating,pediatric_questionnaire,"Parent- or caregiver-reported frequency with which the child tends to avoid communicating because of their voice: Never, Almost Never, Sometimes, Almost Always, or Always.",NO,release,VARIABLE,redcap,pre-v4,NO,NO,
generic_vhi_10_schema,pediatric_vhi10,peds_difficulty_hearing,peds_difficulty_hearing,pediatric_questionnaire,"Parent-reported frequency of having difficulty hearing their child call from another room at home, rated on a 0–4 Likert scale (0 = Never, 4 = Always).",NO,release,VARIABLE,redcap,pre-v4,NO,NO,
generic_vhi_10_schema,pediatric_vhi10,peds_difficulty_understanding,peds_difficulty_understanding,pediatric_questionnaire,"Caregiver-rated frequency with which others have difficulty understanding the child’s speech in noisy rooms, typically recorded on a Likert frequency scale (e.g., never to always).",NO,release,VARIABLE,redcap,pre-v4,NO,NO,
generic_vhi_10_schema,pediatric_vhi10,peds_dry_raspy_hoarse,peds_dry_raspy_hoarse,pediatric_questionnaire,"How often the child's voice sounds dry, raspy and/or hoarse, from Never to Always (pediatric VHI-10, parent-reported).",NO,release,VARIABLE,redcap,pre-v4,NO,NO,
generic_vhi_10_schema,pediatric_vhi10,peds_embarrassed_repeat,peds_embarrassed_repeat,pediatric_questionnaire,"How often the child is embarrassed when asked to repeat what was said (parent-reported), rated Never, Almost never, Sometimes, Almost always, or Always.",NO,release,VARIABLE,redcap,pre-v4,NO,NO,
generic_vhi_10_schema,pediatric_vhi10,peds_frustrated_voice,peds_frustrated_voice,pediatric_questionnaire,"Parent- or caregiver-reported frequency with which the child is frustrated with their voice problem: Never, Almost Never, Sometimes, Almost Always, or Always.",NO,release,VARIABLE,redcap,pre-v4,NO,NO,
generic_vhi_10_schema,pediatric_vhi10,peds_gives_out,peds_gives_out,pediatric_questionnaire,"Caregiver-reported measure of how often the child's voice ""gives out"" while speaking, typically answered on a frequency scale (e.g., never to always).",NO,release,VARIABLE,redcap,pre-v4,NO,NO,
generic_vhi_10_schema,pediatric_vhi10,peds_less_out_going,peds_less_out_going,pediatric_questionnaire,"Parent-reported rating of how often the child's voice problem makes them less outgoing, typically recorded on a Likert frequency/impact scale (e.g., never to always).",NO,release,VARIABLE,redcap,pre-v4,NO,NO,
generic_vhi_10_schema,pediatric_vhi10,peds_other_not_understand,peds_other_not_understand,pediatric_questionnaire,"Caregiver’s perception of how often other people do not understand their child’s voice problem, typically rated on an agreement/frequency scale (e.g., Never to Always).",NO,release,VARIABLE,redcap,pre-v4,NO,NO,
generic_vhi_10_schema,pediatric_vhi10,peds_out_of_air_talking,peds_out_of_air_talking,pediatric_questionnaire,"Caregiver-rated frequency of the child running out of breath while speaking, recorded on a frequency scale (e.g., never to always).",NO,release,VARIABLE,redcap,pre-v4,NO,NO,
generic_vhi_10_schema,pediatric_vhi10,peds_repeat_speaking,peds_repeat_speaking,pediatric_questionnaire,"Caregiver-reported frequency of others needing the child to repeat themselves during face-to-face conversation, typically rated on a frequency scale (e.g., never to always).",NO,release,VARIABLE,redcap,pre-v4,NO,NO,
generic_vhi_10_schema,pediatric_vhi10,peds_seem_irritated,peds_seem_irritated,pediatric_questionnaire,"How often other people seem irritated with the child's voice (parent-reported), rated Never, Almost never, Sometimes, Almost always, or Always.",NO,release,VARIABLE,redcap,pre-v4,NO,NO,
generic_vhi_10_schema,pediatric_vhi10,peds_severity_voice_problem,peds_severity_voice_problem,pediatric_questionnaire,"Caregiver-rated severity of the child's voice problem, marked on a slider anchored Normal (low) to Severe (high); higher values indicate greater severity.",NO,release,VARIABLE,redcap,pre-v4,NO,NO,
generic_vhi_10_schema,pediatric_vhi10,peds_speaks_less,peds_speaks_less,pediatric_questionnaire,"How often the child speaks with friends, neighbors, or relatives less often because of their voice, rated on a 5‑point frequency scale (Never, Almost never, Sometimes, Almost always, Always).",NO,release,VARIABLE,redcap,pre-v4,NO,NO,
generic_vhi_10_schema,pediatric_vhi10,peds_straining,peds_straining,pediatric_questionnaire,"Parent-reported item indicating whether the child uses a great deal of effort to speak (e.g., straining), typically recorded on a Likert-style frequency/agreement scale (e.g., never to always).",NO,release,VARIABLE,redcap,pre-v4,NO,NO,
generic_vhi_10_schema,pediatric_vhi10,peds_tense_talking,peds_tense_talking,pediatric_questionnaire,"Parent-reported frequency of the child appearing tense when speaking to others because of their voice, recorded on an ordinal scale (e.g., Never to Always).",NO,release,VARIABLE,redcap,pre-v4,NO,NO,
generic_vhi_10_schema,pediatric_vhi10,peds_unpredictable,peds_unpredictable,pediatric_questionnaire,"Parent-rated degree to which the child's voice quality is unpredictable, typically recorded on a Likert scale (e.g., Never to Always).",NO,release,VARIABLE,redcap,pre-v4,NO,NO,
generic_vhi_10_schema,pediatric_vhi10,peds_vhi_completed_at,peds_vhi_completed_at,pediatric_questionnaire,Questionnaire Completed At,YES,internal,VARIABLE,redcap,v4,NO,YES,
generic_vhi_10_schema,pediatric_vhi10,peds_vhi_duration,peds_vhi_duration,pediatric_questionnaire,"Total time, in seconds, taken by the participant to complete the Pediatric Voice Handicap Index (Peds VHI) questionnaire.",NO,release,VARIABLE,redcap,pre-v4,NO,NO,
generic_vhi_10_schema,pediatric_vhi10,peds_vhi_language,peds_vhi_language,pediatric_questionnaire,Peds VHI-10 - Language,NO,drop,VARIABLE,redcap,v4,NO,NO,
generic_vhi_10_schema,pediatric_vhi10,peds_vhi_origin,peds_vhi_origin,pediatric_questionnaire,Peds VHI-10 - origin,NO,internal,VARIABLE,redcap,v4,NO,NO,
generic_vhi_10_schema,pediatric_vhi10,peds_vhi_session_id,peds_vhi_session_id,pediatric_questionnaire,"Ordinal index of the session within the participant, numbered in session order (e.g., 01, 02). An ordinal missing from a participant's released records denotes a session with no released data.",NO,release,VARIABLE,redcap,pre-v4,NO,NO,
generic_vhi_10_schema,pediatric_vhi10,peds_vhi_started_at,peds_vhi_started_at,pediatric_questionnaire,Questionnaire Started At,YES,internal,VARIABLE,redcap,v4,NO,YES,
generic_vhi_10_schema,pediatric_vhi10,peds_vhi_talkativeness,peds_vhi_talkativeness,pediatric_questionnaire,"Parent rating of the child's talkativeness on a 1 to 7 slider, anchored Quiet Talker, Average Talker, Extremely Talkative; higher values mean more talkative.",NO,release,VARIABLE,redcap,pre-v4,NO,NO,
generic_vhi_10_schema,pediatric_vhi10,peds_vhi_via,peds_vhi_via,pediatric_questionnaire,Peds VHI-10 - via,NO,internal,VARIABLE,redcap,v4,NO,NO,
generic_vhi_10_schema,pediatric_vhi10,peds_voice_changes,peds_voice_changes,pediatric_questionnaire,"Caregiver-rated frequency that the sound of the child's voice changes throughout the day, recorded on a Likert scale (e.g., Never to Always).",NO,release,VARIABLE,redcap,pre-v4,NO,NO,
generic_vhi_10_schema,pediatric_vhi10,peds_voice_diffculities,peds_voice_diffculities,pediatric_questionnaire,"How often the child's voice difficulties restrict personal, educational, and social activities (parent-reported), rated Never, Almost never, Sometimes, Almost always, or Always.",NO,release,VARIABLE,redcap,pre-v4,NO,NO,
generic_vhi_10_schema,pediatric_vhi10,peds_voice_difficult_hear,peds_voice_difficult_hear,pediatric_questionnaire,"Caregiver-reported how often the child's voice makes it difficult for others to hear them, typically recorded on a frequency/agree scale (e.g., never to always).",NO,release,VARIABLE,redcap,pre-v4,NO,NO,
generic_vhi_10_schema,pediatric_vhi10,peds_worse_in_evening,peds_worse_in_evening,pediatric_questionnaire,"How often the child's voice is worse in the evening: never, almost never, sometimes, almost always, or always.",NO,release,VARIABLE,redcap,pre-v4,NO,NO,
generic_vhi_10_schema,pediatric_vhi10,peds_wrong_with_voice,peds_wrong_with_voice,pediatric_questionnaire,"Parent- or caregiver-reported frequency with which people ask what is wrong with the child's voice: Never, Almost Never, Sometimes, Almost Always, or Always.",NO,release,VARIABLE,redcap,pre-v4,NO,NO,
generic_vhi_10_schema,pediatric_vhi10,peds_yell_to_hear,peds_yell_to_hear,pediatric_questionnaire,"Parent-reported degree of agreement with the statement ""My child has to yell in order for others to hear him/her,"" recorded on a Likert-type scale (e.g., Never to Always).",NO,release,VARIABLE,redcap,pre-v4,NO,NO,
generic_voice_outcome_survey_schema,pediatric_voice_outcome_survey,peds_os_completed_at,peds_os_completed_at,pediatric_questionnaire,Questionnaire Completed At,YES,internal,VARIABLE,redcap,v4,NO,YES,
generic_voice_outcome_survey_schema,pediatric_voice_outcome_survey,peds_os_duration,peds_os_duration,pediatric_questionnaire,"Total time, in seconds, taken by the participant to complete the pediatric outcome survey.",NO,release,VARIABLE,redcap,pre-v4,NO,NO,
generic_voice_outcome_survey_schema,pediatric_voice_outcome_survey,peds_os_interfered_activities,peds_os_interfered_activities,pediatric_questionnaire,"Extent to which, over the past 2 weeks, your child's voice has interfered with normal social activities or school, recorded as a Likert-style response from no interference to extreme interference.",NO,release,VARIABLE,redcap,pre-v4,NO,NO,
generic_voice_outcome_survey_schema,pediatric_voice_outcome_survey,peds_os_language,peds_os_language,pediatric_questionnaire,Peds Voice Outcome Survey - Language,NO,drop,VARIABLE,redcap,v4,NO,NO,
generic_voice_outcome_survey_schema,pediatric_voice_outcome_survey,peds_os_limit_understood,peds_os_limit_understood,pediatric_questionnaire,"Extent to which the child's voice limits their ability to be understood in a noisy area: Limited a lot, Limited a little, or Not limited at all.",NO,release,VARIABLE,redcap,pre-v4,NO,NO,
generic_voice_outcome_survey_schema,pediatric_voice_outcome_survey,peds_os_origin,peds_os_origin,pediatric_questionnaire,Peds Voice Outcome Survey - origin,NO,internal,VARIABLE,redcap,v4,NO,NO,
generic_voice_outcome_survey_schema,pediatric_voice_outcome_survey,peds_os_session_id,peds_os_session_id,pediatric_questionnaire,"Ordinal index of the session within the participant, numbered in session order (e.g., 01, 02). An ordinal missing from a participant's released records denotes a session with no released data.",NO,release,VARIABLE,redcap,pre-v4,NO,NO,
generic_voice_outcome_survey_schema,pediatric_voice_outcome_survey,peds_os_started_at,peds_os_started_at,pediatric_questionnaire,Questionnaire Started At,YES,internal,VARIABLE,redcap,v4,NO,YES,
generic_voice_outcome_survey_schema,pediatric_voice_outcome_survey,peds_os_straining,peds_os_straining,pediatric_questionnaire,"Parent-reported degree to which the child appears to strain when speaking because of a voice problem: Not at all, A little bit, Moderately, Quite a bit, or Extremely.",NO,release,VARIABLE,redcap,pre-v4,NO,NO,
generic_voice_outcome_survey_schema,pediatric_voice_outcome_survey,peds_os_trouble_food_iquids,peds_os_trouble_food_iquids,pediatric_questionnaire,"Frequency with which the child coughs because food or liquids ""go down the wrong pipe"" while eating or drinking, recorded on a frequency response scale (e.g., never to always).",NO,release,VARIABLE,redcap,pre-v4,NO,NO,
generic_voice_outcome_survey_schema,pediatric_voice_outcome_survey,peds_os_via,peds_os_via,pediatric_questionnaire,Peds Voice Outcome Survey - via,NO,internal,VARIABLE,redcap,v4,NO,NO,
generic_voice_related_qol_survey_schema,pediatric_voice_related_qol_survey,peds_qol_anxious_frustrated,peds_qol_anxious_frustrated,pediatric_questionnaire,"How much of a problem it has been over the last 2 weeks that the child (or teenage respondent) is sometimes anxious or frustrated because of their voice, rated as None, not a problem; A small amount; A moderate amount; A lot; Problem is ""as bad as it can be""; or Not applicable.",NO,release,VARIABLE,redcap,pre-v4,NO,NO,
generic_voice_related_qol_survey_schema,pediatric_voice_related_qol_survey,peds_qol_come_out_speaking,peds_qol_come_out_speaking,pediatric_questionnaire,"How much of a problem it is over the last 2 weeks that the child (or teen respondent) sometimes does not know what will come out when beginning to speak, from None, not a problem to Problem is 'as bad as it can be', or Not applicable.",NO,release,VARIABLE,redcap,pre-v4,NO,NO,
generic_voice_related_qol_survey_schema,pediatric_voice_related_qol_survey,peds_qol_completed_at,peds_qol_completed_at,pediatric_questionnaire,Questionnaire Completed At,YES,internal,VARIABLE,redcap,v4,NO,YES,
generic_voice_related_qol_survey_schema,pediatric_voice_related_qol_survey,peds_qol_depressed,peds_qol_depressed,pediatric_questionnaire,"How much of a problem it has been over the last 2 weeks that the child (or teenage respondent) is sometimes depressed because of their voice, rated as None, not a problem; A small amount; A moderate amount; A lot; Problem is ""as bad as it can be""; or Not applicable.",NO,release,VARIABLE,redcap,pre-v4,NO,NO,
generic_voice_related_qol_survey_schema,pediatric_voice_related_qol_survey,peds_qol_duration,peds_qol_duration,pediatric_questionnaire,Total time (in seconds) the participant took to complete the Generic Voice-Related Quality of Life questionnaire.,NO,release,VARIABLE,redcap,pre-v4,NO,NO,
generic_voice_related_qol_survey_schema,pediatric_voice_related_qol_survey,peds_qol_language,peds_qol_language,pediatric_questionnaire,Peds Voice Related QoL Survey - Language,NO,drop,VARIABLE,redcap,v4,NO,NO,
generic_voice_related_qol_survey_schema,pediatric_voice_related_qol_survey,peds_qol_less_outgoing,peds_qol_less_outgoing,pediatric_questionnaire,"How much of a problem it has been over the last 2 weeks that the child has become less outgoing because of their voice, rated as None, not a problem; A small amount; A moderate amount; A lot; Problem is ""as bad as it can be""; or Not applicable.",NO,release,VARIABLE,redcap,pre-v4,NO,NO,
generic_voice_related_qol_survey_schema,pediatric_voice_related_qol_survey,peds_qol_origin,peds_qol_origin,pediatric_questionnaire,Peds Voice Related QoL Survey - origin,NO,internal,VARIABLE,redcap,v4,NO,NO,
generic_voice_related_qol_survey_schema,pediatric_voice_related_qol_survey,peds_qol_out_of_air,peds_qol_out_of_air,pediatric_questionnaire,"How much of a problem it has been over the last 2 weeks that the child (or teenage respondent) runs out of air and needs frequent breaths when talking, rated as None, not a problem; A small amount; A moderate amount; A lot; Problem is ""as bad as it can be""; or Not applicable.",NO,release,VARIABLE,redcap,pre-v4,NO,NO,
generic_voice_related_qol_survey_schema,pediatric_voice_related_qol_survey,peds_qol_repeat_understood,peds_qol_repeat_understood,pediatric_questionnaire,"How much of a problem it is over the last 2 weeks that the child (or teen respondent) has to repeat themselves to be understood, from None, not a problem to Problem is 'as bad as it can be', or Not applicable.",NO,release,VARIABLE,redcap,pre-v4,NO,NO,
generic_voice_related_qol_survey_schema,pediatric_voice_related_qol_survey,peds_qol_session_id,peds_qol_session_id,pediatric_questionnaire,"Ordinal index of the session within the participant, numbered in session order (e.g., 01, 02). An ordinal missing from a participant's released records denotes a session with no released data.",NO,release,VARIABLE,redcap,pre-v4,NO,NO,
generic_voice_related_qol_survey_schema,pediatric_voice_related_qol_survey,peds_qol_started_at,peds_qol_started_at,pediatric_questionnaire,Questionnaire Started At,YES,internal,VARIABLE,redcap,v4,NO,YES,
generic_voice_related_qol_survey_schema,pediatric_voice_related_qol_survey,peds_qol_trouble_doing_schoolwork,peds_qol_trouble_doing_schoolwork,pediatric_questionnaire,"How much of a problem it has been over the last 2 weeks that the child (or teenage respondent) has trouble doing schoolwork or a job because of their voice, rated as None, not a problem; A small amount; A moderate amount; A lot; Problem is ""as bad as it can be""; or Not applicable.",NO,release,VARIABLE,redcap,pre-v4,NO,NO,
generic_voice_related_qol_survey_schema,pediatric_voice_related_qol_survey,peds_qol_trouble_phone_speaking,peds_qol_trouble_phone_speaking,pediatric_questionnaire,"How much of a problem it has been over the last 2 weeks that the child (or teenage respondent) has trouble using the phone or speaking with friends in person, rated as None, not a problem; A small amount; A moderate amount; A lot; Problem is ""as bad as it can be""; or Not applicable.",NO,release,VARIABLE,redcap,pre-v4,NO,NO,
generic_voice_related_qol_survey_schema,pediatric_voice_related_qol_survey,peds_qol_trouble_speaking_heard,peds_qol_trouble_speaking_heard,pediatric_questionnaire,"How much of a problem it has been over the last 2 weeks that the child (or teenage respondent) has trouble speaking loudly or being heard in noisy situations, rated as None, not a problem; A small amount; A moderate amount; A lot; Problem is ""as bad as it can be""; or Not applicable.",NO,release,VARIABLE,redcap,pre-v4,NO,NO,
generic_voice_related_qol_survey_schema,pediatric_voice_related_qol_survey,peds_qol_via,peds_qol_via,pediatric_questionnaire,Peds Voice Related QoL Survey - via,NO,internal,VARIABLE,redcap,v4,NO,NO,
glottic_insufficiency_presbyphonia_schema,glottic_insufficiency,diagnois_gi_gsd,diagnosis_gi_gold_standard_diagnosis,diagnosis,"Clinician-confirmed gold-standard diagnosis of glottic insufficiency, confirmed by laryngoscopy or stroboscopy (yes or no).",NO,release,VARIABLE,redcap,pre-v4,NO,NO,
glottic_insufficiency_presbyphonia_schema,glottic_insufficiency,diagnosis_gi_d,diagnosis_gi_d,diagnosis,"Glottic insufficiency diagnosis: vocal fold atrophy related to aging (presbyphonia), vocal fold atrophy related to another cause, bilateral sulcus, or other.",NO,release,VARIABLE,redcap,pre-v4,NO,NO,
glottic_insufficiency_presbyphonia_schema,glottic_insufficiency,diagnosis_gi_d_aoc,diagnosis_gi_d_aoc,diagnosis,"Cause of the vocal fold atrophy (glottic insufficiency) when it is related to a cause other than aging: severe illness, rapid weight loss, hormonal changes, or other.",NO,release,VARIABLE,redcap,pre-v4,NO,NO,
glottic_insufficiency_presbyphonia_schema,glottic_insufficiency,diagnosis_gi_d_aoc_other,diagnosis_gi_d_aoc_other,diagnosis,"Other cause of vocal fold atrophy, glottic insufficiency",NO,review,VARIABLE,redcap,v4,NO,NO,
glottic_insufficiency_presbyphonia_schema,glottic_insufficiency,diagnosis_gi_d_other,diagnosis_gi_d_other,diagnosis,Other glottic insufficiency diagnosis,NO,review,VARIABLE,redcap,v4,NO,NO,
glottic_insufficiency_presbyphonia_schema,glottic_insufficiency,diagnosis_gi_degree_b_1,diagnosis_gi_degree_b_severity,diagnosis,"Breathiness rated on the CAPE-V 0–100 perceptual scale (anchors: mildly, moderately, severely deviant).",NO,release,VARIABLE,redcap,pre-v4,NO,NO,
glottic_insufficiency_presbyphonia_schema,glottic_insufficiency,diagnosis_gi_degree_b_2,diagnosis_gi_degree_b_consistency,diagnosis,Whether the breathiness rating was consistent or intermittent.,NO,release,VARIABLE,redcap,pre-v4,NO,NO,
glottic_insufficiency_presbyphonia_schema,glottic_insufficiency,diagnosis_gi_degree_comments,diagnosis_gi_degree_comments,diagnosis,"Clinician comment on vocal resonance in the glottic insufficiency assessment, recorded as Normal or Other; any specifics are in a separate 'please specify' field.",NO,release,VARIABLE,redcap,pre-v4,NO,NO,
glottic_insufficiency_presbyphonia_schema,glottic_insufficiency,diagnosis_gi_degree_comments_other,diagnosis_gi_degree_comments_other,diagnosis,"Other resonance comment, glottic insufficiency assessment",NO,review,VARIABLE,redcap,v4,NO,NO,
glottic_insufficiency_presbyphonia_schema,glottic_insufficiency,diagnosis_gi_degree_comments_other_2,diagnosis_gi_degree_comments_other_2,diagnosis,"Additional Features
(for example, diplophonia, fry, falsetto, asthenia, aphonia, pitch instability, tremor, wet/gurgly, or other relevant terms):",NO,review,VARIABLE,redcap,v4,NO,NO,
glottic_insufficiency_presbyphonia_schema,glottic_insufficiency,diagnosis_gi_degree_l_1,diagnosis_gi_degree_l_severity,diagnosis,"Loudness rated on the CAPE-V 0–100 perceptual scale (anchors: mildly, moderately, severely deviant).",NO,release,VARIABLE,redcap,pre-v4,NO,NO,
glottic_insufficiency_presbyphonia_schema,glottic_insufficiency,diagnosis_gi_degree_l_2,diagnosis_gi_degree_l_consistency,diagnosis,Whether the loudness rating was consistent or intermittent.,NO,release,VARIABLE,redcap,pre-v4,NO,NO,
glottic_insufficiency_presbyphonia_schema,glottic_insufficiency,diagnosis_gi_degree_l_nature,diagnosis_gi_degree_l_nature,diagnosis,Description of the nature of the loudness abnormality recorded in the glottic insufficiency CAPE-V dysphonia-severity assessment.,NO,review,VARIABLE,redcap,v4,NO,NO,
glottic_insufficiency_presbyphonia_schema,glottic_insufficiency,diagnosis_gi_degree_legend,diagnosis_gi_degree_legend,diagnosis,Legend: C- Sonsistent I = IntermittentMI = Mildly DeviantMO = Moderately DeviantSE = Severely Deviant,YES,drop,VARIABLE,redcap,pre-v4,NO,NO,
glottic_insufficiency_presbyphonia_schema,glottic_insufficiency,diagnosis_gi_degree_os_1,diagnosis_gi_degree_os_severity,diagnosis,"Overall severity rated on the CAPE-V 0–100 perceptual scale (anchors: mildly, moderately, severely deviant).",NO,release,VARIABLE,redcap,pre-v4,NO,NO,
glottic_insufficiency_presbyphonia_schema,glottic_insufficiency,diagnosis_gi_degree_os_2,diagnosis_gi_degree_os_consistency,diagnosis,Whether the overall severity rating was consistent or intermittent.,NO,release,VARIABLE,redcap,pre-v4,NO,NO,
glottic_insufficiency_presbyphonia_schema,glottic_insufficiency,diagnosis_gi_degree_p_1,diagnosis_gi_degree_p_severity,diagnosis,"Pitch rated on the CAPE-V 0–100 perceptual scale (anchors: mildly, moderately, severely deviant).",NO,release,VARIABLE,redcap,pre-v4,NO,NO,
glottic_insufficiency_presbyphonia_schema,glottic_insufficiency,diagnosis_gi_degree_p_2,diagnosis_gi_degree_p_consistency,diagnosis,Whether the pitch rating was consistent or intermittent.,NO,release,VARIABLE,redcap,pre-v4,NO,NO,
glottic_insufficiency_presbyphonia_schema,glottic_insufficiency,diagnosis_gi_degree_p_nature,diagnosis_gi_degree_p_nature,diagnosis,Description of the nature of the pitch abnormality recorded in the glottic insufficiency CAPE-V dysphonia-severity assessment.,NO,review,VARIABLE,redcap,v4,NO,NO,
glottic_insufficiency_presbyphonia_schema,glottic_insufficiency,diagnosis_gi_degree_r_1,diagnosis_gi_degree_r_severity,diagnosis,"Roughness rated on the CAPE-V 0–100 perceptual scale (anchors: mildly, moderately, severely deviant).",NO,release,VARIABLE,redcap,pre-v4,NO,NO,
glottic_insufficiency_presbyphonia_schema,glottic_insufficiency,diagnosis_gi_degree_r_2,diagnosis_gi_degree_r_consistency,diagnosis,Whether the roughness rating was consistent or intermittent.,NO,release,VARIABLE,redcap,pre-v4,NO,NO,
glottic_insufficiency_presbyphonia_schema,glottic_insufficiency,diagnosis_gi_degree_s_1,diagnosis_gi_degree_s_severity,diagnosis,"Strain rated on the CAPE-V 0–100 perceptual scale (anchors: mildly, moderately, severely deviant).",NO,release,VARIABLE,redcap,pre-v4,NO,NO,
glottic_insufficiency_presbyphonia_schema,glottic_insufficiency,diagnosis_gi_degree_s_2,diagnosis_gi_degree_s_consistency,diagnosis,Whether the strain rating was consistent or intermittent.,NO,release,VARIABLE,redcap,pre-v4,NO,NO,
glottic_insufficiency_presbyphonia_schema,glottic_insufficiency,diagnosis_gi_degree_text,diagnosis_gi_degree_text,diagnosis,"Degree of dysphonia

CAPE-V scale",YES,drop,VARIABLE,redcap,pre-v4,NO,NO,
glottic_insufficiency_presbyphonia_schema,glottic_insufficiency,diagnosis_gi_dogg,diagnosis_gi_dogg,diagnosis,"Assessed degree of glottic gap: small, moderate, or large.",NO,release,VARIABLE,redcap,pre-v4,NO,NO,
glottic_insufficiency_presbyphonia_schema,glottic_insufficiency,diagnosis_gi_slogg,diagnosis_gi_slogg,diagnosis,Please assess shape/location of glottic gap. Choose all that apply.,NO,release,VARIABLE,redcap,pre-v4,NO,NO,
glottic_insufficiency_presbyphonia_schema,glottic_insufficiency,diagnosis_gi_treatment,diagnosis_gi_treatment,diagnosis,"Indicates whether the participant has received any treatment for their glottic insufficiency/presbyphonia (e.g., voice therapy, surgery, injections), recorded as Yes or No.",NO,release,VARIABLE,redcap,pre-v4,NO,NO,
glottic_insufficiency_presbyphonia_schema,glottic_insufficiency,diagnosis_gi_treatment_other,diagnosis_gi_treatment_other,diagnosis,Other glottic insufficiency treatment,NO,review,VARIABLE,redcap,v4,NO,NO,
glottic_insufficiency_presbyphonia_schema,glottic_insufficiency,diagnosis_gi_treatment_select,diagnosis_gi_treatment_select,diagnosis,Select all that apply:,NO,release,VARIABLE,redcap,pre-v4,NO,NO,
harvard_sentences_schema,harvard_sentences,harvard_sentences_completed_at,harvard_sentences_completed_at,task,Questionnaire Completed At,YES,internal,VARIABLE,redcap,v4,NO,YES,
harvard_sentences_schema,harvard_sentences,harvard_sentences_duration,harvard_sentences_duration,task,Total elapsed time in seconds that the participant took to complete the Harvard sentences questionnaire.,NO,release,VARIABLE,redcap,pre-v4,NO,NO,
harvard_sentences_schema,harvard_sentences,harvard_sentences_language,harvard_sentences_language,task,Harvard Sentences - Language,NO,drop,VARIABLE,redcap,v4,NO,NO,
harvard_sentences_schema,harvard_sentences,harvard_sentences_list_order,harvard_sentences_list_order,task,"Comma-separated Harvard Sentences list numbers in the order presented during the session, e.g. 'List 3,List 25'.",NO,release,VARIABLE,redcap,pre-v4,NO,NO,
harvard_sentences_schema,harvard_sentences,harvard_sentences_origin,harvard_sentences_origin,task,Harvard Sentences - origin,NO,internal,VARIABLE,redcap,v4,NO,NO,
harvard_sentences_schema,harvard_sentences,harvard_sentences_recording_acoustic_task_id,harvard_sentences_recording_acoustic_task_id,task,"Unique identifier (UUID) of the Harvard sentences recording's acoustic task entry, linking it to the acoustic task record.",NO,release,VARIABLE,redcap,pre-v4,NO,NO,
harvard_sentences_schema,harvard_sentences,harvard_sentences_session_id,harvard_sentences_session_id,task,"Ordinal index of the session within the participant, numbered in session order (e.g., 01, 02). An ordinal missing from a participant's released records denotes a session with no released data.",NO,release,VARIABLE,redcap,pre-v4,NO,NO,
harvard_sentences_schema,harvard_sentences,harvard_sentences_started_at,harvard_sentences_started_at,task,Questionnaire Started At,YES,internal,VARIABLE,redcap,v4,NO,YES,
harvard_sentences_schema,harvard_sentences,harvard_sentences_via,harvard_sentences_via,task,Harvard Sentences - via,NO,internal,VARIABLE,redcap,v4,NO,NO,
healthy_developmentallytypical_childre_schema,,diagnosis_healthy_developmentally_typical_children_ci,diagnosis_healthy_developmentally_typical_children_ci,,Retired: this field's source activity was removed from b2ai-redcap2rs and is absent from the current REDCap data dictionary.,YES,drop,VARIABLE,redcap,pre-v4,NO,NO,
huntingtons_disease_schema,huntingtons_disease,diagnosis_hd_gsd,diagnosis_hd_gold_standard_diagnosis,diagnosis,Whether the participant has a gold-standard (clinician-confirmed) diagnosis of Huntington's disease.,NO,release,VARIABLE,redcap,pre-v4,NO,NO,
huntingtons_disease_schema,huntingtons_disease,diagnosis_hd_gsd_confirmation_method,diagnosis_hd_gold_standard_diagnosis_confirmation_method,diagnosis,How was this confirmed? Check all that apply,NO,release,VARIABLE,redcap,pre-v4,NO,NO,
huntingtons_disease_schema,huntingtons_disease,hd_activities_of_daily_living,hd_activities_of_daily_living,diagnosis,"Huntington's disease Total Functional Capacity rating of the participant's activities of daily living (0 = total care, 1 = gross tasks only, 2 = minimal impairment, 3 = normal).",NO,release,VARIABLE,redcap,pre-v4,NO,NO,
huntingtons_disease_schema,huntingtons_disease,hd_antidepressant_specify,hd_antidepressant_specify,diagnosis,Antidepressant selected. Please specify,NO,review,VARIABLE,redcap,v4,NO,NO,
huntingtons_disease_schema,huntingtons_disease,hd_any_treatment,hd_any_treatment,diagnosis,Whether the participant has undergone any treatment for Huntington's disease.,NO,release,VARIABLE,redcap,pre-v4,NO,NO,
huntingtons_disease_schema,huntingtons_disease,hd_cag_repeat_length,hd_cag_repeat_length,diagnosis,CAG repeat length reported for the participant.,NO,release,VARIABLE,redcap,pre-v4,NO,NO,
huntingtons_disease_schema,huntingtons_disease,hd_cag_repeat_length_known,hd_cag_repeat_length_known,diagnosis,Whether the participant's CAG repeat length is known.,NO,release,VARIABLE,redcap,pre-v4,NO,NO,
huntingtons_disease_schema,huntingtons_disease,hd_care_level,hd_care_level,diagnosis,"Huntington's disease Total Functional Capacity rating of the participant's care level (0 = full time skilled nursing, 1 = home or chronic care, 2 = home).",NO,release,VARIABLE,redcap,pre-v4,NO,NO,
huntingtons_disease_schema,huntingtons_disease,hd_confirmed_by_consistent_clinical_presentation,hd_confirmed_by_consistent_clinical_presentation,diagnosis,[DEPRECATED] Whether the participant's Huntington's disease was confirmed by consistent clinical presentation with a genetically confirmed family history.,YES,release,VARIABLE,redcap,pre-v4,NO,NO,
huntingtons_disease_schema,huntingtons_disease,hd_confirmed_by_genetic_testing,hd_confirmed_by_genetic_testing,diagnosis,[DEPRECATED] Whether the participant's Huntington's disease was confirmed by genetic testing.,YES,release,VARIABLE,redcap,pre-v4,NO,NO,
huntingtons_disease_schema,huntingtons_disease,hd_dcl,hd_dcl,diagnosis,Diagnostic Confidence Level (DCL) rated for the participant on the UHDRS motor exam.,NO,release,VARIABLE,redcap,pre-v4,NO,NO,
huntingtons_disease_schema,huntingtons_disease,hd_disease_subtype,hd_disease_subtype,diagnosis,"Huntington's disease onset subtype recorded for the participant (pediatric, juvenile, adult, or late onset, or unknown).",NO,release,VARIABLE,redcap,pre-v4,NO,NO,
huntingtons_disease_schema,huntingtons_disease,hd_domestic_chores,hd_domestic_chores,diagnosis,"Huntington's disease Total Functional Capacity rating of the participant's domestic chores (0 = unable, 1 = impaired, 2 = normal).",NO,release,VARIABLE,redcap,pre-v4,NO,NO,
huntingtons_disease_schema,huntingtons_disease,hd_finances,hd_finances,diagnosis,"Huntington's disease Total Functional Capacity rating of the participant's finances (0 = unable, 1 = major assistance, 2 = slight assistance, 3 = normal).",NO,release,VARIABLE,redcap,pre-v4,NO,NO,
huntingtons_disease_schema,huntingtons_disease,hd_medications_selection,hd_medications_selection,diagnosis,Please select all that apply and provide further details if available,NO,release,VARIABLE,redcap,pre-v4,NO,NO,
huntingtons_disease_schema,huntingtons_disease,hd_motor_exam,hd_motor_exam,diagnosis,Motor Exam,YES,drop,VARIABLE,redcap,pre-v4,NO,NO,
huntingtons_disease_schema,huntingtons_disease,hd_neuroleptic_specify,hd_neuroleptic_specify,diagnosis,Neuroleptic selected. Please specify,NO,review,VARIABLE,redcap,v4,NO,NO,
huntingtons_disease_schema,huntingtons_disease,hd_occupation,hd_occupation,diagnosis,"Huntington's disease Total Functional Capacity rating of the participant's occupation (0 = unable, 1 = marginal work only, 2 = reduced capacity for usual job, 3 = normal).",NO,release,VARIABLE,redcap,pre-v4,NO,NO,
huntingtons_disease_schema,huntingtons_disease,hd_slp_therapy_selection,hd_slp_therapy_selection,diagnosis,Prior or current SLP therapy selected. Please select all that apply:,NO,release,VARIABLE,redcap,pre-v4,NO,NO,
huntingtons_disease_schema,huntingtons_disease,hd_total,hd_total,diagnosis,UHDRS Total Functional Capacity score (0-13; higher = better function),NO,release,VARIABLE,redcap,pre-v4,YES,NO,
huntingtons_disease_schema,huntingtons_disease,hd_total_func_cap_rating_scale,hd_total_func_cap_rating_scale,diagnosis,HD Total Functional Capacity Rating Scale,YES,drop,VARIABLE,redcap,pre-v4,NO,NO,
huntingtons_disease_schema,huntingtons_disease,hd_type_of_treatment,hd_type_of_treatment,diagnosis,Please select the type of treatment:,NO,release,VARIABLE,redcap,pre-v4,NO,NO,
huntingtons_disease_schema,huntingtons_disease,hd_uhdrs_speech_training,hd_uhdrs_speech_training,diagnosis,UHDRS speech training value recorded for the participant.,NO,release,VARIABLE,redcap,pre-v4,NO,NO,
huntingtons_disease_schema,huntingtons_disease,hd_uhdrs_total_chorea_score,hd_uhdrs_total_chorea_score,diagnosis,UHDRS total chorea score recorded for the participant.,NO,release,VARIABLE,redcap,pre-v4,NO,NO,
huntingtons_disease_schema,huntingtons_disease,hd_uhdrs_total_motor_score,hd_uhdrs_total_motor_score,diagnosis,UHDRS total motor score recorded for the participant.,NO,release,VARIABLE,redcap,pre-v4,NO,NO,
huntingtons_disease_schema,huntingtons_disease,hd_vmat2_inhibitor_specify,hd_vmat2_inhibitor_specify,diagnosis,VMAT2 inhibitor selected. Please specify,NO,review,VARIABLE,redcap,v4,NO,NO,
laryngeal_cancer_schema,laryngeal_cancer,diagnois_lc_gsd_sll,diagnosis_lc_gold_standard_diagnosis_sll,diagnosis,[DEPRECATED] Whether the participant underwent laryngoscopy/stroboscopy confirming a suspicious laryngeal lesion.,YES,release,VARIABLE,redcap,pre-v4,NO,NO,
laryngeal_cancer_schema,laryngeal_cancer,diagnosis_as_ds_ccsr,diagnosis_as_ds_ccsr,diagnosis,"Rating of whether the participant's laryngeal cancer is causing stridor at rest: no stridor, or mild, moderate, or severe stridor.",NO,release,VARIABLE,redcap,pre-v4,NO,NO,
laryngeal_cancer_schema,laryngeal_cancer,diagnosis_lc_degree_b_1,diagnosis_lc_degree_b_severity,diagnosis,"Breathiness rated on the CAPE-V 0–100 perceptual scale (anchors: mildly, moderately, severely deviant).",NO,release,VARIABLE,redcap,pre-v4,NO,NO,
laryngeal_cancer_schema,laryngeal_cancer,diagnosis_lc_degree_b_2,diagnosis_lc_degree_b_consistency,diagnosis,Whether the breathiness rating was consistent or intermittent.,NO,release,VARIABLE,redcap,pre-v4,NO,NO,
laryngeal_cancer_schema,laryngeal_cancer,diagnosis_lc_degree_comments,diagnosis_lc_degree_comments,diagnosis,Resonance rating in the laryngeal cancer disease-severity assessment (normal or other).,YES,release,VARIABLE,redcap,pre-v4,NO,NO,
laryngeal_cancer_schema,laryngeal_cancer,diagnosis_lc_degree_comments_other,diagnosis_lc_degree_comments_other,diagnosis,"Other resonance comment, laryngeal cancer assessment",YES,review,VARIABLE,redcap,v4,NO,NO,
laryngeal_cancer_schema,laryngeal_cancer,diagnosis_lc_degree_comments_other_2,diagnosis_lc_degree_comments_other_2,diagnosis,"Additional Features
(for example, diplophonia, fry, falsetto, asthenia, aphonia, pitch instability, tremor, wet/gurgly, or other relevant terms):",YES,review,VARIABLE,redcap,v4,NO,NO,
laryngeal_cancer_schema,laryngeal_cancer,diagnosis_lc_degree_l_1,diagnosis_lc_degree_l_severity,diagnosis,"Loudness rated on the CAPE-V 0–100 perceptual scale (anchors: mildly, moderately, severely deviant).",NO,release,VARIABLE,redcap,pre-v4,NO,NO,
laryngeal_cancer_schema,laryngeal_cancer,diagnosis_lc_degree_l_2,diagnosis_lc_degree_l_consistency,diagnosis,Whether the loudness abnormality was consistent or intermittent in the laryngeal cancer dysphonia-severity assessment.,NO,release,VARIABLE,redcap,v4,NO,NO,
laryngeal_cancer_schema,laryngeal_cancer,diagnosis_lc_degree_l_nature,diagnosis_lc_degree_l_nature,diagnosis,"Loudness
(Indicate the nature of the abnormality):",NO,review,VARIABLE,redcap,v4,NO,NO,
laryngeal_cancer_schema,laryngeal_cancer,diagnosis_lc_degree_legend,diagnosis_lc_degree_legend,diagnosis,Legend: C- Sonsistent I = IntermittentMI = Mildly DeviantMO = Moderately DeviantSE = Severely Deviant,YES,drop,VARIABLE,redcap,pre-v4,NO,NO,
laryngeal_cancer_schema,laryngeal_cancer,diagnosis_lc_degree_os_1,diagnosis_lc_degree_os_severity,diagnosis,"Overall severity rated on the CAPE-V 0–100 perceptual scale (anchors: mildly, moderately, severely deviant).",NO,release,VARIABLE,redcap,pre-v4,NO,NO,
laryngeal_cancer_schema,laryngeal_cancer,diagnosis_lc_degree_os_2,diagnosis_lc_degree_os_consistency,diagnosis,Whether the overall severity rating was consistent or intermittent.,NO,release,VARIABLE,redcap,pre-v4,NO,NO,
laryngeal_cancer_schema,laryngeal_cancer,diagnosis_lc_degree_p_1,diagnosis_lc_degree_p_severity,diagnosis,"Pitch rated on the CAPE-V 0–100 perceptual scale (anchors: mildly, moderately, severely deviant).",NO,release,VARIABLE,redcap,pre-v4,NO,NO,
laryngeal_cancer_schema,laryngeal_cancer,diagnosis_lc_degree_p_2,diagnosis_lc_degree_p_consistency,diagnosis,Whether the pitch rating was consistent or intermittent.,NO,release,VARIABLE,redcap,pre-v4,NO,NO,
laryngeal_cancer_schema,laryngeal_cancer,diagnosis_lc_degree_p_nature,diagnosis_lc_degree_p_nature,diagnosis,"Pitch
(Indicate the nature of the abnormality):",NO,review,VARIABLE,redcap,v4,NO,NO,
laryngeal_cancer_schema,laryngeal_cancer,diagnosis_lc_degree_r_1,diagnosis_lc_degree_r_severity,diagnosis,"Roughness rated on the CAPE-V 0–100 perceptual scale (anchors: mildly, moderately, severely deviant).",NO,release,VARIABLE,redcap,pre-v4,NO,NO,
laryngeal_cancer_schema,laryngeal_cancer,diagnosis_lc_degree_r_2,diagnosis_lc_degree_r_consistency,diagnosis,Whether the roughness rating was consistent or intermittent.,NO,release,VARIABLE,redcap,pre-v4,NO,NO,
laryngeal_cancer_schema,laryngeal_cancer,diagnosis_lc_degree_s_1,diagnosis_lc_degree_s_severity,diagnosis,"Strain rated on the CAPE-V 0–100 perceptual scale (anchors: mildly, moderately, severely deviant).",NO,release,VARIABLE,redcap,pre-v4,NO,NO,
laryngeal_cancer_schema,laryngeal_cancer,diagnosis_lc_degree_s_2,diagnosis_lc_degree_s_consistency,diagnosis,Whether the strain rating was consistent or intermittent.,NO,release,VARIABLE,redcap,pre-v4,NO,NO,
laryngeal_cancer_schema,laryngeal_cancer,diagnosis_lc_degree_text,diagnosis_lc_degree_text,diagnosis,"What is the degree of dysphonia?

Clinician places slider between 0 and 100; indicates C or I. ""Indicate the nature.."" and Additional
features responses are free text. Comments about resonance: Indicate normal or Other, if other then free text",YES,drop,VARIABLE,redcap,pre-v4,NO,NO,
laryngeal_cancer_schema,laryngeal_cancer,diagnosis_lc_ds,diagnosis_lc_ds,diagnosis,"Which laryngeal structures are/were involved?
(Select all that apply).",NO,release,VARIABLE,redcap,pre-v4,NO,NO,
laryngeal_cancer_schema,laryngeal_cancer,diagnosis_lc_ds_m_stage,diagnosis_lc_ds_m_stage,diagnosis,AJCC M stage of the laryngeal cancer: M0 (no distant metastasis) or M1 (any distant metastasis).,NO,release,VARIABLE,redcap,pre-v4,NO,NO,
laryngeal_cancer_schema,laryngeal_cancer,diagnosis_lc_ds_n_ref,diagnosis_lc_ds_n_ref,diagnosis,Please see Table for reference:,YES,drop,VARIABLE,redcap,pre-v4,NO,NO,
laryngeal_cancer_schema,laryngeal_cancer,diagnosis_lc_ds_n_stage,diagnosis_lc_ds_n_stage,diagnosis,"AJCC N stage of the laryngeal cancer (regional lymph node involvement), recorded as N0, N1, N2a, N2b, N2c, N3, or Unknown yet.",NO,release,VARIABLE,redcap,pre-v4,NO,NO,
laryngeal_cancer_schema,laryngeal_cancer,diagnosis_lc_ds_t_ref,diagnosis_lc_ds_t_ref,diagnosis,Please see the table for reference:,YES,drop,VARIABLE,redcap,pre-v4,NO,NO,
laryngeal_cancer_schema,laryngeal_cancer,diagnosis_lc_ds_t_stage,diagnosis_lc_ds_t_stage,diagnosis,"AJCC T stage of the laryngeal cancer, recorded as Tis (carcinoma in situ), T1a, T1b, T2, T3, T4a, T4b, or Unknown yet.",NO,release,VARIABLE,redcap,pre-v4,NO,NO,
laryngeal_cancer_schema,laryngeal_cancer,diagnosis_lc_etiology,diagnosis_lc_etiology,diagnosis,"Check any risk factors of this participant in relation to their laryngeal cancer.
(Select all that apply).",NO,release,VARIABLE,redcap,pre-v4,NO,NO,
laryngeal_cancer_schema,laryngeal_cancer,diagnosis_lc_etiology_other,diagnosis_lc_etiology_other,diagnosis,"Other harmful substance exposure, laryngeal cancer risk factor",NO,review,VARIABLE,redcap,v4,NO,NO,
laryngeal_cancer_schema,laryngeal_cancer,diagnosis_lc_gsd,diagnosis_lc_gold_standard_diagnosis,diagnosis,Clinician-confirmed gold-standard diagnosis of laryngeal cancer (yes or no).,NO,release,VARIABLE,redcap,pre-v4,NO,NO,
laryngeal_cancer_schema,laryngeal_cancer,diagnosis_lc_gsd_bpr,diagnosis_lc_gold_standard_diagnosis_bpr,diagnosis,[DEPRECATED] Whether the participant has laryngeal cancer confirmed by biopsy/pathology report.,YES,release,VARIABLE,redcap,pre-v4,NO,NO,
laryngeal_cancer_schema,laryngeal_cancer,diagnosis_lc_gsd_confirmation_method,diagnosis_lc_gold_standard_diagnosis_confirmation_method,diagnosis,How was this confirmed? Check all that apply,NO,release,VARIABLE,redcap,pre-v4,NO,NO,
laryngeal_cancer_schema,laryngeal_cancer,diagnosis_lc_gsd_uots,diagnosis_lc_gold_standard_diagnosis_uots,diagnosis,"Did the participant undergo other types of scans?
(Select all that apply).",NO,release,VARIABLE,redcap,pre-v4,NO,NO,
laryngeal_cancer_schema,laryngeal_cancer,diagnosis_lc_treatment,diagnosis_lc_treatment,diagnosis,"Indicates whether the participant has undergone any treatment for their laryngeal cancer (response: ""yes"" or ""no"").",NO,release,VARIABLE,redcap,pre-v4,NO,NO,
laryngeal_cancer_schema,laryngeal_cancer,diagnosis_lc_treatment_other,diagnosis_lc_treatment_other,diagnosis,Other laryngeal cancer treatment,NO,review,VARIABLE,redcap,v4,NO,NO,
laryngeal_cancer_schema,laryngeal_cancer,diagnosis_lc_treatment_s,diagnosis_lc_treatment_s,diagnosis,Surgery,NO,release,VARIABLE,redcap,pre-v4,NO,NO,
laryngeal_cancer_schema,laryngeal_cancer,diagnosis_lc_treatment_select,diagnosis_lc_treatment_select,diagnosis,Select all that apply:,NO,release,VARIABLE,redcap,pre-v4,NO,NO,
laryngeal_dystonia_schema,laryngeal_dystonia,diagnosis_ld_assessment,diagnosis_ld_assessment,diagnosis,"Did the participant have the following assessment?
(Select all that apply).",NO,release,VARIABLE,redcap,pre-v4,NO,NO,
laryngeal_dystonia_schema,laryngeal_dystonia,diagnosis_ld_degree_b_1,diagnosis_ld_degree_b_severity,diagnosis,"Breathiness rated on the CAPE-V 0–100 perceptual scale (anchors: mildly, moderately, severely deviant).",NO,release,VARIABLE,redcap,pre-v4,NO,NO,
laryngeal_dystonia_schema,laryngeal_dystonia,diagnosis_ld_degree_b_2,diagnosis_ld_degree_b_consistency,diagnosis,Whether the breathiness rating was consistent or intermittent.,NO,release,VARIABLE,redcap,pre-v4,NO,NO,
laryngeal_dystonia_schema,laryngeal_dystonia,diagnosis_ld_degree_comments,diagnosis_ld_degree_comments,diagnosis,"Clinician comment on vocal resonance in the laryngeal dystonia assessment, recorded as Normal or Other; any specifics are in a separate 'please specify' field.",NO,release,VARIABLE,redcap,pre-v4,NO,NO,
laryngeal_dystonia_schema,laryngeal_dystonia,diagnosis_ld_degree_comments_other,diagnosis_ld_degree_comments_other,diagnosis,"Other resonance comment, laryngeal dystonia assessment",NO,review,VARIABLE,redcap,v4,NO,NO,
laryngeal_dystonia_schema,laryngeal_dystonia,diagnosis_ld_degree_comments_other_2,diagnosis_ld_degree_comments_other_2,diagnosis,"Additional voice-quality features noted in the laryngeal dystonia disease-severity assessment (e.g., diplophonia, fry, falsetto, asthenia, aphonia, pitch instability, tremor, wet/gurgly).",NO,review,VARIABLE,redcap,v4,NO,NO,
laryngeal_dystonia_schema,laryngeal_dystonia,diagnosis_ld_degree_l_1,diagnosis_ld_degree_l_severity,diagnosis,"Loudness rated on the CAPE-V 0–100 perceptual scale (anchors: mildly, moderately, severely deviant).",NO,release,VARIABLE,redcap,pre-v4,NO,NO,
laryngeal_dystonia_schema,laryngeal_dystonia,diagnosis_ld_degree_l_2,diagnosis_ld_degree_l_consistency,diagnosis,Whether the loudness rating was consistent or intermittent.,NO,release,VARIABLE,redcap,pre-v4,NO,NO,
laryngeal_dystonia_schema,laryngeal_dystonia,diagnosis_ld_degree_l_nature,diagnosis_ld_degree_l_nature,diagnosis,Description of the nature of the loudness abnormality recorded in the laryngeal dystonia CAPE-V dysphonia-severity assessment.,NO,review,VARIABLE,redcap,v4,NO,NO,
laryngeal_dystonia_schema,laryngeal_dystonia,diagnosis_ld_degree_legend,diagnosis_ld_degree_legend,diagnosis,Legend:C- Sonsistent I = IntermittentMI = Mildly DeviantMO = Moderately DeviantSE = Severely Deviant,YES,drop,VARIABLE,redcap,pre-v4,NO,NO,
laryngeal_dystonia_schema,laryngeal_dystonia,diagnosis_ld_degree_os_1,diagnosis_ld_degree_os_severity,diagnosis,"Overall severity rated on the CAPE-V 0–100 perceptual scale (anchors: mildly, moderately, severely deviant).",NO,release,VARIABLE,redcap,pre-v4,NO,NO,
laryngeal_dystonia_schema,laryngeal_dystonia,diagnosis_ld_degree_os_2,diagnosis_ld_degree_os_consistency,diagnosis,Whether the overall severity rating was consistent or intermittent.,NO,release,VARIABLE,redcap,pre-v4,NO,NO,
laryngeal_dystonia_schema,laryngeal_dystonia,diagnosis_ld_degree_p_1,diagnosis_ld_degree_p_severity,diagnosis,"Pitch rated on the CAPE-V 0–100 perceptual scale (anchors: mildly, moderately, severely deviant).",NO,release,VARIABLE,redcap,pre-v4,NO,NO,
laryngeal_dystonia_schema,laryngeal_dystonia,diagnosis_ld_degree_p_2,diagnosis_ld_degree_p_consistency,diagnosis,Whether the pitch rating was consistent or intermittent.,NO,release,VARIABLE,redcap,pre-v4,NO,NO,
laryngeal_dystonia_schema,laryngeal_dystonia,diagnosis_ld_degree_p_nature,diagnosis_ld_degree_p_nature,diagnosis,Description of the nature of the pitch abnormality recorded in the laryngeal dystonia CAPE-V dysphonia-severity assessment.,NO,review,VARIABLE,redcap,v4,NO,NO,
laryngeal_dystonia_schema,laryngeal_dystonia,diagnosis_ld_degree_r_1,diagnosis_ld_degree_r_severity,diagnosis,"Roughness rated on the CAPE-V 0–100 perceptual scale (anchors: mildly, moderately, severely deviant).",NO,release,VARIABLE,redcap,pre-v4,NO,NO,
laryngeal_dystonia_schema,laryngeal_dystonia,diagnosis_ld_degree_r_2,diagnosis_ld_degree_r_consistency,diagnosis,Whether the roughness rating was consistent or intermittent.,NO,release,VARIABLE,redcap,pre-v4,NO,NO,
laryngeal_dystonia_schema,laryngeal_dystonia,diagnosis_ld_degree_s_1,diagnosis_ld_degree_s_severity,diagnosis,"Strain rated on the CAPE-V 0–100 perceptual scale (anchors: mildly, moderately, severely deviant).",NO,release,VARIABLE,redcap,pre-v4,NO,NO,
laryngeal_dystonia_schema,laryngeal_dystonia,diagnosis_ld_degree_s_2,diagnosis_ld_degree_s_consistency,diagnosis,Whether the strain rating was consistent or intermittent.,NO,release,VARIABLE,redcap,pre-v4,NO,NO,
laryngeal_dystonia_schema,laryngeal_dystonia,diagnosis_ld_degree_text,diagnosis_ld_degree_text,diagnosis,"Degree of dysphonia

CAPE-V scale",YES,drop,VARIABLE,redcap,pre-v4,NO,NO,
laryngeal_dystonia_schema,laryngeal_dystonia,diagnosis_ld_ds,diagnosis_ld_ds,diagnosis,"Disease Subtypes:
(Select all that apply)",NO,release,VARIABLE,redcap,pre-v4,NO,NO,
laryngeal_dystonia_schema,laryngeal_dystonia,diagnosis_ld_etiology,diagnosis_ld_etiology,diagnosis,"Etiology of the participant's laryngeal dystonia: idiopathic, familial, trauma, unknown, or other.",NO,release,VARIABLE,redcap,pre-v4,NO,NO,
laryngeal_dystonia_schema,laryngeal_dystonia,diagnosis_ld_etiology_cc,diagnosis_ld_etiology_cc,diagnosis,"Does the participant have any of the following concomitant conditions?
(Select all that apply).",NO,release,VARIABLE,redcap,pre-v4,NO,NO,
laryngeal_dystonia_schema,laryngeal_dystonia,diagnosis_ld_etiology_cc_other,diagnosis_ld_etiology_cc_other,diagnosis,Other type of dystonia,NO,review,VARIABLE,redcap,v4,NO,NO,
laryngeal_dystonia_schema,laryngeal_dystonia,diagnosis_ld_etiology_other,diagnosis_ld_etiology_other,diagnosis,Other laryngeal dystonia etiology,NO,review,VARIABLE,redcap,v4,NO,NO,
laryngeal_dystonia_schema,laryngeal_dystonia,diagnosis_ld_gsd,diagnosis_ld_gold_standard_diagnosis,diagnosis,"Clinician-confirmed gold-standard diagnosis of laryngeal dystonia, determined by qualitative expert team evaluation (yes or no).",NO,release,VARIABLE,redcap,pre-v4,NO,NO,
laryngeal_dystonia_schema,laryngeal_dystonia,diagnosis_ld_qete,diagnosis_ld_qete,diagnosis,"[DEPRECATED]
Does the participant have laryngeal dystonia as determined by qualitative expert team evaluation?
(Select all that apply).",YES,release,VARIABLE,redcap,pre-v4,NO,NO,
laryngeal_dystonia_schema,laryngeal_dystonia,diagnosis_ld_treatment,diagnosis_ld_treatment,diagnosis,"Indicates whether the participant has received any treatment for their laryngeal dystonia (Yes/No), for example botulinum toxin injections, voice therapy, or surgery.",NO,release,VARIABLE,redcap,pre-v4,NO,NO,
laryngeal_dystonia_schema,laryngeal_dystonia,diagnosis_ld_treatment_bi_li,diagnosis_ld_treatment_bi_li,diagnosis,"Time since the participant's last laryngeal dystonia injection, entered as a number of weeks ago.",NO,release,VARIABLE,redcap,pre-v4,NO,NO,
laryngeal_dystonia_schema,laryngeal_dystonia,diagnosis_ld_treatment_other,diagnosis_ld_treatment_other,diagnosis,Other laryngeal dystonia treatment,NO,review,VARIABLE,redcap,v4,NO,NO,
laryngeal_dystonia_schema,laryngeal_dystonia,diagnosis_ld_treatment_select,diagnosis_ld_treatment_select,diagnosis,What treatments did the participant undergo? (Select all that apply):,NO,release,VARIABLE,redcap,pre-v4,NO,NO,
laryngitis_schema,laryngitis,diagnosis_l_acute_or_chronic,diagnosis_l_acute_or_chronic,diagnosis,Indicates whether the participant's laryngitis is classified as acute or chronic (response options: 'acute' or 'chronic').,NO,release,VARIABLE,redcap,pre-v4,NO,NO,
laryngitis_schema,laryngitis,diagnosis_l_degree_b_1,diagnosis_l_degree_b_severity,diagnosis,"Breathiness rated on the CAPE-V 0–100 perceptual scale (anchors: mildly, moderately, severely deviant).",NO,release,VARIABLE,redcap,pre-v4,NO,NO,
laryngitis_schema,laryngitis,diagnosis_l_degree_b_2,diagnosis_l_degree_b_consistency,diagnosis,Whether the breathiness rating was consistent or intermittent.,NO,release,VARIABLE,redcap,pre-v4,NO,NO,
laryngitis_schema,laryngitis,diagnosis_l_degree_comments,diagnosis_l_degree_comments,diagnosis,Resonance rating recorded as Normal or Other.,NO,release,VARIABLE,redcap,pre-v4,NO,NO,
laryngitis_schema,laryngitis,diagnosis_l_degree_comments_other,diagnosis_l_degree_comments_other,diagnosis,"Other resonance comment, laryngitis assessment",NO,review,VARIABLE,redcap,v4,NO,NO,
laryngitis_schema,laryngitis,diagnosis_l_degree_comments_other_2,diagnosis_l_degree_comments_other_2,diagnosis,"Additional Features
(for example, diplophonia, fry, falsetto, asthenia, aphonia, pitch instability, tremor, wet/gurgly, or other relevant terms):",NO,review,VARIABLE,redcap,v4,NO,NO,
laryngitis_schema,laryngitis,diagnosis_l_degree_l_1,diagnosis_l_degree_l_severity,diagnosis,"Loudness rated on the CAPE-V 0–100 perceptual scale (anchors: mildly, moderately, severely deviant).",NO,release,VARIABLE,redcap,pre-v4,NO,NO,
laryngitis_schema,laryngitis,diagnosis_l_degree_l_2,diagnosis_l_degree_l_consistency,diagnosis,Whether the loudness rating was consistent or intermittent.,NO,release,VARIABLE,redcap,pre-v4,NO,NO,
laryngitis_schema,laryngitis,diagnosis_l_degree_l_nature,diagnosis_l_degree_l_nature,diagnosis,"Loudness
(Indicate the nature of the abnormality):",NO,review,VARIABLE,redcap,v4,NO,NO,
laryngitis_schema,laryngitis,diagnosis_l_degree_legend,diagnosis_l_degree_legend,diagnosis,Legend:C- Sonsistent I = IntermittentMI = Mildly DeviantMO = Moderately DeviantSE = Severely Deviant,YES,drop,VARIABLE,redcap,pre-v4,NO,NO,
laryngitis_schema,laryngitis,diagnosis_l_degree_os_1,diagnosis_l_degree_os_severity,diagnosis,"Overall severity rated on the CAPE-V 0–100 perceptual scale (anchors: mildly, moderately, severely deviant).",NO,release,VARIABLE,redcap,pre-v4,NO,NO,
laryngitis_schema,laryngitis,diagnosis_l_degree_os_2,diagnosis_l_degree_os_consistency,diagnosis,Whether the overall severity rating was consistent or intermittent.,NO,release,VARIABLE,redcap,pre-v4,NO,NO,
laryngitis_schema,laryngitis,diagnosis_l_degree_p_1,diagnosis_l_degree_p_severity,diagnosis,"Pitch rated on the CAPE-V 0–100 perceptual scale (anchors: mildly, moderately, severely deviant).",NO,release,VARIABLE,redcap,pre-v4,NO,NO,
laryngitis_schema,laryngitis,diagnosis_l_degree_p_2,diagnosis_l_degree_p_consistency,diagnosis,Whether the pitch rating was consistent or intermittent.,NO,release,VARIABLE,redcap,pre-v4,NO,NO,
laryngitis_schema,laryngitis,diagnosis_l_degree_p_nature,diagnosis_l_degree_p_nature,diagnosis,"Pitch
(Indicate the nature of the abnormality):",NO,review,VARIABLE,redcap,v4,NO,NO,
laryngitis_schema,laryngitis,diagnosis_l_degree_r_1,diagnosis_l_degree_r_severity,diagnosis,"Roughness rated on the CAPE-V 0–100 perceptual scale (anchors: mildly, moderately, severely deviant).",NO,release,VARIABLE,redcap,pre-v4,NO,NO,
laryngitis_schema,laryngitis,diagnosis_l_degree_r_2,diagnosis_l_degree_r_consistency,diagnosis,Whether the roughness rating was consistent or intermittent.,NO,release,VARIABLE,redcap,pre-v4,NO,NO,
laryngitis_schema,laryngitis,diagnosis_l_degree_s_1,diagnosis_l_degree_s_severity,diagnosis,"Strain rated on the CAPE-V 0–100 perceptual scale (anchors: mildly, moderately, severely deviant).",NO,release,VARIABLE,redcap,pre-v4,NO,NO,
laryngitis_schema,laryngitis,diagnosis_l_degree_s_2,diagnosis_l_degree_s_consistency,diagnosis,Whether the strain rating was consistent or intermittent.,NO,release,VARIABLE,redcap,pre-v4,NO,NO,
laryngitis_schema,laryngitis,diagnosis_l_degree_text,diagnosis_l_degree_text,diagnosis,"Degree of dysphonia

CAPE-V scale",YES,drop,VARIABLE,redcap,pre-v4,NO,NO,
laryngitis_schema,laryngitis,diagnosis_l_determined_by,diagnosis_l_determined_by,diagnosis,Determined by (Select all that apply):,NO,release,VARIABLE,redcap,pre-v4,NO,NO,
laryngitis_schema,laryngitis,diagnosis_l_determined_by_other,diagnosis_l_determined_by_other,diagnosis,Other provider who determined the laryngitis diagnosis,NO,review,VARIABLE,redcap,v4,NO,NO,
laryngitis_schema,laryngitis,diagnosis_l_etiology,diagnosis_l_etiology,diagnosis,What is the etiology?,NO,release,VARIABLE,redcap,pre-v4,NO,NO,
laryngitis_schema,laryngitis,diagnosis_l_etiology_ei,diagnosis_l_etiology_ei,diagnosis,"Environmental irritants:
(Select all that apply).",NO,release,VARIABLE,redcap,pre-v4,NO,NO,
laryngitis_schema,laryngitis,diagnosis_l_etiology_ei_oi,diagnosis_l_etiology_ei_oi,diagnosis,Please specify,NO,review,VARIABLE,redcap,v4,NO,NO,
laryngitis_schema,laryngitis,diagnosis_l_etiology_infection,diagnosis_l_etiology_infection,diagnosis,"Infection:
(Select all that apply).",NO,release,VARIABLE,redcap,pre-v4,NO,NO,
laryngitis_schema,laryngitis,diagnosis_l_etiology_other,diagnosis_l_etiology_other,diagnosis,Other laryngitis etiology,NO,review,VARIABLE,redcap,v4,NO,NO,
laryngitis_schema,laryngitis,diagnosis_l_gsd,diagnosis_l_gold_standard_diagnosis,diagnosis,"Clinician-confirmed gold-standard diagnosis of laryngitis, confirmed by laryngoscopy or stroboscopy (yes or no).",NO,release,VARIABLE,redcap,pre-v4,NO,NO,
laryngitis_schema,laryngitis,diagnosis_l_sd,diagnosis_l_sd,diagnosis,Number of weeks the participant's laryngitis symptoms have been present.,NO,release,VARIABLE,redcap,pre-v4,NO,NO,
laryngitis_schema,laryngitis,diagnosis_l_sd_known,diagnosis_l_sd_known,diagnosis,"Whether the participant knows how long (in weeks) symptoms have been present, recorded as Yes or Not certain; the number of weeks is a separate field.",NO,release,VARIABLE,redcap,pre-v4,NO,NO,
laryngitis_schema,laryngitis,diagnosis_l_treatment,diagnosis_l_treatment,diagnosis,"Whether the participant has undergone any treatment for laryngitis, recorded as Yes or No.",NO,release,VARIABLE,redcap,pre-v4,NO,NO,
laryngitis_schema,laryngitis,diagnosis_l_treatment_mt,diagnosis_l_treatment_mt,diagnosis,"Medical treatment
(Select all that apply)",NO,release,VARIABLE,redcap,pre-v4,NO,NO,
laryngitis_schema,laryngitis,diagnosis_l_treatment_mt_other,diagnosis_l_treatment_mt_other,diagnosis,Other laryngitis medical treatment,NO,review,VARIABLE,redcap,v4,NO,NO,
laryngitis_schema,laryngitis,diagnosis_l_treatment_select,diagnosis_l_treatment_select,diagnosis,Select all that apply:,NO,release,VARIABLE,redcap,pre-v4,NO,NO,
leicester_cough_questionnaire_lcq_schema,leicester_cough_questionnaire,lcq_anxious,lcq_anxious,questionnaire,"How much of the time during the last 2 weeks the participant's cough made them feel anxious, rated on the Leicester Cough Questionnaire 1-7 scale from None of the time (1) to All of the time (7).",NO,release,VARIABLE,redcap,pre-v4,NO,NO,
leicester_cough_questionnaire_lcq_schema,leicester_cough_questionnaire,lcq_bout,lcq_bout,questionnaire,"How much of the time during the last 2 weeks the participant had coughing bouts (rated on the frequency scale, not as a count of bouts per day), rated on the Leicester Cough Questionnaire 1-7 scale from None of the time (1) to All of the time (7).",NO,release,VARIABLE,redcap,pre-v4,NO,NO,
leicester_cough_questionnaire_lcq_schema,leicester_cough_questionnaire,lcq_chest_stomach_pains,lcq_chest_stomach_pains,questionnaire,"How much of the time during the last 2 weeks the participant had chest or stomach pains as a result of their cough, rated on the Leicester Cough Questionnaire 1-7 scale from None of the time (1) to All of the time (7).",NO,release,VARIABLE,redcap,pre-v4,NO,NO,
leicester_cough_questionnaire_lcq_schema,leicester_cough_questionnaire,lcq_embarrassed,lcq_embarrassed,questionnaire,"How much of the time in the last 2 weeks the participant felt embarrassed by their cough, rated 1-7 from none of the time to all of the time.",NO,release,VARIABLE,redcap,pre-v4,NO,NO,
leicester_cough_questionnaire_lcq_schema,leicester_cough_questionnaire,lcq_energy,lcq_energy,questionnaire,"How much of the time in the last 2 weeks the participant had a lot of energy, from None of the time to All of the time (Leicester Cough Questionnaire, 7 levels).",NO,release,VARIABLE,redcap,pre-v4,NO,NO,
leicester_cough_questionnaire_lcq_schema,leicester_cough_questionnaire,lcq_exposure_paint,lcq_exposure_paint,questionnaire,"How often in the last 2 weeks exposure to paint or fumes made the participant cough, rated from None of the time to All of the time (1-7).",NO,release,VARIABLE,redcap,pre-v4,NO,NO,
leicester_cough_questionnaire_lcq_schema,leicester_cough_questionnaire,lcq_fed_up,lcq_fed_up,questionnaire,"How much of the time during the last 2 weeks the participant's cough made them feel fed up, rated on the Leicester Cough Questionnaire 1-7 scale from None of the time (1) to All of the time (7).",NO,release,VARIABLE,redcap,pre-v4,NO,NO,
leicester_cough_questionnaire_lcq_schema,leicester_cough_questionnaire,lcq_felt_in_control,lcq_felt_in_control,questionnaire,"How much of the time in the last 2 weeks the participant felt in control of their cough, from none of the time to all of the time (7-point scale).",NO,release,VARIABLE,redcap,pre-v4,NO,NO,
leicester_cough_questionnaire_lcq_schema,leicester_cough_questionnaire,lcq_frustrated,lcq_frustrated,questionnaire,"How much of the time during the last 2 weeks the participant's cough made them feel frustrated, rated on the Leicester Cough Questionnaire 1-7 scale from None of the time (1) to All of the time (7).",NO,release,VARIABLE,redcap,pre-v4,NO,NO,
leicester_cough_questionnaire_lcq_schema,leicester_cough_questionnaire,lcq_hoarse_voice,lcq_hoarse_voice,questionnaire,"How much of the time during the last 2 weeks the participant suffered from a hoarse voice as a result of their cough, rated on the Leicester Cough Questionnaire 1-7 scale from None of the time (1) to All of the time (7).",NO,release,VARIABLE,redcap,pre-v4,NO,NO,
leicester_cough_questionnaire_lcq_schema,leicester_cough_questionnaire,lcq_interfere_job,lcq_interfere_job,questionnaire,"How often in the last 2 weeks the participant's cough interfered with their job or other daily tasks, rated from None of the time to All of the time (1-7).",NO,release,VARIABLE,redcap,pre-v4,NO,NO,
leicester_cough_questionnaire_lcq_schema,leicester_cough_questionnaire,lcq_interfere_life,lcq_interfere_life,questionnaire,"How much of the time during the last 2 weeks the participant felt their cough interfered with the overall enjoyment of life, rated on the Leicester Cough Questionnaire 1-7 scale from None of the time (1) to All of the time (7).",NO,release,VARIABLE,redcap,pre-v4,NO,NO,
leicester_cough_questionnaire_lcq_schema,leicester_cough_questionnaire,lcq_interrupt_conversation,lcq_interrupt_conversation,questionnaire,"How much of the time during the last 2 weeks the participant's cough interrupted conversation or telephone calls, rated on the Leicester Cough Questionnaire 1-7 scale from None of the time (1) to All of the time (7).",NO,release,VARIABLE,redcap,pre-v4,NO,NO,
leicester_cough_questionnaire_lcq_schema,leicester_cough_questionnaire,lcq_other_people,lcq_other_people,questionnaire,"How much of the time during the last 2 weeks the participant was concerned that other people think something is wrong with them because of their cough, rated on the Leicester Cough Questionnaire 1-7 scale from None of the time (1) to All of the time (7).",NO,release,VARIABLE,redcap,pre-v4,NO,NO,
leicester_cough_questionnaire_lcq_schema,leicester_cough_questionnaire,lcq_partner,lcq_partner,questionnaire,"How much of the time during the last 2 weeks the participant felt their cough annoyed their partner, family, or friends, rated on the Leicester Cough Questionnaire 1-7 scale from None of the time (1) to All of the time (7).",NO,release,VARIABLE,redcap,pre-v4,NO,NO,
leicester_cough_questionnaire_lcq_schema,leicester_cough_questionnaire,lcq_serious_illness,lcq_serious_illness,questionnaire,"How much of the time during the last 2 weeks the participant worried that their cough may indicate a serious illness, rated on the Leicester Cough Questionnaire 1-7 scale from None of the time (1) to All of the time (7).",NO,release,VARIABLE,redcap,pre-v4,NO,NO,
leicester_cough_questionnaire_lcq_schema,leicester_cough_questionnaire,lcq_sleep,lcq_sleep,questionnaire,"Frequency over the last 2 weeks that the participant's cough disturbed their sleep, rated on a 1-7 scale from 1 (none of the time) to 7 (all of the time).",NO,release,VARIABLE,redcap,pre-v4,NO,NO,
leicester_cough_questionnaire_lcq_schema,leicester_cough_questionnaire,lcq_sputum_phlegm,lcq_sputum_phlegm,questionnaire,"How much of the time in the last 2 weeks the participant was bothered by sputum (phlegm) when coughing, from none of the time to all of the time (7-point scale).",NO,release,VARIABLE,redcap,pre-v4,NO,NO,
leicester_cough_questionnaire_lcq_schema,leicester_cough_questionnaire,lcq_tired,lcq_tired,questionnaire,"How much of the time during the last 2 weeks the participant felt tired because of their cough, rated on a seven-level scale from None of the time to All of the time.",NO,release,VARIABLE,redcap,pre-v4,NO,NO,
leicester_cough_questionnaire_lcq_schema,leicester_cough_questionnaire,leicester_cough_completed_at,leicester_cough_completed_at,questionnaire,Questionnaire Completed At,YES,internal,VARIABLE,redcap,v4,NO,YES,
leicester_cough_questionnaire_lcq_schema,leicester_cough_questionnaire,leicester_cough_duration,leicester_cough_duration,questionnaire,"Total time, in seconds, that the participant took to complete the Leicester Cough Questionnaire.",NO,release,VARIABLE,redcap,pre-v4,NO,NO,
leicester_cough_questionnaire_lcq_schema,leicester_cough_questionnaire,leicester_cough_language,leicester_cough_language,questionnaire,Leicester Cough Questionnaire (LCQ) - Language,NO,drop,VARIABLE,redcap,v4,NO,NO,
leicester_cough_questionnaire_lcq_schema,leicester_cough_questionnaire,leicester_cough_origin,leicester_cough_origin,questionnaire,Leicester Cough Questionnaire (LCQ) - origin,NO,internal,VARIABLE,redcap,v4,NO,NO,
leicester_cough_questionnaire_lcq_schema,leicester_cough_questionnaire,leicester_cough_session_id,leicester_cough_session_id,questionnaire,"Ordinal index of the session within the participant, numbered in session order (e.g., 01, 02). An ordinal missing from a participant's released records denotes a session with no released data.",NO,release,VARIABLE,redcap,pre-v4,NO,NO,
leicester_cough_questionnaire_lcq_schema,leicester_cough_questionnaire,leicester_cough_started_at,leicester_cough_started_at,questionnaire,Questionnaire Started At,YES,internal,VARIABLE,redcap,v4,NO,YES,
leicester_cough_questionnaire_lcq_schema,leicester_cough_questionnaire,leicester_cough_via,leicester_cough_via,questionnaire,Leicester Cough Questionnaire (LCQ) - via,NO,internal,VARIABLE,redcap,v4,NO,NO,
moca_schema,,moca_duo_pdf,moca_duo_pdf,,MoCA DUO PDF,YES,drop,VARIABLE,redcap,v4,NO,NO,
moca_schema,,moca_notes,moca_notes,,"Steps to download MoCA test results from the DUO app and upload them here:Export MoCA test results in .pdf format to your Sinai email ID from the MoCA DUO appOpen the pdf, enter the password (Rater's MoCA login password)Remove the password from the .pdf document and save it as a new document.How to remove a password from a .pdf using Adobe AcrobatOpen the PDF in Adobe Acrobat.Go to ""File"" > ""Properties"" > ""Security"".Choose ""No Security"" from the security method drop-down menu (you might need to enter the password).Save the document to apply changes.Upload the scanned pdf to Bridge2AI REDCap field below",YES,drop,VARIABLE,redcap,pre-v4,NO,NO,
moca_schema,,moca_pdf_uploaded_by,moca_pdf_uploaded_by,,MoCA DUO PDF Uploaded By,YES,drop,VARIABLE,redcap,v4,NO,NO,
muscle_tension_dysphonia_mtd_schema,muscle_tension_dysphonia,diagnosis_mtd_degree_b_1,diagnosis_mtd_degree_b_severity,diagnosis,"Breathiness rated on the CAPE-V 0–100 perceptual scale (anchors: mildly, moderately, severely deviant).",NO,release,VARIABLE,redcap,pre-v4,NO,NO,
muscle_tension_dysphonia_mtd_schema,muscle_tension_dysphonia,diagnosis_mtd_degree_b_2,diagnosis_mtd_degree_b_consistency,diagnosis,Whether the breathiness rating was consistent or intermittent.,NO,release,VARIABLE,redcap,pre-v4,NO,NO,
muscle_tension_dysphonia_mtd_schema,muscle_tension_dysphonia,diagnosis_mtd_degree_comments,diagnosis_mtd_degree_comments,diagnosis,Clinician comment category for vocal resonance in muscle tension dysphonia: Normal or Other (any specifics are recorded in a separate 'please specify' field).,NO,release,VARIABLE,redcap,pre-v4,NO,NO,
muscle_tension_dysphonia_mtd_schema,muscle_tension_dysphonia,diagnosis_mtd_degree_comments_other,diagnosis_mtd_degree_comments_other,diagnosis,Free-text resonance comment entered when 'Other' was selected in the muscle tension dysphonia disease-severity assessment.,NO,review,VARIABLE,redcap,v4,NO,NO,
muscle_tension_dysphonia_mtd_schema,muscle_tension_dysphonia,diagnosis_mtd_degree_comments_other_2,diagnosis_mtd_degree_comments_other_2,diagnosis,"Additional voice-quality features noted in the muscle tension dysphonia disease-severity assessment (e.g., diplophonia, fry, falsetto, asthenia, aphonia, pitch instability, tremor, wet/gurgly).",NO,review,VARIABLE,redcap,v4,NO,NO,
muscle_tension_dysphonia_mtd_schema,muscle_tension_dysphonia,diagnosis_mtd_degree_l_1,diagnosis_mtd_degree_l_severity,diagnosis,"Loudness rated on the CAPE-V 0–100 perceptual scale (anchors: mildly, moderately, severely deviant).",NO,release,VARIABLE,redcap,pre-v4,NO,NO,
muscle_tension_dysphonia_mtd_schema,muscle_tension_dysphonia,diagnosis_mtd_degree_l_2,diagnosis_mtd_degree_l_consistency,diagnosis,Whether the loudness rating was consistent or intermittent.,NO,release,VARIABLE,redcap,pre-v4,NO,NO,
muscle_tension_dysphonia_mtd_schema,muscle_tension_dysphonia,diagnosis_mtd_degree_l_nature,diagnosis_mtd_degree_l_nature,diagnosis,Description of the nature of the loudness abnormality recorded in the muscle tension dysphonia CAPE-V dysphonia-severity assessment.,YES,review,VARIABLE,redcap,pre-v4,NO,NO,
muscle_tension_dysphonia_mtd_schema,muscle_tension_dysphonia,diagnosis_mtd_degree_legend,diagnosis_mtd_degree_legend,diagnosis,Legend: C- Sonsistent I = IntermittentMI = Mildly DeviantMO = Moderately DeviantSE = Severely Deviant,YES,drop,VARIABLE,redcap,pre-v4,NO,NO,
muscle_tension_dysphonia_mtd_schema,muscle_tension_dysphonia,diagnosis_mtd_degree_os_1,diagnosis_mtd_degree_os_severity,diagnosis,"Overall severity rated on the CAPE-V 0–100 perceptual scale (anchors: mildly, moderately, severely deviant).",NO,release,VARIABLE,redcap,pre-v4,NO,NO,
muscle_tension_dysphonia_mtd_schema,muscle_tension_dysphonia,diagnosis_mtd_degree_os_2,diagnosis_mtd_degree_os_consistency,diagnosis,Whether the overall severity rating was consistent or intermittent.,NO,release,VARIABLE,redcap,pre-v4,NO,NO,
muscle_tension_dysphonia_mtd_schema,muscle_tension_dysphonia,diagnosis_mtd_degree_p_1,diagnosis_mtd_degree_p_severity,diagnosis,"Pitch rated on the CAPE-V 0–100 perceptual scale (anchors: mildly, moderately, severely deviant).",NO,release,VARIABLE,redcap,pre-v4,NO,NO,
muscle_tension_dysphonia_mtd_schema,muscle_tension_dysphonia,diagnosis_mtd_degree_p_2,diagnosis_mtd_degree_p_consistency,diagnosis,Whether the pitch rating was consistent or intermittent.,NO,release,VARIABLE,redcap,pre-v4,NO,NO,
muscle_tension_dysphonia_mtd_schema,muscle_tension_dysphonia,diagnosis_mtd_degree_p_nature,diagnosis_mtd_degree_p_nature,diagnosis,Description of the nature of the pitch abnormality recorded in the muscle tension dysphonia CAPE-V dysphonia-severity assessment.,YES,review,VARIABLE,redcap,pre-v4,NO,NO,
muscle_tension_dysphonia_mtd_schema,muscle_tension_dysphonia,diagnosis_mtd_degree_r_1,diagnosis_mtd_degree_r_severity,diagnosis,"Roughness rated on the CAPE-V 0–100 perceptual scale (anchors: mildly, moderately, severely deviant).",NO,release,VARIABLE,redcap,pre-v4,NO,NO,
muscle_tension_dysphonia_mtd_schema,muscle_tension_dysphonia,diagnosis_mtd_degree_r_2,diagnosis_mtd_degree_r_consistency,diagnosis,Whether the roughness rating was consistent or intermittent.,NO,release,VARIABLE,redcap,pre-v4,NO,NO,
muscle_tension_dysphonia_mtd_schema,muscle_tension_dysphonia,diagnosis_mtd_degree_s_1,diagnosis_mtd_degree_s_severity,diagnosis,"Strain rated on the CAPE-V 0–100 perceptual scale (anchors: mildly, moderately, severely deviant).",NO,release,VARIABLE,redcap,pre-v4,NO,NO,
muscle_tension_dysphonia_mtd_schema,muscle_tension_dysphonia,diagnosis_mtd_degree_s_2,diagnosis_mtd_degree_s_consistency,diagnosis,Whether the strain rating was consistent or intermittent.,NO,release,VARIABLE,redcap,pre-v4,NO,NO,
muscle_tension_dysphonia_mtd_schema,muscle_tension_dysphonia,diagnosis_mtd_degree_text,diagnosis_mtd_degree_text,diagnosis,Degree of dysphoniaCAPE-V scale,YES,drop,VARIABLE,redcap,pre-v4,NO,NO,
muscle_tension_dysphonia_mtd_schema,muscle_tension_dysphonia,diagnosis_mtd_ds,diagnosis_mtd_ds,diagnosis,"Muscle tension dysphonia subtype: primary (neck muscles tense, no abnormality in the larynx) or secondary (laryngeal abnormality causes overuse of other voice-production muscles).",NO,release,VARIABLE,redcap,pre-v4,NO,NO,
muscle_tension_dysphonia_mtd_schema,muscle_tension_dysphonia,diagnosis_mtd_etiology,diagnosis_mtd_etiology,diagnosis,What is the etiology? (Select all that apply),NO,release,VARIABLE,redcap,pre-v4,NO,NO,
muscle_tension_dysphonia_mtd_schema,muscle_tension_dysphonia,diagnosis_mtd_etiology_other,diagnosis_mtd_etiology_other,diagnosis,Free-text specification of the muscle tension dysphonia etiology when 'Other' was selected.,NO,review,VARIABLE,redcap,v4,NO,NO,
muscle_tension_dysphonia_mtd_schema,muscle_tension_dysphonia,diagnosis_mtd_gsd,diagnosis_mtd_gold_standard_diagnosis,diagnosis,Clinician-confirmed gold-standard diagnosis of muscle tension dysphonia (MTD) (yes or no).,NO,release,VARIABLE,redcap,pre-v4,NO,NO,
muscle_tension_dysphonia_mtd_schema,muscle_tension_dysphonia,diagnosis_mtd_gsd_assessments,diagnosis_mtd_gold_standard_diagnosis_assessments,diagnosis,Did the participant have any of the following assessments? (Select all that apply),NO,release,VARIABLE,redcap,pre-v4,NO,NO,
muscle_tension_dysphonia_mtd_schema,muscle_tension_dysphonia,diagnosis_mtd_gsd_evaluations,diagnosis_mtd_gold_standard_diagnosis_evaluations,diagnosis,"[DEPRECATED]
Determined by (Select all that apply):",YES,release,VARIABLE,redcap,pre-v4,NO,NO,
muscle_tension_dysphonia_mtd_schema,muscle_tension_dysphonia,diagnosis_mtd_gsd_evaluations_2,diagnosis_mtd_gold_standard_diagnosis_evaluations_2,diagnosis,How was this confirmed? Select all that apply:,NO,release,VARIABLE,redcap,pre-v4,NO,NO,
muscle_tension_dysphonia_mtd_schema,muscle_tension_dysphonia,diagnosis_mtd_treatment,diagnosis_mtd_treatment,diagnosis,Whether the participant has undergone treatment for muscle tension dysphonia (Yes/No).,NO,release,VARIABLE,redcap,pre-v4,NO,NO,
muscle_tension_dysphonia_mtd_schema,muscle_tension_dysphonia,diagnosis_mtd_treatment_other,diagnosis_mtd_treatment_other,diagnosis,Free-text specification of the muscle tension dysphonia treatment when 'Other' was selected.,NO,review,VARIABLE,redcap,v4,NO,NO,
muscle_tension_dysphonia_mtd_schema,muscle_tension_dysphonia,diagnosis_mtd_treatment_select,diagnosis_mtd_treatment_select,diagnosis,Select all that apply:,NO,release,VARIABLE,redcap,pre-v4,NO,NO,
panas_schema,panas,active,active,questionnaire,"Participant's general (trait) rating of feeling active on a 1-to-5 scale from never to always, on the PANAS affect schedule.",NO,release,VARIABLE,redcap,pre-v4,NO,NO,
panas_schema,panas,afraid,afraid,questionnaire,"Extent to which the participant generally feels afraid, rated on a 1-5 scale from 1 (never) to 5 (always).",NO,release,VARIABLE,redcap,pre-v4,NO,NO,
panas_schema,panas,alert,alert,questionnaire,"Self-reported extent to which the participant generally feels alert, thinking about how they normally feel, on a 1 (never) to 5 (always) scale.",NO,release,VARIABLE,redcap,pre-v4,NO,NO,
panas_schema,panas,ashamed,ashamed,questionnaire,"Self-rated extent to which the participant generally feels ashamed (PANAS item), from 1 (never) to 5 (always).",NO,release,VARIABLE,redcap,pre-v4,NO,NO,
panas_schema,panas,attentive,attentive,questionnaire,"Self-rated degree to which the participant generally feels attentive, on a 1-5 scale from 1 (never) to 5 (always).",NO,release,VARIABLE,redcap,pre-v4,NO,NO,
panas_schema,panas,determined,determined,questionnaire,"Self-rated degree to which the participant generally feels determined, on a 1-5 scale from 1 (never) to 5 (always).",NO,release,VARIABLE,redcap,pre-v4,NO,NO,
panas_schema,panas,hostile,hostile,questionnaire,"Self-rated degree to which the participant generally feels hostile, on a 1-5 scale from 1 (never) to 5 (always).",NO,release,VARIABLE,redcap,pre-v4,NO,NO,
panas_schema,panas,inspired,inspired,questionnaire,"Self-reported extent to which the participant generally feels inspired, thinking about how they normally feel, on a 1 (never) to 5 (always) scale.",NO,release,VARIABLE,redcap,pre-v4,NO,NO,
panas_schema,panas,nervous,nervous,questionnaire,"Extent to which the participant generally feels nervous, rated from 1 (never) to 5 (always).",NO,release,VARIABLE,redcap,pre-v4,NO,NO,
panas_schema,panas,panas_completed_at,panas_completed_at,questionnaire,Questionnaire Completed At,YES,internal,VARIABLE,redcap,v4,NO,YES,
panas_schema,panas,panas_duration,panas_duration,questionnaire,"Total elapsed time, in seconds, taken by the participant to complete the PANAS (Positive and Negative Affect Schedule) questionnaire.",NO,release,VARIABLE,redcap,pre-v4,NO,NO,
panas_schema,panas,panas_language,panas_language,questionnaire,PANAS - Language,NO,drop,VARIABLE,redcap,v4,NO,NO,
panas_schema,panas,panas_origin,panas_origin,questionnaire,PANAS - origin,NO,internal,VARIABLE,redcap,v4,NO,NO,
panas_schema,panas,panas_session_id,panas_session_id,questionnaire,"Ordinal index of the session within the participant, numbered in session order (e.g., 01, 02). An ordinal missing from a participant's released records denotes a session with no released data.",NO,release,VARIABLE,redcap,pre-v4,NO,NO,
panas_schema,panas,panas_started_at,panas_started_at,questionnaire,Questionnaire Started At,YES,internal,VARIABLE,redcap,v4,NO,YES,
panas_schema,panas,panas_via,panas_via,questionnaire,PANAS - via,NO,internal,VARIABLE,redcap,v4,NO,NO,
panas_schema,panas,upset,upset,questionnaire,"Self-rated extent to which the participant generally feels upset (PANAS item), from 1 (never) to 5 (always).",NO,release,VARIABLE,redcap,pre-v4,NO,NO,
parkinsons_disease_schema,parkinsons_disease,diagnosis_parkinsons_current_treatment_obtained,diagnosis_parkinsons_current_treatment_obtained,diagnosis,"Whether the participant is currently undergoing any treatment for Parkinson's disease, recorded as Yes or No.",NO,release,VARIABLE,redcap,pre-v4,NO,NO,
parkinsons_disease_schema,parkinsons_disease,diagnosis_parkinsons_current_treatment_obtained_yes,diagnosis_parkinsons_current_treatment_obtained_yes,diagnosis,Yes,NO,release,VARIABLE,redcap,pre-v4,NO,NO,
parkinsons_disease_schema,parkinsons_disease,diagnosis_parkinsons_current_treatment_obtained_yes_medications,diagnosis_parkinsons_current_treatment_obtained_yes_medications,diagnosis,Medications:,NO,release,VARIABLE,redcap,pre-v4,NO,NO,controlled
parkinsons_disease_schema,parkinsons_disease,diagnosis_parkinsons_current_treatment_obtained_yes_medications_other,diagnosis_parkinsons_current_treatment_obtained_yes_medications_other,diagnosis,"If you selected ""Other"", please specify:",NO,review,VARIABLE,redcap,v4,NO,NO,
parkinsons_disease_schema,parkinsons_disease,diagnosis_parkinsons_current_treatment_obtained_yes_npi,diagnosis_parkinsons_current_treatment_obtained_yes_npi,diagnosis,Non-pharmacological interventions:,NO,release,VARIABLE,redcap,pre-v4,NO,NO,
parkinsons_disease_schema,parkinsons_disease,diagnosis_parkinsons_current_treatment_obtained_yes_npi_dbs,diagnosis_parkinsons_current_treatment_obtained_yes_npi_dbs,diagnosis,What targets?,NO,release,VARIABLE,redcap,pre-v4,NO,NO,
parkinsons_disease_schema,parkinsons_disease,diagnosis_parkinsons_current_treatment_obtained_yes_npi_dbs_other,diagnosis_parkinsons_current_treatment_obtained_yes_npi_dbs_other,diagnosis,"If you selected ""Other"", please specify:",NO,review,VARIABLE,redcap,v4,NO,NO,
parkinsons_disease_schema,parkinsons_disease,diagnosis_parkinsons_current_treatment_obtained_yes_npi_other,diagnosis_parkinsons_current_treatment_obtained_yes_npi_other,diagnosis,"If you selected ""Other"", please specify:",NO,review,VARIABLE,redcap,v4,NO,NO,
parkinsons_disease_schema,parkinsons_disease,diagnosis_parkinsons_disease_subtype,diagnosis_parkinsons_disease_subtype,diagnosis,"Participant's Parkinsonian diagnosis type: idiopathic Parkinson's disease, multiple system atrophy, progressive supranuclear palsy, corticobasal degeneration, dementia with Lewy bodies, other or atypical parkinsonism, or not sure/undetermined.",NO,release,VARIABLE,redcap,pre-v4,NO,NO,
parkinsons_disease_schema,parkinsons_disease,diagnosis_parkinsons_disease_subtype_other,diagnosis_parkinsons_disease_subtype_other,diagnosis,Free-text specification of the participant's Parkinson's disease subtype when 'Other Parkinsonism or Atypical Parkinsonism' was selected.,NO,review,VARIABLE,redcap,v4,NO,NO,
parkinsons_disease_schema,parkinsons_disease,diagnosis_parkinsons_ds,diagnosis_parkinsons_ds,diagnosis,"Current Parkinson's disease stage on the Hoehn and Yahr scale, recorded as one of five labeled categories from Stage 1 (unilateral involvement only) to Stage 5 (wheelchair-bound or bedridden unless aided); no stage 0 or half stages.",NO,release,VARIABLE,redcap,pre-v4,NO,NO,
parkinsons_disease_schema,parkinsons_disease,diagnosis_parkinsons_etiology,diagnosis_parkinsons_etiology,diagnosis,"Suspected or known etiology of the participant's Parkinson's disease: idiopathic (unknown cause), familial, or environmental factors.",NO,release,VARIABLE,redcap,pre-v4,NO,NO,
parkinsons_disease_schema,parkinsons_disease,diagnosis_parkinsons_etiology_ef,diagnosis_parkinsons_etiology_ef,diagnosis,"If you selected ""Environmental Factors"", please specify if known:",NO,review,VARIABLE,redcap,v4,NO,NO,
parkinsons_disease_schema,parkinsons_disease,diagnosis_parkinsons_etiology_fpd,diagnosis_parkinsons_etiology_fpd,diagnosis,"If you selected ""Familial Parkinson's Disease"", please specify the genetic mutation if known:",NO,review,VARIABLE,redcap,v4,NO,NO,
parkinsons_disease_schema,parkinsons_disease,diagnosis_parkinsons_gsd,diagnosis_parkinsons_gold_standard_diagnosis,diagnosis,"Clinician-confirmed gold-standard diagnosis of Parkinson's disease (parkinsonism), recorded as Yes, No, or Not certain.",NO,release,VARIABLE,redcap,pre-v4,NO,NO,
parkinsons_disease_schema,parkinsons_disease,diagnosis_parkinsons_gsd_calculation,diagnosis_parkinsons_gold_standard_diagnosis_calculation,diagnosis,Calculated flag for whether PD diagnostic criteria are met (yes or no).,NO,release,VARIABLE,redcap,pre-v4,YES,NO,
parkinsons_disease_schema,parkinsons_disease,diagnosis_parkinsons_gsd_category_1,diagnosis_parkinsons_gold_standard_diagnosis_category_1,diagnosis,Category 1 - Parkinsonism,NO,release,VARIABLE,redcap,pre-v4,NO,NO,
parkinsons_disease_schema,parkinsons_disease,diagnosis_parkinsons_gsd_category_1_calculation,diagnosis_parkinsons_gold_standard_diagnosis_category_1_calculation,diagnosis,Calculated flag for whether PD Category 1 (parkinsonism) criteria are met (yes or no).,NO,release,VARIABLE,redcap,pre-v4,YES,NO,
parkinsons_disease_schema,parkinsons_disease,diagnosis_parkinsons_gsd_category_2,diagnosis_parkinsons_gold_standard_diagnosis_category_2,diagnosis,Category 2 - Exclusion criteria,NO,release,VARIABLE,redcap,pre-v4,NO,NO,
parkinsons_disease_schema,parkinsons_disease,diagnosis_parkinsons_gsd_category_2_calculation,diagnosis_parkinsons_gold_standard_diagnosis_category_2_calculation,diagnosis,"Calculated Parkinson's disease Category 2 (exclusion criteria) flag. Yes = no exclusion criteria are present (none of the nine red-flag items such as cerebellar abnormalities, supranuclear gaze palsy, or a normal DAT scan was checked); No = at least one exclusion criterion is present. Yes therefore supports the diagnosis.",NO,release,VARIABLE,redcap,pre-v4,YES,NO,
parkinsons_disease_schema,parkinsons_disease,diagnosis_parkinsons_gsd_category_3,diagnosis_parkinsons_gold_standard_diagnosis_category_3,diagnosis,Category 3 - Supportive criteria,NO,release,VARIABLE,redcap,pre-v4,NO,NO,
parkinsons_disease_schema,parkinsons_disease,diagnosis_parkinsons_gsd_category_3_calculation,diagnosis_parkinsons_gold_standard_diagnosis_category_3_calculation,diagnosis,"Calculated Parkinson's disease Category 3 (supportive criteria) flag. Yes = at least two of the four supportive features are present (clear beneficial response to dopaminergic therapy, levodopa-induced dyskinesia, limb rest tremor, or olfactory loss / cardiac sympathetic denervation on MIBG); No = fewer than two supportive features are present.",NO,release,VARIABLE,redcap,pre-v4,YES,NO,
parkinsons_disease_schema,parkinsons_disease,diagnosis_parkinsons_ma,diagnosis_parkinsons_ma,diagnosis,Indicates which validated motor assessment tool was used to assess the participant's Parkinson's disease: the Unified Parkinson's Disease Rating Scale (UPDRS) or another motor assessment tool.,NO,release,VARIABLE,redcap,pre-v4,NO,NO,
parkinsons_disease_schema,parkinsons_disease,diagnosis_parkinsons_ma_other,diagnosis_parkinsons_ma_other,diagnosis,Free-text specification of the motor assessment tool used when 'Other motor assessment tool' was selected.,NO,review,VARIABLE,redcap,v4,NO,NO,
parkinsons_disease_schema,parkinsons_disease,diagnosis_parkinsons_ma_updrs_part_i_score,diagnosis_parkinsons_ma_updrs_part_i_score,diagnosis,"Part I (Intellectual function, mood, behavior) score:",YES,review,VARIABLE,redcap,pre-v4,NO,NO,
parkinsons_disease_schema,parkinsons_disease,diagnosis_parkinsons_ma_updrs_part_ii_score,diagnosis_parkinsons_ma_updrs_part_ii_score,diagnosis,Part II (Activities of daily living) score:,YES,review,VARIABLE,redcap,pre-v4,NO,NO,
parkinsons_disease_schema,parkinsons_disease,diagnosis_parkinsons_ma_updrs_part_iii_score,diagnosis_parkinsons_ma_updrs_part_iii_score,diagnosis,UPDRS Part III (motor examination) score for the participant.,YES,review,VARIABLE,redcap,pre-v4,NO,NO,
parkinsons_disease_schema,parkinsons_disease,diagnosis_parkinsons_ma_updrs_part_iv_score,diagnosis_parkinsons_ma_updrs_part_iv_score,diagnosis,Part IV (Motor complications) score:,YES,review,VARIABLE,redcap,pre-v4,NO,NO,
parkinsons_disease_schema,parkinsons_disease,diagnosis_parkinsons_ma_uprds,diagnosis_parkinsons_ma_uprds,diagnosis,"Which part of the Unified Parkinson's Disease Rating Scale was scored for the participant: Part I (intellectual function, mood, behavior), Part II (activities of daily living), Part III (motor examination), or Part IV (motor complications); the part score is recorded in a separate field.",NO,release,VARIABLE,redcap,pre-v4,NO,NO,
parkinsons_disease_schema,parkinsons_disease,diagnosis_parkinsons_non_motor_symptoms,diagnosis_parkinsons_non_motor_symptoms,diagnosis,"Whether the participant has significant non-motor symptoms associated with Parkinson's disease, recorded as Yes or No.",NO,release,VARIABLE,redcap,pre-v4,NO,NO,
parkinsons_disease_schema,parkinsons_disease,diagnosis_parkinsons_non_motor_symptoms_yes,diagnosis_parkinsons_non_motor_symptoms_yes,diagnosis,"Free-text description of the participant's non-motor symptoms, entered when non-motor symptoms were reported.",NO,review,VARIABLE,redcap,v4,NO,NO,
parkinsons_disease_schema,parkinsons_disease,diagnosis_parkinsons_treatment_obtained,diagnosis_parkinsons_treatment_obtained,diagnosis,[DEPRECATED] Whether the participant has undergone any treatment for Parkinson's disease.,YES,release,VARIABLE,redcap,pre-v4,NO,NO,
parkinsons_disease_schema,parkinsons_disease,diagnosis_parkinsons_treatment_obtained_yes,diagnosis_parkinsons_treatment_obtained_yes,diagnosis,"[DEPRECATED]
Yes",YES,release,VARIABLE,redcap,pre-v4,NO,NO,
parkinsons_disease_schema,parkinsons_disease,diagnosis_parkinsons_treatment_obtained_yes_medications,diagnosis_parkinsons_treatment_obtained_yes_medications,diagnosis,"[DEPRECATED]
Medications:",YES,release,VARIABLE,redcap,pre-v4,NO,NO,controlled
parkinsons_disease_schema,parkinsons_disease,diagnosis_parkinsons_treatment_obtained_yes_medications_other,diagnosis_parkinsons_treatment_obtained_yes_medications_other,diagnosis,"[DEPRECATED]
If you selected ""Other"", please specify:",YES,review,VARIABLE,redcap,v4,NO,NO,
parkinsons_disease_schema,parkinsons_disease,diagnosis_parkinsons_treatment_obtained_yes_npi,diagnosis_parkinsons_treatment_obtained_yes_npi,diagnosis,"[DEPRECATED]
Non-pharmacological interventions:",YES,release,VARIABLE,redcap,pre-v4,NO,NO,
parkinsons_disease_schema,parkinsons_disease,diagnosis_parkinsons_treatment_obtained_yes_npi_other,diagnosis_parkinsons_treatment_obtained_yes_npi_other,diagnosis,"[DEPRECATED]
If you selected ""Other"", please specify:",YES,review,VARIABLE,redcap,v4,NO,NO,
participant_history_schema,psychiatric_history,mph_active_psy_medical_problems,mph_active_psy_medical_problems,questionnaire,Free-text description of the participant's active psychiatric and medical problems.,NO,review,VARIABLE,redcap,v4,NO,NO,
participant_history_schema,psychiatric_history,mph_completed_at,mph_completed_at,questionnaire,Questionnaire Completed At,YES,internal,VARIABLE,redcap,v4,NO,YES,
participant_history_schema,psychiatric_history,mph_current_medication,mph_current_medication,questionnaire,"Free-text list of the participant's current psychiatric medications, including medication names, dosage, and daily frequency.",NO,review,VARIABLE,redcap,v4,NO,NO,controlled
participant_history_schema,psychiatric_history,mph_describe_psychotherapy,mph_describe_psychotherapy,questionnaire,"Free-text description of the participant's psychotherapy history (e.g., dates and reasons for seeking therapy).",NO,review,VARIABLE,redcap,v4,NO,NO,controlled
participant_history_schema,psychiatric_history,mph_duration,mph_duration,questionnaire,"Total time, in seconds, the participant took to complete the participant history (mood) questionnaire.",NO,release,VARIABLE,redcap,pre-v4,NO,NO,
participant_history_schema,psychiatric_history,mph_hist_psy_medical_problems,mph_hist_psy_medical_problems,questionnaire,Free-text description of the participant's historical psychiatric and medical problems.,NO,review,VARIABLE,redcap,v4,NO,NO,
participant_history_schema,psychiatric_history,mph_language,mph_language,questionnaire,Mood Participant History - Language,NO,drop,VARIABLE,redcap,v4,NO,NO,
participant_history_schema,psychiatric_history,mph_origin,mph_origin,questionnaire,Mood Participant History - origin,NO,internal,VARIABLE,redcap,v4,NO,NO,
participant_history_schema,psychiatric_history,mph_prescribed_medication,mph_prescribed_medication,questionnaire,"Indicates whether the participant has ever been prescribed medication for mental or emotional problems (e.g., antidepressants, anxiolytics, antipsychotics, mood stabilizers); responses: Yes or No.",NO,release,VARIABLE,redcap,pre-v4,NO,NO,
participant_history_schema,psychiatric_history,mph_previous_medication,mph_previous_medication,questionnaire,"Free-text list of the participant's previous psychiatric medications, including medication names, approximate dates taken, and reasons for discontinuation.",NO,review,VARIABLE,redcap,v4,NO,NO,controlled
participant_history_schema,psychiatric_history,mph_see_mental_health_professional,mph_see_mental_health_professional,questionnaire,"Whether the participant has ever received talk therapy from a mental health professional (e.g., social worker, psychiatrist); response typically yes/no.",NO,release,VARIABLE,redcap,pre-v4,NO,NO,
participant_history_schema,psychiatric_history,mph_session_id,mph_session_id,questionnaire,"Ordinal index of the session within the participant, numbered in session order (e.g., 01, 02). An ordinal missing from a participant's released records denotes a session with no released data.",NO,release,VARIABLE,redcap,pre-v4,NO,NO,
participant_history_schema,psychiatric_history,mph_started_at,mph_started_at,questionnaire,Questionnaire Started At,YES,internal,VARIABLE,redcap,v4,NO,YES,
participant_history_schema,psychiatric_history,mph_via,mph_via,questionnaire,Mood Participant History - via,NO,internal,VARIABLE,redcap,v4,NO,NO,
patient_health_questionnaire9_schema,phq9,feeling_bad_self,feeling_bad_self,questionnaire,"Self-reported frequency over the past two weeks of feeling bad about yourself or like a failure/having let yourself or your family down, with response options 0=Not at all, 1=Several days, 2=More than half the days, 3=Nearly every day.",NO,release,VARIABLE,redcap,pre-v4,NO,NO,
patient_health_questionnaire9_schema,phq9,feeling_depressed,feeling_depressed,questionnaire,"Self-report of how often over the past two weeks the participant has felt down, depressed, or hopeless, rated 0 = Not at all, 1 = Several days, 2 = More than half the days, 3 = Nearly every day.",NO,release,VARIABLE,redcap,pre-v4,NO,NO,
patient_health_questionnaire9_schema,phq9,hard_to_work,hard_to_work,questionnaire,"Self-reported degree to which the respondent's problems have made it difficult to do work, take care of things at home, or get along with other people, typically rated from ""Not difficult at all"" to ""Extremely difficult.""",NO,release,VARIABLE,redcap,pre-v4,NO,NO,
patient_health_questionnaire9_schema,phq9,move_speak_slow,move_speak_slow,questionnaire,"How often over the past two weeks the participant experienced moving or speaking so slowly that others noticed, or conversely being so fidgety/restless they moved more than usual, with response options: Not at all; Several days; More than half the days; Nearly every day.",NO,release,VARIABLE,redcap,pre-v4,NO,NO,
patient_health_questionnaire9_schema,phq9,no_appetite,no_appetite,questionnaire,"Self-reported frequency over the past two weeks of poor appetite or overeating, typically rated on a 0–3 scale (0 = Not at all; 1 = Several days; 2 = More than half the days; 3 = Nearly every day).",NO,release,VARIABLE,redcap,pre-v4,NO,NO,
patient_health_questionnaire9_schema,phq9,no_energy,no_energy,questionnaire,"Frequency over the past two weeks of feeling tired or having little energy, coded 0 = Not at all, 1 = Several days, 2 = More than half the days, 3 = Nearly every day.",NO,release,VARIABLE,redcap,pre-v4,NO,NO,
patient_health_questionnaire9_schema,phq9,no_interest,no_interest,questionnaire,"How often the respondent has had little interest or pleasure in doing things over the past two weeks, recorded on the PHQ‑9 scale: 0=Not at all, 1=Several days, 2=More than half the days, 3=Nearly every day.",NO,release,VARIABLE,redcap,pre-v4,NO,NO,
patient_health_questionnaire9_schema,phq9,phq_9_completed_at,phq_9_completed_at,questionnaire,Questionnaire Completed At,YES,internal,VARIABLE,redcap,v4,NO,YES,
patient_health_questionnaire9_schema,phq9,phq_9_duration,phq_9_duration,questionnaire,Total time in seconds that the participant took to complete the PHQ-9 questionnaire.,NO,release,VARIABLE,redcap,pre-v4,NO,NO,
patient_health_questionnaire9_schema,phq9,phq_9_language,phq_9_language,questionnaire,Patient Health Questionnaire 9 - Language,NO,drop,VARIABLE,redcap,v4,NO,NO,
patient_health_questionnaire9_schema,phq9,phq_9_origin,phq_9_origin,questionnaire,Patient Health Questionnaire 9 - origin,NO,internal,VARIABLE,redcap,v4,NO,NO,
patient_health_questionnaire9_schema,phq9,phq_9_session_id,phq_9_session_id,questionnaire,"Ordinal index of the session within the participant, numbered in session order (e.g., 01, 02). An ordinal missing from a participant's released records denotes a session with no released data.",NO,release,VARIABLE,redcap,pre-v4,NO,NO,
patient_health_questionnaire9_schema,phq9,phq_9_started_at,phq_9_started_at,questionnaire,Questionnaire Started At,YES,internal,VARIABLE,redcap,v4,NO,YES,
patient_health_questionnaire9_schema,phq9,phq_9_via,phq_9_via,questionnaire,Patient Health Questionnaire 9 - via,NO,internal,VARIABLE,redcap,v4,NO,NO,
patient_health_questionnaire9_schema,phq9,thoughts_death,thoughts_death,questionnaire,"Self-reported frequency over the past two weeks of having thoughts that you would be better off dead or of hurting yourself, recorded as 0=Not at all, 1=Several days, 2=More than half the days, 3=Nearly every day.",NO,release,VARIABLE,redcap,pre-v4,NO,NO,
patient_health_questionnaire9_schema,phq9,trouble_concentrate,trouble_concentrate,questionnaire,"Participant-reported frequency over the past two weeks of trouble concentrating on things (e.g., reading the newspaper or watching television), with responses: Not at all / Several days / More than half the days / Nearly every day.",NO,release,VARIABLE,redcap,pre-v4,NO,NO,
patient_health_questionnaire9_schema,phq9,trouble_sleeping,trouble_sleeping,questionnaire,"Frequency over the past two weeks of trouble falling or staying asleep, or sleeping too much, recorded on a 4-point scale (0=Not at all, 1=Several days, 2=More than half the days, 3=Nearly every day).",NO,release,VARIABLE,redcap,pre-v4,NO,NO,
precancerous_lesions_schema,precancerous_lesions,diagnois_pl_gsd_bp,diagnosis_pl_gold_standard_diagnosis_bp,diagnosis,[DEPRECATED] Whether the participant has a precancerous vocal fold lesion confirmed by biopsy/pathology.,YES,release,VARIABLE,redcap,pre-v4,NO,NO,
precancerous_lesions_schema,precancerous_lesions,diagnois_pl_gsd_ls,diagnosis_pl_gold_standard_diagnosis_ls,diagnosis,[DEPRECATED] Whether the participant has a precancerous vocal fold lesion confirmed by laryngoscopy/stroboscopy.,YES,release,VARIABLE,redcap,pre-v4,NO,NO,
precancerous_lesions_schema,precancerous_lesions,diagnosis_pl_degree_b_1,diagnosis_pl_degree_b_severity,diagnosis,"Breathiness rated on the CAPE-V 0–100 perceptual scale (anchors: mildly, moderately, severely deviant).",NO,release,VARIABLE,redcap,pre-v4,NO,NO,
precancerous_lesions_schema,precancerous_lesions,diagnosis_pl_degree_b_2,diagnosis_pl_degree_b_consistency,diagnosis,Whether the breathiness rating was consistent or intermittent.,NO,release,VARIABLE,redcap,pre-v4,NO,NO,
precancerous_lesions_schema,precancerous_lesions,diagnosis_pl_degree_comments,diagnosis_pl_degree_comments,diagnosis,Resonance rating recorded as Normal or Other.,NO,release,VARIABLE,redcap,pre-v4,NO,NO,
precancerous_lesions_schema,precancerous_lesions,diagnosis_pl_degree_comments_other,diagnosis_pl_degree_comments_other,diagnosis,"Other resonance comment, precancerous lesion assessment",NO,review,VARIABLE,redcap,v4,NO,NO,
precancerous_lesions_schema,precancerous_lesions,diagnosis_pl_degree_comments_other_2,diagnosis_pl_degree_comments_other_2,diagnosis,"Additional Features
(for example, diplophonia, fry, falsetto, asthenia, aphonia, pitch instability, tremor, wet/gurgly, or other relevant terms):",NO,review,VARIABLE,redcap,v4,NO,NO,
precancerous_lesions_schema,precancerous_lesions,diagnosis_pl_degree_l_1,diagnosis_pl_degree_l_severity,diagnosis,"Loudness rated on the CAPE-V 0–100 perceptual scale (anchors: mildly, moderately, severely deviant).",NO,release,VARIABLE,redcap,pre-v4,NO,NO,
precancerous_lesions_schema,precancerous_lesions,diagnosis_pl_degree_l_2,diagnosis_pl_degree_l_consistency,diagnosis,Whether the loudness rating was consistent or intermittent.,NO,release,VARIABLE,redcap,pre-v4,NO,NO,
precancerous_lesions_schema,precancerous_lesions,diagnosis_pl_degree_l_nature,diagnosis_pl_degree_l_nature,diagnosis,"Loudness
(Indicate the nature of the abnormality):",NO,review,VARIABLE,redcap,v4,NO,NO,
precancerous_lesions_schema,precancerous_lesions,diagnosis_pl_degree_legend,diagnosis_pl_degree_legend,diagnosis,Legend:C- Sonsistent I = IntermittentMI = Mildly DeviantMO = Moderately DeviantSE = Severely Deviant,YES,drop,VARIABLE,redcap,pre-v4,NO,NO,
precancerous_lesions_schema,precancerous_lesions,diagnosis_pl_degree_os_1,diagnosis_pl_degree_os_severity,diagnosis,"Overall severity rated on the CAPE-V 0–100 perceptual scale (anchors: mildly, moderately, severely deviant).",NO,release,VARIABLE,redcap,pre-v4,NO,NO,
precancerous_lesions_schema,precancerous_lesions,diagnosis_pl_degree_os_2,diagnosis_pl_degree_os_consistency,diagnosis,Whether the overall severity rating was consistent or intermittent.,NO,release,VARIABLE,redcap,pre-v4,NO,NO,
precancerous_lesions_schema,precancerous_lesions,diagnosis_pl_degree_p_1,diagnosis_pl_degree_p_severity,diagnosis,"Pitch rated on the CAPE-V 0–100 perceptual scale (anchors: mildly, moderately, severely deviant).",NO,release,VARIABLE,redcap,pre-v4,NO,NO,
precancerous_lesions_schema,precancerous_lesions,diagnosis_pl_degree_p_2,diagnosis_pl_degree_p_consistency,diagnosis,Whether the pitch rating was consistent or intermittent.,NO,release,VARIABLE,redcap,pre-v4,NO,NO,
precancerous_lesions_schema,precancerous_lesions,diagnosis_pl_degree_p_nature,diagnosis_pl_degree_p_nature,diagnosis,"Pitch
(Indicate the nature of the abnormality):",NO,review,VARIABLE,redcap,v4,NO,NO,
precancerous_lesions_schema,precancerous_lesions,diagnosis_pl_degree_r_1,diagnosis_pl_degree_r_severity,diagnosis,"Roughness rated on the CAPE-V 0–100 perceptual scale (anchors: mildly, moderately, severely deviant).",NO,release,VARIABLE,redcap,pre-v4,NO,NO,
precancerous_lesions_schema,precancerous_lesions,diagnosis_pl_degree_r_2,diagnosis_pl_degree_r_consistency,diagnosis,Whether the roughness rating was consistent or intermittent.,NO,release,VARIABLE,redcap,pre-v4,NO,NO,
precancerous_lesions_schema,precancerous_lesions,diagnosis_pl_degree_s_1,diagnosis_pl_degree_s_severity,diagnosis,"Strain rated on the CAPE-V 0–100 perceptual scale (anchors: mildly, moderately, severely deviant).",NO,release,VARIABLE,redcap,pre-v4,NO,NO,
precancerous_lesions_schema,precancerous_lesions,diagnosis_pl_degree_s_2,diagnosis_pl_degree_s_consistency,diagnosis,Whether the strain rating was consistent or intermittent.,NO,release,VARIABLE,redcap,pre-v4,NO,NO,
precancerous_lesions_schema,precancerous_lesions,diagnosis_pl_degree_text,diagnosis_pl_degree_text,diagnosis,"Degree of dysphonia

Clinician places slider between 0 and 100; indicates C or I. ""Indicate the nature.."" and Additional features responses are free text. Comments about resonance: Indicate normal or Other, if other then free text",YES,drop,VARIABLE,redcap,pre-v4,NO,NO,
precancerous_lesions_schema,precancerous_lesions,diagnosis_pl_ds,diagnosis_pl_ds,diagnosis,"What is the diagnosis?
(Select all that apply).",NO,release,VARIABLE,redcap,pre-v4,NO,NO,
precancerous_lesions_schema,precancerous_lesions,diagnosis_pl_ds_e,diagnosis_pl_ds_e,diagnosis,Whether the participant's erythroplakia is with or without dysplasia.,NO,release,VARIABLE,redcap,pre-v4,NO,NO,
precancerous_lesions_schema,precancerous_lesions,diagnosis_pl_ds_e_wd_g,diagnosis_pl_ds_e_wd_g,diagnosis,"Grade of the participant's erythroplakia with dysplasia: low, moderate, or high grade.",NO,release,VARIABLE,redcap,pre-v4,NO,NO,
precancerous_lesions_schema,precancerous_lesions,diagnosis_pl_ds_k,diagnosis_pl_ds_k,diagnosis,Whether the participant's keratosis is with or without dysplasia.,NO,release,VARIABLE,redcap,pre-v4,NO,NO,
precancerous_lesions_schema,precancerous_lesions,diagnosis_pl_ds_k_wd_g,diagnosis_pl_ds_k_wd_g,diagnosis,"Grade of the participant's keratosis with dysplasia: low, moderate, or high grade.",NO,release,VARIABLE,redcap,pre-v4,NO,NO,
precancerous_lesions_schema,precancerous_lesions,diagnosis_pl_ds_l,diagnosis_pl_ds_l,diagnosis,Whether the participant's leukoplakia is classified as with or without dysplasia.,NO,release,VARIABLE,redcap,pre-v4,NO,NO,
precancerous_lesions_schema,precancerous_lesions,diagnosis_pl_ds_l_wd_g,diagnosis_pl_ds_l_wd_g,diagnosis,"Grade of dysplasia in the participant's leukoplakia: low, moderate, or high grade.",NO,release,VARIABLE,redcap,pre-v4,NO,NO,
precancerous_lesions_schema,precancerous_lesions,diagnosis_pl_ds_ll,diagnosis_pl_ds_ll,diagnosis,"Location of lesion(s)
(Select all that apply).",NO,release,VARIABLE,redcap,pre-v4,NO,NO,
precancerous_lesions_schema,precancerous_lesions,diagnosis_pl_ds_other,diagnosis_pl_ds_other,diagnosis,Other precancerous lesion diagnosis,NO,review,VARIABLE,redcap,v4,NO,NO,
precancerous_lesions_schema,precancerous_lesions,diagnosis_pl_etiology,diagnosis_pl_etiology,diagnosis,"Does the participant have the following risk factors?
(Select all that apply).",NO,release,VARIABLE,redcap,pre-v4,NO,NO,
precancerous_lesions_schema,precancerous_lesions,diagnosis_pl_etiology_other,diagnosis_pl_etiology_other,diagnosis,Other irritants,NO,review,VARIABLE,redcap,v4,NO,NO,
precancerous_lesions_schema,precancerous_lesions,diagnosis_pl_gsd,diagnosis_pl_gold_standard_diagnosis,diagnosis,Clinician-confirmed gold-standard diagnosis of a precancerous vocal fold lesion (yes or no).,NO,release,VARIABLE,redcap,pre-v4,NO,NO,
precancerous_lesions_schema,precancerous_lesions,diagnosis_pl_gsd_confirmation_method,diagnosis_pl_gold_standard_diagnosis_confirmation_method,diagnosis,How was this confirmed? Select all that apply:,NO,release,VARIABLE,redcap,pre-v4,NO,NO,
precancerous_lesions_schema,precancerous_lesions,diagnosis_pl_treatment,diagnosis_pl_treatment,diagnosis,Indicates whether the participant has undergone any treatment for this precancerous lesion (recorded as Yes/No).,NO,release,VARIABLE,redcap,pre-v4,NO,NO,
precancerous_lesions_schema,precancerous_lesions,diagnosis_pl_treatment_other,diagnosis_pl_treatment_other,diagnosis,Other precancerous lesion treatment,NO,review,VARIABLE,redcap,v4,NO,NO,
precancerous_lesions_schema,precancerous_lesions,diagnosis_pl_treatment_select,diagnosis_pl_treatment_select,diagnosis,What treatments did the participant undergo? (Select all that apply):,NO,release,VARIABLE,redcap,pre-v4,NO,NO,
productive_vocabulary_schema,productive_vocabulary,vocabulary_completed_at,vocabulary_completed_at,task,Questionnaire Completed At,YES,internal,VARIABLE,redcap,v4,NO,YES,
productive_vocabulary_schema,productive_vocabulary,vocabulary_duration,vocabulary_duration,task,"Elapsed time in seconds from the start to the completion of the productive vocabulary questionnaire, recorded as a non-negative numeric value.",NO,release,VARIABLE,redcap,pre-v4,NO,NO,
productive_vocabulary_schema,productive_vocabulary,vocabulary_item_correct_1,vocabulary_item_correct_1,task,Whether the participant produced vocabulary item 1 correctly (Yes/No); this column is empty in the released data.,NO,release,VARIABLE,redcap,pre-v4,NO,NO,
productive_vocabulary_schema,productive_vocabulary,vocabulary_item_correct_2,vocabulary_item_correct_2,task,"Whether the participant correctly produced productive vocabulary item 2, recorded as Yes or No. This column is not populated in this release.",NO,release,VARIABLE,redcap,pre-v4,NO,NO,
productive_vocabulary_schema,productive_vocabulary,vocabulary_item_correct_3,vocabulary_item_correct_3,task,"Whether the participant correctly produced productive vocabulary item 3, recorded as Yes or No. This column is not populated in this release.",NO,release,VARIABLE,redcap,pre-v4,NO,NO,
productive_vocabulary_schema,productive_vocabulary,vocabulary_item_correct_4,vocabulary_item_correct_4,task,"Whether the participant correctly produced productive vocabulary item 4, recorded as Yes or No. This column is not populated in this release.",NO,release,VARIABLE,redcap,pre-v4,NO,NO,
productive_vocabulary_schema,productive_vocabulary,vocabulary_item_correct_5,vocabulary_item_correct_5,task,"Whether the participant correctly produced productive vocabulary item 5, recorded as Yes or No. This column is not populated in this release.",NO,release,VARIABLE,redcap,pre-v4,NO,NO,
productive_vocabulary_schema,productive_vocabulary,vocabulary_item_correct_6,vocabulary_item_correct_6,task,Whether the participant produced vocabulary item 6 correctly (Yes/No); this column is empty in the released data.,NO,release,VARIABLE,redcap,pre-v4,NO,NO,
productive_vocabulary_schema,productive_vocabulary,vocabulary_item_difficulty_1,vocabulary_item_difficulty_1,task,"Difficulty level (1, 2 or 3) of the word presented as vocabulary item 1.",NO,release,VARIABLE,redcap,pre-v4,NO,NO,
productive_vocabulary_schema,productive_vocabulary,vocabulary_item_difficulty_2,vocabulary_item_difficulty_2,task,Difficulty rating of vocabulary item 2's word on a 1 to 3 scale.,NO,release,VARIABLE,redcap,pre-v4,NO,NO,
productive_vocabulary_schema,productive_vocabulary,vocabulary_item_difficulty_3,vocabulary_item_difficulty_3,task,"Difficulty level (1, 2, or 3) assigned to the third productive vocabulary item.",NO,release,VARIABLE,redcap,pre-v4,NO,NO,
productive_vocabulary_schema,productive_vocabulary,vocabulary_item_difficulty_4,vocabulary_item_difficulty_4,task,Difficulty rating of vocabulary item 4 on a 1-3 scale.,NO,release,VARIABLE,redcap,pre-v4,NO,NO,
productive_vocabulary_schema,productive_vocabulary,vocabulary_item_difficulty_5,vocabulary_item_difficulty_5,task,"Difficulty level (1, 2 or 3) of the word presented as vocabulary item 5.",NO,release,VARIABLE,redcap,pre-v4,NO,NO,
productive_vocabulary_schema,productive_vocabulary,vocabulary_item_difficulty_6,vocabulary_item_difficulty_6,task,"Difficulty level (1, 2 or 3) of the word presented as vocabulary item 6.",NO,release,VARIABLE,redcap,pre-v4,NO,NO,
productive_vocabulary_schema,productive_vocabulary,vocabulary_item_word_1,vocabulary_item_word_1,task,First productive vocabulary item: the participant-provided single-word response recorded as free-text (text string).,NO,release,VARIABLE,redcap,pre-v4,NO,NO,
productive_vocabulary_schema,productive_vocabulary,vocabulary_item_word_2,vocabulary_item_word_2,task,"Word for productive vocabulary item 2, recorded as text.",NO,release,VARIABLE,redcap,pre-v4,NO,NO,
productive_vocabulary_schema,productive_vocabulary,vocabulary_item_word_3,vocabulary_item_word_3,task,The word presented as item 3 of the productive vocabulary task (text).,NO,release,VARIABLE,redcap,pre-v4,NO,NO,
productive_vocabulary_schema,productive_vocabulary,vocabulary_item_word_4,vocabulary_item_word_4,task,"Word for productive vocabulary item 4, recorded as text.",NO,release,VARIABLE,redcap,pre-v4,NO,NO,
productive_vocabulary_schema,productive_vocabulary,vocabulary_item_word_5,vocabulary_item_word_5,task,The word recorded for productive vocabulary item 5 in the task.,NO,release,VARIABLE,redcap,pre-v4,NO,NO,
productive_vocabulary_schema,productive_vocabulary,vocabulary_item_word_6,vocabulary_item_word_6,task,The single-word free-text response provided by the participant for productive vocabulary item 6.,NO,release,VARIABLE,redcap,pre-v4,NO,NO,
productive_vocabulary_schema,productive_vocabulary,vocabulary_language,vocabulary_language,task,Productive Vocabulary - Language,NO,drop,VARIABLE,redcap,v4,NO,NO,
productive_vocabulary_schema,productive_vocabulary,vocabulary_origin,vocabulary_origin,task,Productive Vocabulary - origin,NO,internal,VARIABLE,redcap,v4,NO,NO,
productive_vocabulary_schema,productive_vocabulary,vocabulary_recording_acoustic_task_id,vocabulary_recording_acoustic_task_id,task,"Alphanumeric identifier for the acoustic recording task associated with the productive vocabulary assessment, used to link audio files to the specific task.",NO,release,VARIABLE,redcap,pre-v4,NO,NO,
productive_vocabulary_schema,productive_vocabulary,vocabulary_session_id,vocabulary_session_id,task,"Ordinal index of the session within the participant, numbered in session order (e.g., 01, 02). An ordinal missing from a participant's released records denotes a session with no released data.",NO,release,VARIABLE,redcap,pre-v4,NO,NO,
productive_vocabulary_schema,productive_vocabulary,vocabulary_started_at,vocabulary_started_at,task,Questionnaire Started At,YES,internal,VARIABLE,redcap,v4,NO,YES,
productive_vocabulary_schema,productive_vocabulary,vocabulary_via,vocabulary_via,task,Productive Vocabulary - via,NO,internal,VARIABLE,redcap,v4,NO,NO,
ptsd_adult_schema,ptsd_adult,avoiding_reminders,avoiding_reminders,questionnaire,"How much the participant was bothered over the past seven days by trying to avoid thoughts, feelings, or sensations that reminded them of a stressful experience, from 0 (not at all) to 4 (extremely).",NO,release,VARIABLE,redcap,pre-v4,NO,NO,
ptsd_adult_schema,ptsd_adult,emotionally_upset,emotionally_upset,questionnaire,"How much the participant was bothered over the past seven days by feeling very emotionally upset when something reminded them of a stressful experience, from 0 (not at all) to 4 (extremely).",NO,release,VARIABLE,redcap,pre-v4,NO,NO,
ptsd_adult_schema,ptsd_adult,feeling_jumpy,feeling_jumpy,questionnaire,"How much the participant was bothered over the past 7 days by feeling jumpy or easily startled by an unexpected noise, from Not at all (0) to Extremely (4) (PTSD checklist).",NO,release,VARIABLE,redcap,pre-v4,NO,NO,
ptsd_adult_schema,ptsd_adult,flashbacks,flashbacks,questionnaire,"How much the participant was bothered during the past seven days, after an extremely stressful event, by flashbacks, that is, suddenly acting or feeling as if a stressful past experience was happening all over again, rated 0 (Not at all), 1 (A little bit), 2 (Moderately), 3 (Quite a bit), or 4 (Extremely).",NO,release,VARIABLE,redcap,pre-v4,NO,NO,
ptsd_adult_schema,ptsd_adult,irritable,irritable,questionnaire,"How much the participant was bothered during the past seven days, after an extremely stressful event, by being extremely irritable or angry to the point of yelling at others, getting into fights, or destroying things, rated 0 (Not at all), 1 (A little bit), 2 (Moderately), 3 (Quite a bit), or 4 (Extremely).",NO,release,VARIABLE,redcap,pre-v4,NO,NO,
ptsd_adult_schema,ptsd_adult,losing_interest,losing_interest,questionnaire,"How much the participant was bothered over the past 7 days by losing interest in activities enjoyed before a stressful experience, from Not at all (0) to Extremely (4) (PTSD checklist).",NO,release,VARIABLE,redcap,pre-v4,NO,NO,
ptsd_adult_schema,ptsd_adult,neg_emotional_state,neg_emotional_state,questionnaire,"How much the participant was bothered over the past 7 days by having a very negative emotional state (fear, anger, guilt, shame or horror) after a stressful experience, from Not at all (0) to Extremely (4) (PTSD checklist).",NO,release,VARIABLE,redcap,pre-v4,NO,NO,
ptsd_adult_schema,ptsd_adult,ptsd_completed_at,ptsd_completed_at,questionnaire,Questionnaire Completed At,YES,internal,VARIABLE,redcap,v4,NO,YES,
ptsd_adult_schema,ptsd_adult,ptsd_duration,ptsd_duration,questionnaire,"Total time in seconds from the start to the completion of the PTSD questionnaire, representing how long the participant took to complete it.",NO,release,VARIABLE,redcap,pre-v4,NO,NO,
ptsd_adult_schema,ptsd_adult,ptsd_language,ptsd_language,questionnaire,PTSD Adult - Language,NO,drop,VARIABLE,redcap,v4,NO,NO,
ptsd_adult_schema,ptsd_adult,ptsd_origin,ptsd_origin,questionnaire,PTSD Adult - origin,NO,internal,VARIABLE,redcap,v4,NO,NO,
ptsd_adult_schema,ptsd_adult,ptsd_session_id,ptsd_session_id,questionnaire,"Ordinal index of the session within the participant, numbered in session order (e.g., 01, 02). An ordinal missing from a participant's released records denotes a session with no released data.",NO,release,VARIABLE,redcap,pre-v4,NO,NO,
ptsd_adult_schema,ptsd_adult,ptsd_started_at,ptsd_started_at,questionnaire,Questionnaire Started At,YES,internal,VARIABLE,redcap,v4,NO,YES,
ptsd_adult_schema,ptsd_adult,ptsd_via,ptsd_via,questionnaire,PTSD Adult - via,NO,internal,VARIABLE,redcap,v4,NO,NO,
ptsd_adult_schema,ptsd_adult,super_alert,super_alert,questionnaire,"How much, during the past 7 days, the participant was bothered by being ""super alert"", on guard, or constantly on the lookout for danger after a stressful event, from 0 (not at all) to 4 (extremely).",NO,release,VARIABLE,redcap,pre-v4,NO,NO,
ptsd_adult_schema,ptsd_adult,thinking_stressful_event,thinking_stressful_event,questionnaire,"How much the participant was bothered over the past 7 days by thinking that a stressful event happened because the participant or someone else did something wrong or did not do everything possible to prevent it, from Not at all (0) to Extremely (4) (PTSD checklist).",NO,release,VARIABLE,redcap,pre-v4,NO,NO,
ptsd_adult_schema,ptsd_adult,traumatic_event,traumatic_event,questionnaire,Please list the traumatic event that you experienced,NO,review,VARIABLE,redcap,v4,NO,NO,
ptsd_adult_schema,ptsd_adult,traumatic_event_date,traumatic_event_date,questionnaire,Date of the traumatic event:,YES,internal,VARIABLE,redcap,v4,NO,YES,
ptsd_adult_schema,ptsd_adult,traumatic_event_days_since,traumatic_event_days_since,questionnaire,"Days from the traumatic event to the start of the participant's first session (computed from traumatic_event_date; the date shift does not change it). Positive when the event was before the first session, negative when it was after it (reported at a later session). Blank if either date is missing or the date did not pass the date checks.",NO,release,VARIABLE,pipeline,v4,NO,NO,
random_item_generation_schema,random_item_generation,random_completed_at,random_completed_at,task,Questionnaire Completed At,YES,internal,VARIABLE,redcap,v4,NO,YES,
random_item_generation_schema,random_item_generation,random_duration,random_duration,task,"Total elapsed time, in seconds, taken to complete the questionnaire.",NO,release,VARIABLE,redcap,pre-v4,NO,NO,
random_item_generation_schema,random_item_generation,random_item_generation_category,random_item_generation_category,task,"Category the participant was asked to generate items from: Numbers, Letters, First names, City names, Country names, Jobs, Fruits, Drinks, Animals, or English words starting with ""t"".",NO,release,VARIABLE,redcap,pre-v4,NO,NO,
random_item_generation_schema,random_item_generation,random_language,random_language,task,Random Item Generation - Language,NO,drop,VARIABLE,redcap,v4,NO,NO,
random_item_generation_schema,random_item_generation,random_origin,random_origin,task,Random Item Generation - origin,NO,internal,VARIABLE,redcap,v4,NO,NO,
random_item_generation_schema,random_item_generation,random_recording_acoustic_task_id,random_recording_acoustic_task_id,task,Identifier (UUID) of the acoustic task instance recorded for the random item generation task; it is not a task-type label.,NO,release,VARIABLE,redcap,pre-v4,NO,NO,
random_item_generation_schema,random_item_generation,random_session_id,random_session_id,task,"Ordinal index of the session within the participant, numbered in session order (e.g., 01, 02). An ordinal missing from a participant's released records denotes a session with no released data.",NO,release,VARIABLE,redcap,pre-v4,NO,NO,
random_item_generation_schema,random_item_generation,random_started_at,random_started_at,task,Questionnaire Started At,YES,internal,VARIABLE,redcap,v4,NO,YES,
random_item_generation_schema,random_item_generation,random_via,random_via,task,Random Item Generation - via,NO,internal,VARIABLE,redcap,v4,NO,NO,
recording_schema,recording,recording_acoustic_task_id,recording_acoustic_task_id,task,Identifier (UUID) of the acoustic task instance this recording belongs to; repeats across recordings of the same task and joins to the acoustic task table.,NO,release,VARIABLE,redcap,pre-v4,NO,NO,
recording_schema,recording,recording_created_at,recording_created_at,task,"Recording start time (UTC in the RedCap export). Not documented upstream; every adult recording falls inside its acoustic task window and consecutive recordings are spaced by at least the earlier recording's duration, consistent with the start of capture. Date-shifted at ingest.",YES,internal,VARIABLE,redcap,v4,NO,YES,
recording_schema,recording,recording_duration,recording_duration,task,"Total length of the audio recording, reported in seconds.",NO,release,VARIABLE,redcap,pre-v4,NO,NO,
recording_schema,recording,recording_file_share,recording_file_share,,File Share,YES,drop,VARIABLE,redcap,v4,NO,NO,
recording_schema,recording,recording_filepath,recording_filepath,,Recording Filepath,YES,drop,VARIABLE,redcap,v4,NO,NO,
recording_schema,recording,recording_id,recording_id,task,"Unique alphanumeric identifier for each audio recording in the dataset (no units), used to link the audio file to the corresponding participant and session.",NO,release,VARIABLE,redcap,pre-v4,NO,NO,
recording_schema,recording,recording_input_gain,recording_input_gain,task,"Input gain setting applied by the recording device at capture, stored as a number between 0 and 1 (not decibels).",NO,release,VARIABLE,redcap,pre-v4,NO,NO,
recording_schema,recording,recording_language,recording_language,task,Recording - Language,NO,drop,VARIABLE,redcap,v4,NO,NO,
recording_schema,recording,recording_local_hour,recording_local_hour,task,"Hour of day (0-23, local time) the recording started. Derived from the date-shifted start time; the shift is whole weeks, so this is the real local hour. Blank if the start time or its time zone is unknown.",NO,release,VARIABLE,pipeline,v4,NO,NO,
recording_schema,recording,recording_microphone,recording_microphone,task,"Type or model of the microphone or recording device used for the recording, entered as text.",NO,release,VARIABLE,redcap,pre-v4,NO,NO,
recording_schema,recording,recording_name,recording_name,task,"Name of the acoustic task that was recorded, usually with a suffix identifying the item (for example 'Abcs and 123s-abcs').",NO,release,VARIABLE,redcap,pre-v4,NO,NO,
recording_schema,recording,recording_order,recording_order,task,"Order of the recording within its session by start time (1 = first). Blank for a recording without a start time. Not renumbered when recordings are withheld, so gaps are expected.",NO,release,VARIABLE,pipeline,v4,NO,NO,
recording_schema,recording,recording_origin,recording_origin,task,Recording - origin,NO,internal,VARIABLE,redcap,v4,NO,NO,
recording_schema,recording,recording_profile_name,recording_profile_name,task,"Recording profile used for the audio recording (Speech, Breathe or Cough); not populated in the pediatric release.",NO,release,VARIABLE,redcap,pre-v4,NO,NO,
recording_schema,recording,recording_profile_version,recording_profile_version,task,Version of the recording profile used for the session (v1.0.0 in the adult release; not populated in the pediatric release).,NO,release,VARIABLE,redcap,pre-v4,NO,NO,
recording_schema,recording,recording_seconds_since_first_session,recording_seconds_since_first_session,task,"Whole seconds from the start of the participant's first session to the start of this recording (the time between two recordings is the difference of their values). Blank for a recording without a start time.",NO,release,VARIABLE,pipeline,v4,NO,NO,
recording_schema,recording,recording_session_id,recording_session_id,task,"Ordinal index of the session within the participant, numbered in session order (e.g., 01, 02). An ordinal missing from a participant's released records denotes a session with no released data.",NO,release,VARIABLE,redcap,pre-v4,NO,NO,
recording_schema,recording,recording_size,recording_size,task,"Size of the original source recording as uploaded by the collection platform, in kibibytes (KiB); this is the source audio size, not the size of the released FLAC file.",NO,release,VARIABLE,redcap,pre-v4,NO,NO,
recording_schema,recording,recording_storage_account,recording_storage_account,,Storage Account,YES,drop,VARIABLE,redcap,v4,NO,NO,
recording_schema,recording,recording_via,recording_via,task,Recording - via,NO,internal,VARIABLE,redcap,v4,NO,NO,
session_schema,session,session_assigned_tasks,session_assigned_tasks,task,"Comma-separated list of task and questionnaire names assigned to the participant for the session (e.g., Demographics, Confounders, Prolonged vowel, Harvard Sentences).",NO,release,VARIABLE,redcap,pre-v4,NO,NO,
session_schema,session,session_completed_at,session_completed_at,task,Session Completed At,YES,internal,VARIABLE,redcap,v4,NO,YES,
session_schema,session,session_completed_by,session_completed_by,task,"Who helped you answer the questions today? For example, did someone help you remember your medication list or how tired you are? This isn't the person who helps you understand the question, but the one who helps you provide the answers",NO,internal,VARIABLE,redcap,pre-v4,NO,NO,
session_schema,session,session_duration,session_duration,task,"Total elapsed duration of the session in seconds, recorded as a numeric value.",NO,release,VARIABLE,redcap,pre-v4,NO,NO,
session_schema,session,session_id,session_id,task,"Ordinal index of the session within the participant, numbered in session order (e.g., 01, 02). An ordinal missing from a participant's released records denotes a session with no released data.",NO,release,VARIABLE,redcap,pre-v4,NO,NO,
session_schema,session,session_index,session_index,task,"Order of the session among the participant's sessions by start time (1 = first). In a released dataset, the order of the session among the released sessions.",NO,release,VARIABLE,pipeline,v4,NO,NO,
session_schema,session,session_is_control_participant,session_is_control_participant,task,Is Control Participant?,YES,drop,VARIABLE,redcap,pre-v4,NO,NO,
session_schema,session,session_language,session_language,task,Session - Language,YES,drop,VARIABLE,redcap,v4,NO,NO,
session_schema,session,session_local_hour,session_local_hour,task,"Hour of day (0-23, local time) the session started. Derived from the date-shifted start time; the shift is whole weeks, so this is the real local hour. Blank if the start time or its time zone is unknown.",NO,release,VARIABLE,pipeline,v4,NO,NO,
session_schema,,session_record_id,session_participant_id,,Record ID,YES,internal,VARIABLE,redcap,pre-v4,NO,NO,
session_schema,session,session_seconds_since_first_session,session_seconds_since_first_session,task,"Whole seconds from the start of the participant's first session to the start of this session (0 for the first; the time between two sessions is the difference of their values). Blank for a session without a start time.",NO,release,VARIABLE,pipeline,v4,NO,NO,
session_schema,session,session_site,session_site,task,Session Site?,YES,drop,VARIABLE,redcap,v4,NO,NO,
session_schema,session,session_started_at,session_started_at,task,Session Started At,YES,internal,VARIABLE,redcap,v4,NO,YES,
session_schema,session,session_status,session_status,task,Status of the session: In Progress or Completed.,NO,release,VARIABLE,redcap,pre-v4,NO,NO,
subjectparticipant_basic_information_schema,demographics,age,age,demographics,"Participant's age in years at the time of assessment or enrollment, recorded as whole years (integer).",NO,release,VARIABLE,redcap,pre-v4,NO,NO,
subjectparticipant_basic_information_schema,participant,api_updates_on_behalf_of,api_updates_on_behalf_of,,API Updates on behalf of,YES,drop,VARIABLE,redcap,v4,NO,NO,
subjectparticipant_basic_information_schema,participant,consent_date,consent_date,,Consent Date,YES,drop,VARIABLE,redcap,pre-v4,NO,NO,
subjectparticipant_basic_information_schema,participant,consent_method,consent_method,,Consent Method,YES,drop,VARIABLE,redcap,pre-v4,NO,NO,
subjectparticipant_basic_information_schema,participant,consent_status,consent_status,,Consent Status,YES,drop,VARIABLE,redcap,pre-v4,NO,NO,
subjectparticipant_basic_information_schema,participant,contact_participant,contact_participant,,Contact participant re: incidental findings?,YES,drop,VARIABLE,redcap,pre-v4,NO,NO,
subjectparticipant_basic_information_schema,participant,enrolled,enrolled,,Enrolled,YES,drop,VARIABLE,redcap,v4,NO,NO,
subjectparticipant_basic_information_schema,participant,enrollment_institution,enrollment_institution,enrollment,Enrollment Institution,YES,internal,VARIABLE,redcap,v4,NO,NO,
subjectparticipant_basic_information_schema,participant,site,site,enrollment,"Site where the participant enrolled, as an arbitrary label (set at deidentify from enrollment_institution).",NO,release,VARIABLE,pipeline,v4,NO,NO,
subjectparticipant_basic_information_schema,participant,some_data_collected_remotely,some_data_collected_remotely,enrollment,"Whether any of the participant's data was collected remotely: Yes for every Prolific participant and for those on the sites' list of remote participants. Not recorded per session.",NO,release,VARIABLE,supplement,v4,NO,NO,
subjectparticipant_basic_information_schema,participant,enrollment_reason,enrollment_reason,,"Enrollment Reason

To be completed when enrolling a person that declined initially.",YES,drop,VARIABLE,redcap,v4,NO,NO,
subjectparticipant_basic_information_schema,participant,is_feasibility_participant,is_feasibility_participant,,Is Feasibility Participant?,YES,drop,VARIABLE,redcap,v4,NO,NO,
subjectparticipant_basic_information_schema,participant,is_remote_data_collection_enabled,is_remote_data_collection_enabled,survey,Is Remote Data Collection Enabled?,YES,drop,VARIABLE,redcap,v4,NO,NO,
subjectparticipant_basic_information_schema,participant,participant_data_collection_origins,participant_data_collection_origins,enrollment,Data Collection - origin(s),NO,internal,VARIABLE,redcap,pre-v4,NO,NO,
subjectparticipant_basic_information_schema,participant,participant_data_collection_via,participant_data_collection_via,enrollment,Data Collection - via,NO,internal,VARIABLE,redcap,pre-v4,NO,NO,
subjectparticipant_basic_information_schema,participant,record_id,participant_id,enrollment,A unique identifier for the participant.,NO,release,VARIABLE,redcap,pre-v4,NO,NO,
subjectparticipant_basic_information_schema,participant,researcher_email,researcher_email,,Researcher Email,YES,drop,VARIABLE,redcap,pre-v4,NO,NO,
subjectparticipant_basic_information_schema,participant,selected_language,selected_language,enrollment,"Language the participant selected (English, French, or Spanish).",NO,release,VARIABLE,redcap,pre-v4,NO,NO,
subjectparticipant_basic_information_schema,participant,selected_language_2,selected_language_2,enrollment,"Language selected by the participant, recorded as a locale tag (en-US for English, fr-CA for French, es-419 for Spanish); distinct from selected_language, which uses numeric codes. This column is not populated in this release.",NO,release,VARIABLE,redcap,pre-v4,NO,NO,
subjectparticipant_basic_information_schema,participant,withdrawn_consent_date,withdrawn_consent_date,,Withdrawn Consent Date,YES,drop,VARIABLE,redcap,pre-v4,NO,NO,
subjectparticipant_basic_information_schema,participant,withdrawn_consent_reason,withdrawn_consent_reason,,Withdrawn Consent Reason,YES,drop,VARIABLE,redcap,pre-v4,NO,NO,
subjectparticipant_contact_information_schema,pediatric_demographics,age,age,pediatric,"Participant's age in years at the time of assessment or enrollment, recorded as whole years (integer).",NO,release,VARIABLE,redcap,pre-v4,NO,NO,
subjectparticipant_contact_information_schema,,contact_info_stored,contact_info_stored,,[DEPRECATED] I want my contact information to be kept in a repository for this study which can be used to contact me to ask me to enroll in further studies or return important results. My information will not be shared with third parties.,YES,drop,VARIABLE,redcap,pre-v4,NO,NO,
subjectparticipant_contact_information_schema,,dob,dob,,What is your date of birth?,YES,drop,VARIABLE,redcap,pre-v4,NO,NO,
subjectparticipant_contact_information_schema,,email,email,,Email,YES,drop,VARIABLE,redcap,pre-v4,NO,NO,
subjectparticipant_contact_information_schema,,first_name,first_name,,First Name,YES,drop,VARIABLE,redcap,pre-v4,NO,NO,
subjectparticipant_contact_information_schema,,last_name,last_name,,Last Name,YES,drop,VARIABLE,redcap,pre-v4,NO,NO,
subjectparticipant_contact_information_schema,,participant_study_id,participant_study_id,,Participant Study ID,YES,drop,VARIABLE,redcap,pre-v4,NO,NO,
subjectparticipant_contact_information_schema,,phone_number,phone_number,,Phone Number,YES,drop,VARIABLE,redcap,pre-v4,NO,NO,
subjectparticipant_eligible_studies_schema,eligibility,add_adhd,self_reported_add_adhd,enrollment,"Whether the participant selected Attention-Deficit / Hyperactivity Disorder (ADHD) on the enrollment condition checklist, recorded as Checked or Unchecked.",NO,release,VARIABLE,redcap,pre-v4,NO,NO,
subjectparticipant_eligible_studies_schema,eligibility,airway_stenosis,self_reported_airway_stenosis,enrollment,"Eligibility-form checkbox marking whether the participant self-reported airway stenosis (e.g. bilateral vocal fold paralysis, laryngeal stenosis); checked if reported, unchecked otherwise.",NO,release,VARIABLE,redcap,pre-v4,NO,NO,
subjectparticipant_eligible_studies_schema,eligibility,alcohol_subst_abuse,self_reported_alcohol_subst_abuse,enrollment,Eligibility-form checkbox: the participant self-reported alcohol or substance use disorder (Checked/Unchecked).,NO,release,VARIABLE,redcap,pre-v4,NO,NO,controlled
subjectparticipant_eligible_studies_schema,eligibility,als,self_reported_als,enrollment,Checkbox indicating the participant self-reported a diagnosis of amyotrophic lateral sclerosis (ALS) on the eligibility form (Checked or Unchecked).,NO,release,VARIABLE,redcap,pre-v4,NO,NO,
subjectparticipant_eligible_studies_schema,eligibility,alz_dementia_mci,self_reported_alz_dementia_mci,enrollment,"Whether the participant checked Alzheimer's disease, another dementia, or mild cognitive impairment among the conditions self-reported during enrollment eligibility screening (Checked or Unchecked).",NO,release,VARIABLE,redcap,pre-v4,NO,NO,
subjectparticipant_eligible_studies_schema,eligibility,asd,self_reported_asd,enrollment,"Whether the participant selected Autism Spectrum Disorder (ASD) on the enrollment condition checklist, recorded as Checked or Unchecked.",NO,release,VARIABLE,redcap,pre-v4,NO,NO,
subjectparticipant_eligible_studies_schema,eligibility,asthma,self_reported_asthma,enrollment,"Eligibility-form checkbox marking whether the participant self-reported asthma; checked if reported, unchecked otherwise.",NO,release,VARIABLE,redcap,pre-v4,NO,NO,
subjectparticipant_eligible_studies_schema,eligibility,autism,self_reported_autism,enrollment,Autism spectrum disorder (ASD) as self-reported by the participant on the eligibility screening.,NO,release,VARIABLE,redcap,v4,NO,NO,
subjectparticipant_eligible_studies_schema,eligibility,benign_cord_lesion,self_reported_benign_cord_lesion,enrollment,"Enrollment checkbox: the participant self-reported a benign vocal cord lesion (nodule, polyp, or cyst) (Checked/Unchecked).",NO,release,VARIABLE,redcap,pre-v4,NO,NO,
subjectparticipant_eligible_studies_schema,eligibility,bipolar,self_reported_bipolar,enrollment,Checkbox indicating the participant self-reported a diagnosis of bipolar disorder on the eligibility form (Checked or Unchecked).,NO,release,VARIABLE,redcap,pre-v4,NO,NO,
subjectparticipant_eligible_studies_schema,eligibility,bpd,self_reported_bpd,enrollment,Whether the participant checked borderline personality disorder among the conditions self-reported during enrollment eligibility screening (Checked or Unchecked).,NO,release,VARIABLE,redcap,pre-v4,NO,NO,
subjectparticipant_eligible_studies_schema,eligibility,chronic_cough,self_reported_chronic_cough,enrollment,"Whether the participant selected chronic cough on the enrollment condition checklist, recorded as Checked or Unchecked.",NO,release,VARIABLE,redcap,pre-v4,NO,NO,
subjectparticipant_eligible_studies_schema,eligibility,cond_sel_prompt,cond_sel_prompt,enrollment,(Check all that apply if you currently have the condition),YES,drop,VARIABLE,redcap,pre-v4,NO,NO,
subjectparticipant_eligible_studies_schema,eligibility,copd,self_reported_copd,enrollment,"Eligibility-form checkbox marking whether the participant self-reported chronic obstructive pulmonary disease (COPD); checked if reported, unchecked otherwise.",NO,release,VARIABLE,redcap,pre-v4,NO,NO,
subjectparticipant_eligible_studies_schema,eligibility,depression,self_reported_depression,enrollment,Enrollment checkbox: the participant self-reported depression or major depressive disorder (Checked/Unchecked).,NO,release,VARIABLE,redcap,pre-v4,NO,NO,
subjectparticipant_eligible_studies_schema,eligibility,ed,self_reported_ed,enrollment,Checkbox indicating the participant self-reported a diagnosis of an eating disorder on the eligibility form (Checked or Unchecked).,NO,release,VARIABLE,redcap,pre-v4,NO,NO,
subjectparticipant_eligible_studies_schema,eligibility,eligible_studies,eligible_studies,enrollment,Eligible Studies,NO,internal,VARIABLE,redcap,pre-v4,NO,NO,
subjectparticipant_eligible_studies_schema,eligibility,gad,self_reported_gad,enrollment,Whether the participant checked an anxiety disorder among the conditions self-reported during enrollment eligibility screening (Checked or Unchecked).,NO,release,VARIABLE,redcap,pre-v4,NO,NO,
subjectparticipant_eligible_studies_schema,eligibility,glottic_insufficiency,self_reported_glottic_insufficiency,enrollment,"Whether the participant selected glottic insufficiency / presbyphonia on the enrollment condition checklist, recorded as Checked or Unchecked.",NO,release,VARIABLE,redcap,pre-v4,NO,NO,
subjectparticipant_eligible_studies_schema,eligibility,huntingtons,self_reported_huntingtons,enrollment,"Eligibility-form checkbox marking whether the participant self-reported Huntington's disease; checked if reported, unchecked otherwise.",NO,release,VARIABLE,redcap,pre-v4,NO,NO,
subjectparticipant_eligible_studies_schema,eligibility,insomnia,self_reported_insomnia,enrollment,Enrollment checkbox: the participant self-reported insomnia or a sleep disorder (Checked/Unchecked).,NO,release,VARIABLE,redcap,pre-v4,NO,NO,
subjectparticipant_eligible_studies_schema,eligibility,is_control_participant,is_control_participant,enrollment,Whether the participant was enrolled as a control participant on the enrollment form (Yes or No).,NO,release,VARIABLE,redcap,pre-v4,NO,NO,
subjectparticipant_eligible_studies_schema,eligibility,laryng_cancer,self_reported_laryng_cancer,enrollment,Checkbox indicating the participant self-reported a diagnosis of laryngeal cancer on the eligibility form (Checked or Unchecked).,NO,release,VARIABLE,redcap,pre-v4,NO,NO,
subjectparticipant_eligible_studies_schema,eligibility,laryngitis,self_reported_laryngitis,enrollment,Whether the participant checked laryngitis among the conditions self-reported during enrollment eligibility screening (Checked or Unchecked).,NO,release,VARIABLE,redcap,pre-v4,NO,NO,
subjectparticipant_eligible_studies_schema,eligibility,mtd,self_reported_mtd,enrollment,"Whether the participant selected muscle tension dysphonia (MTD) on the enrollment condition checklist, recorded as Checked or Unchecked.",NO,release,VARIABLE,redcap,pre-v4,NO,NO,
subjectparticipant_eligible_studies_schema,eligibility,ocd,self_reported_ocd,enrollment,"Eligibility-form checkbox marking whether the participant self-reported obsessive-compulsive disorder (OCD); checked if reported, unchecked otherwise.",NO,release,VARIABLE,redcap,pre-v4,NO,NO,
subjectparticipant_eligible_studies_schema,eligibility,osa,self_reported_osa,enrollment,Enrollment checkbox: the participant self-reported obstructive sleep apnea (Checked/Unchecked).,NO,release,VARIABLE,redcap,pre-v4,NO,NO,
subjectparticipant_eligible_studies_schema,eligibility,other_psych,self_reported_other_psych,enrollment,Checkbox indicating the participant self-reported a diagnosis of another psychiatric disorder on the eligibility form (Checked or Unchecked).,NO,release,VARIABLE,redcap,pre-v4,NO,NO,
subjectparticipant_eligible_studies_schema,eligibility,panic,self_reported_panic,enrollment,Whether the participant checked panic disorder among the conditions self-reported during enrollment eligibility screening (Checked or Unchecked).,NO,release,VARIABLE,redcap,pre-v4,NO,NO,
subjectparticipant_eligible_studies_schema,eligibility,parkinsons,self_reported_parkinsons,enrollment,"Whether the participant selected Parkinson's disease on the enrollment condition checklist, recorded as Checked or Unchecked.",NO,release,VARIABLE,redcap,pre-v4,NO,NO,
subjectparticipant_eligible_studies_schema,eligibility,ptsd,self_reported_ptsd,enrollment,"Eligibility-form checkbox marking whether the participant self-reported post-traumatic stress disorder (PTSD); checked if reported, unchecked otherwise.",NO,release,VARIABLE,redcap,pre-v4,NO,NO,
subjectparticipant_eligible_studies_schema,eligibility,rrp,self_reported_rrp,enrollment,Enrollment checkbox: the participant self-reported recurrent laryngeal papilloma (RRP) (Checked/Unchecked).,NO,release,VARIABLE,redcap,pre-v4,NO,NO,
subjectparticipant_eligible_studies_schema,eligibility,schizophrenia,self_reported_schizophrenia,enrollment,Checkbox indicating the participant self-reported a diagnosis of schizophrenia on the eligibility form (Checked or Unchecked).,NO,release,VARIABLE,redcap,pre-v4,NO,NO,
subjectparticipant_eligible_studies_schema,eligibility,soc_anx_dis,self_reported_soc_anx_dis,enrollment,Whether the participant checked social anxiety disorder among the conditions self-reported during enrollment eligibility screening (Checked or Unchecked).,NO,release,VARIABLE,redcap,pre-v4,NO,NO,
subjectparticipant_eligible_studies_schema,eligibility,spas_dys,self_reported_spas_dys,enrollment,"Whether the participant selected spasmodic dysphonia / laryngeal tremor on the enrollment condition checklist, recorded as Checked or Unchecked.",NO,release,VARIABLE,redcap,pre-v4,NO,NO,
subjectparticipant_eligible_studies_schema,eligibility,speech_delay,self_reported_speech_delay,enrollment,Speech delay as self-reported by the participant on the eligibility screening.,NO,release,VARIABLE,redcap,v4,NO,NO,
subjectparticipant_eligible_studies_schema,eligibility,voc_fold_paralysis,self_reported_unilateral_vocal_fold_paralysis,enrollment,"Eligibility-form checkbox marking whether the participant self-reported unilateral vocal fold paralysis; checked if reported, unchecked otherwise.",NO,release,VARIABLE,redcap,pre-v4,NO,NO,
unexplained_chronic_cough_schema,unexplained_chronic_cough,diagnosis_ucc_at,diagnosis_ucc_at,diagnosis,Whether the participant has undergone any treatment for unexplained chronic cough (Yes/No/Not certain).,NO,release,VARIABLE,redcap,pre-v4,NO,NO,
unexplained_chronic_cough_schema,unexplained_chronic_cough,diagnosis_ucc_at_s,diagnosis_ucc_at_s,diagnosis,Select all that apply,NO,release,VARIABLE,redcap,pre-v4,NO,NO,
unexplained_chronic_cough_schema,unexplained_chronic_cough,diagnosis_ucc_at_s_other,diagnosis_ucc_at_s_other,diagnosis,Other unexplained chronic cough treatment obtained,NO,review,VARIABLE,redcap,v4,NO,NO,
unexplained_chronic_cough_schema,unexplained_chronic_cough,diagnosis_ucc_atot,diagnosis_ucc_atot,diagnosis,How was it investigated? (Select all that apply),NO,release,VARIABLE,redcap,pre-v4,NO,NO,
unexplained_chronic_cough_schema,unexplained_chronic_cough,diagnosis_ucc_cuae,diagnosis_ucc_cuae,diagnosis,"Indicates whether the participant's chronic cough remained unexplained after clinical evaluation and any therapeutic interventions, recorded as Yes, No, or Not certain.",NO,release,VARIABLE,redcap,pre-v4,NO,NO,
unexplained_chronic_cough_schema,unexplained_chronic_cough,diagnosis_ucc_cxcob,diagnosis_ucc_cxcob,diagnosis,Select all that apply,NO,release,VARIABLE,redcap,pre-v4,NO,NO,
unexplained_chronic_cough_schema,unexplained_chronic_cough,diagnosis_ucc_gediapc,diagnosis_ucc_gediapc,diagnosis,"Indicates whether gastro-esophageal disease (e.g., GERD) was investigated as a possible cause of the participant's cough, recorded as Yes, No, or Not certain.",NO,release,VARIABLE,redcap,pre-v4,NO,NO,
unexplained_chronic_cough_schema,unexplained_chronic_cough,diagnosis_ucc_hcxob,diagnosis_ucc_hcxob,diagnosis,"Indicates whether the participant has undergone any of the following procedures: chest x-ray, chest CT, or bronchoscopy, recorded as Yes, No, or Not certain.",NO,release,VARIABLE,redcap,pre-v4,NO,NO,
unexplained_chronic_cough_schema,unexplained_chronic_cough,diagnosis_ucc_hsoe,diagnosis_ucc_hsoe,diagnosis,Whether the participant has a history of smoking or occupational exposures (Yes/No/Not certain).,NO,release,VARIABLE,redcap,pre-v4,NO,NO,
unexplained_chronic_cough_schema,unexplained_chronic_cough,diagnosis_ucc_hspd,diagnosis_ucc_hspd,diagnosis,Does the participant have a history of pulmonary disease? (Select all that apply),NO,release,VARIABLE,redcap,pre-v4,NO,NO,
unexplained_chronic_cough_schema,unexplained_chronic_cough,diagnosis_ucc_huatot,diagnosis_ucc_huatot,diagnosis,"Indicates whether the participant has undergone allergy testing or allergy therapy (Yes, No, or Not certain).",NO,release,VARIABLE,redcap,pre-v4,NO,NO,
unexplained_chronic_cough_schema,unexplained_chronic_cough,diagnosis_ucc_hurada,diagnosis_ucc_hurada,diagnosis,"Indicates whether the participant underwent evaluation for bronchial hyperresponsiveness and eosinophilic bronchitis (sputum eosinophil count or exhaled nitric oxide) or received a therapeutic corticosteroid trial, recorded as Yes, No, or Not certain.",NO,release,VARIABLE,redcap,pre-v4,NO,NO,
unexplained_chronic_cough_schema,unexplained_chronic_cough,diagnosis_ucc_huse,diagnosis_ucc_huse,diagnosis,"Whether the participant has undergone spirometry (pulmonary function tests), recorded as Yes, No, or Not certain.",NO,release,VARIABLE,redcap,pre-v4,NO,NO,
unexplained_chronic_cough_schema,unexplained_chronic_cough,diagnosis_ucc_oai,diagnosis_ucc_oai,diagnosis,"Indicates whether the participant is currently taking an ACE inhibitor (e.g., lisinopril, captopril), recorded as Yes, No, or Not certain.",NO,release,VARIABLE,redcap,pre-v4,NO,NO,
unexplained_chronic_cough_schema,unexplained_chronic_cough,diagnosis_ucc_pdapc,diagnosis_ucc_pdapc,diagnosis,Whether postnasal drainage has been addressed as a potential cause of the cough through nasal sprays and antihistamines (Yes/No/Not certain).,NO,release,VARIABLE,redcap,pre-v4,NO,NO,
unexplained_chronic_cough_schema,unexplained_chronic_cough,diagnosis_ucc_persisted,diagnosis_ucc_gold_standard_diagnosis,diagnosis,Clinician-confirmed gold-standard diagnosis of unexplained chronic cough persisting for more than eight weeks (yes or no).,NO,release,VARIABLE,redcap,pre-v4,NO,NO,
unexplained_chronic_cough_schema,unexplained_chronic_cough,diagnosis_ucc_rada,diagnosis_ucc_rada,diagnosis,Result of the reactive airway disease evaluation in unexplained chronic cough: positive or negative.,NO,release,VARIABLE,redcap,pre-v4,NO,NO,
unilateral_vocal_fold_paralysis_schema,unilateral_vocal_fold_paralysis,diagnosis_degree_b,diagnosis_degree_b,diagnosis,"Breathiness rated on the CAPE-V 0–100 perceptual scale (anchors: mildly, moderately, severely deviant).",NO,release,VARIABLE,redcap,pre-v4,NO,NO,
unilateral_vocal_fold_paralysis_schema,unilateral_vocal_fold_paralysis,diagnosis_degree_b_2,diagnosis_uvfp_degree_b_consistency,diagnosis,Whether the breathiness rating was consistent or intermittent.,NO,release,VARIABLE,redcap,pre-v4,NO,NO,
unilateral_vocal_fold_paralysis_schema,unilateral_vocal_fold_paralysis,diagnosis_degree_comments,diagnosis_degree_comments,diagnosis,Clinician's rating of the participant's resonance on the perceptual voice exam (normal or other).,YES,release,VARIABLE,redcap,pre-v4,NO,NO,
unilateral_vocal_fold_paralysis_schema,unilateral_vocal_fold_paralysis,diagnosis_degree_comments_other,diagnosis_uvfp_degree_comments_other,diagnosis,"Free-text resonance comment entered when ""Other"" was selected in the unilateral vocal fold paralysis disease-severity assessment.",YES,review,VARIABLE,redcap,v4,NO,NO,
unilateral_vocal_fold_paralysis_schema,unilateral_vocal_fold_paralysis,diagnosis_degree_comments_other_2,diagnosis_degree_comments_other_2,diagnosis,"Free-text additional voice-quality features noted for the participant (for example, diplophonia, fry, falsetto, asthenia, aphonia, pitch instability, tremor, or wet/gurgly).",YES,review,VARIABLE,redcap,v4,NO,NO,
unilateral_vocal_fold_paralysis_schema,unilateral_vocal_fold_paralysis,diagnosis_degree_l,diagnosis_degree_l,diagnosis,"Loudness rated on the CAPE-V 0–100 perceptual scale (anchors: mildly, moderately, severely deviant).",NO,release,VARIABLE,redcap,pre-v4,NO,NO,
unilateral_vocal_fold_paralysis_schema,unilateral_vocal_fold_paralysis,diagnosis_degree_l_2,diagnosis_uvfp_degree_l_consistency,diagnosis,Whether the loudness rating was consistent or intermittent.,NO,release,VARIABLE,redcap,pre-v4,NO,NO,
unilateral_vocal_fold_paralysis_schema,unilateral_vocal_fold_paralysis,diagnosis_degree_l_nature,diagnosis_degree_l_nature,diagnosis,Free-text description of the nature of the participant's loudness abnormality on the voice exam.,YES,review,VARIABLE,redcap,pre-v4,NO,NO,
unilateral_vocal_fold_paralysis_schema,unilateral_vocal_fold_paralysis,diagnosis_degree_os,diagnosis_degree_os,diagnosis,"Overall severity rated on the CAPE-V 0–100 perceptual scale (anchors: mildly, moderately, severely deviant).",NO,release,VARIABLE,redcap,pre-v4,NO,NO,
unilateral_vocal_fold_paralysis_schema,unilateral_vocal_fold_paralysis,diagnosis_degree_os_2,diagnosis_uvfp_degree_os_consistency,diagnosis,Whether the overall severity rating was consistent or intermittent.,NO,release,VARIABLE,redcap,pre-v4,NO,NO,
unilateral_vocal_fold_paralysis_schema,unilateral_vocal_fold_paralysis,diagnosis_degree_p,diagnosis_degree_p,diagnosis,"Pitch rated on the CAPE-V 0–100 perceptual scale (anchors: mildly, moderately, severely deviant).",NO,release,VARIABLE,redcap,pre-v4,NO,NO,
unilateral_vocal_fold_paralysis_schema,unilateral_vocal_fold_paralysis,diagnosis_degree_p_2,diagnosis_uvfp_degree_p_consistency,diagnosis,Whether the pitch rating was consistent or intermittent.,NO,release,VARIABLE,redcap,pre-v4,NO,NO,
unilateral_vocal_fold_paralysis_schema,unilateral_vocal_fold_paralysis,diagnosis_degree_p_nature,diagnosis_degree_p_nature,diagnosis,Free-text description of the nature of the participant's pitch abnormality on the voice exam.,YES,review,VARIABLE,redcap,v4,NO,NO,
unilateral_vocal_fold_paralysis_schema,unilateral_vocal_fold_paralysis,diagnosis_degree_r,diagnosis_degree_r,diagnosis,"Roughness rated on the CAPE-V 0–100 perceptual scale (anchors: mildly, moderately, severely deviant).",NO,release,VARIABLE,redcap,pre-v4,NO,NO,
unilateral_vocal_fold_paralysis_schema,unilateral_vocal_fold_paralysis,diagnosis_degree_r_2,diagnosis_uvfp_degree_r_consistency,diagnosis,Whether the roughness rating was consistent or intermittent.,NO,release,VARIABLE,redcap,pre-v4,NO,NO,
unilateral_vocal_fold_paralysis_schema,unilateral_vocal_fold_paralysis,diagnosis_degree_s,diagnosis_degree_s,diagnosis,"Strain rated on the CAPE-V 0–100 perceptual scale (anchors: mildly, moderately, severely deviant).",NO,release,VARIABLE,redcap,pre-v4,NO,NO,
unilateral_vocal_fold_paralysis_schema,unilateral_vocal_fold_paralysis,diagnosis_degree_s_2,diagnosis_uvfp_degree_s_consistency,diagnosis,Whether the strain rating was consistent or intermittent.,NO,release,VARIABLE,redcap,pre-v4,NO,NO,
unilateral_vocal_fold_paralysis_schema,unilateral_vocal_fold_paralysis,diagnosis_uvfp_ds,diagnosis_uvfp_ds,diagnosis,"Side of the vocal fold paralysis, recorded as Left or Right.",NO,release,VARIABLE,redcap,pre-v4,NO,NO,
unilateral_vocal_fold_paralysis_schema,unilateral_vocal_fold_paralysis,diagnosis_uvfp_etiology_other,diagnosis_uvfp_etiology_other,diagnosis,Other unilateral vocal fold paralysis etiology,NO,review,VARIABLE,redcap,v4,NO,NO,
unilateral_vocal_fold_paralysis_schema,unilateral_vocal_fold_paralysis,diagnosis_uvfp_latrogenic_other,diagnosis_uvfp_latrogenic_other,diagnosis,"Other iatrogenic (surgery/intubation) subcategory, vocal fold paralysis",NO,review,VARIABLE,redcap,v4,NO,NO,
unilateral_vocal_fold_paralysis_schema,unilateral_vocal_fold_paralysis,diagnosis_uvfp_treatment,diagnosis_uvfp_treatment,diagnosis,Indicates whether the participant has undergone any treatment for unilateral vocal fold paralysis (Yes/No).,NO,release,VARIABLE,redcap,pre-v4,NO,NO,
unilateral_vocal_fold_paralysis_schema,unilateral_vocal_fold_paralysis,diagnosis_uvfp_treatment_other,diagnosis_uvfp_treatment_other,diagnosis,"Other treatment, please specify",YES,review,VARIABLE,redcap,v4,NO,NO,
unilateral_vocal_fold_paralysis_schema,unilateral_vocal_fold_paralysis,diagnosis_uvfp_treatment_select,diagnosis_uvfp_treatment_select,diagnosis,What treatments did the participant undergo? (Select all that apply):,NO,release,VARIABLE,redcap,pre-v4,NO,NO,
unilateral_vocal_fold_paralysis_schema,unilateral_vocal_fold_paralysis,diagnosis_uvfp_treatment_surgery,diagnosis_uvfp_treatment_surgery,diagnosis,Surgery / Procedure,NO,release,VARIABLE,redcap,pre-v4,NO,NO,
unilateral_vocal_fold_paralysis_schema,unilateral_vocal_fold_paralysis,diagnosis_uvfp_treatment_surgery_other,diagnosis_uvfp_treatment_surgery_other,diagnosis,"Other Surgery / Procedure, please specify",NO,review,VARIABLE,redcap,v4,NO,NO,
unilateral_vocal_fold_paralysis_schema,unilateral_vocal_fold_paralysis,diagnosis_uvfp_treatment_surgery_thyroplasty,diagnosis_uvfp_treatment_surgery_thyroplasty,diagnosis,Thyroplasty - Subcategory,NO,release,VARIABLE,redcap,pre-v4,NO,NO,
unilateral_vocal_fold_paralysis_schema,unilateral_vocal_fold_paralysis,diagnosis_uvfp_treatment_surgery_vfia,diagnosis_uvfp_treatment_surgery_vfia,diagnosis,Vocal fold injection augmentation - Subcategory,NO,release,VARIABLE,redcap,pre-v4,NO,NO,
unilateral_vocal_fold_paralysis_schema,unilateral_vocal_fold_paralysis,diagnosis_vfp_degree_legend,diagnosis_uvfp_degree_legend,diagnosis,Legend:C- Sonsistent I = IntermittentMI = Mildly DeviantMO = Moderately DeviantSE = Severely Deviant,YES,drop,VARIABLE,redcap,pre-v4,NO,NO,
unilateral_vocal_fold_paralysis_schema,unilateral_vocal_fold_paralysis,diagnosis_vfp_degree_text,diagnosis_uvfp_degree_text,diagnosis,"Degree of dysphonia

CAPE-V scale",YES,drop,VARIABLE,redcap,pre-v4,NO,NO,
unilateral_vocal_fold_paralysis_schema,unilateral_vocal_fold_paralysis,diagnosis_vfp_dse,diagnosis_uvfp_dse,diagnosis,"Degree of glottic gap: No glottic gap, Small, Moderate, or Large.",NO,release,VARIABLE,redcap,pre-v4,NO,NO,
unilateral_vocal_fold_paralysis_schema,unilateral_vocal_fold_paralysis,diagnosis_vfp_etiology,diagnosis_uvfp_etiology,diagnosis,"Etiology of the unilateral vocal fold paralysis: iatrogenic (surgery/intubation), idiopathic, tumor invading the recurrent laryngeal nerve, radiation, or other.",NO,release,VARIABLE,redcap,pre-v4,NO,NO,
unilateral_vocal_fold_paralysis_schema,unilateral_vocal_fold_paralysis,diagnosis_vfp_gsd,diagnosis_uvfp_gold_standard_diagnosis,diagnosis,"Clinician-confirmed gold-standard diagnosis of unilateral vocal fold paralysis (UVFP), confirmed by laryngoscopy or stroboscopy, recorded as Yes or No.",NO,release,VARIABLE,redcap,pre-v4,NO,NO,
unilateral_vocal_fold_paralysis_schema,unilateral_vocal_fold_paralysis,diagnosis_vfp_iatrogenic,diagnosis_uvfp_iatrogenic,diagnosis,"Medical procedure that caused the vocal fold paralysis (iatrogenic subcategory): thyroidectomy, ACDF, intubation, heart, brain or lung surgery, or other.",NO,release,VARIABLE,redcap,pre-v4,NO,NO,
unilateral_vocal_fold_paralysis_schema,unilateral_vocal_fold_paralysis,diagnosis_vfp_tumor,diagnosis_uvfp_tumor,diagnosis,"Subcategory of a tumor invading the recurrent laryngeal nerve (RLN) as the etiology of the paralysis: Brain, Chest, or Neck.",NO,release,VARIABLE,redcap,pre-v4,NO,NO,
voice_handicap_index_vhi10_schema,vhi10,ask_whats_wrong_voice,ask_whats_wrong_voice,questionnaire,"How often people ask the participant what is wrong with their voice, rated Never, Almost Never, Sometimes, Almost Always, or Always (Voice Handicap Index-10 item).",NO,release,VARIABLE,redcap,pre-v4,NO,NO,
voice_handicap_index_vhi10_schema,vhi10,left_out_convo,left_out_convo,questionnaire,"Self-reported agreement with the statement ""I feel left out of conversations because of my voice,"" typically rated on a 5-point scale from 0 (never) to 4 (always).",NO,release,VARIABLE,redcap,pre-v4,NO,NO,
voice_handicap_index_vhi10_schema,vhi10,strain_voice,strain_voice,questionnaire,"How often the participant feels they must strain to produce their voice, rated on a 0–4 scale with higher values indicating greater frequency/severity.",NO,release,VARIABLE,redcap,pre-v4,NO,NO,
voice_handicap_index_vhi10_schema,vhi10,tough_to_understand,tough_to_understand,questionnaire,"How often the respondent’s voice makes it hard for others to understand them in noisy settings, rated on a frequency scale (e.g., never to always).",NO,release,VARIABLE,redcap,pre-v4,NO,NO,
voice_handicap_index_vhi10_schema,vhi10,vhi_10_calc_score,vhi_10_calc_score,questionnaire,"Total Voice Handicap Index-10 (VHI-10) score, calculated as the sum of the 10 items (range 0–40 points), with higher scores indicating greater self-perceived voice handicap.",NO,release,VARIABLE,redcap,pre-v4,YES,NO,
voice_handicap_index_vhi10_schema,vhi10,vhi_completed_at,vhi_completed_at,questionnaire,Questionnaire Completed At,YES,internal,VARIABLE,redcap,v4,NO,YES,
voice_handicap_index_vhi10_schema,vhi10,vhi_duration,vhi_duration,questionnaire,Total time in seconds taken to complete the 10-item Voice Handicap Index (VHI‑10) questionnaire.,NO,release,VARIABLE,redcap,pre-v4,NO,NO,
voice_handicap_index_vhi10_schema,vhi10,vhi_language,vhi_language,questionnaire,VHI-10 - Language,NO,drop,VARIABLE,redcap,v4,NO,NO,
voice_handicap_index_vhi10_schema,vhi10,vhi_origin,vhi_origin,questionnaire,VHI-10 - origin,NO,internal,VARIABLE,redcap,v4,NO,NO,
voice_handicap_index_vhi10_schema,vhi10,vhi_session_id,vhi_session_id,questionnaire,"Ordinal index of the session within the participant, numbered in session order (e.g., 01, 02). An ordinal missing from a participant's released records denotes a session with no released data.",NO,release,VARIABLE,redcap,pre-v4,NO,NO,
voice_handicap_index_vhi10_schema,vhi10,vhi_started_at,vhi_started_at,questionnaire,Questionnaire Started At,YES,internal,VARIABLE,redcap,v4,NO,YES,
voice_handicap_index_vhi10_schema,vhi10,vhi_via,vhi_via,questionnaire,VHI-10 - via,NO,internal,VARIABLE,redcap,v4,NO,NO,
voice_handicap_index_vhi10_schema,vhi10,voice_clarity,voice_clarity,questionnaire,"Extent to which the participant experiences unpredictable voice clarity, rated on a frequency Likert scale (e.g., never to always).",NO,release,VARIABLE,redcap,pre-v4,NO,NO,
voice_handicap_index_vhi10_schema,vhi10,voice_difficult_hear,voice_difficult_hear,questionnaire,"Participant's rating of how much their voice makes it difficult for others to hear them, typically scored on a 0–4 Likert scale (0 = never, 4 = always).",NO,release,VARIABLE,redcap,pre-v4,NO,NO,
voice_handicap_index_vhi10_schema,vhi10,voice_handicapped,voice_handicapped,questionnaire,"Self-reported agreement with the statement ""My voice makes me feel handicapped,"" rated on a 5-point scale from ""Never"" to ""Always"" (higher scores indicate greater perceived voice-related handicap).",NO,release,VARIABLE,redcap,pre-v4,NO,NO,
voice_handicap_index_vhi10_schema,vhi10,voice_lose_income,voice_lose_income,questionnaire,"Self-reported frequency that the respondent's voice problem causes loss of income, rated 0–4 (0 = Never, 1 = Almost never, 2 = Sometimes, 3 = Almost always, 4 = Always).",NO,release,VARIABLE,redcap,pre-v4,NO,NO,
voice_handicap_index_vhi10_schema,vhi10,voice_restrict_social,voice_restrict_social,questionnaire,"Self-reported agreement that voice problems restrict personal and social life, rated on a 5-point ordinal scale from ""Never"" to ""Always"" (scored 0–4).",NO,release,VARIABLE,redcap,pre-v4,NO,NO,
voice_handicap_index_vhi10_schema,vhi10,voice_upsetting,voice_upsetting,questionnaire,"How much the participant is upset by their voice problem, rated on a 0–4 Likert scale (0 = never, 1 = almost never, 2 = sometimes, 3 = almost always, 4 = always).",NO,release,VARIABLE,redcap,pre-v4,NO,NO,
voice_perception_schema,voice_perception,voice_perception_completed_at,voice_perception_completed_at,questionnaire,Questionnaire Completed At,YES,internal,VARIABLE,redcap,v4,NO,YES,
voice_perception_schema,voice_perception,voice_perception_duration,voice_perception_duration,questionnaire,"Total duration, in seconds, taken by the participant to complete the voice perception questionnaire.",NO,release,VARIABLE,redcap,pre-v4,NO,NO,
voice_perception_schema,voice_perception,voice_perception_language,voice_perception_language,questionnaire,Voice Perception - Language,NO,drop,VARIABLE,redcap,v4,NO,NO,
voice_perception_schema,voice_perception,voice_perception_origin,voice_perception_origin,questionnaire,Voice Perception - origin,NO,internal,VARIABLE,redcap,v4,NO,NO,
voice_perception_schema,voice_perception,voice_perception_session_id,voice_perception_session_id,questionnaire,"Ordinal index of the session within the participant, numbered in session order (e.g., 01, 02). An ordinal missing from a participant's released records denotes a session with no released data.",NO,release,VARIABLE,redcap,pre-v4,NO,NO,
voice_perception_schema,voice_perception,voice_perception_started_at,voice_perception_started_at,questionnaire,Questionnaire Started At,YES,internal,VARIABLE,redcap,v4,NO,YES,
voice_perception_schema,voice_perception,voice_perception_via,voice_perception_via,questionnaire,Voice Perception - via,NO,internal,VARIABLE,redcap,v4,NO,NO,
voice_perception_schema,voice_perception,voice_quality_perception,voice_quality_perception,questionnaire,Participant self-rated voice quality for today on an integer scale from 1 (lowest quality) to 10 (best quality).,NO,release,VARIABLE,redcap,pre-v4,NO,NO,
voice_problem_severity_schema,voice_problem_severity,describe_the_severity_of_a,describe_the_severity_of_a,task,"Describe the severity of auditory-perceptual attributes of a voice problem
*Overall severity scale (0-100)",YES,drop,VARIABLE,redcap,pre-v4,NO,NO,
voice_problem_severity_schema,,voice_severity_completed_at,voice_severity_completed_at,,Questionnaire Completed At,YES,drop,VARIABLE,redcap,v4,NO,NO,
voice_problem_severity_schema,voice_problem_severity,voice_severity_duration,voice_severity_duration,task,Questionnaire Duration (seconds),YES,drop,VARIABLE,redcap,pre-v4,NO,NO,
voice_problem_severity_schema,voice_problem_severity,voice_severity_language,voice_severity_language,task,Voice Severity - Language,YES,drop,VARIABLE,redcap,v4,NO,NO,
voice_problem_severity_schema,voice_problem_severity,voice_severity_origin,voice_severity_origin,task,Voice Severity - origin,YES,drop,VARIABLE,redcap,v4,NO,NO,
voice_problem_severity_schema,voice_problem_severity,voice_severity_session_id,voice_severity_session_id,task,Session ID,YES,drop,VARIABLE,redcap,pre-v4,NO,NO,
voice_problem_severity_schema,,voice_severity_started_at,voice_severity_started_at,,Questionnaire Started At,YES,drop,VARIABLE,redcap,v4,NO,NO,
voice_problem_severity_schema,voice_problem_severity,voice_severity_via,voice_severity_via,task,Voice Severity - via,YES,drop,VARIABLE,redcap,v4,NO,NO,
winograd_schemas_schema,winograd,winograd_completed_at,winograd_completed_at,task,Questionnaire Completed At,YES,internal,VARIABLE,redcap,v4,NO,YES,
winograd_schemas_schema,winograd,winograd_duration,winograd_duration,task,"Total time, in seconds, that the participant took to complete the Winograd questionnaire.",NO,release,VARIABLE,redcap,pre-v4,NO,NO,
winograd_schemas_schema,winograd,winograd_language,winograd_language,task,Winograd Schemas - Language,NO,drop,VARIABLE,redcap,v4,NO,NO,
winograd_schemas_schema,winograd,winograd_number_questions,winograd_number_questions,task,"Total number of questions asked during the task or interview, recorded as a non‑negative integer count.",NO,release,VARIABLE,redcap,pre-v4,NO,NO,
winograd_schemas_schema,winograd,winograd_origin,winograd_origin,task,Winograd Schemas - origin,NO,internal,VARIABLE,redcap,v4,NO,NO,
winograd_schemas_schema,winograd,winograd_q_1,winograd_q_1,task,"Participant's answer to a Winograd-schema question identifying which group (city councilmen or demonstrators) is described as fearing violence, with responses indicating either ""city councilmen"" or ""demonstrators.""",NO,release,VARIABLE,redcap,pre-v4,NO,NO,
winograd_schemas_schema,winograd,winograd_q_10,winograd_q_10,task,"Participant's selection indicating whether they interpreted ""he"" to refer to the lawyer or the witness in the sentence ""The lawyer asked the witness a question, but he was reluctant to repeat it"" (responses: ""lawyer"" or ""witness"").",NO,release,VARIABLE,redcap,pre-v4,NO,NO,
winograd_schemas_schema,winograd,winograd_q_100,winograd_q_100,task,"Participant's answer indicating who ""he"" refers to in the sentence—that is, whether they judge Jim or the man in the military uniform (typical responses: ""Jim"" or ""the man"") looked very unhappy.",NO,release,VARIABLE,redcap,pre-v4,NO,NO,
winograd_schemas_schema,winograd,winograd_q_101,winograd_q_101,task,"Participant's selected referent for the pronoun ""It"" in the sentence ""The fish ate the worm. It was tasty."" (response options: ""fish"" or ""worm"").",NO,release,VARIABLE,redcap,pre-v4,NO,NO,
winograd_schemas_schema,winograd,winograd_q_102,winograd_q_102,task,"Participant’s choice of which entity—""fish"" or ""worm""—the pronoun ""it"" refers to in the sentence ""The fish ate the worm. It was hungry.""",NO,release,VARIABLE,redcap,pre-v4,NO,NO,
winograd_schemas_schema,winograd,winograd_q_103,winograd_q_103,task,Participant's answer identifying which object could not be inserted into the keyhole (the key).,NO,release,VARIABLE,redcap,pre-v4,NO,NO,
winograd_schemas_schema,winograd,winograd_q_104,winograd_q_104,task,"Indicates whether the participant identified the key or the chewing gum as the item that couldn't be removed from the keyhole (response options: ""key"" or ""chewing gum"").",NO,release,VARIABLE,redcap,pre-v4,NO,NO,
winograd_schemas_schema,winograd,winograd_q_105,winograd_q_105,task,"Which entity (dog or cat) the participant chose as the referent of ""It"" in the sentence ""The dog chased the cat, which ran up a tree. It waited at the top."" (response options: dog, cat).",NO,release,VARIABLE,redcap,pre-v4,NO,NO,
winograd_schemas_schema,winograd,winograd_q_106,winograd_q_106,task,"Participant's answer indicating which entity (""dog"" or ""cat"") they judged the pronoun ""it"" to refer to in the sentence (i.e., which waited at the bottom).",NO,release,VARIABLE,redcap,pre-v4,NO,NO,
winograd_schemas_schema,winograd,winograd_q_107,winograd_q_107,task,Participant's answer to Winograd item 107: whether the tree or the roof has to be removed (the tree is keyed correct).,NO,release,VARIABLE,redcap,pre-v4,NO,NO,
winograd_schemas_schema,winograd,winograd_q_108,winograd_q_108,task,Participant's answer to a Winograd-style question identifying what must be repaired in the sentence—expected response: the roof (the house's roof).,NO,release,VARIABLE,redcap,pre-v4,NO,NO,
winograd_schemas_schema,winograd,winograd_q_109,winograd_q_109,task,Participant's response indicating which person in the sentence—the customer or one of the tellers—was taken to the emergency room.,NO,release,VARIABLE,redcap,pre-v4,NO,NO,
winograd_schemas_schema,winograd,winograd_q_11,winograd_q_11,task,"Participant's selected answer for Winograd schema item 11, choosing between ""The truck"" (scored correct) and ""The bus"" (scored incorrect).",NO,release,VARIABLE,redcap,pre-v4,NO,NO,
winograd_schemas_schema,winograd,winograd_q_110,winograd_q_110,task,"Participant's answer to a Winograd comprehension item asking whether the ""customer"" or the ""teller"" was taken to the police station after the stabbing (response options: customer, teller).",NO,release,VARIABLE,redcap,pre-v4,NO,NO,
winograd_schemas_schema,winograd,winograd_q_111,winograd_q_111,task,"Participant's response indicating which character—the reader can choose ""John"" or ""the man humming and whistling""—is judged to be the person described as ""very annoyed.""",NO,release,VARIABLE,redcap,pre-v4,NO,NO,
winograd_schemas_schema,winograd,winograd_q_112,winograd_q_112,task,"Identifies which person the participant chose as the referent of ""He"" in the Winograd sentence—either ""the man"" (the humming/whistling stranger) or ""John.""",NO,release,VARIABLE,redcap,pre-v4,NO,NO,
winograd_schemas_schema,winograd,winograd_q_113,winograd_q_113,task,"Participant's selected answer for Winograd schema item 113, choosing between 'John' and 'The juggler' as who was impressed in the sentence about John jogging past a man juggling watermelons; released as the chosen option text.",NO,release,VARIABLE,redcap,pre-v4,NO,NO,
winograd_schemas_schema,winograd,winograd_q_114,winograd_q_114,task,"Participant's selected answer for Winograd schema item 114, choosing between ""The juggler"" (scored correct) and ""John"" (scored incorrect).",NO,release,VARIABLE,redcap,pre-v4,NO,NO,
winograd_schemas_schema,winograd,winograd_q_115,winograd_q_115,task,"Which character the participant selected—Bob or Carl—as the person referred to by ""he"" (the one who was very ill) in the Winograd sentence.",NO,release,VARIABLE,redcap,pre-v4,NO,NO,
winograd_schemas_schema,winograd,winograd_q_116,winograd_q_116,task,"Identifies which person (""Bob"" or ""Carl"") the final pronoun ""he"" refers to in the Winograd-style sentence: ""Bob collapsed on the sidewalk. Soon he saw Carl coming to help. He was very concerned.""",NO,release,VARIABLE,redcap,pre-v4,NO,NO,
winograd_schemas_schema,winograd,winograd_q_117,winograd_q_117,task,"Participant's identification of which characters are ""snobs"" in the vignette — correct answer: ""Amy's parents"" (recorded as the participant's response).",NO,release,VARIABLE,redcap,pre-v4,NO,NO,
winograd_schemas_schema,winograd,winograd_q_118,winograd_q_118,task,"Participant's answer indicating which characters are ""fifteen"" in the sentence — either Sam and Amy (the teenagers) or Amy's parents.",NO,release,VARIABLE,redcap,pre-v4,NO,NO,
winograd_schemas_schema,winograd,winograd_q_119,winograd_q_119,task,"Participant's choice of which person should have been more truthful in the scenario, with response options: ""Mark"" or ""Pete.""",NO,release,VARIABLE,redcap,pre-v4,NO,NO,
winograd_schemas_schema,winograd,winograd_q_12,winograd_q_12,task,"Which entity (the delivery truck or the school bus) the participant indicated was ""going so slow"" in the sentence ""The delivery truck zoomed by the school bus because it was going so slow.""",NO,release,VARIABLE,redcap,pre-v4,NO,NO,
winograd_schemas_schema,winograd,winograd_q_120,winograd_q_120,task,"Which character ('Mark' or 'Pete') the participant selects as the antecedent of ""He"" in the sentence about lies that were included in a book (response options: ""Mark"" or ""Pete"").",NO,release,VARIABLE,redcap,pre-v4,NO,NO,
winograd_schemas_schema,winograd,winograd_q_121,winograd_q_121,task,"Participant's chosen referent for ""it"" in the sentence—i.e., whether ""it"" refers to the house Joe sold (the old house) or the new house he bought a few miles away.",NO,release,VARIABLE,redcap,pre-v4,NO,NO,
winograd_schemas_schema,winograd,winograd_q_122,winograd_q_122,task,"Participant's response indicating whether the pronoun ""it"" refers to Joe's newly purchased house or his previous house (i.e., ""new house"" vs ""old house"").",NO,release,VARIABLE,redcap,pre-v4,NO,NO,
winograd_schemas_schema,winograd,winograd_q_123,winograd_q_123,task,"Indicates whether the pronoun ""they"" in the sentence ""Many people start to read Paul's books and can't put them down. They are gripped because Paul writes so well."" refers to the people (readers) or the books, with response options like ""people"" or ""books.""",NO,release,VARIABLE,redcap,pre-v4,NO,NO,
winograd_schemas_schema,winograd,winograd_q_124,winograd_q_124,task,"Participant's selected answer for Winograd schema item 124, choosing between 'The readers' and 'The books' as who or what are popular in the sentence about people reading Paul's books; released as the chosen option text.",NO,release,VARIABLE,redcap,pre-v4,NO,NO,
winograd_schemas_schema,winograd,winograd_q_125,winograd_q_125,task,Participant's answer to Winograd item 125: whether Mary has loved the piece or the flute since childhood (the piece is the keyed correct answer).,NO,release,VARIABLE,redcap,pre-v4,NO,NO,
winograd_schemas_schema,winograd,winograd_q_126,winograd_q_126,task,"Participant's answer to a comprehension question asking which item Mary has had since childhood (expected answer: ""her flute"").",NO,release,VARIABLE,redcap,pre-v4,NO,NO,
winograd_schemas_schema,winograd,winograd_q_127,winograd_q_127,task,"Indicates whether the participant judged that the broken object in the sentence ""Sam pulled up a chair to the piano, but it was broken, so he had to stand instead"" was the chair or the piano (response options: ""chair"" or ""piano"").",NO,release,VARIABLE,redcap,pre-v4,NO,NO,
winograd_schemas_schema,winograd,winograd_q_128,winograd_q_128,task,"Indicates which object the participant judged to be broken in the sentence ""Sam pulled up a chair to the piano, but it was broken, so he had to sing instead,"" with response options ""chair"" or ""piano.""",NO,release,VARIABLE,redcap,pre-v4,NO,NO,
winograd_schemas_schema,winograd,winograd_q_129,winograd_q_129,task,"Participant's response to a Winograd-schema question identifying which object was intended to be kept dry in the sentence (typically ""newspaper"" vs. ""backpack"").",NO,release,VARIABLE,redcap,pre-v4,NO,NO,
winograd_schemas_schema,winograd,winograd_q_13,winograd_q_13,task,"Participant's selected answer for Winograd schema item 13, choosing between 'Frank' and 'Bill' as who was the winner of the competition in the sentence about Frank and his rival Bill; released as the chosen option text.",NO,release,VARIABLE,redcap,pre-v4,NO,NO,
winograd_schemas_schema,winograd,winograd_q_130,winograd_q_130,task,"Winograd item 130 (carried the newspaper in the backpack to keep it dry): the participant's chosen answer to 'What was I trying to keep dry?', The backpack or The newspaper.",NO,release,VARIABLE,redcap,pre-v4,NO,NO,
winograd_schemas_schema,winograd,winograd_q_131,winograd_q_131,task,"Participant's choice of what Sara reads when she gets home from work, either the book or the article.",NO,release,VARIABLE,redcap,pre-v4,NO,NO,
winograd_schemas_schema,winograd,winograd_q_132,winograd_q_132,task,"Participant's answer to a Winograd schema question asking whether ""it"" refers to the article or the book (correct response: ""article"").",NO,release,VARIABLE,redcap,pre-v4,NO,NO,
winograd_schemas_schema,winograd,winograd_q_133,winograd_q_133,task,"Participant's answer to ""What did the breeze knock down?"", recording the object knocked down (e.g., the sandcastle, the toy flag).",NO,release,VARIABLE,redcap,pre-v4,NO,NO,
winograd_schemas_schema,winograd,winograd_q_134,winograd_q_134,task,Participant's answer to Winograd item 134: whether the tide knocked down the flag or the sand castle (the sand castle is keyed correct).,NO,release,VARIABLE,redcap,pre-v4,NO,NO,
winograd_schemas_schema,winograd,winograd_q_135,winograd_q_135,task,"Participant's answer to the Winograd schema question ""Who was out?"" — a referent-resolution comprehension item with the correct response ""Susan"" (recorded as the participant's response).",NO,release,VARIABLE,redcap,pre-v4,NO,NO,
winograd_schemas_schema,winograd,winograd_q_136,winograd_q_136,task,"Participant's selection indicating whether the pronoun ""She"" in the sentence ""Jane knocked on Susan's door, but there was no answer. She was disappointed."" refers to Jane or to Susan (response choices: ""Jane"" or ""Susan"").",NO,release,VARIABLE,redcap,pre-v4,NO,NO,
winograd_schemas_schema,winograd,winograd_q_137,winograd_q_137,task,"Participant's selected answer for Winograd schema item 137, choosing between ""Jane invited Susan"" (scored correct) and ""Susan invited Jane"" (scored incorrect).",NO,release,VARIABLE,redcap,pre-v4,NO,NO,
winograd_schemas_schema,winograd,winograd_q_138,winograd_q_138,task,"Participant's selected answer to Winograd pronoun item 138, choosing between 'Jane invited Susan' and 'Susan invited Jane' (released as the chosen option text).",NO,release,VARIABLE,redcap,pre-v4,NO,NO,
winograd_schemas_schema,winograd,winograd_q_139,winograd_q_139,task,"Participant's selection of which person (""Sam"" or ""Adam"") the pronoun ""he"" refers to in the sentence ""Sam took French classes from Adam, because he was eager to speak it fluently.""",NO,release,VARIABLE,redcap,pre-v4,NO,NO,
winograd_schemas_schema,winograd,winograd_q_14,winograd_q_14,task,"Name of the person the participant identified as the winner of the competition (expected response: ""Bill"").",NO,release,VARIABLE,redcap,pre-v4,NO,NO,
winograd_schemas_schema,winograd,winograd_q_140,winograd_q_140,task,"Participant's selected referent for the pronoun in ""Sam took French classes from Adam, because he was known to speak it fluently,"" indicating whether they chose ""Sam"" or ""Adam"" as the person who spoke French fluently.",NO,release,VARIABLE,redcap,pre-v4,NO,NO,
winograd_schemas_schema,winograd,winograd_q_141,winograd_q_141,task,"Participant's selected answer for Winograd schema item 141, choosing between ""The lake"" (scored correct) and ""The path"" (scored incorrect).",NO,release,VARIABLE,redcap,pre-v4,NO,NO,
winograd_schemas_schema,winograd,winograd_q_142,winograd_q_142,task,"Participant's chosen referent for ""it"" in the sentence ""The path to the lake was blocked, so we couldn't use it,"" recorded as either ""path"" or ""lake.""",NO,release,VARIABLE,redcap,pre-v4,NO,NO,
winograd_schemas_schema,winograd,winograd_q_143,winograd_q_143,task,"Participant's answer identifying what ""it"" refers to in the sentence — expected response: ""the cloud"" (i.e., the thick cloud), not ""the sun.""",NO,release,VARIABLE,redcap,pre-v4,NO,NO,
winograd_schemas_schema,winograd,winograd_q_144,winograd_q_144,task,"Participant's answer to a Winograd-style coreference question identifying whether ""it"" refers to the sun or the cloud (typical responses: ""sun"" or ""cloud"").",NO,release,VARIABLE,redcap,pre-v4,NO,NO,
winograd_schemas_schema,winograd,winograd_q_145,winograd_q_145,task,"Participant's selected referent for ""which was a dangerous place to swim"" in the sentence, typically indicating either ""the lake"" or ""the ocean beach.""",NO,release,VARIABLE,redcap,pre-v4,NO,NO,
winograd_schemas_schema,winograd,winograd_q_146,winograd_q_146,task,"Participant's selected answer for Winograd schema item 146, choosing between ""The lake"" (scored correct) and ""The beach"" (scored incorrect).",NO,release,VARIABLE,redcap,pre-v4,NO,NO,
winograd_schemas_schema,winograd,winograd_q_147,winograd_q_147,task,"Participant's response indicating whether ""they"" in the sentence refers to the shepherds or to the sheep (response options: ""shepherds"" or ""sheep"").",NO,release,VARIABLE,redcap,pre-v4,NO,NO,
winograd_schemas_schema,winograd,winograd_q_148,winograd_q_148,task,"Participant's response indicating which entity (""shepherds"" or ""sheep"") the pronoun ""they"" refers to in the sentence — i.e., which looked like golfers.",NO,release,VARIABLE,redcap,pre-v4,NO,NO,
winograd_schemas_schema,winograd,winograd_q_149,winograd_q_149,task,"Participant's selected answer to a Winograd schema question asking which person is going to sleep—response options: ""Mary"" or ""Anne.""",NO,release,VARIABLE,redcap,pre-v4,NO,NO,
winograd_schemas_schema,winograd,winograd_q_15,winograd_q_15,task,"Which person the participant identified as ""he"" in the sentence ""The man couldn't lift his son because he was so weak,"" with response options typically ""man"" or ""son.""",NO,release,VARIABLE,redcap,pre-v4,NO,NO,
winograd_schemas_schema,winograd,winograd_q_150,winograd_q_150,task,"Participant's answer to the pronoun-resolution question ""Mary tucked her daughter Anne into bed, so that she could work,"" indicating whether the pronoun ""she"" refers to Mary or to Anne (response options: Mary or Anne).",NO,release,VARIABLE,redcap,pre-v4,NO,NO,
winograd_schemas_schema,winograd,winograd_q_151,winograd_q_151,task,"Participant's selected answer to Winograd pronoun item 151, choosing between 'The coats' and 'Fred and Alice' (released as the chosen option text).",NO,release,VARIABLE,redcap,pre-v4,NO,NO,
winograd_schemas_schema,winograd,winograd_q_152,winograd_q_152,task,"Participant's answer identifying the intended referent of ""they"" in the Winograd sentence ""Fred and Alice had very warm down coats, but they were not prepared for the cold in Alaska"" (typically indicating either Fred and Alice or their coats).",NO,release,VARIABLE,redcap,pre-v4,NO,NO,
winograd_schemas_schema,winograd,winograd_q_153,winograd_q_153,task,"Participant's answer identifying who ""he"" refers to in the sentence ""Thomson visited Cooper's grave... he had been dead for five years"" (response options: Cooper or Thomson).",NO,release,VARIABLE,redcap,pre-v4,NO,NO,
winograd_schemas_schema,winograd,winograd_q_154,winograd_q_154,task,"Participant's response identifying who ""he"" refers to in the sentence ""Thomson visited Cooper's grave... he had been travelling for five years"" (typically ""Thomson"" or ""Cooper"").",NO,release,VARIABLE,redcap,pre-v4,NO,NO,
winograd_schemas_schema,winograd,winograd_q_155,winograd_q_155,task,"Participant’s response identifying which person lived earlier—Arnold or Jackson (expected answers: ""Arnold"" or ""Jackson"").",NO,release,VARIABLE,redcap,pre-v4,NO,NO,
winograd_schemas_schema,winograd,winograd_q_156,winograd_q_156,task,"Participant's response indicating which person lived later in time in the sentence, expected to name either ""Jackson"" or ""Arnold.""",NO,release,VARIABLE,redcap,pre-v4,NO,NO,
winograd_schemas_schema,winograd,winograd_q_157,winograd_q_157,task,Participant's answer to Winograd item 157: which two people have known one another for ten years (Tom and Dr. Stewart is keyed correct).,NO,release,VARIABLE,redcap,pre-v4,NO,NO,
winograd_schemas_schema,winograd,winograd_q_158,winograd_q_158,task,"Winograd item 158 (Eva, Dr. Stewart, Tom): the participant's chosen answer to which two people have known one another for ten years, 'Tom and Dr. Stewart' or 'Eva and Dr. Stewart'.",NO,release,VARIABLE,redcap,pre-v4,NO,NO,
winograd_schemas_schema,winograd,winograd_q_159,winograd_q_159,task,"Participant's choice of what is too thick in 'I can't cut that tree down with that axe; it is too thick', either the tree or the axe.",NO,release,VARIABLE,redcap,pre-v4,NO,NO,
winograd_schemas_schema,winograd,winograd_q_16,winograd_q_16,task,"Participant's answer indicating whether ""he"" in the sentence ""The man couldn't lift his son because he was so heavy"" refers to the man or to the son (expected responses: ""man"" or ""son"").",NO,release,VARIABLE,redcap,pre-v4,NO,NO,
winograd_schemas_schema,winograd,winograd_q_160,winograd_q_160,task,"Participant's chosen referent for ""it"" in the sentence ""I can't cut that tree down with that axe; it is too small,"" with expected responses ""axe"" (the axe is too small) or ""tree"" (the tree is too small).",NO,release,VARIABLE,redcap,pre-v4,NO,NO,
winograd_schemas_schema,winograd,winograd_q_161,winograd_q_161,task,Participant's answer to Winograd item 161: whether they have to guard the chickens or the foxes (the chickens is keyed correct).,NO,release,VARIABLE,redcap,pre-v4,NO,NO,
winograd_schemas_schema,winograd,winograd_q_162,winograd_q_162,task,"Participant's response identifying which entity the speaker must kill in the sentence—expected answers: ""foxes"" or ""chickens.""",NO,release,VARIABLE,redcap,pre-v4,NO,NO,
winograd_schemas_schema,winograd,winograd_q_163,winograd_q_163,task,"Participant's answer to a Winograd pronoun-resolution item asking whether ""they"" refers to the foxes or the chickens (i.e., which group ""has gotten very bold"").",NO,release,VARIABLE,redcap,pre-v4,NO,NO,
winograd_schemas_schema,winograd,winograd_q_164,winograd_q_164,task,"Indicates whether the pronoun ""they"" in the sentence ""The foxes are getting in at night and attacking the chickens. They have gotten very nervous."" refers to the foxes or the chickens (response: foxes or chickens).",NO,release,VARIABLE,redcap,pre-v4,NO,NO,
winograd_schemas_schema,winograd,winograd_q_165,winograd_q_165,task,"Participant's selected answer to Winograd pronoun item 165, choosing between 'His eyes' and 'His hands' (released as the chosen option text).",NO,release,VARIABLE,redcap,pre-v4,NO,NO,
winograd_schemas_schema,winograd,winograd_q_166,winograd_q_166,task,"Participant's response to a Winograd schema question asking whether ""them"" refers to Fred's hands or his eyes (typical responses: ""hands"" or ""eyes"").",NO,release,VARIABLE,redcap,pre-v4,NO,NO,
winograd_schemas_schema,winograd,winograd_q_167,winograd_q_167,task,"Which name the participant judged easier to pronounce in the prompt about an actress who changed her name, with response options ""Terpsichore"" or ""Tina.""",NO,release,VARIABLE,redcap,pre-v4,NO,NO,
winograd_schemas_schema,winograd,winograd_q_168,winograd_q_168,task,"Identifies which name was described as too hard to pronounce (""Terpsichore"" or ""Tina"").",NO,release,VARIABLE,redcap,pre-v4,NO,NO,
winograd_schemas_schema,winograd,winograd_q_169,winograd_q_169,task,"Participant's answer identifying whether the pronoun ""he"" refers to Fred (who stayed and watched TV) or George (who went out); response options: ""Fred"" or ""George"".",NO,release,VARIABLE,redcap,pre-v4,NO,NO,
winograd_schemas_schema,winograd,winograd_q_17,winograd_q_17,task,Participant's response indicating which object in the sentence ('ball' or 'table') they judged to have been made of steel.,NO,release,VARIABLE,redcap,pre-v4,NO,NO,
winograd_schemas_schema,winograd,winograd_q_170,winograd_q_170,task,"Participant's response to a Winograd-style pronoun resolution question asking ""Who got back?"", indicating which character (Fred or George) the participant identified as having returned (correct answer: George).",NO,release,VARIABLE,redcap,pre-v4,NO,NO,
winograd_schemas_schema,winograd,winograd_q_171,winograd_q_171,task,"Winograd item 171 (Fred and the dishwasher): the participant's chosen answer to what Fred changed his mind and turned on, The dishwasher or The television.",NO,release,VARIABLE,redcap,pre-v4,NO,NO,
winograd_schemas_schema,winograd,winograd_q_172,winograd_q_172,task,"Participant's response to a Winograd-schema question asking what Fred turned off in the scenario (expected answer: ""the TV"" — the show, not the dishwasher).",NO,release,VARIABLE,redcap,pre-v4,NO,NO,
winograd_schemas_schema,winograd,winograd_q_173,winograd_q_173,task,"Participant's selected answer for Winograd schema item 173, choosing between ""Fred"" (scored correct) and ""My great-grandfather"" (scored incorrect).",NO,release,VARIABLE,redcap,pre-v4,NO,NO,
winograd_schemas_schema,winograd,winograd_q_174,winograd_q_174,task,"Participant's choice of antecedent for the pronoun ""He"" in the Winograd-schema sentence ""Fred is the only man still alive who remembers my great-grandfather. He was a remarkable man."" (response options: ""Fred"" or ""my great-grandfather"").",NO,release,VARIABLE,redcap,pre-v4,NO,NO,
winograd_schemas_schema,winograd,winograd_q_175,winograd_q_175,task,"Participant response to a Winograd-schema question asking which person was twelve years old (response choices typically ""Fred"" or ""my father""; correct answer: ""Fred"").",NO,release,VARIABLE,redcap,pre-v4,NO,NO,
winograd_schemas_schema,winograd,winograd_q_176,winograd_q_176,task,"Participant's answer identifying which person (""Fred"" or ""my father"") the pronoun ""he"" refers to in Winograd Schema question 176 about who was twelve months old.",NO,release,VARIABLE,redcap,pre-v4,NO,NO,
winograd_schemas_schema,winograd,winograd_q_177,winograd_q_177,task,"Participant's choice of who was victorious when Kamtchatka declared war on Yakutsk, either Yakutsk or Kamchatka.",NO,release,VARIABLE,redcap,pre-v4,NO,NO,
winograd_schemas_schema,winograd,winograd_q_178,winograd_q_178,task,"Participant's response naming who was defeated in the vignette about Kamtchatka and Yakutsk (expected answer: ""Kamtchatka"").",NO,release,VARIABLE,redcap,pre-v4,NO,NO,
winograd_schemas_schema,winograd,winograd_q_179,winograd_q_179,task,"Participant's selected answer for Winograd schema item 179, choosing between 'In Sparta' and 'In Troy' as where taxes are higher in the sentence about Elizabeth moving her company; released as the chosen option text.",NO,release,VARIABLE,redcap,pre-v4,NO,NO,
winograd_schemas_schema,winograd,winograd_q_18,winograd_q_18,task,"Participant's response identifying which object in the sentence—the large ball or the table—was made of styrofoam (e.g., ""the ball"" or ""the table"").",NO,release,VARIABLE,redcap,pre-v4,NO,NO,
winograd_schemas_schema,winograd,winograd_q_180,winograd_q_180,task,"Participant's response to a Winograd-style comprehension question asking where the taxes are lower (expected answer: ""Troy""); responses are short location names.",NO,release,VARIABLE,redcap,pre-v4,NO,NO,
winograd_schemas_schema,winograd,winograd_q_181,winograd_q_181,task,"Participant's answer indicating which town—Springfield or Franklin—the participant judges to be where most of Esther's customers live (response options: ""Springfield"" or ""Franklin"").",NO,release,VARIABLE,redcap,pre-v4,NO,NO,
winograd_schemas_schema,winograd,winograd_q_182,winograd_q_182,task,"Participant's response naming the town where none of Esther's customers live (expected answer: ""Franklin"").",NO,release,VARIABLE,redcap,pre-v4,NO,NO,
winograd_schemas_schema,winograd,winograd_q_183,winograd_q_183,task,"Participant's response indicating which animal population is expected to increase in the scenario, typically ""wolves"" or ""deer.""",NO,release,VARIABLE,redcap,pre-v4,NO,NO,
winograd_schemas_schema,winograd,winograd_q_184,winograd_q_184,task,"Indicates which animal population the participant expects to decrease in the scenario (response options typically include ""deer"" or ""wolves"").",NO,release,VARIABLE,redcap,pre-v4,NO,NO,
winograd_schemas_schema,winograd,winograd_q_185,winograd_q_185,task,"Participant response identifying which entity in the short passage hunted deer on the river banks (correct answer: ""humans""), recorded as the participant's chosen referent (text or selected option).",NO,release,VARIABLE,redcap,pre-v4,NO,NO,
winograd_schemas_schema,winograd,winograd_q_186,winograd_q_186,task,"Identifies which entity the pronoun ""They"" refers to in the passage, with responses indicating either ""Archaeologists"" or ""humans.""",NO,release,VARIABLE,redcap,pre-v4,NO,NO,
winograd_schemas_schema,winograd,winograd_q_187,winograd_q_187,task,"Participant's selected answer for Winograd schema item 187, choosing between ""The fish"" (scored correct) and ""The scientists"" (scored incorrect).",NO,release,VARIABLE,redcap,pre-v4,NO,NO,
winograd_schemas_schema,winograd,winograd_q_188,winograd_q_188,task,"Identifies which entity the pronoun ""they"" refers to in the sentence—either ""the scientists"" (the scientists began two years ago) or ""the species of fish"" (the fish were found two years ago).",NO,release,VARIABLE,redcap,pre-v4,NO,NO,
winograd_schemas_schema,winograd,winograd_q_189,winograd_q_189,task,"Participant's chosen referent for ""they"" in the sentence, indicating whether ""they"" refers to the journalists (interviewers) or the stars (interviewees).",NO,release,VARIABLE,redcap,pre-v4,NO,NO,
winograd_schemas_schema,winograd,winograd_q_19,winograd_q_19,task,"Participant's response indicating which person (""John"" or ""Billy"") is described as ""so short"" in the sentence ""John couldn't see the stage with Billy in front of him because he is so short.""",NO,release,VARIABLE,redcap,pre-v4,NO,NO,
winograd_schemas_schema,winograd,winograd_q_190,winograd_q_190,task,"Which entity the participant selects as the antecedent of ""they"" in the sentence about an interview, typically choosing either ""the journalists"" (correct) or ""the stars.""",NO,release,VARIABLE,redcap,pre-v4,NO,NO,
winograd_schemas_schema,winograd,winograd_q_191,winograd_q_191,task,"Indicates which group the participant selected as the referent of ""they"" in the sentence, with response options ""the police"" or ""the gang members"" (the intended referent is the gang members).",NO,release,VARIABLE,redcap,pre-v4,NO,NO,
winograd_schemas_schema,winograd,winograd_q_192,winograd_q_192,task,"Participant's response identifying who ""They"" refers to in the sentence ""The police arrested all of the gang members. They were trying to stop the drug trade in the neighborhood"" (correct referent: the police).",NO,release,VARIABLE,redcap,pre-v4,NO,NO,
winograd_schemas_schema,winograd,winograd_q_193,winograd_q_193,task,"Participant's answer identifying which object the pronoun ""it"" refers to in the sentence ""I put the cake away in the refrigerator. It has a lot of butter in it."" (response options: cake vs. refrigerator; correct referent: cake).",NO,release,VARIABLE,redcap,pre-v4,NO,NO,
winograd_schemas_schema,winograd,winograd_q_194,winograd_q_194,task,"Indicates whether the pronoun ""it"" in the sentence ""I put the cake away in the refrigerator. It has a lot of leftovers in it."" refers to the refrigerator (contains leftovers) or the cake, with response options like ""refrigerator"" or ""cake.""",NO,release,VARIABLE,redcap,pre-v4,NO,NO,
winograd_schemas_schema,winograd,winograd_q_195,winograd_q_195,task,"Participant's selected answer for Winograd schema item 195, choosing between 'The ankles' and 'The crutches' as what should be better in a month in the sentence about Sam breaking both ankles; released as the chosen option text.",NO,release,VARIABLE,redcap,pre-v4,NO,NO,
winograd_schemas_schema,winograd,winograd_q_196,winograd_q_196,task,"Participant's selected answer for Winograd schema item 196, choosing between ""The crutches"" (scored correct) and ""The ankles"" (scored incorrect).",NO,release,VARIABLE,redcap,pre-v4,NO,NO,
winograd_schemas_schema,winograd,winograd_q_197,winograd_q_197,task,"Participant's answer to a comprehension question asking which group — the bill's sponsors or the opponents — was in the majority at the town hall; responses are categorical (e.g., ""opponents"" or ""sponsors"").",NO,release,VARIABLE,redcap,pre-v4,NO,NO,
winograd_schemas_schema,winograd,winograd_q_198,winograd_q_198,task,Participant's response to a Winograd-schema question asking which group was in the minority when the sponsors of the bill found the town hall full of opponents (correct answer: the sponsors).,NO,release,VARIABLE,redcap,pre-v4,NO,NO,
winograd_schemas_schema,winograd,winograd_q_199,winograd_q_199,task,Indicates which cookie the participant chose to make more of in the scenario — oatmeal cookies or chocolate-chip cookies.,NO,release,VARIABLE,redcap,pre-v4,NO,NO,
winograd_schemas_schema,winograd,winograd_q_2,winograd_q_2,task,"Indicates which group the respondent selected as having ""advocated violence"" in the sentence — either ""city councilmen"" or ""demonstrators.""",NO,release,VARIABLE,redcap,pre-v4,NO,NO,
winograd_schemas_schema,winograd,winograd_q_20,winograd_q_20,task,"Participant's response to the pronoun-disambiguation question ""John couldn't see the stage with Billy in front of him because he is so tall,"" indicating which person the participant identifies as ""so tall"" (typically ""John"" or ""Billy"").",NO,release,VARIABLE,redcap,pre-v4,NO,NO,
winograd_schemas_schema,winograd,winograd_q_200,winograd_q_200,task,"Participant's selection of which cookie ('oatmeal' or 'chocolate chip') the pronoun ""them"" refers to in the Winograd schema sentence.",NO,release,VARIABLE,redcap,pre-v4,NO,NO,
winograd_schemas_schema,winograd,winograd_q_201,winograd_q_201,task,"Participant's selected answer for Winograd schema item 201, choosing between 'Chairs' and 'Copies of the newsletter' as what there are not enough of in the sentence about newsletter copies and auditorium chairs; released as the chosen option text.",NO,release,VARIABLE,redcap,pre-v4,NO,NO,
winograd_schemas_schema,winograd,winograd_q_202,winograd_q_202,task,"Participant's response identifying what ""them"" refers to in the sentence about placing newsletters on all the chairs in the auditorium (e.g., ""chairs"").",NO,release,VARIABLE,redcap,pre-v4,NO,NO,
winograd_schemas_schema,winograd,winograd_q_203,winograd_q_203,task,"Participant's answer identifying which entity left the hole in the sentence ""I stuck a pin through a carrot. When I pulled the pin out, it left a hole"" (expected responses: ""pin"" or ""carrot"").",NO,release,VARIABLE,redcap,pre-v4,NO,NO,
winograd_schemas_schema,winograd,winograd_q_204,winograd_q_204,task,"Participant's answer indicating which object the pronoun ""it"" refers to in the sentence ""I stuck a pin through a carrot. When I pulled the pin out, it had a hole."" — typically encoded as ""carrot"" or ""pin.""",NO,release,VARIABLE,redcap,pre-v4,NO,NO,
winograd_schemas_schema,winograd,winograd_q_205,winograd_q_205,task,"Indicates which referent the participant chose for the pronoun 'it' in the sentence about stirring coffee, recorded as the chosen option (The coffee or The pen); the keyed correct answer is 'The coffee'.",NO,release,VARIABLE,redcap,pre-v4,NO,NO,
winograd_schemas_schema,winograd,winograd_q_206,winograd_q_206,task,"Participant's response to a pronoun-resolution question asking which object got full of coffee after being used to stir (expected answer: ""pen"").",NO,release,VARIABLE,redcap,pre-v4,NO,NO,
winograd_schemas_schema,winograd,winograd_q_207,winograd_q_207,task,"Winograd item 207 (Steve follows Fred's example): the participant's chosen answer to who admires whom, 'Steve admires Fred' or 'Fred influences Steve'.",NO,release,VARIABLE,redcap,pre-v4,NO,NO,
winograd_schemas_schema,winograd,winograd_q_208,winograd_q_208,task,"Participant's selected answer for Winograd schema item 208, choosing between 'Steve admires Fred' and 'Fred influences Steve' as who influences whom in the sentence about Steve following Fred's example; released as the chosen option text.",NO,release,VARIABLE,redcap,pre-v4,NO,NO,
winograd_schemas_schema,winograd,winograd_q_209,winograd_q_209,task,"Participant's answer to the Winograd-schema question ""The table won't fit through the doorway because it is too wide. What is too wide?"" indicating whether they identify ""the table"" or ""the doorway"" (expected responses: ""table"" or ""doorway"").",NO,release,VARIABLE,redcap,pre-v4,NO,NO,
winograd_schemas_schema,winograd,winograd_q_21,winograd_q_21,task,"Which person the participant selected as having reached the top of the stairs in the sentence ""Tom threw his schoolbag down to Ray after he reached the top of the stairs"" (response options: ""Tom"" or ""Ray"").",NO,release,VARIABLE,redcap,pre-v4,NO,NO,
winograd_schemas_schema,winograd,winograd_q_210,winograd_q_210,task,"Indicates whether the respondent judges the table or the doorway to be ""too narrow"" in the sentence, with responses typically ""table"" or ""doorway.""",NO,release,VARIABLE,redcap,pre-v4,NO,NO,
winograd_schemas_schema,winograd,winograd_q_211,winograd_q_211,task,"Winograd item 211 (Grace trading her sweater for a jacket): the participant's chosen answer to what looks great on Grace, The jacket or The sweater.",NO,release,VARIABLE,redcap,pre-v4,NO,NO,
winograd_schemas_schema,winograd,winograd_q_212,winograd_q_212,task,"Indicates which garment—""sweater"" or ""jacket""—is described as looking dowdy on Grace in the presented sentence.",NO,release,VARIABLE,redcap,pre-v4,NO,NO,
winograd_schemas_schema,winograd,winograd_q_213,winograd_q_213,task,"Participant's selected answer for Winograd schema item 213, choosing between ""Bill"" (scored correct) and ""Bert"" (scored incorrect).",NO,release,VARIABLE,redcap,pre-v4,NO,NO,
winograd_schemas_schema,winograd,winograd_q_214,winograd_q_214,task,"Participant's categorical answer ('Bill' or 'Bert') to the Winograd-style question asking which person ""called attention to himself.""",NO,release,VARIABLE,redcap,pre-v4,NO,NO,
winograd_schemas_schema,winograd,winograd_q_215,winograd_q_215,task,"Participant's interpretation of the pronoun in ""John hired Bill to take care of him,"" recorded as either ""John is taking care of Bill"" or ""Bill is taking care of John.""",NO,release,VARIABLE,redcap,pre-v4,NO,NO,
winograd_schemas_schema,winograd,winograd_q_216,winograd_q_216,task,"Participant's selected resolution of Winograd schema item 216 (""John hired himself out to Bill to take care of him""), indicating whether John is taking care of Bill or Bill is taking care of John.",NO,release,VARIABLE,redcap,pre-v4,NO,NO,
winograd_schemas_schema,winograd,winograd_q_217,winograd_q_217,task,"Participant's choice of who left in 'John promised Bill to leave, so an hour later he left', either John or Bill.",NO,release,VARIABLE,redcap,pre-v4,NO,NO,
winograd_schemas_schema,winograd,winograd_q_218,winograd_q_218,task,"Identifies which person (""John"" or ""Bill"") the participant says the pronoun ""he"" refers to in the sentence ""John ordered Bill to leave, so an hour later he left.""",NO,release,VARIABLE,redcap,pre-v4,NO,NO,
winograd_schemas_schema,winograd,winograd_q_219,winograd_q_219,task,"Participant's selected answer to Winograd pronoun item 219, choosing between 'Xenophanes' and 'Sam' (released as the chosen option text).",NO,release,VARIABLE,redcap,pre-v4,NO,NO,
winograd_schemas_schema,winograd,winograd_q_22,winograd_q_22,task,"Participant's response to Winograd schema question 22 identifying which person (""Tom"" or ""Ray"") reached the bottom of the stairs.",NO,release,VARIABLE,redcap,pre-v4,NO,NO,
winograd_schemas_schema,winograd,winograd_q_220,winograd_q_220,task,"Indicates which person the respondent identified as having ""faced difficulties"" in the sentence about Sam Goodman’s biography of Xenophanes, with response options typically ""Sam Goodman"" or ""Xenophanes.""",NO,release,VARIABLE,redcap,pre-v4,NO,NO,
winograd_schemas_schema,winograd,winograd_q_221,winograd_q_221,task,"Participant's choice of whose place had been taken by a governess, either Emma's mother or Emma.",NO,release,VARIABLE,redcap,pre-v4,NO,NO,
winograd_schemas_schema,winograd,winograd_q_222,winograd_q_222,task,"Participant response naming whose education was described as having been taken care of in the sentence (expected answer: ""Emma"").",NO,release,VARIABLE,redcap,pre-v4,NO,NO,
winograd_schemas_schema,winograd,winograd_q_223,winograd_q_223,task,"Which person (""Jane"" or ""Susan"") the participant indicates the pronoun ""she"" refers to in the sentence ""Jane knocked on Susan's door but she did not answer"" (response options: Jane, Susan).",NO,release,VARIABLE,redcap,pre-v4,NO,NO,
winograd_schemas_schema,winograd,winograd_q_224,winograd_q_224,task,"Participant's selection of which person (""Jane"" or ""Susan"") the pronoun ""she"" refers to as the one who did not get an answer.",NO,release,VARIABLE,redcap,pre-v4,NO,NO,
winograd_schemas_schema,winograd,winograd_q_225,winograd_q_225,task,"Identifies which person (Joe or the detective) is judged to have received the final report in the sentence ""Joe paid the detective after he received the final report on the case"" (response options: ""Joe"" or ""detective"").",NO,release,VARIABLE,redcap,pre-v4,NO,NO,
winograd_schemas_schema,winograd,winograd_q_226,winograd_q_226,task,"Participant's response identifying who delivered the final report in the sentence ""Joe paid the detective after he delivered the final report on the case"" (expected answers: ""Joe"" or ""the detective"").",NO,release,VARIABLE,redcap,pre-v4,NO,NO,
winograd_schemas_schema,winograd,winograd_q_227,winograd_q_227,task,"Participant's chosen referent for ""who counted to ten"" in the sentence, indicating either ""Beth"" or ""Sally"" as the person who stopped and counted to ten.",NO,release,VARIABLE,redcap,pre-v4,NO,NO,
winograd_schemas_schema,winograd,winograd_q_228,winograd_q_228,task,"Participant's selected answer to Winograd pronoun item 228, choosing between 'Beth' and 'Sally' (released as the chosen option text).",NO,release,VARIABLE,redcap,pre-v4,NO,NO,
winograd_schemas_schema,winograd,winograd_q_229,winograd_q_229,task,Identifies which person (“Jim” or “the barman”) the respondent says owns the empty glass in the sentence “Jim signaled the barman and gestured toward his empty glass” (response options: Jim or barman).,NO,release,VARIABLE,redcap,pre-v4,NO,NO,
winograd_schemas_schema,winograd,winograd_q_23,winograd_q_23,task,"Participant's choice of which person (Sue or Sally) is identified as having had a good start in the sentence ""Although they ran at about the same speed, Sue beat Sally because she had such a good start.""",NO,release,VARIABLE,redcap,pre-v4,NO,NO,
winograd_schemas_schema,winograd,winograd_q_230,winograd_q_230,task,"Indicates which person the pronoun ""his"" refers to in the sentence ""Jim signaled the barman and gestured toward his bathroom key,"" with response options typically ""Jim"" or ""the barman.""",NO,release,VARIABLE,redcap,pre-v4,NO,NO,
winograd_schemas_schema,winograd,winograd_q_231,winograd_q_231,task,"Participant's answer to the comprehension question asking whose ""Dibs"" was quicker, with response options typically ""Dan"" or ""Bill.""",NO,release,VARIABLE,redcap,pre-v4,NO,NO,
winograd_schemas_schema,winograd,winograd_q_232,winograd_q_232,task,"Indicates which character's ""Dibs!"" is described as being slow in the sentence, with response options ""Dan"" or ""Bill.""",NO,release,VARIABLE,redcap,pre-v4,NO,NO,
winograd_schemas_schema,winograd,winograd_q_233,winograd_q_233,task,"Participant's response identifying whose bishop Tom took in the Winograd sentence ""Tom said 'Check' to Ralph as he took his bishop,"" recorded as a categorical answer (e.g., ""Ralph"" or ""Tom"").",NO,release,VARIABLE,redcap,pre-v4,NO,NO,
winograd_schemas_schema,winograd,winograd_q_234,winograd_q_234,task,"Answer to a Winograd schema question indicating whose bishop Tom moved in the sentence ""Tom said 'Check' to Ralph as he moved his bishop"" (expected responses: ""Tom"" or ""Ralph"").",NO,release,VARIABLE,redcap,pre-v4,NO,NO,
winograd_schemas_schema,winograd,winograd_q_235,winograd_q_235,task,"Participant's answer to a pronoun-resolution question asking whether ""she"" refers to Andrea (in the crop duster) or Susan (on the ground), with response options ""Andrea"" or ""Susan.""",NO,release,VARIABLE,redcap,pre-v4,NO,NO,
winograd_schemas_schema,winograd,winograd_q_236,winograd_q_236,task,"Specifies which person (Andrea or Susan) the Winograd-schema sentence indicates could see the landing gear; response options: ""Andrea"" or ""Susan.""",NO,release,VARIABLE,redcap,pre-v4,NO,NO,
winograd_schemas_schema,winograd,winograd_q_237,winograd_q_237,task,"Participant's choice of whom ""he"" refers to in the sentence ""Tom gave Ralph a lift to school so he wouldn't have to walk,"" recorded as either ""Tom"" or ""Ralph.""",NO,release,VARIABLE,redcap,pre-v4,NO,NO,
winograd_schemas_schema,winograd,winograd_q_238,winograd_q_238,task,"Participant's answer identifying which person (Tom or Ralph) would not have to drive alone in the sentence ""Tom gave Ralph a lift to school so he wouldn't have to drive alone""; expected responses: ""Tom"" or ""Ralph"".",NO,release,VARIABLE,redcap,pre-v4,NO,NO,
winograd_schemas_schema,winograd,winograd_q_239,winograd_q_239,task,"Indicates which character—Bill or John—the participant selected as the referent of ""he"" (the person who was full) in the sentence ""Bill passed the half-empty plate to John because he was full.""",NO,release,VARIABLE,redcap,pre-v4,NO,NO,
winograd_schemas_schema,winograd,winograd_q_24,winograd_q_24,task,"Participant's selected answer (either ""Sue"" or ""Sally"") to the comprehension question asking which person had a bad start.",NO,release,VARIABLE,redcap,pre-v4,NO,NO,
winograd_schemas_schema,winograd,winograd_q_240,winograd_q_240,task,"Which character the participant says the pronoun ""he"" refers to in the sentence ""Bill passed the half-empty plate to John because he was hungry"" (response options: Bill or John).",NO,release,VARIABLE,redcap,pre-v4,NO,NO,
winograd_schemas_schema,winograd,winograd_q_241,winograd_q_241,task,"Participant's selected answer to Winograd pronoun item 241, choosing between 'Bill' and 'John' (released as the chosen option text).",NO,release,VARIABLE,redcap,pre-v4,NO,NO,
winograd_schemas_schema,winograd,winograd_q_242,winograd_q_242,task,"Participant's response identifying whose turn was next in the Winograd-style sentence (response options: ""Bill"" or ""John"").",NO,release,VARIABLE,redcap,pre-v4,NO,NO,
winograd_schemas_schema,winograd,winograd_q_243,winograd_q_243,task,"Participant's answer indicating whose bunk bed is meant in the sentence (i.e., whether ""his"" refers to the man or the boy; responses typically ""man's"" or ""boy's"").",NO,release,VARIABLE,redcap,pre-v4,NO,NO,
winograd_schemas_schema,winograd,winograd_q_244,winograd_q_244,task,"Participant's choice of whose shoulders in 'The man lifted the boy onto his shoulders', either the man's or the boy's.",NO,release,VARIABLE,redcap,pre-v4,NO,NO,
winograd_schemas_schema,winograd,winograd_q_245,winograd_q_245,task,"Identifies the antecedent of ""her"" in the sentence ""Patting her back, the woman smiled at the girl,"" with responses indicating whether ""her"" refers to the woman or the girl.",NO,release,VARIABLE,redcap,pre-v4,NO,NO,
winograd_schemas_schema,winograd,winograd_q_246,winograd_q_246,task,"Participant's selected answer to Winograd pronoun item 246, choosing between 'The girl's' and 'The woman's' (released as the chosen option text).",NO,release,VARIABLE,redcap,pre-v4,NO,NO,
winograd_schemas_schema,winograd,winograd_q_247,winograd_q_247,task,"Identifies who owned the toy in the sentence ""Billy cried because Toby wouldn't share his toy,"" with responses typically ""Toby"" or ""Billy.""",NO,release,VARIABLE,redcap,pre-v4,NO,NO,
winograd_schemas_schema,winograd,winograd_q_248,winograd_q_248,task,"Participant's answer to the Winograd schema prompt ""Billy cried because Toby wouldn't accept his toy,"" indicating who they judged owned the toy (response options: ""Billy"" or ""Toby"").",NO,release,VARIABLE,redcap,pre-v4,NO,NO,
winograd_schemas_schema,winograd,winograd_q_249,winograd_q_249,task,"Records which person's concentration ""her"" refers to in the sentence ""Lily spoke to Donna, breaking her concentration"" (response options: Lily or Donna).",NO,release,VARIABLE,redcap,pre-v4,NO,NO,
winograd_schemas_schema,winograd,winograd_q_25,winograd_q_25,task,"Identifies which noun the pronoun ""it"" refers to in the sentence ""The sculpture rolled off the shelf because it wasn't anchored"" (response options: ""sculpture"" or ""shelf"").",NO,release,VARIABLE,redcap,pre-v4,NO,NO,
winograd_schemas_schema,winograd,winograd_q_250,winograd_q_250,task,"Identifies which person's silence is being broken in the sentence, recorded as a categorical response indicating either ""Lily"" or ""Donna.""",NO,release,VARIABLE,redcap,pre-v4,NO,NO,
winograd_schemas_schema,winograd,winograd_q_251,winograd_q_251,task,"Participant's selection of which character (""Tommy"" or ""Timmy"") they judge to be the referent of ""him"" in the sentence: ""When Tommy dropped his ice cream, Timmy giggled, so father gave him a stern look.""",NO,release,VARIABLE,redcap,pre-v4,NO,NO,
winograd_schemas_schema,winograd,winograd_q_252,winograd_q_252,task,"Which character the participant chose as the recipient of the father's sympathetic look in the sentence (response options: ""Tommy"" or ""Timmy"").",NO,release,VARIABLE,redcap,pre-v4,NO,NO,
winograd_schemas_schema,winograd,winograd_q_253,winograd_q_253,task,"Which person the participant identified as the referent of ""his"" in the sentence (response options: ""Ollie"" or ""Tommy"").",NO,release,VARIABLE,redcap,pre-v4,NO,NO,
winograd_schemas_schema,winograd,winograd_q_254,winograd_q_254,task,"Identifies who ""his"" refers to in the sentence ""As Ollie carried Tommy up the long winding steps, his legs ached,"" with response options: Ollie or Tommy.",NO,release,VARIABLE,redcap,pre-v4,NO,NO,
winograd_schemas_schema,winograd,winograd_q_255,winograd_q_255,task,"Participant's selected answer to Winograd pronoun item 255, choosing between 'The father' and 'The boy' (released as the chosen option text).",NO,release,VARIABLE,redcap,pre-v4,NO,NO,
winograd_schemas_schema,winograd,winograd_q_256,winograd_q_256,task,"Participant's selected answer for Winograd schema item 256, choosing between 'The father' and 'The boy' as whose bassinet it is in the sentence about the father carrying the sleeping boy; released as the chosen option text.",NO,release,VARIABLE,redcap,pre-v4,NO,NO,
winograd_schemas_schema,winograd,winograd_q_257,winograd_q_257,task,"Winograd item 257 (the woman held the girl against her chest): the participant's chosen answer to whose chest, The woman's or The girl's.",NO,release,VARIABLE,redcap,pre-v4,NO,NO,
winograd_schemas_schema,winograd,winograd_q_258,winograd_q_258,task,"Participant's choice of whose will in 'The woman held the girl against her will', either the woman's or the girl's.",NO,release,VARIABLE,redcap,pre-v4,NO,NO,
winograd_schemas_schema,winograd,winograd_q_259,winograd_q_259,task,"Indicates whether the pronoun ""they"" in the sentence about Pam being found with her boyfriend refers to Pam’s parents or to Pam and her boyfriend Paul (response: ""Pam's parents"" vs ""Pam and Paul"").",NO,release,VARIABLE,redcap,pre-v4,NO,NO,
winograd_schemas_schema,winograd,winograd_q_26,winograd_q_26,task,"Participant's answer identifying what ""it"" refers to in the Winograd sentence ""The sculpture rolled off the shelf because it wasn't level"" (typically ""the shelf"" or ""the sculpture"").",NO,release,VARIABLE,redcap,pre-v4,NO,NO,
winograd_schemas_schema,winograd,winograd_q_260,winograd_q_260,task,"Participant's answer to Winograd item 260: whether Pam's parents, or Pam and Paul, were furious (Pam's parents is keyed correct).",NO,release,VARIABLE,redcap,pre-v4,NO,NO,
winograd_schemas_schema,winograd,winograd_q_261,winograd_q_261,task,"Winograd item 261 (Dr. Adams informed Kate she had cancer): the participant's chosen answer to who had cancer, Kate or Dr. Adams.",NO,release,VARIABLE,redcap,pre-v4,NO,NO,
winograd_schemas_schema,winograd,winograd_q_262,winograd_q_262,task,"Identifies which person is reported to have retired in the sentence ""Dr. Adams informed Kate that she had retired,"" with responses naming the individual who retired (e.g., ""Dr. Adams"" or ""Kate"").",NO,release,VARIABLE,redcap,pre-v4,NO,NO,
winograd_schemas_schema,winograd,winograd_q_263,winograd_q_263,task,"Indicates whether the participant chose Dan or Bill as the person referred to by ""He"" (i.e., who is described as very compassionate).",NO,release,VARIABLE,redcap,pre-v4,NO,NO,
winograd_schemas_schema,winograd,winograd_q_264,winograd_q_264,task,"Which character (Dan or Bill) the participant identifies as ""cruel"" in the sentence ""Dan had to stop Bill from toying with the injured bird. He is very cruel."" (typically recorded as ""Dan"" or ""Bill"").",NO,release,VARIABLE,redcap,pre-v4,NO,NO,
winograd_schemas_schema,winograd,winograd_q_265,winograd_q_265,task,"Indicates which person (""Jane"" or ""Joan"") the participant identified as ""she"" in the sentence ""Jane gave Joan candy because she was hungry.""",NO,release,VARIABLE,redcap,pre-v4,NO,NO,
winograd_schemas_schema,winograd,winograd_q_266,winograd_q_266,task,"Indicates which person (Jane or Joan) the participant selects as the referent of ""she"" in the sentence ""Jane gave Joan candy because she wasn't hungry,"" with responses typically ""Jane"" or ""Joan.""",NO,release,VARIABLE,redcap,pre-v4,NO,NO,
winograd_schemas_schema,winograd,winograd_q_267,winograd_q_267,task,"Participant's choice of what looked like light bulbs in the orchard painting sentence, either the lemons or the trees.",NO,release,VARIABLE,redcap,pre-v4,NO,NO,
winograd_schemas_schema,winograd,winograd_q_268,winograd_q_268,task,"Participant's selected answer for Winograd schema item 268, choosing between 'The lemons' and 'The trees' as what looked like telephone poles in the sentence about painting an orchard with lemons; released as the chosen option text.",NO,release,VARIABLE,redcap,pre-v4,NO,NO,
winograd_schemas_schema,winograd,winograd_q_269,winograd_q_269,task,"Participant's response indicating which person refused in the sentence ""James asked Robert for a favor but he refused"" (response options: ""James"" or ""Robert"").",NO,release,VARIABLE,redcap,pre-v4,NO,NO,
winograd_schemas_schema,winograd,winograd_q_27,winograd_q_27,task,"Which drawing the participant judged to look better (choice of ""Sam's"" or ""Tina's"") in the scenario where Sam's was hung just above Tina's and appeared to look much better with another one below it.",NO,release,VARIABLE,redcap,pre-v4,NO,NO,
winograd_schemas_schema,winograd,winograd_q_270,winograd_q_270,task,"Participant's answer to a pronoun-resolution question asking who was refused in ""James asked Robert for a favor but he was refused,"" indicating either ""James"" or ""Robert.""",NO,release,VARIABLE,redcap,pre-v4,NO,NO,
winograd_schemas_schema,winograd,winograd_q_271,winograd_q_271,task,"Identifies whether the participant selected Kirilov or Shatov as the person described as ""more popular"" in the sentence (response options: Kirilov, Shatov).",NO,release,VARIABLE,redcap,pre-v4,NO,NO,
winograd_schemas_schema,winograd,winograd_q_272,winograd_q_272,task,"Participant's selected answer for Winograd schema item 272, choosing between ""Kirilov"" (scored correct) and ""Shatov"" (scored incorrect).",NO,release,VARIABLE,redcap,pre-v4,NO,NO,
winograd_schemas_schema,winograd,winograd_q_273,winograd_q_273,task,"Indicates which person (Emma or Janie) the participant identified as being ""open"" in the sentence — correct answer: Janie.",NO,release,VARIABLE,redcap,pre-v4,NO,NO,
winograd_schemas_schema,winograd,winograd_q_274,winograd_q_274,task,"Identifies which person (""Emma"" or ""Janie"") the respondent indicates is the antecedent of ""she"" in the sentence (response: Emma or Janie).",NO,release,VARIABLE,redcap,pre-v4,NO,NO,
winograd_schemas_schema,winograd,winograd_q_275,winograd_q_275,task,"Identifies which person the participant judges ""the fool"" refers to in the sentence ""Joe saw his brother skiing on TV last night but the fool didn't recognize him,"" with responses indicating either Joe or his brother.",NO,release,VARIABLE,redcap,pre-v4,NO,NO,
winograd_schemas_schema,winograd,winograd_q_276,winograd_q_276,task,"Participant's answer identifying who ""the fool"" refers to in the sentence ""Joe saw his brother skiing on TV last night but the fool didn't have a coat on,"" typically indicating ""Joe"" or ""his brother.""",NO,release,VARIABLE,redcap,pre-v4,NO,NO,
winograd_schemas_schema,winograd,winograd_q_28,winograd_q_28,task,"Which drawing the participant judged looked better in the sentence about Sam and Tina (response options: ""Sam's drawing"" or ""Tina's drawing"").",NO,release,VARIABLE,redcap,pre-v4,NO,NO,
winograd_schemas_schema,winograd,winograd_q_29,winograd_q_29,task,"Records which character the participant chose as the referent of ""she"" in the sentence ""Anna did a lot better than her good friend Lucy on the test because she had studied so hard,"" with response options typically ""Anna"" or ""Lucy.""",NO,release,VARIABLE,redcap,pre-v4,NO,NO,
winograd_schemas_schema,winograd,winograd_q_3,winograd_q_3,task,"Participant's answer identifying which object is described as ""too small"" in the sentence ""The trophy doesn't fit into the brown suitcase because it's too small,"" typically recorded as ""trophy"" or ""suitcase.""",NO,release,VARIABLE,redcap,pre-v4,NO,NO,
winograd_schemas_schema,winograd,winograd_q_30,winograd_q_30,task,"Participant's choice of which person (""Anna"" or ""Lucy"") they judged the pronoun ""she"" to refer to in the Winograd-style sentence asking who studied hard.",NO,release,VARIABLE,redcap,pre-v4,NO,NO,
winograd_schemas_schema,winograd,winograd_q_31,winograd_q_31,task,"Participant's response indicating which group (""firemen"" or ""police"") was described as ""coming from so far away"" in the sentence.",NO,release,VARIABLE,redcap,pre-v4,NO,NO,
winograd_schemas_schema,winograd,winograd_q_32,winograd_q_32,task,"Indicates which group the participant identified as ""coming from so far away"" in Winograd item 32 — either ""the firemen"" or ""the police.""",NO,release,VARIABLE,redcap,pre-v4,NO,NO,
winograd_schemas_schema,winograd,winograd_q_33,winograd_q_33,task,"Which person the participant identified as having bought the toaster in the sentence (response options: ""Frank"" or ""Tom"").",NO,release,VARIABLE,redcap,pre-v4,NO,NO,
winograd_schemas_schema,winograd,winograd_q_34,winograd_q_34,task,"Participant's answer to a Winograd-style comprehension question asking who sold the toaster, indicating whether Frank or Tom sold it.",NO,release,VARIABLE,redcap,pre-v4,NO,NO,
winograd_schemas_schema,winograd,winograd_q_35,winograd_q_35,task,"Participant's choice identifying who ""he"" refers to in the sentence ""Jim yelled at Kevin because he was so upset"" — i.e., whether the upset person was Jim or Kevin (response options: Jim or Kevin).",NO,release,VARIABLE,redcap,pre-v4,NO,NO,
winograd_schemas_schema,winograd,winograd_q_36,winograd_q_36,task,"Identifies which person the participant judged ""he"" to refer to in the sentence ""Jim comforted Kevin because he was so upset,"" with response options ""Jim"" or ""Kevin.""",NO,release,VARIABLE,redcap,pre-v4,NO,NO,
winograd_schemas_schema,winograd,winograd_q_37,winograd_q_37,task,"Participant's selected answer for Winograd schema item 37, choosing between ""The sack of potatoes"" (scored correct) and ""The bag of flour"" (scored incorrect).",NO,release,VARIABLE,redcap,pre-v4,NO,NO,
winograd_schemas_schema,winograd,winograd_q_38,winograd_q_38,task,"Participant's selected answer to Winograd pronoun item 38, choosing between 'The sack of potatoes' and 'The bag of flour' (released as the chosen option text).",NO,release,VARIABLE,redcap,pre-v4,NO,NO,
winograd_schemas_schema,winograd,winograd_q_39,winograd_q_39,task,"Participant's choice indicating who they identified as ""very successful"" in a Winograd-style pronoun-resolution item, with response options ""Martin"" or ""Pete.""",NO,release,VARIABLE,redcap,pre-v4,NO,NO,
winograd_schemas_schema,winograd,winograd_q_4,winograd_q_4,task,"Participant's chosen referent (either ""trophy"" or ""suitcase"") for the pronoun ""it"" in the Winograd sentence ""The trophy doesn't fit into the brown suitcase because it's too large.""",NO,release,VARIABLE,redcap,pre-v4,NO,NO,
winograd_schemas_schema,winograd,winograd_q_40,winograd_q_40,task,"Participant's answer indicating whether ""he"" refers to Martin or Pete in the sentence ""Pete envies Martin although he is very successful"" (response options: ""Martin"" or ""Pete"").",NO,release,VARIABLE,redcap,pre-v4,NO,NO,
winograd_schemas_schema,winograd,winograd_q_41,winograd_q_41,task,"Participant's response indicating which object was ""top-heavy"" in the sentence — expected answers include ""bottle"" (correct) or ""table"" (incorrect).",NO,release,VARIABLE,redcap,pre-v4,NO,NO,
winograd_schemas_schema,winograd,winograd_q_42,winograd_q_42,task,"Which object the participant identifies as ""it"" in the sentence ""I was trying to balance the bottle upside down on the table, but I couldn't do it because it was so uneven"" — typically coded as ""bottle"" or ""table.""",NO,release,VARIABLE,redcap,pre-v4,NO,NO,
winograd_schemas_schema,winograd,winograd_q_43,winograd_q_43,task,"Which object the participant indicates the pronoun ""it"" refers to in the sentence ""I spread the cloth on the table in order to protect it"" (response options: ""table"" or ""cloth"").",NO,release,VARIABLE,redcap,pre-v4,NO,NO,
winograd_schemas_schema,winograd,winograd_q_44,winograd_q_44,task,"Winograd item 44 (spreading the cloth on the table): the participant's chosen answer to what is being displayed, The table or The cloth.",NO,release,VARIABLE,redcap,pre-v4,NO,NO,
winograd_schemas_schema,winograd,winograd_q_45,winograd_q_45,task,"Records which group the participant identified as ""them"" in the sentence ""The older students were bullying the younger ones, so we rescued them,"" i.e., whether ""them"" refers to the younger students (rescued) or the older students.",NO,release,VARIABLE,redcap,pre-v4,NO,NO,
winograd_schemas_schema,winograd,winograd_q_46,winograd_q_46,task,Which group the participant chose as the ones punished in the sentence — either the older students or the younger students.,NO,release,VARIABLE,redcap,pre-v4,NO,NO,
winograd_schemas_schema,winograd,winograd_q_47,winograd_q_47,task,"Participant's selected answer to Winograd pronoun item 47, choosing between 'The cup' and 'The bottle' (released as the chosen option text).",NO,release,VARIABLE,redcap,pre-v4,NO,NO,
winograd_schemas_schema,winograd,winograd_q_48,winograd_q_48,task,"Participant's answer identifying whether ""it"" refers to the bottle or the cup in the sentence ""I poured water from the bottle into the cup until it was empty"" (response options: bottle or cup).",NO,release,VARIABLE,redcap,pre-v4,NO,NO,
winograd_schemas_schema,winograd,winograd_q_49,winograd_q_49,task,"Identifies whether the pronoun ""she"" refers to Susan or Ann in the Winograd sentence ""Susan knows all about Ann's personal problems because she is nosy"" (response options: ""Susan"" or ""Ann"").",NO,release,VARIABLE,redcap,pre-v4,NO,NO,
winograd_schemas_schema,winograd,winograd_q_5,winograd_q_5,task,"Participant's answer indicating whether the pronoun ""she"" in ""Joan made sure to thank Susan for all the help she had given"" refers to Susan or Joan (response options typically ""Susan"" or ""Joan"").",NO,release,VARIABLE,redcap,pre-v4,NO,NO,
winograd_schemas_schema,winograd,winograd_q_50,winograd_q_50,task,"Participant's selection indicating whether ""indiscreet"" refers to Susan or to Ann in the Winograd schema sentence ""Susan knows all about Ann's personal problems because she is indiscreet"" (response options: ""Susan"" or ""Ann"").",NO,release,VARIABLE,redcap,pre-v4,NO,NO,
winograd_schemas_schema,winograd,winograd_q_51,winograd_q_51,task,"Identifies which person the participant judged as having told the other about the car accident (response options typically ""Susan"" or ""Ann"").",NO,release,VARIABLE,redcap,pre-v4,NO,NO,
winograd_schemas_schema,winograd,winograd_q_52,winograd_q_52,task,"Indicates which person the participant says told the other about the car accident, with response options ""Susan told Ann"" or ""Ann told Susan.""",NO,release,VARIABLE,redcap,pre-v4,NO,NO,
winograd_schemas_schema,winograd,winograd_q_53,winograd_q_53,task,"Participant's response indicating which individual (Joe or his uncle) they judged to be older in the Winograd-schema question ""Joe's uncle can still beat him at tennis, even though he is 30 years older.""",NO,release,VARIABLE,redcap,pre-v4,NO,NO,
winograd_schemas_schema,winograd,winograd_q_54,winograd_q_54,task,"Participant's response indicating who is younger in the sentence ""Joe's uncle can still beat him at tennis, even though he is 30 years younger,"" with response options ""Joe"" or ""Joe's uncle"" (the person who is 30 years younger).",NO,release,VARIABLE,redcap,pre-v4,NO,NO,
winograd_schemas_schema,winograd,winograd_q_55,winograd_q_55,task,"Participant's selected answer for Winograd schema item 55, choosing between ""In the garage"" (scored correct) and ""In the house"" (scored incorrect).",NO,release,VARIABLE,redcap,pre-v4,NO,NO,
winograd_schemas_schema,winograd,winograd_q_56,winograd_q_56,task,"Participant's answer to the Winograd question asking where the murder weapon was found, typically coded as ""house"" (in the house) or ""garage"" (in the garage).",NO,release,VARIABLE,redcap,pre-v4,NO,NO,
winograd_schemas_schema,winograd,winograd_q_57,winograd_q_57,task,"Participant's selected answer for Winograd schema item 57, choosing between 'The painting' and 'The tree' as what is to the right of the bookcase in the sentence about the painting in Mark's living room; released as the chosen option text.",NO,release,VARIABLE,redcap,pre-v4,NO,NO,
winograd_schemas_schema,winograd,winograd_q_58,winograd_q_58,task,"Winograd item 58 (painting showing an oak tree to the right of a house): the participant's chosen answer to what is to the right of the house, The painting or The tree.",NO,release,VARIABLE,redcap,pre-v4,NO,NO,
winograd_schemas_schema,winograd,winograd_q_59,winograd_q_59,task,"Participant's choice of what the garden can be seen through in 'There is a gap in the wall...', either the gap or the wall.",NO,release,VARIABLE,redcap,pre-v4,NO,NO,
winograd_schemas_schema,winograd,winograd_q_6,winograd_q_6,task,"Participant's response identifying who received help in the Winograd sentence ""Joan made sure to thank Susan for all the help she had received,"" typically one of the two characters (""Joan"" or ""Susan"").",NO,release,VARIABLE,redcap,pre-v4,NO,NO,
winograd_schemas_schema,winograd,winograd_q_60,winograd_q_60,task,"Participant's selected answer to Winograd pronoun item 60, choosing between 'The gap' and 'The wall' (released as the chosen option text).",NO,release,VARIABLE,redcap,pre-v4,NO,NO,
winograd_schemas_schema,winograd,winograd_q_61,winograd_q_61,task,Participant's answer to Winograd item 61: whether the drain or the hair has to be cleaned (the drain is keyed correct).,NO,release,VARIABLE,redcap,pre-v4,NO,NO,
winograd_schemas_schema,winograd,winograd_q_62,winograd_q_62,task,"Winograd item 62 (drain clogged with hair): the participant's chosen answer to what has to be removed, The drain or The hair.",NO,release,VARIABLE,redcap,pre-v4,NO,NO,
winograd_schemas_schema,winograd,winograd_q_63,winograd_q_63,task,"Participant response indicating whether the pronoun ""it"" refers to the meeting or the train (i.e., which of those two was short).",NO,release,VARIABLE,redcap,pre-v4,NO,NO,
winograd_schemas_schema,winograd,winograd_q_64,winograd_q_64,task,"Indicates which entity—""meeting"" or ""train""—the respondent identifies as having been delayed in the Winograd-style sentence.",NO,release,VARIABLE,redcap,pre-v4,NO,NO,
winograd_schemas_schema,winograd,winograd_q_65,winograd_q_65,task,"Participant's selected answer to Winograd pronoun item 65, choosing between 'The stage' and 'The pillar' (released as the chosen option text).",NO,release,VARIABLE,redcap,pre-v4,NO,NO,
winograd_schemas_schema,winograd,winograd_q_66,winograd_q_66,task,Participant's answer to Winograd item 66: whether the participant can't see around the pillar or the stage (the pillar is keyed correct).,NO,release,VARIABLE,redcap,pre-v4,NO,NO,
winograd_schemas_schema,winograd,winograd_q_67,winograd_q_67,task,"Participant's answer identifying what they couldn't hear in the sentence ""They broadcast an announcement, but a subway came into the station and I couldn't hear it"" (expected response: ""announcement"").",NO,release,VARIABLE,redcap,pre-v4,NO,NO,
winograd_schemas_schema,winograd,winograd_q_68,winograd_q_68,task,"Participant's selected answer for Winograd schema item 68, choosing between 'The announcement' and 'The subway' as what could not be heard over in the sentence about an announcement and an arriving subway; released as the chosen option text.",NO,release,VARIABLE,redcap,pre-v4,NO,NO,
winograd_schemas_schema,winograd,winograd_q_69,winograd_q_69,task,"Participant's answer identifying what continued until 10 in the sentence ""In the middle of the outdoor concert, the rain started falling, and it continued until 10"" (e.g., ""the rain"").",NO,release,VARIABLE,redcap,pre-v4,NO,NO,
winograd_schemas_schema,winograd,winograd_q_7,winograd_q_7,task,Indicates which person—Paul or George—the respondent identifies as not being successful in the phone call attempt (response options: Paul or George).,NO,release,VARIABLE,redcap,pre-v4,NO,NO,
winograd_schemas_schema,winograd,winograd_q_70,winograd_q_70,task,"Participant's selected answer for Winograd schema item 70, choosing between 'The rain' and 'The concert' as what continued until 10 in the sentence about rain at an outdoor concert; released as the chosen option text.",NO,release,VARIABLE,redcap,pre-v4,NO,NO,
winograd_schemas_schema,winograd,winograd_q_71,winograd_q_71,task,"Winograd item 71 (cleaning the knife with an old rag): the participant's chosen answer to what was put in the drawer, The knife or The rag.",NO,release,VARIABLE,redcap,pre-v4,NO,NO,
winograd_schemas_schema,winograd,winograd_q_72,winograd_q_72,task,Participant's response to a Winograd-schema question asking which item was put in the trash—whether they identified the rag or the knife.,NO,release,VARIABLE,redcap,pre-v4,NO,NO,
winograd_schemas_schema,winograd,winograd_q_73,winograd_q_73,task,"Records which person ('Ann' or 'Mary') the participant judged the pronoun ""she"" to refer to in the sentence ""Ann asked Mary what time the library closes, but she had forgotten.""",NO,release,VARIABLE,redcap,pre-v4,NO,NO,
winograd_schemas_schema,winograd,winograd_q_74,winograd_q_74,task,"Identifies who ""she"" refers to in the sentence ""Ann asked Mary what time the library closes, because she had forgotten,"" with responses indicating either ""Ann"" or ""Mary.""",NO,release,VARIABLE,redcap,pre-v4,NO,NO,
winograd_schemas_schema,winograd,winograd_q_75,winograd_q_75,task,"Participant's response indicating whether ""it"" refers to the backpack or the water bottle in the Winograd schema sentence ""I took the water bottle out of the backpack so that it would be lighter.""",NO,release,VARIABLE,redcap,pre-v4,NO,NO,
winograd_schemas_schema,winograd,winograd_q_76,winograd_q_76,task,"Winograd item 76 (taking the water bottle out of the backpack): the participant's chosen answer to what would be handy, The backpack or The bottle.",NO,release,VARIABLE,redcap,pre-v4,NO,NO,
winograd_schemas_schema,winograd,winograd_q_77,winograd_q_77,task,"Which object the participant identified as ""too high"" in the sentence ""I couldn't put the pot on the shelf because it was too high"" (response options: ""pot"" or ""shelf"").",NO,release,VARIABLE,redcap,pre-v4,NO,NO,
winograd_schemas_schema,winograd,winograd_q_78,winograd_q_78,task,"Participant's response identifying which object in the sentence (""the pot"" or ""the shelf"") was judged to be ""too tall.""",NO,release,VARIABLE,redcap,pre-v4,NO,NO,
winograd_schemas_schema,winograd,winograd_q_79,winograd_q_79,task,"Participant's choice of which noun the pronoun ""it"" refers to in the Winograd-schema sentence ""I'm sure that my map will show this building; it is very famous"" (response options: ""building"" or ""map"").",NO,release,VARIABLE,redcap,pre-v4,NO,NO,
winograd_schemas_schema,winograd,winograd_q_8,winograd_q_8,task,"Identifies which person in the sentence (""Paul"" or ""George"") the participant indicates was not available.",NO,release,VARIABLE,redcap,pre-v4,NO,NO,
winograd_schemas_schema,winograd,winograd_q_80,winograd_q_80,task,"Participant's answer identifying whether ""it"" in ""I'm sure that my map will show this building; it is very good."" refers to the map or the building (response: ""map"" or ""building"").",NO,release,VARIABLE,redcap,pre-v4,NO,NO,
winograd_schemas_schema,winograd,winograd_q_81,winograd_q_81,task,"Participant's selected referent for ""He"" in the Winograd sentence ""Bob paid for Charlie's college education. He is very generous."" (response options: ""Bob"" or ""Charlie"").",NO,release,VARIABLE,redcap,pre-v4,NO,NO,
winograd_schemas_schema,winograd,winograd_q_82,winograd_q_82,task,"Identifies whether ""He"" in the sentence ""Bob paid for Charlie's college education. He is very grateful."" refers to Bob or to Charlie (response options: ""Bob"" or ""Charlie"").",NO,release,VARIABLE,redcap,pre-v4,NO,NO,
winograd_schemas_schema,winograd,winograd_q_83,winograd_q_83,task,"Participant's selected answer to Winograd pronoun item 83, choosing between 'Bob' and 'Charlie' (released as the chosen option text).",NO,release,VARIABLE,redcap,pre-v4,NO,NO,
winograd_schemas_schema,winograd,winograd_q_84,winograd_q_84,task,"Indicates which person—Bob or Charlie—the pronoun ""He"" refers to in the sentence ""Bob paid for Charlie's college education, but now Charlie acts as though it never happened. He is very ungrateful."" (response options: Bob, Charlie)",NO,release,VARIABLE,redcap,pre-v4,NO,NO,
winograd_schemas_schema,winograd,winograd_q_85,winograd_q_85,task,"Participant's response to a Winograd schema item asking who would have won the card game, indicating whether the pronoun ""he"" refers to Bob or Adam (response options: Bob or Adam).",NO,release,VARIABLE,redcap,pre-v4,NO,NO,
winograd_schemas_schema,winograd,winograd_q_86,winograd_q_86,task,"Participant's response to a pronoun-resolution question asking which person would have lost the card game—Bob or Adam (response options: ""Bob"" or ""Adam"").",NO,release,VARIABLE,redcap,pre-v4,NO,NO,
winograd_schemas_schema,winograd,winograd_q_87,winograd_q_87,task,"Participant's choice of who would be present at work—""Adam"" or ""Bob""—in a pronoun-resolution scenario where Adam can't leave until Bob arrives and Bob would have arrived on time.",NO,release,VARIABLE,redcap,pre-v4,NO,NO,
winograd_schemas_schema,winograd,winograd_q_88,winograd_q_88,task,"Which person ('Adam' or 'Bob') the participant selects as the referent of ""he"" in the Winograd-schema sentence (""Adam can't leave work here until Bob arrives to replace him...""); responses: Adam or Bob.",NO,release,VARIABLE,redcap,pre-v4,NO,NO,
winograd_schemas_schema,winograd,winograd_q_89,winograd_q_89,task,"Participant's answer naming who would have received the money in the scenario (e.g., ""the con artist"" versus ""Sam"").",NO,release,VARIABLE,redcap,pre-v4,NO,NO,
winograd_schemas_schema,winograd,winograd_q_9,winograd_q_9,task,"Participant's answer identifying who ""he"" refers to in the sentence about a lawyer and a witness, indicating whether the lawyer or the witness was judged to be reluctant to answer (responses typically ""lawyer"" or ""witness"").",NO,release,VARIABLE,redcap,pre-v4,NO,NO,
winograd_schemas_schema,winograd,winograd_q_90,winograd_q_90,task,"Participant's response identifying the referent of ""he"" in the sentence—i.e., who would have lost a lot of money (typically ""Sam"" or ""the con artist"").",NO,release,VARIABLE,redcap,pre-v4,NO,NO,
winograd_schemas_schema,winograd,winograd_q_91,winograd_q_91,task,"Participant's selected answer for Winograd schema item 91, choosing between 'The dog' and 'The spot under the tree' as what was hot in the sentence about the dog moving from the lawn to a spot under the tree; released as the chosen option text.",NO,release,VARIABLE,redcap,pre-v4,NO,NO,
winograd_schemas_schema,winograd,winograd_q_92,winograd_q_92,task,Participant's answer identifying which entity was cooler in the Winograd-schema sentence — the spot under the tree (shaded spot) or the middle of the lawn.,NO,release,VARIABLE,redcap,pre-v4,NO,NO,
winograd_schemas_schema,winograd,winograd_q_93,winograd_q_93,task,"Participant's answer indicating whether the pronoun ""it"" refers to the cat or the mouse in the sentence ""The cat was lying by the mouse hole waiting for the mouse, but it was too cautious"" (response options: ""cat"" or ""mouse"").",NO,release,VARIABLE,redcap,pre-v4,NO,NO,
winograd_schemas_schema,winograd,winograd_q_94,winograd_q_94,task,"Which entity the participant selected as the referent of ""it"" in the sentence — either ""cat"" or ""mouse.""",NO,release,VARIABLE,redcap,pre-v4,NO,NO,
winograd_schemas_schema,winograd,winograd_q_95,winograd_q_95,task,"Participant's selected referent for ""she"" in the Winograd schema item ""Anne gave birth to a daughter last month. She is a very charming woman,"" with typical response options ""Anne"" or ""the daughter.""",NO,release,VARIABLE,redcap,pre-v4,NO,NO,
winograd_schemas_schema,winograd,winograd_q_96,winograd_q_96,task,"Indicates whether the respondent identified the pronoun ""she"" in the sentence (""Anne gave birth to a daughter last month. She is a very charming baby."") as referring to the mother (Anne) or the daughter (baby).",NO,release,VARIABLE,redcap,pre-v4,NO,NO,
winograd_schemas_schema,winograd,winograd_q_97,winograd_q_97,task,"Indicates whether the pronoun ""she"" in the sentence refers to Alice or her daughter (response options: ""Alice"" or ""her daughter"").",NO,release,VARIABLE,redcap,pre-v4,NO,NO,
winograd_schemas_schema,winograd,winograd_q_98,winograd_q_98,task,"Specifies which person—""Alice"" or ""her daughter""—the respondent indicates is the ""she"" who was behaving strangely in the sentence.",NO,release,VARIABLE,redcap,pre-v4,NO,NO,
winograd_schemas_schema,winograd,winograd_q_99,winograd_q_99,task,"Winograd item 99 (Jim yelling at a man in a military uniform): the participant's chosen answer to who looked very unhappy, Jim or The guy in the uniform.",NO,release,VARIABLE,redcap,pre-v4,NO,NO,
winograd_schemas_schema,winograd,winograd_questions_asked,winograd_questions_asked,task,Comma-separated text listing the specific questions asked during the Winograd task.,NO,release,VARIABLE,redcap,pre-v4,NO,NO,
winograd_schemas_schema,winograd,winograd_score,winograd_score,task,Number of Winograd schema items the participant answered correctly (integer; 2 to 5 in this release).,NO,release,VARIABLE,redcap,pre-v4,NO,NO,
winograd_schemas_schema,winograd,winograd_session_id,winograd_session_id,task,"Ordinal index of the session within the participant, numbered in session order (e.g., 01, 02). An ordinal missing from a participant's released records denotes a session with no released data.",NO,release,VARIABLE,redcap,pre-v4,NO,NO,
winograd_schemas_schema,winograd,winograd_started_at,winograd_started_at,task,Questionnaire Started At,YES,internal,VARIABLE,redcap,v4,NO,YES,
winograd_schemas_schema,winograd,winograd_via,winograd_via,task,Winograd Schemas - via,NO,internal,VARIABLE,redcap,v4,NO,NO,
wordcolor_stroop_schema,stroop,stroop_completed_at,stroop_completed_at,task,Questionnaire Completed At,YES,internal,VARIABLE,redcap,v4,NO,YES,
wordcolor_stroop_schema,stroop,stroop_duration,stroop_duration,task,"Total time to complete the word–color Stroop questionnaire, recorded as a numeric value in seconds.",NO,release,VARIABLE,redcap,pre-v4,NO,NO,
wordcolor_stroop_schema,stroop,stroop_item_color_1,stroop_item_color_1,task,"Ink color the word was printed in for Stroop item 1: red, green, blue, purple or brown.",NO,release,VARIABLE,redcap,pre-v4,NO,NO,
wordcolor_stroop_schema,stroop,stroop_item_color_10,stroop_item_color_10,task,"Ink color in which Stroop item 10 was displayed: red, green, blue, purple, or brown.",NO,release,VARIABLE,redcap,pre-v4,NO,NO,
wordcolor_stroop_schema,stroop,stroop_item_color_11,stroop_item_color_11,task,"Ink color in which Stroop item 11 was displayed: red, green, blue, purple, or brown.",NO,release,VARIABLE,redcap,pre-v4,NO,NO,
wordcolor_stroop_schema,stroop,stroop_item_color_12,stroop_item_color_12,task,"Ink color (red, green, blue, purple, or brown) in which Stroop item 12 was displayed.",NO,release,VARIABLE,redcap,pre-v4,NO,NO,
wordcolor_stroop_schema,stroop,stroop_item_color_13,stroop_item_color_13,task,"Color of Stroop item 13 as presented during the task, recorded as a color name (one of red, green, blue, purple, or brown).",NO,release,VARIABLE,redcap,pre-v4,NO,NO,
wordcolor_stroop_schema,stroop,stroop_item_color_14,stroop_item_color_14,task,"Ink color the word was printed in for Stroop item 14: red, green, blue, purple or brown.",NO,release,VARIABLE,redcap,pre-v4,NO,NO,
wordcolor_stroop_schema,stroop,stroop_item_color_15,stroop_item_color_15,task,"Ink color in which Stroop item 15 was displayed: red, green, blue, purple, or brown.",NO,release,VARIABLE,redcap,pre-v4,NO,NO,
wordcolor_stroop_schema,stroop,stroop_item_color_2,stroop_item_color_2,task,"Ink color in which Stroop item 2 was displayed: red, green, blue, purple, or brown.",NO,release,VARIABLE,redcap,pre-v4,NO,NO,
wordcolor_stroop_schema,stroop,stroop_item_color_3,stroop_item_color_3,task,"Ink color (red, green, blue, purple, or brown) in which Stroop item 3 was displayed.",NO,release,VARIABLE,redcap,pre-v4,NO,NO,
wordcolor_stroop_schema,stroop,stroop_item_color_4,stroop_item_color_4,task,"Displayed color of the fourth Stroop task item, recorded as a color name (one of red, green, blue, purple, or brown).",NO,release,VARIABLE,redcap,pre-v4,NO,NO,
wordcolor_stroop_schema,stroop,stroop_item_color_5,stroop_item_color_5,task,"Ink color the word was printed in for Stroop item 5: red, green, blue, purple or brown.",NO,release,VARIABLE,redcap,pre-v4,NO,NO,
wordcolor_stroop_schema,stroop,stroop_item_color_6,stroop_item_color_6,task,"Ink color in which Stroop item 6 was displayed: red, green, blue, purple, or brown.",NO,release,VARIABLE,redcap,pre-v4,NO,NO,
wordcolor_stroop_schema,stroop,stroop_item_color_7,stroop_item_color_7,task,"Ink color in which Stroop item 7 was displayed: red, green, blue, purple, or brown.",NO,release,VARIABLE,redcap,pre-v4,NO,NO,
wordcolor_stroop_schema,stroop,stroop_item_color_8,stroop_item_color_8,task,"Ink color (red, green, blue, purple, or brown) in which Stroop item 8 was displayed.",NO,release,VARIABLE,redcap,pre-v4,NO,NO,
wordcolor_stroop_schema,stroop,stroop_item_color_9,stroop_item_color_9,task,"Ink color of the 9th Stroop stimulus, recorded as a color name (one of red, green, blue, purple, or brown).",NO,release,VARIABLE,redcap,pre-v4,NO,NO,
wordcolor_stroop_schema,stroop,stroop_item_correct_1,stroop_item_correct_1,task,"Whether the participant's response to Stroop item 1 was correct, recorded as Yes or No. This column is not populated in this release.",NO,release,VARIABLE,redcap,pre-v4,NO,NO,
wordcolor_stroop_schema,stroop,stroop_item_correct_10,stroop_item_correct_10,task,"Whether the participant's response to Stroop item 10 was correct, recorded as Yes or No. This column is not populated in this release.",NO,release,VARIABLE,redcap,pre-v4,NO,NO,
wordcolor_stroop_schema,stroop,stroop_item_correct_11,stroop_item_correct_11,task,Whether the participant's response to Stroop item 11 was correct (Yes or No; blank for all rows in this release).,NO,release,VARIABLE,redcap,pre-v4,NO,NO,
wordcolor_stroop_schema,stroop,stroop_item_correct_12,stroop_item_correct_12,task,Whether the participant answered Stroop item 12 correctly (Yes/No); this column is empty in the released data.,NO,release,VARIABLE,redcap,pre-v4,NO,NO,
wordcolor_stroop_schema,stroop,stroop_item_correct_13,stroop_item_correct_13,task,"Whether the participant's response to Stroop item 13 was correct, recorded as Yes or No. This column is not populated in this release.",NO,release,VARIABLE,redcap,pre-v4,NO,NO,
wordcolor_stroop_schema,stroop,stroop_item_correct_14,stroop_item_correct_14,task,"Whether the participant's response to Stroop item 14 was correct, recorded as Yes or No. This column is not populated in this release.",NO,release,VARIABLE,redcap,pre-v4,NO,NO,
wordcolor_stroop_schema,stroop,stroop_item_correct_15,stroop_item_correct_15,task,"Whether the participant's response to Stroop item 15 was correct, recorded as Yes or No. This column is not populated in this release.",NO,release,VARIABLE,redcap,pre-v4,NO,NO,
wordcolor_stroop_schema,stroop,stroop_item_correct_2,stroop_item_correct_2,task,Whether the participant's response to Stroop item 2 was correct (Yes or No; blank for all rows in this release).,NO,release,VARIABLE,redcap,pre-v4,NO,NO,
wordcolor_stroop_schema,stroop,stroop_item_correct_3,stroop_item_correct_3,task,Whether the participant answered Stroop item 3 correctly (Yes/No); this column is empty in the released data.,NO,release,VARIABLE,redcap,pre-v4,NO,NO,
wordcolor_stroop_schema,stroop,stroop_item_correct_4,stroop_item_correct_4,task,"Whether the participant's response to Stroop item 4 was correct, recorded as Yes or No. This column is not populated in this release.",NO,release,VARIABLE,redcap,pre-v4,NO,NO,
wordcolor_stroop_schema,stroop,stroop_item_correct_5,stroop_item_correct_5,task,"Whether the participant's response to Stroop item 5 was correct, recorded as Yes or No. This column is not populated in this release.",NO,release,VARIABLE,redcap,pre-v4,NO,NO,
wordcolor_stroop_schema,stroop,stroop_item_correct_6,stroop_item_correct_6,task,"Whether the participant's response to Stroop item 6 was correct, recorded as Yes or No. This column is not populated in this release.",NO,release,VARIABLE,redcap,pre-v4,NO,NO,
wordcolor_stroop_schema,stroop,stroop_item_correct_7,stroop_item_correct_7,task,Whether the participant's response to Stroop item 7 was correct (Yes or No; blank for all rows in this release).,NO,release,VARIABLE,redcap,pre-v4,NO,NO,
wordcolor_stroop_schema,stroop,stroop_item_correct_8,stroop_item_correct_8,task,Whether the participant answered Stroop item 8 correctly (Yes/No); this column is empty in the released data.,NO,release,VARIABLE,redcap,pre-v4,NO,NO,
wordcolor_stroop_schema,stroop,stroop_item_correct_9,stroop_item_correct_9,task,"Whether the participant's response to Stroop item 9 was correct, recorded as Yes or No. This column is not populated in this release.",NO,release,VARIABLE,redcap,pre-v4,NO,NO,
wordcolor_stroop_schema,stroop,stroop_item_stimulus_1,stroop_item_stimulus_1,task,"Printed word shown for Stroop item 1: a color word (red, green, blue, purple, brown) or the neutral string oooo.",NO,release,VARIABLE,redcap,pre-v4,NO,NO,
wordcolor_stroop_schema,stroop,stroop_item_stimulus_10,stroop_item_stimulus_10,task,"Word shown for Stroop item 10: a color word (red, green, blue, purple, brown) or the neutral string 'oooo'; the ink color is recorded in a separate field.",NO,release,VARIABLE,redcap,pre-v4,NO,NO,
wordcolor_stroop_schema,stroop,stroop_item_stimulus_11,stroop_item_stimulus_11,task,"Stimulus shown for Stroop item 11: a color word (red, green, blue, purple, brown) or the neutral string ""oooo"".",NO,release,VARIABLE,redcap,pre-v4,NO,NO,
wordcolor_stroop_schema,stroop,stroop_item_stimulus_12,stroop_item_stimulus_12,task,"Word presented for Stroop item 12: red, green, blue, purple, brown, or the neutral string 'oooo'.",NO,release,VARIABLE,redcap,pre-v4,NO,NO,
wordcolor_stroop_schema,stroop,stroop_item_stimulus_13,stroop_item_stimulus_13,task,"The stimulus word displayed for Stroop item 13: a color word (red, green, blue, purple, brown) or the neutral ""oooo"" string.",NO,release,VARIABLE,redcap,pre-v4,NO,NO,
wordcolor_stroop_schema,stroop,stroop_item_stimulus_14,stroop_item_stimulus_14,task,"Printed word shown for Stroop item 14: a color word (red, green, blue, purple, brown) or the neutral string oooo.",NO,release,VARIABLE,redcap,pre-v4,NO,NO,
wordcolor_stroop_schema,stroop,stroop_item_stimulus_15,stroop_item_stimulus_15,task,"Word shown for Stroop item 15: a color word (red, green, blue, purple, brown) or the neutral string 'oooo'; the ink color is recorded in a separate field.",NO,release,VARIABLE,redcap,pre-v4,NO,NO,
wordcolor_stroop_schema,stroop,stroop_item_stimulus_2,stroop_item_stimulus_2,task,"Stimulus shown for Stroop item 2: a color word (red, green, blue, purple, brown) or the neutral string ""oooo"".",NO,release,VARIABLE,redcap,pre-v4,NO,NO,
wordcolor_stroop_schema,stroop,stroop_item_stimulus_3,stroop_item_stimulus_3,task,"Word presented for Stroop item 3: red, green, blue, purple, brown, or the neutral string 'oooo'.",NO,release,VARIABLE,redcap,pre-v4,NO,NO,
wordcolor_stroop_schema,stroop,stroop_item_stimulus_4,stroop_item_stimulus_4,task,"The stimulus word displayed for Stroop item 4: a color word (red, green, blue, purple, brown) or the neutral ""oooo"" string.",NO,release,VARIABLE,redcap,pre-v4,NO,NO,
wordcolor_stroop_schema,stroop,stroop_item_stimulus_5,stroop_item_stimulus_5,task,"Printed word shown for Stroop item 5: a color word (red, green, blue, purple, brown) or the neutral string oooo.",NO,release,VARIABLE,redcap,pre-v4,NO,NO,
wordcolor_stroop_schema,stroop,stroop_item_stimulus_6,stroop_item_stimulus_6,task,"Word shown for Stroop item 6: a color word (red, green, blue, purple, brown) or the neutral string 'oooo'; the ink color is recorded in a separate field.",NO,release,VARIABLE,redcap,pre-v4,NO,NO,
wordcolor_stroop_schema,stroop,stroop_item_stimulus_7,stroop_item_stimulus_7,task,"Stimulus shown for Stroop item 7: a color word (red, green, blue, purple, brown) or the neutral string ""oooo"".",NO,release,VARIABLE,redcap,pre-v4,NO,NO,
wordcolor_stroop_schema,stroop,stroop_item_stimulus_8,stroop_item_stimulus_8,task,"Word presented for Stroop item 8: red, green, blue, purple, brown, or the neutral string 'oooo'.",NO,release,VARIABLE,redcap,pre-v4,NO,NO,
wordcolor_stroop_schema,stroop,stroop_item_stimulus_9,stroop_item_stimulus_9,task,"The stimulus word displayed for Stroop item 9: a color word (red, green, blue, purple, brown) or the neutral ""oooo"" string.",NO,release,VARIABLE,redcap,pre-v4,NO,NO,
wordcolor_stroop_schema,stroop,stroop_item_time_1,stroop_item_time_1,task,"Stroop item 1 start time: a fixed presentation offset of 0 s, identical for every participant (the task instructions give 5 s per item, 75 s total); dropped as uninformative.",NO,drop,VARIABLE,redcap,pre-v4,NO,NO,
wordcolor_stroop_schema,stroop,stroop_item_time_10,stroop_item_time_10,task,"Stroop item 10 start time: a fixed presentation offset of 45 s, identical for every participant (the task instructions give 5 s per item, 75 s total); dropped as uninformative.",NO,drop,VARIABLE,redcap,pre-v4,NO,NO,
wordcolor_stroop_schema,stroop,stroop_item_time_11,stroop_item_time_11,task,"Stroop item 11 start time: a fixed presentation offset of 50 s, identical for every participant (the task instructions give 5 s per item, 75 s total); dropped as uninformative.",NO,drop,VARIABLE,redcap,pre-v4,NO,NO,
wordcolor_stroop_schema,stroop,stroop_item_time_12,stroop_item_time_12,task,"Stroop item 12 start time: a fixed presentation offset of 55 s, identical for every participant (the task instructions give 5 s per item, 75 s total); dropped as uninformative.",NO,drop,VARIABLE,redcap,pre-v4,NO,NO,
wordcolor_stroop_schema,stroop,stroop_item_time_13,stroop_item_time_13,task,"Stroop item 13 start time: a fixed presentation offset of 60 s, identical for every participant (the task instructions give 5 s per item, 75 s total); dropped as uninformative.",NO,drop,VARIABLE,redcap,pre-v4,NO,NO,
wordcolor_stroop_schema,stroop,stroop_item_time_14,stroop_item_time_14,task,"Stroop item 14 start time: a fixed presentation offset of 65 s, identical for every participant (the task instructions give 5 s per item, 75 s total); dropped as uninformative.",NO,drop,VARIABLE,redcap,pre-v4,NO,NO,
wordcolor_stroop_schema,stroop,stroop_item_time_15,stroop_item_time_15,task,"Stroop item 15 start time: a fixed presentation offset of 70 s, identical for every participant (the task instructions give 5 s per item, 75 s total); dropped as uninformative.",NO,drop,VARIABLE,redcap,pre-v4,NO,NO,
wordcolor_stroop_schema,stroop,stroop_item_time_2,stroop_item_time_2,task,"Stroop item 2 start time: a fixed presentation offset of 5 s, identical for every participant (the task instructions give 5 s per item, 75 s total); dropped as uninformative.",NO,drop,VARIABLE,redcap,pre-v4,NO,NO,
wordcolor_stroop_schema,stroop,stroop_item_time_3,stroop_item_time_3,task,"Stroop item 3 start time: a fixed presentation offset of 10 s, identical for every participant (the task instructions give 5 s per item, 75 s total); dropped as uninformative.",NO,drop,VARIABLE,redcap,pre-v4,NO,NO,
wordcolor_stroop_schema,stroop,stroop_item_time_4,stroop_item_time_4,task,"Stroop item 4 start time: a fixed presentation offset of 15 s, identical for every participant (the task instructions give 5 s per item, 75 s total); dropped as uninformative.",NO,drop,VARIABLE,redcap,pre-v4,NO,NO,
wordcolor_stroop_schema,stroop,stroop_item_time_5,stroop_item_time_5,task,"Stroop item 5 start time: a fixed presentation offset of 20 s, identical for every participant (the task instructions give 5 s per item, 75 s total); dropped as uninformative.",NO,drop,VARIABLE,redcap,pre-v4,NO,NO,
wordcolor_stroop_schema,stroop,stroop_item_time_6,stroop_item_time_6,task,"Stroop item 6 start time: a fixed presentation offset of 25 s, identical for every participant (the task instructions give 5 s per item, 75 s total); dropped as uninformative.",NO,drop,VARIABLE,redcap,pre-v4,NO,NO,
wordcolor_stroop_schema,stroop,stroop_item_time_7,stroop_item_time_7,task,"Stroop item 7 start time: a fixed presentation offset of 30 s, identical for every participant (the task instructions give 5 s per item, 75 s total); dropped as uninformative.",NO,drop,VARIABLE,redcap,pre-v4,NO,NO,
wordcolor_stroop_schema,stroop,stroop_item_time_8,stroop_item_time_8,task,"Stroop item 8 start time: a fixed presentation offset of 35 s, identical for every participant (the task instructions give 5 s per item, 75 s total); dropped as uninformative.",NO,drop,VARIABLE,redcap,pre-v4,NO,NO,
wordcolor_stroop_schema,stroop,stroop_item_time_9,stroop_item_time_9,task,"Stroop item 9 start time: a fixed presentation offset of 40 s, identical for every participant (the task instructions give 5 s per item, 75 s total); dropped as uninformative.",NO,drop,VARIABLE,redcap,pre-v4,NO,NO,
wordcolor_stroop_schema,stroop,stroop_language,stroop_language,task,Word-Color Stroop - Language,NO,drop,VARIABLE,redcap,v4,NO,NO,
wordcolor_stroop_schema,stroop,stroop_origin,stroop_origin,task,Word-Color Stroop - origin,NO,internal,VARIABLE,redcap,v4,NO,NO,
wordcolor_stroop_schema,stroop,stroop_recording_acoustic_task_id,stroop_recording_acoustic_task_id,task,Identifier (UUID) of the acoustic task instance for the Stroop recording; joins the Stroop row to the acoustic task and recording tables.,NO,release,VARIABLE,redcap,pre-v4,NO,NO,
wordcolor_stroop_schema,stroop,stroop_session_id,stroop_session_id,task,"Ordinal index of the session within the participant, numbered in session order (e.g., 01, 02). An ordinal missing from a participant's released records denotes a session with no released data.",NO,release,VARIABLE,redcap,pre-v4,NO,NO,
wordcolor_stroop_schema,stroop,stroop_started_at,stroop_started_at,task,Questionnaire Started At,YES,internal,VARIABLE,redcap,v4,NO,YES,
wordcolor_stroop_schema,stroop,stroop_via,stroop_via,task,Word-Color Stroop - via,NO,internal,VARIABLE,redcap,v4,NO,NO,
airway_stenosis_schema,airway_stenosis,diagnosis_as_gsd_yes___bronchoscopy,diagnosis_as_gold_standard_diagnosis_yes___bronchoscopy,diagnosis,Indicates the participant's airway stenosis diagnosis was confirmed by bronchoscopy or laryngoscopy.,NO,release,CHECKBOX_OPTION,redcap,pre-v4,NO,NO,
airway_stenosis_schema,airway_stenosis,diagnosis_as_gsd_yes___ct,diagnosis_as_gold_standard_diagnosis_yes___ct,diagnosis,Indicates the participant's airway stenosis diagnosis was confirmed by CT imaging.,NO,release,CHECKBOX_OPTION,redcap,pre-v4,NO,NO,
airway_stenosis_schema,airway_stenosis,diagnosis_as_treatment___in_office_treatment,diagnosis_as_treatment___in_office_treatment,diagnosis,Indicates 'In-office treatment' was selected as a treatment the participant has undergone for their airway stenosis.,NO,release,CHECKBOX_OPTION,redcap,pre-v4,NO,NO,
airway_stenosis_schema,airway_stenosis,diagnosis_as_treatment___no_treatment,diagnosis_as_treatment___no_treatment,diagnosis,"Indicates 'No treatment' was selected, i.e., the participant has not undergone any treatment for their airway stenosis.",NO,release,CHECKBOX_OPTION,redcap,pre-v4,NO,NO,
airway_stenosis_schema,airway_stenosis,diagnosis_as_treatment___surgery,diagnosis_as_treatment___surgery,diagnosis,Indicates 'Surgery' was selected as a treatment the participant has undergone for their airway stenosis.,NO,release,CHECKBOX_OPTION,redcap,pre-v4,NO,NO,
airway_stenosis_schema,airway_stenosis,diagnosis_as_treatment_in_office___dilation,diagnosis_as_treatment_in_office___dilation,diagnosis,Indicates 'In-office or awake dilation' was selected among the in-office or awake treatment options on the airway stenosis diagnosis form.,NO,release,CHECKBOX_OPTION,redcap,pre-v4,NO,NO,
airway_stenosis_schema,airway_stenosis,diagnosis_as_treatment_in_office___laser,diagnosis_as_treatment_in_office___laser,diagnosis,Indicates 'In-office or awake laser' was selected among the in-office or awake treatment options on the airway stenosis diagnosis form.,NO,release,CHECKBOX_OPTION,redcap,pre-v4,NO,NO,
airway_stenosis_schema,airway_stenosis,diagnosis_as_treatment_in_office___steroid_injections_adjunct,diagnosis_as_treatment_in_office___steroid_injections_adjunct,diagnosis,Indicates 'Awake steroid injection(s) as adjunct treatment' was selected among the in-office or awake treatment options on the airway stenosis diagnosis form.,NO,release,CHECKBOX_OPTION,redcap,pre-v4,NO,NO,
airway_stenosis_schema,airway_stenosis,diagnosis_as_treatment_in_office___steroid_injections_sole,diagnosis_as_treatment_in_office___steroid_injections_sole,diagnosis,Indicates 'Awake steroid injection(s) as sole treatment' was selected among the in-office or awake treatment options on the airway stenosis diagnosis form.,NO,release,CHECKBOX_OPTION,redcap,pre-v4,NO,NO,
airway_stenosis_schema,airway_stenosis,diagnosis_as_treatment_surgery___endoscopic_excision,diagnosis_as_treatment_surgery___endoscopic_excision,diagnosis,Indicates 'Endoscopic laser wedge excision with balloon dilation and steroid injection' was selected among the surgery options on the airway stenosis diagnosis form.,NO,release,CHECKBOX_OPTION,redcap,pre-v4,NO,NO,
airway_stenosis_schema,airway_stenosis,diagnosis_as_treatment_surgery___endoscopic_intervention,diagnosis_as_treatment_surgery___endoscopic_intervention,diagnosis,Indicates 'Endoscopic intervention with laser and balloon dilation and steroid injection' was selected among the surgery options on the airway stenosis diagnosis form.,NO,release,CHECKBOX_OPTION,redcap,pre-v4,NO,NO,
airway_stenosis_schema,airway_stenosis,diagnosis_as_treatment_surgery___laryngotracheal_reconstruction,diagnosis_as_treatment_surgery___laryngotracheal_reconstruction,diagnosis,Indicates 'Open laryngotracheal reconstruction' was selected among the surgery options on the airway stenosis diagnosis form.,NO,release,CHECKBOX_OPTION,redcap,pre-v4,NO,NO,
airway_stenosis_schema,airway_stenosis,diagnosis_as_treatment_surgery___laryngotracheoplasty,diagnosis_as_treatment_surgery___laryngotracheoplasty,diagnosis,Indicates 'Laryngotracheoplasty (Maddern procedure)' was selected among the surgery options on the airway stenosis diagnosis form.,NO,release,CHECKBOX_OPTION,redcap,pre-v4,NO,NO,
airway_stenosis_schema,airway_stenosis,diagnosis_as_treatment_surgery___other,diagnosis_as_treatment_surgery___other,diagnosis,Indicates 'Other' was selected among the surgery options on the airway stenosis diagnosis form.,NO,release,CHECKBOX_OPTION,redcap,pre-v4,NO,NO,
airway_stenosis_schema,airway_stenosis,diagnosis_as_treatment_surgery___tracheostomy,diagnosis_as_treatment_surgery___tracheostomy,diagnosis,Indicates 'Tracheostomy' was selected among the surgery options on the airway stenosis diagnosis form.,NO,release,CHECKBOX_OPTION,redcap,pre-v4,NO,NO,
alzheimers_disease_mild_cognitive_impairme_schema,cognitive_impairment,diagnosis_alz_dementia_mci_ds___cdr,diagnosis_alz_dementia_mci_ds___cdr,diagnosis,Indicates 'Clinical dementia rating (CDR) staging' was selected for the participant's current stage/severity of cognitive impairment or dementia.,NO,release,CHECKBOX_OPTION,redcap,pre-v4,NO,NO,
alzheimers_disease_mild_cognitive_impairme_schema,cognitive_impairment,diagnosis_alz_dementia_mci_ds___mci,diagnosis_alz_dementia_mci_ds___mci,diagnosis,Indicates 'Mild cognitive impairment (MCI)' was selected for the participant's current stage/severity of cognitive impairment or dementia.,NO,release,CHECKBOX_OPTION,redcap,pre-v4,NO,NO,
alzheimers_disease_mild_cognitive_impairme_schema,cognitive_impairment,diagnosis_alz_dementia_mci_etiology___age_related_changes,diagnosis_alz_dementia_mci_etiology___age_related_changes,diagnosis,Indicates 'Age-related changes' was selected as the suspected or known etiology of the participant's cognitive impairment or dementia.,NO,release,CHECKBOX_OPTION,redcap,pre-v4,NO,NO,
alzheimers_disease_mild_cognitive_impairme_schema,cognitive_impairment,diagnosis_alz_dementia_mci_etiology___genetic_factors,diagnosis_alz_dementia_mci_etiology___genetic_factors,diagnosis,Indicates 'Genetic factors' was selected as the suspected or known etiology of the participant's cognitive impairment or dementia.,NO,release,CHECKBOX_OPTION,redcap,pre-v4,NO,NO,
alzheimers_disease_mild_cognitive_impairme_schema,cognitive_impairment,diagnosis_alz_dementia_mci_etiology___other,diagnosis_alz_dementia_mci_etiology___other,diagnosis,Indicates 'Other' was selected as the suspected or known etiology of the participant's cognitive impairment or dementia.,NO,release,CHECKBOX_OPTION,redcap,pre-v4,NO,NO,
alzheimers_disease_mild_cognitive_impairme_schema,cognitive_impairment,diagnosis_alz_dementia_mci_etiology___other_medical_conditions,diagnosis_alz_dementia_mci_etiology___other_medical_conditions,diagnosis,"Indicates 'Other medical conditions (e.g., vascular factors, traumatic brain injury)' was selected as the suspected or known etiology of the participant's cognitive impairment or dementia.",NO,release,CHECKBOX_OPTION,redcap,pre-v4,NO,NO,
alzheimers_disease_mild_cognitive_impairme_schema,cognitive_impairment,diagnosis_alz_dementia_mci_etiology___substance_related,diagnosis_alz_dementia_mci_etiology___substance_related,diagnosis,"Indicates 'Substance-related (e.g., alcohol-induced cognitive impairment)' was selected as the suspected or known etiology of the participant's cognitive impairment or dementia.",NO,release,CHECKBOX_OPTION,redcap,pre-v4,NO,NO,
alzheimers_disease_mild_cognitive_impairme_schema,cognitive_impairment,diagnosis_alz_dementia_mci_etiology_gf___apolipoprotein_e,diagnosis_alz_dementia_mci_etiology_gf___apolipoprotein_e,diagnosis,Indicates 'Apolipoprotein E (APOE) ε4 allele' was selected among the genetic factors in the suspected or known etiology of the participant's cognitive impairment or dementia.,NO,release,CHECKBOX_OPTION,redcap,pre-v4,NO,NO,
alzheimers_disease_mild_cognitive_impairme_schema,cognitive_impairment,diagnosis_alz_dementia_mci_etiology_gf___familial_alzheimers_disease,diagnosis_alz_dementia_mci_etiology_gf___familial_alzheimers_disease,diagnosis,"Indicates 'Familial Alzheimer's disease (e.g., mutations in APP, PSEN1, PSEN2 genes)' was selected among the genetic factors in the suspected or known etiology of the participant's cognitive impairment or dementia.",NO,release,CHECKBOX_OPTION,redcap,pre-v4,NO,NO,
alzheimers_disease_mild_cognitive_impairme_schema,cognitive_impairment,diagnosis_alz_dementia_mci_etiology_gf___other_genetic_factors,diagnosis_alz_dementia_mci_etiology_gf___other_genetic_factors,diagnosis,Indicates 'Other genetic factors' was selected among the genetic factors in the suspected or known etiology of the participant's cognitive impairment or dementia.,NO,release,CHECKBOX_OPTION,redcap,pre-v4,NO,NO,
alzheimers_disease_mild_cognitive_impairme_schema,cognitive_impairment,diagnosis_alz_dementia_mci_gsd_confirmation_method___blood_biomarkers,diagnosis_alz_dementia_mci_gold_standard_diagnosis_confirmation_method___blood_biomarkers,diagnosis,Indicates 'Blood Biomarkers' was selected as a method by which the participant's diagnosis was confirmed.,NO,release,CHECKBOX_OPTION,redcap,pre-v4,NO,NO,
alzheimers_disease_mild_cognitive_impairme_schema,cognitive_impairment,diagnosis_alz_dementia_mci_gsd_confirmation_method___clinical_history,diagnosis_alz_dementia_mci_gold_standard_diagnosis_confirmation_method___clinical_history,diagnosis,Indicates 'Clinical History' was selected as a method by which the participant's diagnosis was confirmed.,NO,release,CHECKBOX_OPTION,redcap,pre-v4,NO,NO,
alzheimers_disease_mild_cognitive_impairme_schema,cognitive_impairment,diagnosis_alz_dementia_mci_gsd_confirmation_method___cognitive_testing,diagnosis_alz_dementia_mci_gold_standard_diagnosis_confirmation_method___cognitive_testing,diagnosis,Indicates 'Cognitive Testing' was selected as a method by which the participant's diagnosis was confirmed.,NO,release,CHECKBOX_OPTION,redcap,pre-v4,NO,NO,
alzheimers_disease_mild_cognitive_impairme_schema,cognitive_impairment,diagnosis_alz_dementia_mci_gsd_confirmation_method___functional_inventory,diagnosis_alz_dementia_mci_gold_standard_diagnosis_confirmation_method___functional_inventory,diagnosis,Indicates 'Functional Inventory' was selected as a method by which the participant's diagnosis was confirmed.,NO,release,CHECKBOX_OPTION,redcap,pre-v4,NO,NO,
alzheimers_disease_mild_cognitive_impairme_schema,cognitive_impairment,diagnosis_alz_dementia_mci_gsd_confirmation_method___other,diagnosis_alz_dementia_mci_gold_standard_diagnosis_confirmation_method___other,diagnosis,Indicates 'Other' was selected as a method by which the participant's diagnosis was confirmed.,NO,release,CHECKBOX_OPTION,redcap,pre-v4,NO,NO,
alzheimers_disease_mild_cognitive_impairme_schema,cognitive_impairment,diagnosis_alz_dementia_mci_treatment_obtained_yes___medications,diagnosis_alz_dementia_mci_treatment_obtained_yes___medications,diagnosis,"Indicates 'Medications' was selected among the treatment obtained for the participant's Alzheimer's disease, dementia, or mild cognitive impairment.",NO,release,CHECKBOX_OPTION,redcap,pre-v4,NO,NO,
alzheimers_disease_mild_cognitive_impairme_schema,cognitive_impairment,diagnosis_alz_dementia_mci_treatment_obtained_yes___npi,diagnosis_alz_dementia_mci_treatment_obtained_yes___npi,diagnosis,"Indicates 'Non-pharmacological interventions' was selected among the treatment obtained for the participant's Alzheimer's disease, dementia, or mild cognitive impairment.",NO,release,CHECKBOX_OPTION,redcap,pre-v4,NO,NO,
alzheimers_disease_mild_cognitive_impairme_schema,cognitive_impairment,diagnosis_alz_dementia_mci_treatment_obtained_yes_medications___cholinesterase_inhibitors,diagnosis_alz_dementia_mci_treatment_obtained_yes_medications___cholinesterase_inhibitors,diagnosis,"Indicates 'Cholinesterase inhibitors (e.g., Donepezil, Rivastigmine, Galantamine)' was selected among the medications obtained for the participant's Alzheimer's disease, dementia, or mild cognitive impairment.",NO,release,CHECKBOX_OPTION,redcap,pre-v4,NO,NO,
alzheimers_disease_mild_cognitive_impairme_schema,cognitive_impairment,diagnosis_alz_dementia_mci_treatment_obtained_yes_medications___nmda_receptor_antagonist,diagnosis_alz_dementia_mci_treatment_obtained_yes_medications___nmda_receptor_antagonist,diagnosis,"Indicates 'NMDA receptor antagonist (e.g., Memantine)' was selected among the medications obtained for the participant's Alzheimer's disease, dementia, or mild cognitive impairment.",NO,release,CHECKBOX_OPTION,redcap,pre-v4,NO,NO,
alzheimers_disease_mild_cognitive_impairme_schema,cognitive_impairment,diagnosis_alz_dementia_mci_treatment_obtained_yes_medications___other,diagnosis_alz_dementia_mci_treatment_obtained_yes_medications___other,diagnosis,"Indicates 'Other' was selected among the medications obtained for the participant's Alzheimer's disease, dementia, or mild cognitive impairment.",NO,release,CHECKBOX_OPTION,redcap,pre-v4,NO,NO,
alzheimers_disease_mild_cognitive_impairme_schema,cognitive_impairment,diagnosis_alz_dementia_mci_treatment_obtained_yes_npi___cognitive_simulation_therapy,diagnosis_alz_dementia_mci_treatment_obtained_yes_npi___cognitive_simulation_therapy,diagnosis,"Indicates 'Cognitive stimulation therapy' was selected among the non-pharmacological interventions obtained for the participant's Alzheimer's disease, dementia, or mild cognitive impairment.",NO,release,CHECKBOX_OPTION,redcap,pre-v4,NO,NO,
alzheimers_disease_mild_cognitive_impairme_schema,cognitive_impairment,diagnosis_alz_dementia_mci_treatment_obtained_yes_npi___day_program,diagnosis_alz_dementia_mci_treatment_obtained_yes_npi___day_program,diagnosis,"Indicates 'Day program' was selected among the non-pharmacological interventions obtained for the participant's Alzheimer's disease, dementia, or mild cognitive impairment.",NO,release,CHECKBOX_OPTION,redcap,pre-v4,NO,NO,
alzheimers_disease_mild_cognitive_impairme_schema,cognitive_impairment,diagnosis_alz_dementia_mci_treatment_obtained_yes_npi___dietary_modifications,diagnosis_alz_dementia_mci_treatment_obtained_yes_npi___dietary_modifications,diagnosis,"Indicates 'Dietary modifications' was selected among the non-pharmacological interventions obtained for the participant's Alzheimer's disease, dementia, or mild cognitive impairment.",NO,release,CHECKBOX_OPTION,redcap,pre-v4,NO,NO,
alzheimers_disease_mild_cognitive_impairme_schema,cognitive_impairment,diagnosis_alz_dementia_mci_treatment_obtained_yes_npi___other,diagnosis_alz_dementia_mci_treatment_obtained_yes_npi___other,diagnosis,"Indicates 'Other' was selected among the non-pharmacological interventions obtained for the participant's Alzheimer's disease, dementia, or mild cognitive impairment.",NO,release,CHECKBOX_OPTION,redcap,pre-v4,NO,NO,
alzheimers_disease_mild_cognitive_impairme_schema,cognitive_impairment,diagnosis_alz_dementia_mci_treatment_obtained_yes_npi___physical_exercise_program,diagnosis_alz_dementia_mci_treatment_obtained_yes_npi___physical_exercise_program,diagnosis,"Indicates 'Physical exercise program' was selected among the non-pharmacological interventions obtained for the participant's Alzheimer's disease, dementia, or mild cognitive impairment.",NO,release,CHECKBOX_OPTION,redcap,pre-v4,NO,NO,
alzheimers_disease_mild_cognitive_impairme_schema,cognitive_impairment,diagnosis_alz_dementia_mci_treatment_obtained_yes_npi___reality_orientation_therapy,diagnosis_alz_dementia_mci_treatment_obtained_yes_npi___reality_orientation_therapy,diagnosis,"Indicates 'Reality orientation therapy' was selected among the non-pharmacological interventions obtained for the participant's Alzheimer's disease, dementia, or mild cognitive impairment.",NO,release,CHECKBOX_OPTION,redcap,pre-v4,NO,NO,
alzheimers_disease_mild_cognitive_impairme_schema,cognitive_impairment,diagnosis_alz_dementia_mci_treatment_obtained_yes_npi___reminiscence_therapy,diagnosis_alz_dementia_mci_treatment_obtained_yes_npi___reminiscence_therapy,diagnosis,"Indicates 'Reminiscence therapy' was selected among the non-pharmacological interventions obtained for the participant's Alzheimer's disease, dementia, or mild cognitive impairment.",NO,release,CHECKBOX_OPTION,redcap,pre-v4,NO,NO,
amyotrophic_lateral_sclerosis_als_schema,amyotrophic_lateral_sclerosis,diagnosis_als_cp___bulbar_symptoms,diagnosis_als_cp___bulbar_symptoms,diagnosis,"Indicates 'Bulbar Symptoms (e.g., dysarthria, dysphagia)' was selected when describing the clinical features and symptoms of ALS in the participant.",NO,release,CHECKBOX_OPTION,redcap,pre-v4,NO,NO,
amyotrophic_lateral_sclerosis_als_schema,amyotrophic_lateral_sclerosis,diagnosis_als_cp___lower_motor_neuron,diagnosis_als_cp___lower_motor_neuron,diagnosis,"Indicates 'Lower Motor Neuron Signs (e.g., muscle weakness, atrophy, fasciculations)' was selected when describing the clinical features and symptoms of ALS in the participant.",NO,release,CHECKBOX_OPTION,redcap,pre-v4,NO,NO,
amyotrophic_lateral_sclerosis_als_schema,amyotrophic_lateral_sclerosis,diagnosis_als_cp___respiratory_involvement,diagnosis_als_cp___respiratory_involvement,diagnosis,Indicates 'Respiratory Involvement' was selected when describing the clinical features and symptoms of ALS in the participant.,NO,release,CHECKBOX_OPTION,redcap,pre-v4,NO,NO,
amyotrophic_lateral_sclerosis_als_schema,amyotrophic_lateral_sclerosis,diagnosis_als_cp___upper_motor_neuron,diagnosis_als_cp___upper_motor_neuron,diagnosis,"Indicates 'Upper Motor Neuron Signs (e.g., spasticity, hyperreflexia)' was selected when describing the clinical features and symptoms of ALS in the participant.",NO,release,CHECKBOX_OPTION,redcap,pre-v4,NO,NO,
amyotrophic_lateral_sclerosis_als_schema,amyotrophic_lateral_sclerosis,diagnosis_als_etiology___environmental_factors,diagnosis_als_etiology___environmental_factors,diagnosis,Indicates 'Environmental factors' was selected as the suspected or known etiology of ALS in the participant.,NO,release,CHECKBOX_OPTION,redcap,pre-v4,NO,NO,
amyotrophic_lateral_sclerosis_als_schema,amyotrophic_lateral_sclerosis,diagnosis_als_etiology___genetic_factors,diagnosis_als_etiology___genetic_factors,diagnosis,Indicates 'Genetic factors' was selected as the suspected or known etiology of ALS in the participant.,NO,release,CHECKBOX_OPTION,redcap,pre-v4,NO,NO,
amyotrophic_lateral_sclerosis_als_schema,amyotrophic_lateral_sclerosis,diagnosis_als_etiology_genetic_factors___c9orf72,diagnosis_als_etiology_genetic_factors___c9orf72,diagnosis,Indicates 'C9orf72 mutation' was selected among the genetic factors contributing to the participant's ALS.,NO,release,CHECKBOX_OPTION,redcap,pre-v4,NO,NO,
amyotrophic_lateral_sclerosis_als_schema,amyotrophic_lateral_sclerosis,diagnosis_als_etiology_genetic_factors___other,diagnosis_als_etiology_genetic_factors___other,diagnosis,Indicates 'Other genetic factors' was selected among the genetic factors contributing to the participant's ALS.,NO,release,CHECKBOX_OPTION,redcap,pre-v4,NO,NO,
amyotrophic_lateral_sclerosis_als_schema,amyotrophic_lateral_sclerosis,diagnosis_als_etiology_genetic_factors___sod1,diagnosis_als_etiology_genetic_factors___sod1,diagnosis,Indicates 'SOD1 mutation' was selected among the genetic factors contributing to the participant's ALS.,NO,release,CHECKBOX_OPTION,redcap,pre-v4,NO,NO,
amyotrophic_lateral_sclerosis_als_schema,amyotrophic_lateral_sclerosis,diagnosis_als_gsd_confirmation_method___investigations_excluding_disease_processes,diagnosis_als_gold_standard_diagnosis_confirmation_method___investigations_excluding_disease_processes,diagnosis,Indicates the participant's ALS diagnosis was confirmed by investigations performed to exclude other disease processes.,NO,release,CHECKBOX_OPTION,redcap,pre-v4,NO,NO,
amyotrophic_lateral_sclerosis_als_schema,amyotrophic_lateral_sclerosis,diagnosis_als_gsd_confirmation_method___presence_of_umn_lmn_signs,diagnosis_als_gold_standard_diagnosis_confirmation_method___presence_of_umn_lmn_signs,diagnosis,"Indicates the participant's ALS diagnosis was confirmed by both upper and lower motor neuron (UMN and LMN) signs in at least one body region (with both present in the same region if only one region is involved), or by LMN dysfunction in at least two body regions.",NO,release,CHECKBOX_OPTION,redcap,pre-v4,NO,NO,
amyotrophic_lateral_sclerosis_als_schema,amyotrophic_lateral_sclerosis,diagnosis_als_gsd_confirmation_method___progressive_motor_impairment,diagnosis_als_gold_standard_diagnosis_confirmation_method___progressive_motor_impairment,diagnosis,"Indicates the participant's ALS diagnosis was confirmed by documented progressive motor impairment, established from history or repeated clinical assessment and preceded by a period of normal motor function.",NO,release,CHECKBOX_OPTION,redcap,pre-v4,NO,NO,
amyotrophic_lateral_sclerosis_als_schema,amyotrophic_lateral_sclerosis,diagnosis_als_treatment_and_management_yes___medications,diagnosis_als_treatment_and_management_yes___medications,diagnosis,Indicates 'Medications' was selected as a treatment or management approach for the participant's ALS.,NO,release,CHECKBOX_OPTION,redcap,pre-v4,NO,NO,
amyotrophic_lateral_sclerosis_als_schema,amyotrophic_lateral_sclerosis,diagnosis_als_treatment_and_management_yes___supportive_care,diagnosis_als_treatment_and_management_yes___supportive_care,diagnosis,Indicates 'Supportive Care' was selected as a treatment or management approach for the participant's ALS.,NO,release,CHECKBOX_OPTION,redcap,pre-v4,NO,NO,
amyotrophic_lateral_sclerosis_als_schema,amyotrophic_lateral_sclerosis,diagnosis_als_treatment_and_management_yes_medications___edaravone,diagnosis_als_treatment_and_management_yes_medications___edaravone,diagnosis,Indicates 'Edaravone' was selected among the medications used in the participant's ALS treatment and management.,NO,release,CHECKBOX_OPTION,redcap,pre-v4,NO,NO,controlled
amyotrophic_lateral_sclerosis_als_schema,amyotrophic_lateral_sclerosis,diagnosis_als_treatment_and_management_yes_medications___other,diagnosis_als_treatment_and_management_yes_medications___other,diagnosis,Indicates 'Other' was selected among the medications used in the participant's ALS treatment and management.,NO,release,CHECKBOX_OPTION,redcap,pre-v4,NO,NO,controlled
amyotrophic_lateral_sclerosis_als_schema,amyotrophic_lateral_sclerosis,diagnosis_als_treatment_and_management_yes_medications___riluzole,diagnosis_als_treatment_and_management_yes_medications___riluzole,diagnosis,Indicates 'Riluzole' was selected among the medications used in the participant's ALS treatment and management.,NO,release,CHECKBOX_OPTION,redcap,pre-v4,NO,NO,controlled
amyotrophic_lateral_sclerosis_als_schema,amyotrophic_lateral_sclerosis,diagnosis_als_treatment_and_management_yes_medications___sodium,diagnosis_als_treatment_and_management_yes_medications___sodium,diagnosis,Indicates 'Sodium phenylbutyrate/taurursodiol' was selected among the medications used in the participant's ALS treatment and management.,NO,release,CHECKBOX_OPTION,redcap,pre-v4,NO,NO,controlled
amyotrophic_lateral_sclerosis_als_schema,amyotrophic_lateral_sclerosis,diagnosis_als_treatment_and_management_yes_medications___symptomatic_treatment,diagnosis_als_treatment_and_management_yes_medications___symptomatic_treatment,diagnosis,"Indicates 'Symptomatic treatment (e.g., for spasticity, pain)' was selected among the medications used in the participant's ALS treatment and management.",NO,release,CHECKBOX_OPTION,redcap,pre-v4,NO,NO,controlled
amyotrophic_lateral_sclerosis_als_schema,amyotrophic_lateral_sclerosis,diagnosis_als_treatment_and_management_yes_medications___tofersen,diagnosis_als_treatment_and_management_yes_medications___tofersen,diagnosis,Indicates 'Tofersen' was selected among the medications used in the participant's ALS treatment and management.,NO,release,CHECKBOX_OPTION,redcap,pre-v4,NO,NO,controlled
amyotrophic_lateral_sclerosis_als_schema,amyotrophic_lateral_sclerosis,diagnosis_als_treatment_and_management_yes_supportive_care___nutrition_support,diagnosis_als_treatment_and_management_yes_supportive_care___nutrition_support,diagnosis,Indicates 'Nutrition and swallowing support' was selected among the supportive care provided for the participant's ALS.,NO,release,CHECKBOX_OPTION,redcap,pre-v4,NO,NO,
amyotrophic_lateral_sclerosis_als_schema,amyotrophic_lateral_sclerosis,diagnosis_als_treatment_and_management_yes_supportive_care___occupational_therapy,diagnosis_als_treatment_and_management_yes_supportive_care___occupational_therapy,diagnosis,Indicates 'Occupational therapy' was selected among the supportive care provided for the participant's ALS.,NO,release,CHECKBOX_OPTION,redcap,pre-v4,NO,NO,
amyotrophic_lateral_sclerosis_als_schema,amyotrophic_lateral_sclerosis,diagnosis_als_treatment_and_management_yes_supportive_care___other,diagnosis_als_treatment_and_management_yes_supportive_care___other,diagnosis,Indicates 'Other' was selected among the supportive care provided for the participant's ALS.,NO,release,CHECKBOX_OPTION,redcap,pre-v4,NO,NO,
amyotrophic_lateral_sclerosis_als_schema,amyotrophic_lateral_sclerosis,diagnosis_als_treatment_and_management_yes_supportive_care___physical_therapy,diagnosis_als_treatment_and_management_yes_supportive_care___physical_therapy,diagnosis,Indicates 'Physical therapy' was selected among the supportive care provided for the participant's ALS.,NO,release,CHECKBOX_OPTION,redcap,pre-v4,NO,NO,
amyotrophic_lateral_sclerosis_als_schema,amyotrophic_lateral_sclerosis,diagnosis_als_treatment_and_management_yes_supportive_care___psychotherapy,diagnosis_als_treatment_and_management_yes_supportive_care___psychotherapy,diagnosis,Indicates 'Psychotherapy' was selected among the supportive care provided for the participant's ALS.,NO,release,CHECKBOX_OPTION,redcap,pre-v4,NO,NO,
amyotrophic_lateral_sclerosis_als_schema,amyotrophic_lateral_sclerosis,diagnosis_als_treatment_and_management_yes_supportive_care___respiratory_support,diagnosis_als_treatment_and_management_yes_supportive_care___respiratory_support,diagnosis,"Indicates 'Respiratory support (e.g., non-invasive ventilation)' was selected among the supportive care provided for the participant's ALS.",NO,release,CHECKBOX_OPTION,redcap,pre-v4,NO,NO,
amyotrophic_lateral_sclerosis_als_schema,amyotrophic_lateral_sclerosis,diagnosis_als_treatment_and_management_yes_supportive_care___speech_therapy,diagnosis_als_treatment_and_management_yes_supportive_care___speech_therapy,diagnosis,Indicates 'Speech therapy' was selected among the supportive care provided for the participant's ALS.,NO,release,CHECKBOX_OPTION,redcap,pre-v4,NO,NO,
anxiety_disorder_schema,anxiety,diagnosis_ad_active_psy_med_problems___adhd,diagnosis_ad_active_psy_med_problems___adhd,diagnosis,[DEPRECATED] Indicates the participant selected 'ADHD' among their active psychiatric and medical problems.,NO,release,CHECKBOX_OPTION,redcap,pre-v4,NO,NO,
anxiety_disorder_schema,anxiety,diagnosis_ad_active_psy_med_problems___anxiety,diagnosis_ad_active_psy_med_problems___anxiety,diagnosis,[DEPRECATED] Indicates the participant selected 'Anxiety' among their active psychiatric and medical problems.,NO,release,CHECKBOX_OPTION,redcap,pre-v4,NO,NO,
anxiety_disorder_schema,anxiety,diagnosis_ad_active_psy_med_problems___epilepsy,diagnosis_ad_active_psy_med_problems___epilepsy,diagnosis,[DEPRECATED] Indicates the participant selected 'Epilepsy' among their active psychiatric and medical problems.,NO,release,CHECKBOX_OPTION,redcap,pre-v4,NO,NO,
anxiety_disorder_schema,anxiety,diagnosis_ad_active_psy_med_problems___laryngeal_cancer,diagnosis_ad_active_psy_med_problems___laryngeal_cancer,diagnosis,[DEPRECATED] Indicates the participant selected 'Laryngeal cancer' among their active psychiatric and medical problems.,NO,release,CHECKBOX_OPTION,redcap,pre-v4,NO,NO,
anxiety_disorder_schema,anxiety,diagnosis_ad_active_psy_med_problems___ocd,diagnosis_ad_active_psy_med_problems___ocd,diagnosis,[DEPRECATED] Indicates the participant selected 'OCD' among their active psychiatric and medical problems.,NO,release,CHECKBOX_OPTION,redcap,pre-v4,NO,NO,
anxiety_disorder_schema,anxiety,diagnosis_ad_active_psy_med_problems___other,diagnosis_ad_active_psy_med_problems___other,diagnosis,[DEPRECATED] Indicates the participant selected 'Other' among their active psychiatric and medical problems.,NO,release,CHECKBOX_OPTION,redcap,pre-v4,NO,NO,
anxiety_disorder_schema,anxiety,diagnosis_ad_active_psy_med_problems___seasonal_allergies,diagnosis_ad_active_psy_med_problems___seasonal_allergies,diagnosis,[DEPRECATED] Indicates the participant selected 'Seasonal allergies' among their active psychiatric and medical problems.,NO,release,CHECKBOX_OPTION,redcap,pre-v4,NO,NO,
anxiety_disorder_schema,anxiety,diagnosis_ad_active_psy_med_problems___stroke,diagnosis_ad_active_psy_med_problems___stroke,diagnosis,[DEPRECATED] Indicates the participant selected 'Stroke' among their active psychiatric and medical problems.,NO,release,CHECKBOX_OPTION,redcap,pre-v4,NO,NO,
anxiety_disorder_schema,anxiety,diagnosis_ad_hist_psy_med_problems___adhd,diagnosis_ad_hist_psy_med_problems___adhd,diagnosis,[DEPRECATED] Indicates the participant selected 'ADHD' among their historical psychiatric and medical problems.,NO,release,CHECKBOX_OPTION,redcap,pre-v4,NO,NO,
anxiety_disorder_schema,anxiety,diagnosis_ad_hist_psy_med_problems___anxiety,diagnosis_ad_hist_psy_med_problems___anxiety,diagnosis,[DEPRECATED] Indicates the participant selected 'Anxiety' among their historical psychiatric and medical problems.,NO,release,CHECKBOX_OPTION,redcap,pre-v4,NO,NO,
anxiety_disorder_schema,anxiety,diagnosis_ad_hist_psy_med_problems___epilepsy,diagnosis_ad_hist_psy_med_problems___epilepsy,diagnosis,[DEPRECATED] Indicates the participant selected 'Epilepsy' among their historical psychiatric and medical problems.,NO,release,CHECKBOX_OPTION,redcap,pre-v4,NO,NO,
anxiety_disorder_schema,anxiety,diagnosis_ad_hist_psy_med_problems___laryngeal_cancer,diagnosis_ad_hist_psy_med_problems___laryngeal_cancer,diagnosis,[DEPRECATED] Indicates the participant selected 'Laryngeal cancer' among their historical psychiatric and medical problems.,NO,release,CHECKBOX_OPTION,redcap,pre-v4,NO,NO,
anxiety_disorder_schema,anxiety,diagnosis_ad_hist_psy_med_problems___ocd,diagnosis_ad_hist_psy_med_problems___ocd,diagnosis,[DEPRECATED] Indicates the participant selected 'OCD' among their historical psychiatric and medical problems.,NO,release,CHECKBOX_OPTION,redcap,pre-v4,NO,NO,
anxiety_disorder_schema,anxiety,diagnosis_ad_hist_psy_med_problems___other,diagnosis_ad_hist_psy_med_problems___other,diagnosis,[DEPRECATED] Indicates the participant selected 'Other' among their historical psychiatric and medical problems.,NO,release,CHECKBOX_OPTION,redcap,pre-v4,NO,NO,
anxiety_disorder_schema,anxiety,diagnosis_ad_hist_psy_med_problems___seasonal_allergies,diagnosis_ad_hist_psy_med_problems___seasonal_allergies,diagnosis,[DEPRECATED] Indicates the participant selected 'Seasonal allergies' among their historical psychiatric and medical problems.,NO,release,CHECKBOX_OPTION,redcap,pre-v4,NO,NO,
anxiety_disorder_schema,anxiety,diagnosis_ad_hist_psy_med_problems___stroke,diagnosis_ad_hist_psy_med_problems___stroke,diagnosis,[DEPRECATED] Indicates the participant selected 'Stroke' among their historical psychiatric and medical problems.,NO,release,CHECKBOX_OPTION,redcap,pre-v4,NO,NO,
benign_lesions_schema,benign_lesions,diagnosis_bl_treatment_select___laryngeal_microsurgery,diagnosis_bl_treatment_select___laryngeal_microsurgery,diagnosis,Indicates 'Laryngeal microsurgery' was selected as a treatment obtained for the benign laryngeal lesion.,NO,release,CHECKBOX_OPTION,redcap,pre-v4,NO,NO,
benign_lesions_schema,benign_lesions,diagnosis_bl_treatment_select___other,diagnosis_bl_treatment_select___other,diagnosis,Indicates 'Other' was selected as a treatment obtained for the benign laryngeal lesion.,NO,release,CHECKBOX_OPTION,redcap,pre-v4,NO,NO,
benign_lesions_schema,benign_lesions,diagnosis_bl_treatment_select___voice_or_speech_therapy,diagnosis_bl_treatment_select___voice_or_speech_therapy,diagnosis,Indicates 'Voice/speech therapy' was selected as a treatment obtained for the benign laryngeal lesion.,NO,release,CHECKBOX_OPTION,redcap,pre-v4,NO,NO,
benign_lesions_schema,benign_lesions,diagnosis_bl_treatment_select___voice_rest,diagnosis_bl_treatment_select___voice_rest,diagnosis,Indicates 'Voice rest' was selected as a treatment obtained for the benign laryngeal lesion.,NO,release,CHECKBOX_OPTION,redcap,pre-v4,NO,NO,
bipolar_disorder_schema,bipolar_disorder,mbd_active_psy_med_problems___adhd,mbd_active_psy_med_problems___adhd,diagnosis,[DEPRECATED] Indicates 'ADHD' was selected as an active psychiatric or medical problem on the diagnosis form.,NO,release,CHECKBOX_OPTION,redcap,pre-v4,NO,NO,
bipolar_disorder_schema,bipolar_disorder,mbd_active_psy_med_problems___anxiety,mbd_active_psy_med_problems___anxiety,diagnosis,[DEPRECATED] Indicates 'Anxiety' was selected as an active psychiatric or medical problem on the diagnosis form.,NO,release,CHECKBOX_OPTION,redcap,pre-v4,NO,NO,
bipolar_disorder_schema,bipolar_disorder,mbd_active_psy_med_problems___epilepsy,mbd_active_psy_med_problems___epilepsy,diagnosis,[DEPRECATED] Indicates 'Epilepsy' was selected as an active psychiatric or medical problem on the diagnosis form.,NO,release,CHECKBOX_OPTION,redcap,pre-v4,NO,NO,
bipolar_disorder_schema,bipolar_disorder,mbd_active_psy_med_problems___laryngeal_cancer,mbd_active_psy_med_problems___laryngeal_cancer,diagnosis,[DEPRECATED] Indicates 'Laryngeal cancer' was selected as an active psychiatric or medical problem on the diagnosis form.,NO,release,CHECKBOX_OPTION,redcap,pre-v4,NO,NO,
bipolar_disorder_schema,bipolar_disorder,mbd_active_psy_med_problems___ocd,mbd_active_psy_med_problems___ocd,diagnosis,[DEPRECATED] Indicates 'OCD' was selected as an active psychiatric or medical problem on the diagnosis form.,NO,release,CHECKBOX_OPTION,redcap,pre-v4,NO,NO,
bipolar_disorder_schema,bipolar_disorder,mbd_active_psy_med_problems___other,mbd_active_psy_med_problems___other,diagnosis,[DEPRECATED] Indicates 'Other' was selected as an active psychiatric or medical problem on the diagnosis form.,NO,release,CHECKBOX_OPTION,redcap,pre-v4,NO,NO,
bipolar_disorder_schema,bipolar_disorder,mbd_active_psy_med_problems___seasonal_allergies,mbd_active_psy_med_problems___seasonal_allergies,diagnosis,[DEPRECATED] Indicates 'Seasonal allergies' was selected as an active psychiatric or medical problem on the diagnosis form.,NO,release,CHECKBOX_OPTION,redcap,pre-v4,NO,NO,
bipolar_disorder_schema,bipolar_disorder,mbd_active_psy_med_problems___stroke,mbd_active_psy_med_problems___stroke,diagnosis,[DEPRECATED] Indicates 'Stroke' was selected as an active psychiatric or medical problem on the diagnosis form.,NO,release,CHECKBOX_OPTION,redcap,pre-v4,NO,NO,
bipolar_disorder_schema,bipolar_disorder,mbd_hist_psy_med_problems___adhd,mbd_hist_psy_med_problems___adhd,diagnosis,[DEPRECATED] Indicates 'ADHD' was selected as a historical psychiatric or medical problem on the diagnosis form.,NO,release,CHECKBOX_OPTION,redcap,pre-v4,NO,NO,
bipolar_disorder_schema,bipolar_disorder,mbd_hist_psy_med_problems___anxiety,mbd_hist_psy_med_problems___anxiety,diagnosis,[DEPRECATED] Indicates 'Anxiety' was selected as a historical psychiatric or medical problem on the diagnosis form.,NO,release,CHECKBOX_OPTION,redcap,pre-v4,NO,NO,
bipolar_disorder_schema,bipolar_disorder,mbd_hist_psy_med_problems___epilepsy,mbd_hist_psy_med_problems___epilepsy,diagnosis,[DEPRECATED] Indicates 'Epilepsy' was selected as a historical psychiatric or medical problem on the diagnosis form.,NO,release,CHECKBOX_OPTION,redcap,pre-v4,NO,NO,
bipolar_disorder_schema,bipolar_disorder,mbd_hist_psy_med_problems___laryngeal_cancer,mbd_hist_psy_med_problems___laryngeal_cancer,diagnosis,[DEPRECATED] Indicates 'Laryngeal cancer' was selected as a historical psychiatric or medical problem on the diagnosis form.,NO,release,CHECKBOX_OPTION,redcap,pre-v4,NO,NO,
bipolar_disorder_schema,bipolar_disorder,mbd_hist_psy_med_problems___ocd,mbd_hist_psy_med_problems___ocd,diagnosis,[DEPRECATED] Indicates 'OCD' was selected as a historical psychiatric or medical problem on the diagnosis form.,NO,release,CHECKBOX_OPTION,redcap,pre-v4,NO,NO,
bipolar_disorder_schema,bipolar_disorder,mbd_hist_psy_med_problems___other,mbd_hist_psy_med_problems___other,diagnosis,[DEPRECATED] Indicates 'Other' was selected as a historical psychiatric or medical problem on the diagnosis form.,NO,release,CHECKBOX_OPTION,redcap,pre-v4,NO,NO,
bipolar_disorder_schema,bipolar_disorder,mbd_hist_psy_med_problems___seasonal_allergies,mbd_hist_psy_med_problems___seasonal_allergies,diagnosis,[DEPRECATED] Indicates 'Seasonal allergies' was selected as a historical psychiatric or medical problem on the diagnosis form.,NO,release,CHECKBOX_OPTION,redcap,pre-v4,NO,NO,
bipolar_disorder_schema,bipolar_disorder,mbd_hist_psy_med_problems___stroke,mbd_hist_psy_med_problems___stroke,diagnosis,[DEPRECATED] Indicates 'Stroke' was selected as a historical psychiatric or medical problem on the diagnosis form.,NO,release,CHECKBOX_OPTION,redcap,pre-v4,NO,NO,
confounders_schema,confounders,acid_reflux___current,acid_reflux___current,confounders,"Indicates the participant selected 'Current' for 'Acid reflux (e.g. heart burn, GERD, etc.)' when asked whether a doctor has ever diagnosed them with the listed throat conditions.",NO,release,CHECKBOX_OPTION,redcap,pre-v4,NO,NO,
confounders_schema,confounders,acid_reflux___never,acid_reflux___never,confounders,"Indicates the participant selected 'Never' for 'Acid reflux (e.g. heart burn, GERD, etc.)' (the form's pre-set default, kept unless changed) when asked whether a doctor has ever diagnosed them with the listed throat conditions.",NO,release,CHECKBOX_OPTION,redcap,pre-v4,NO,NO,
confounders_schema,confounders,acid_reflux___no_answer,acid_reflux___no_answer,confounders,"Indicates the participant selected '' for 'Acid reflux (e.g. heart burn, GERD, etc.)' when asked whether a doctor has ever diagnosed them with the listed throat conditions.",NO,release,CHECKBOX_OPTION,redcap,pre-v4,NO,NO,
confounders_schema,confounders,acid_reflux___past,acid_reflux___past,confounders,"Indicates the participant selected 'Past' for 'Acid reflux (e.g. heart burn, GERD, etc.)' when asked whether a doctor has ever diagnosed them with the listed throat conditions.",NO,release,CHECKBOX_OPTION,redcap,pre-v4,NO,NO,
confounders_schema,confounders,adhd_med_hist_psychological___current,adhd_med_hist_psychological___current,confounders,Indicates the participant selected 'Current' for 'Attention deficit/hyperactivity disorder (ADHD)' when asked whether a doctor has ever diagnosed them with the listed psychological conditions.,NO,release,CHECKBOX_OPTION,redcap,pre-v4,NO,NO,
confounders_schema,confounders,adhd_med_hist_psychological___never,adhd_med_hist_psychological___never,confounders,"Indicates the participant selected 'Never' for 'Attention deficit/hyperactivity disorder (ADHD)' (the form's pre-set default, kept unless changed) when asked whether a doctor has ever diagnosed them with the listed psychological conditions.",NO,release,CHECKBOX_OPTION,redcap,pre-v4,NO,NO,
confounders_schema,confounders,adhd_med_hist_psychological___no_answer,adhd_med_hist_psychological___no_answer,confounders,Indicates the participant selected '' for 'Attention deficit/hyperactivity disorder (ADHD)' when asked whether a doctor has ever diagnosed them with the listed psychological conditions.,NO,release,CHECKBOX_OPTION,redcap,pre-v4,NO,NO,
confounders_schema,confounders,adhd_med_hist_psychological___past,adhd_med_hist_psychological___past,confounders,Indicates the participant selected 'Past' for 'Attention deficit/hyperactivity disorder (ADHD)' when asked whether a doctor has ever diagnosed them with the listed psychological conditions.,NO,release,CHECKBOX_OPTION,redcap,pre-v4,NO,NO,
confounders_schema,confounders,airway_stenosis_med_hist_throat___current,airway_stenosis_med_hist_throat___current,confounders,"Indicates the participant selected 'Current' for 'Airway stenosis (e.g. glottal, subglottal, tracheal, etc.)' when asked whether a doctor has ever diagnosed them with the listed throat conditions.",NO,release,CHECKBOX_OPTION,redcap,pre-v4,NO,NO,
confounders_schema,confounders,airway_stenosis_med_hist_throat___never,airway_stenosis_med_hist_throat___never,confounders,"Indicates the participant selected 'Never' for 'Airway stenosis (e.g. glottal, subglottal, tracheal, etc.)' (the form's pre-set default, kept unless changed) when asked whether a doctor has ever diagnosed them with the listed throat conditions.",NO,release,CHECKBOX_OPTION,redcap,pre-v4,NO,NO,
confounders_schema,confounders,airway_stenosis_med_hist_throat___no_answer,airway_stenosis_med_hist_throat___no_answer,confounders,"Indicates the participant selected '' for 'Airway stenosis (e.g. glottal, subglottal, tracheal, etc.)' when asked whether a doctor has ever diagnosed them with the listed throat conditions.",NO,release,CHECKBOX_OPTION,redcap,pre-v4,NO,NO,
confounders_schema,confounders,airway_stenosis_med_hist_throat___past,airway_stenosis_med_hist_throat___past,confounders,"Indicates the participant selected 'Past' for 'Airway stenosis (e.g. glottal, subglottal, tracheal, etc.)' when asked whether a doctor has ever diagnosed them with the listed throat conditions.",NO,release,CHECKBOX_OPTION,redcap,pre-v4,NO,NO,
confounders_schema,confounders,alcohol_substance_use_disorder___current,alcohol_substance_use_disorder___current,confounders,Indicates the participant selected 'Current' for 'Alcohol or substance use disorder' when asked whether a doctor has ever diagnosed them with the listed psychological conditions.,NO,release,CHECKBOX_OPTION,redcap,pre-v4,NO,NO,controlled
confounders_schema,confounders,alcohol_substance_use_disorder___never,alcohol_substance_use_disorder___never,confounders,"Indicates the participant selected 'Never' for 'Alcohol or substance use disorder' (the form's pre-set default, kept unless changed) when asked whether a doctor has ever diagnosed them with the listed psychological conditions.",NO,release,CHECKBOX_OPTION,redcap,pre-v4,NO,NO,controlled
confounders_schema,confounders,alcohol_substance_use_disorder___no_answer,alcohol_substance_use_disorder___no_answer,confounders,Indicates the participant selected '' for 'Alcohol or substance use disorder' when asked whether a doctor has ever diagnosed them with the listed psychological conditions.,NO,release,CHECKBOX_OPTION,redcap,pre-v4,NO,NO,controlled
confounders_schema,confounders,alcohol_substance_use_disorder___past,alcohol_substance_use_disorder___past,confounders,Indicates the participant selected 'Past' for 'Alcohol or substance use disorder' when asked whether a doctor has ever diagnosed them with the listed psychological conditions.,NO,release,CHECKBOX_OPTION,redcap,pre-v4,NO,NO,controlled
confounders_schema,confounders,anxiety_disorder___current,anxiety_disorder___current,confounders,Indicates the participant selected 'Current' for 'Anxiety disorder (e.g. generalized or social anxiety disorder)' when asked whether a doctor has ever diagnosed them with the listed psychological conditions.,NO,release,CHECKBOX_OPTION,redcap,pre-v4,NO,NO,
confounders_schema,confounders,anxiety_disorder___never,anxiety_disorder___never,confounders,"Indicates the participant selected 'Never' for 'Anxiety disorder (e.g. generalized or social anxiety disorder)' (the form's pre-set default, kept unless changed) when asked whether a doctor has ever diagnosed them with the listed psychological conditions.",NO,release,CHECKBOX_OPTION,redcap,pre-v4,NO,NO,
confounders_schema,confounders,anxiety_disorder___no_answer,anxiety_disorder___no_answer,confounders,Indicates the participant selected '' for 'Anxiety disorder (e.g. generalized or social anxiety disorder)' when asked whether a doctor has ever diagnosed them with the listed psychological conditions.,NO,release,CHECKBOX_OPTION,redcap,pre-v4,NO,NO,
confounders_schema,confounders,anxiety_disorder___past,anxiety_disorder___past,confounders,Indicates the participant selected 'Past' for 'Anxiety disorder (e.g. generalized or social anxiety disorder)' when asked whether a doctor has ever diagnosed them with the listed psychological conditions.,NO,release,CHECKBOX_OPTION,redcap,pre-v4,NO,NO,
confounders_schema,confounders,asd_med_hist_psychological___current,asd_med_hist_psychological___current,confounders,Indicates the participant selected 'Current' for 'Autism spectrum disorder (ASD)' when asked whether a doctor has ever diagnosed them with the listed psychological conditions.,NO,release,CHECKBOX_OPTION,redcap,pre-v4,NO,NO,
confounders_schema,confounders,asd_med_hist_psychological___never,asd_med_hist_psychological___never,confounders,"Indicates the participant selected 'Never' for 'Autism spectrum disorder (ASD)' (the form's pre-set default, kept unless changed) when asked whether a doctor has ever diagnosed them with the listed psychological conditions.",NO,release,CHECKBOX_OPTION,redcap,pre-v4,NO,NO,
confounders_schema,confounders,asd_med_hist_psychological___no_answer,asd_med_hist_psychological___no_answer,confounders,Indicates the participant selected '' for 'Autism spectrum disorder (ASD)' when asked whether a doctor has ever diagnosed them with the listed psychological conditions.,NO,release,CHECKBOX_OPTION,redcap,pre-v4,NO,NO,
confounders_schema,confounders,asd_med_hist_psychological___past,asd_med_hist_psychological___past,confounders,Indicates the participant selected 'Past' for 'Autism spectrum disorder (ASD)' when asked whether a doctor has ever diagnosed them with the listed psychological conditions.,NO,release,CHECKBOX_OPTION,redcap,pre-v4,NO,NO,
confounders_schema,confounders,bipolar_disorder___current,bipolar_disorder___current,confounders,Indicates the participant selected 'Current' for 'Bipolar disorder' when asked whether a doctor has ever diagnosed them with the listed psychological conditions.,NO,release,CHECKBOX_OPTION,redcap,pre-v4,NO,NO,
confounders_schema,confounders,bipolar_disorder___never,bipolar_disorder___never,confounders,"Indicates the participant selected 'Never' for 'Bipolar disorder' (the form's pre-set default, kept unless changed) when asked whether a doctor has ever diagnosed them with the listed psychological conditions.",NO,release,CHECKBOX_OPTION,redcap,pre-v4,NO,NO,
confounders_schema,confounders,bipolar_disorder___no_answer,bipolar_disorder___no_answer,confounders,Indicates the participant selected '' for 'Bipolar disorder' when asked whether a doctor has ever diagnosed them with the listed psychological conditions.,NO,release,CHECKBOX_OPTION,redcap,pre-v4,NO,NO,
confounders_schema,confounders,bipolar_disorder___past,bipolar_disorder___past,confounders,Indicates the participant selected 'Past' for 'Bipolar disorder' when asked whether a doctor has ever diagnosed them with the listed psychological conditions.,NO,release,CHECKBOX_OPTION,redcap,pre-v4,NO,NO,
confounders_schema,confounders,botox_injections___current,botox_injections___current,confounders,"Indicates the participant selected 'Current' for 'Botox injections for laryngeal dystonia' when asked whether they have ever had the listed non-surgical interventions for an ear, nose, mouth, throat, or speech condition.",NO,release,CHECKBOX_OPTION,redcap,pre-v4,NO,NO,
confounders_schema,confounders,botox_injections___never,botox_injections___never,confounders,"Indicates the participant selected 'Never' for 'Botox injections for laryngeal dystonia' (the form's pre-set default, kept unless changed) when asked whether they have ever had the listed non-surgical interventions for an ear, nose, mouth, throat, or speech condition.",NO,release,CHECKBOX_OPTION,redcap,pre-v4,NO,NO,
confounders_schema,confounders,botox_injections___no_answer,botox_injections___no_answer,confounders,"Indicates the participant selected '' for 'Botox injections for laryngeal dystonia' when asked whether they have ever had the listed non-surgical interventions for an ear, nose, mouth, throat, or speech condition.",NO,release,CHECKBOX_OPTION,redcap,pre-v4,NO,NO,
confounders_schema,confounders,botox_injections___past,botox_injections___past,confounders,"Indicates the participant selected 'Past' for 'Botox injections for laryngeal dystonia' when asked whether they have ever had the listed non-surgical interventions for an ear, nose, mouth, throat, or speech condition.",NO,release,CHECKBOX_OPTION,redcap,pre-v4,NO,NO,
confounders_schema,confounders,bpd_med_hist_psychological___current,bpd_med_hist_psychological___current,confounders,Indicates the participant selected 'Current' for 'Borderline personality disorder (BPD)' when asked whether a doctor has ever diagnosed them with the listed psychological conditions.,NO,release,CHECKBOX_OPTION,redcap,pre-v4,NO,NO,
confounders_schema,confounders,bpd_med_hist_psychological___never,bpd_med_hist_psychological___never,confounders,"Indicates the participant selected 'Never' for 'Borderline personality disorder (BPD)' (the form's pre-set default, kept unless changed) when asked whether a doctor has ever diagnosed them with the listed psychological conditions.",NO,release,CHECKBOX_OPTION,redcap,pre-v4,NO,NO,
confounders_schema,confounders,bpd_med_hist_psychological___no_answer,bpd_med_hist_psychological___no_answer,confounders,Indicates the participant selected '' for 'Borderline personality disorder (BPD)' when asked whether a doctor has ever diagnosed them with the listed psychological conditions.,NO,release,CHECKBOX_OPTION,redcap,pre-v4,NO,NO,
confounders_schema,confounders,bpd_med_hist_psychological___past,bpd_med_hist_psychological___past,confounders,Indicates the participant selected 'Past' for 'Borderline personality disorder (BPD)' when asked whether a doctor has ever diagnosed them with the listed psychological conditions.,NO,release,CHECKBOX_OPTION,redcap,pre-v4,NO,NO,
confounders_schema,confounders,brain_cancer___current,brain_cancer___current,confounders,Indicates the participant selected 'Current' for 'Brain cancer' when asked whether a doctor has ever diagnosed them with the listed cancers.,NO,release,CHECKBOX_OPTION,redcap,pre-v4,NO,NO,
confounders_schema,confounders,brain_cancer___never,brain_cancer___never,confounders,"Indicates the participant selected 'Never' for 'Brain cancer' (the form's pre-set default, kept unless changed) when asked whether a doctor has ever diagnosed them with the listed cancers.",NO,release,CHECKBOX_OPTION,redcap,pre-v4,NO,NO,
confounders_schema,confounders,brain_cancer___no_answer,brain_cancer___no_answer,confounders,Indicates the participant selected '' for 'Brain cancer' when asked whether a doctor has ever diagnosed them with the listed cancers.,NO,release,CHECKBOX_OPTION,redcap,pre-v4,NO,NO,
confounders_schema,confounders,brain_cancer___past,brain_cancer___past,confounders,Indicates the participant selected 'Past' for 'Brain cancer' when asked whether a doctor has ever diagnosed them with the listed cancers.,NO,release,CHECKBOX_OPTION,redcap,pre-v4,NO,NO,
confounders_schema,confounders,c_pap___current,c_pap___current,confounders,"Indicates the participant selected 'Current' for 'C-Pap' when asked whether they have ever had the listed non-surgical interventions for an ear, nose, mouth, throat, or speech condition.",NO,release,CHECKBOX_OPTION,redcap,pre-v4,NO,NO,
confounders_schema,confounders,c_pap___never,c_pap___never,confounders,"Indicates the participant selected 'Never' for 'C-Pap' (the form's pre-set default, kept unless changed) when asked whether they have ever had the listed non-surgical interventions for an ear, nose, mouth, throat, or speech condition.",NO,release,CHECKBOX_OPTION,redcap,pre-v4,NO,NO,
confounders_schema,confounders,c_pap___no_answer,c_pap___no_answer,confounders,"Indicates the participant selected '' for 'C-Pap' when asked whether they have ever had the listed non-surgical interventions for an ear, nose, mouth, throat, or speech condition.",NO,release,CHECKBOX_OPTION,redcap,pre-v4,NO,NO,
confounders_schema,confounders,c_pap___past,c_pap___past,confounders,"Indicates the participant selected 'Past' for 'C-Pap' when asked whether they have ever had the listed non-surgical interventions for an ear, nose, mouth, throat, or speech condition.",NO,release,CHECKBOX_OPTION,redcap,pre-v4,NO,NO,
confounders_schema,confounders,chemotherapy___current,chemotherapy___current,confounders,Indicates the participant selected 'Current' for 'Chemotherapy' when asked whether they have ever had the listed interventions for cancer.,NO,release,CHECKBOX_OPTION,redcap,pre-v4,NO,NO,
confounders_schema,confounders,chemotherapy___never,chemotherapy___never,confounders,"Indicates the participant selected 'Never' for 'Chemotherapy' (the form's pre-set default, kept unless changed) when asked whether they have ever had the listed interventions for cancer.",NO,release,CHECKBOX_OPTION,redcap,pre-v4,NO,NO,
confounders_schema,confounders,chemotherapy___no_answer,chemotherapy___no_answer,confounders,Indicates the participant selected '' for 'Chemotherapy' when asked whether they have ever had the listed interventions for cancer.,NO,release,CHECKBOX_OPTION,redcap,pre-v4,NO,NO,
confounders_schema,confounders,chemotherapy___past,chemotherapy___past,confounders,Indicates the participant selected 'Past' for 'Chemotherapy' when asked whether they have ever had the listed interventions for cancer.,NO,release,CHECKBOX_OPTION,redcap,pre-v4,NO,NO,
confounders_schema,confounders,chronic_cough_med_hist_throat___current,chronic_cough_med_hist_throat___current,confounders,Indicates the participant selected 'Current' for 'Chronic cough' when asked whether a doctor has ever diagnosed them with the listed throat conditions.,NO,release,CHECKBOX_OPTION,redcap,pre-v4,NO,NO,
confounders_schema,confounders,chronic_cough_med_hist_throat___never,chronic_cough_med_hist_throat___never,confounders,"Indicates the participant selected 'Never' for 'Chronic cough' (the form's pre-set default, kept unless changed) when asked whether a doctor has ever diagnosed them with the listed throat conditions.",NO,release,CHECKBOX_OPTION,redcap,pre-v4,NO,NO,
confounders_schema,confounders,chronic_cough_med_hist_throat___no_answer,chronic_cough_med_hist_throat___no_answer,confounders,Indicates the participant selected '' for 'Chronic cough' when asked whether a doctor has ever diagnosed them with the listed throat conditions.,NO,release,CHECKBOX_OPTION,redcap,pre-v4,NO,NO,
confounders_schema,confounders,chronic_cough_med_hist_throat___past,chronic_cough_med_hist_throat___past,confounders,Indicates the participant selected 'Past' for 'Chronic cough' when asked whether a doctor has ever diagnosed them with the listed throat conditions.,NO,release,CHECKBOX_OPTION,redcap,pre-v4,NO,NO,
confounders_schema,confounders,circulatory_conditions___1,circulatory_conditions___1,confounders,[DEPRECATED] Indicates the participant selected 'Atrial fibrillation' when asked which circulatory or heart conditions a clinician has diagnosed.,NO,release,CHECKBOX_OPTION,redcap,pre-v4,NO,NO,
confounders_schema,confounders,circulatory_conditions___2,circulatory_conditions___2,confounders,[DEPRECATED] Indicates the participant selected 'Cardiac condition' when asked which circulatory or heart conditions a clinician has diagnosed.,NO,release,CHECKBOX_OPTION,redcap,pre-v4,NO,NO,
confounders_schema,confounders,circulatory_conditions___3,circulatory_conditions___3,confounders,[DEPRECATED] Indicates the participant selected 'Chronic pericarditis' when asked which circulatory or heart conditions a clinician has diagnosed.,NO,release,CHECKBOX_OPTION,redcap,pre-v4,NO,NO,
confounders_schema,confounders,circulatory_conditions___4,circulatory_conditions___4,confounders,[DEPRECATED] Indicates the participant selected 'Congestive heart failure' when asked which circulatory or heart conditions a clinician has diagnosed.,NO,release,CHECKBOX_OPTION,redcap,pre-v4,NO,NO,
confounders_schema,confounders,circulatory_conditions___5,circulatory_conditions___5,confounders,[DEPRECATED] Indicates the participant selected 'Coronary heart disease' when asked which circulatory or heart conditions a clinician has diagnosed.,NO,release,CHECKBOX_OPTION,redcap,pre-v4,NO,NO,
confounders_schema,confounders,circulatory_conditions___6,circulatory_conditions___6,confounders,[DEPRECATED] Indicates the participant selected 'Hypertension' when asked which circulatory or heart conditions a clinician has diagnosed.,NO,release,CHECKBOX_OPTION,redcap,pre-v4,NO,NO,
confounders_schema,confounders,circulatory_med_history___1,circulatory_med_history___1,confounders,[DEPRECATED] Indicates the participant selected 'Chronic kidney disease' when asked which other conditions that can affect the voice a clinician has diagnosed.,NO,release,CHECKBOX_OPTION,redcap,pre-v4,NO,NO,
confounders_schema,confounders,circulatory_med_history___2,circulatory_med_history___2,confounders,[DEPRECATED] Indicates the participant selected 'Diabetes' when asked which other conditions that can affect the voice a clinician has diagnosed.,NO,release,CHECKBOX_OPTION,redcap,pre-v4,NO,NO,
confounders_schema,confounders,circulatory_med_history___3,circulatory_med_history___3,confounders,[DEPRECATED] Indicates the participant selected 'Infectious disease' when asked which other conditions that can affect the voice a clinician has diagnosed.,NO,release,CHECKBOX_OPTION,redcap,pre-v4,NO,NO,
confounders_schema,confounders,circulatory_med_history___4,circulatory_med_history___4,confounders,[DEPRECATED] Indicates the participant selected 'Obesity' when asked which other conditions that can affect the voice a clinician has diagnosed.,NO,release,CHECKBOX_OPTION,redcap,pre-v4,NO,NO,
confounders_schema,confounders,circulatory_med_history___5,circulatory_med_history___5,confounders,[DEPRECATED] Indicates the participant selected 'Scoliosis' when asked which other conditions that can affect the voice a clinician has diagnosed.,NO,release,CHECKBOX_OPTION,redcap,pre-v4,NO,NO,
confounders_schema,confounders,covid___long,covid___long,confounders,[DEPRECATED] Indicates the participant selected 'Long COVID (symptoms persisted at least four weeks after initial infection)' when asked about recent COVID or the effects of long COVID.,NO,release,CHECKBOX_OPTION,redcap,pre-v4,NO,NO,
confounders_schema,confounders,covid___past_year,covid___past_year,confounders,[DEPRECATED] Indicates the participant selected 'COVID in the past year' when asked about recent COVID or the effects of long COVID.,NO,release,CHECKBOX_OPTION,redcap,pre-v4,NO,NO,
confounders_schema,confounders,cpap_conditions___1,cpap_conditions___1,confounders,[DEPRECATED] Indicates the participant selected 'Active CPAP use' when asked about current CPAP or supplemental oxygen use.,NO,release,CHECKBOX_OPTION,redcap,pre-v4,NO,NO,
confounders_schema,confounders,cpap_conditions___2,cpap_conditions___2,confounders,[DEPRECATED] Indicates the participant selected 'On supplemental oxygen' when asked about current CPAP or supplemental oxygen use.,NO,release,CHECKBOX_OPTION,redcap,pre-v4,NO,NO,
confounders_schema,confounders,deep_brain_stimulator___current,deep_brain_stimulator___current,confounders,Indicates the participant selected 'Current' for 'Deep brain stimulator' when asked whether they have ever had the listed interventions for a neurological condition.,NO,release,CHECKBOX_OPTION,redcap,pre-v4,NO,NO,
confounders_schema,confounders,deep_brain_stimulator___never,deep_brain_stimulator___never,confounders,"Indicates the participant selected 'Never' for 'Deep brain stimulator' (the form's pre-set default, kept unless changed) when asked whether they have ever had the listed interventions for a neurological condition.",NO,release,CHECKBOX_OPTION,redcap,pre-v4,NO,NO,
confounders_schema,confounders,deep_brain_stimulator___no_answer,deep_brain_stimulator___no_answer,confounders,Indicates the participant selected '' for 'Deep brain stimulator' when asked whether they have ever had the listed interventions for a neurological condition.,NO,release,CHECKBOX_OPTION,redcap,pre-v4,NO,NO,
confounders_schema,confounders,deep_brain_stimulator___past,deep_brain_stimulator___past,confounders,Indicates the participant selected 'Past' for 'Deep brain stimulator' when asked whether they have ever had the listed interventions for a neurological condition.,NO,release,CHECKBOX_OPTION,redcap,pre-v4,NO,NO,
confounders_schema,confounders,depression_major_depressive_disorder___current,depression_major_depressive_disorder___current,confounders,Indicates the participant selected 'Current' for 'Depression or major depressive disorder' when asked whether a doctor has ever diagnosed them with the listed psychological conditions.,NO,release,CHECKBOX_OPTION,redcap,pre-v4,NO,NO,
confounders_schema,confounders,depression_major_depressive_disorder___never,depression_major_depressive_disorder___never,confounders,"Indicates the participant selected 'Never' for 'Depression or major depressive disorder' (the form's pre-set default, kept unless changed) when asked whether a doctor has ever diagnosed them with the listed psychological conditions.",NO,release,CHECKBOX_OPTION,redcap,pre-v4,NO,NO,
confounders_schema,confounders,depression_major_depressive_disorder___no_answer,depression_major_depressive_disorder___no_answer,confounders,Indicates the participant selected '' for 'Depression or major depressive disorder' when asked whether a doctor has ever diagnosed them with the listed psychological conditions.,NO,release,CHECKBOX_OPTION,redcap,pre-v4,NO,NO,
confounders_schema,confounders,depression_major_depressive_disorder___past,depression_major_depressive_disorder___past,confounders,Indicates the participant selected 'Past' for 'Depression or major depressive disorder' when asked whether a doctor has ever diagnosed them with the listed psychological conditions.,NO,release,CHECKBOX_OPTION,redcap,pre-v4,NO,NO,
confounders_schema,confounders,ear_cancer___current,ear_cancer___current,confounders,Indicates the participant selected 'Current' for ear cancer when asked whether a doctor has ever diagnosed them with the listed cancers.,NO,release,CHECKBOX_OPTION,redcap,pre-v4,NO,NO,
confounders_schema,confounders,ear_cancer___never,ear_cancer___never,confounders,"Indicates the participant selected 'Never' (the no-history answer, which may be the form's pre-set default) for ear cancer when asked whether a doctor has ever diagnosed them with the listed cancers.",NO,release,CHECKBOX_OPTION,redcap,pre-v4,NO,NO,
confounders_schema,confounders,ear_cancer___no_answer,ear_cancer___no_answer,confounders,Indicates the participant selected '' for ear cancer when asked whether a doctor has ever diagnosed them with the listed cancers.,NO,release,CHECKBOX_OPTION,redcap,pre-v4,NO,NO,
confounders_schema,confounders,ear_cancer___past,ear_cancer___past,confounders,Indicates the participant selected 'Past' for ear cancer when asked whether a doctor has ever diagnosed them with the listed cancers.,NO,release,CHECKBOX_OPTION,redcap,pre-v4,NO,NO,
confounders_schema,confounders,ear_med_history___1,ear_med_history___1,confounders,[DEPRECATED] Indicates the participant selected 'Chronic ear infection' from the ear medical history list.,NO,release,CHECKBOX_OPTION,redcap,pre-v4,NO,NO,
confounders_schema,confounders,ear_med_history___2,ear_med_history___2,confounders,[DEPRECATED] Indicates the participant selected 'Cochlear implant' from the ear medical history list.,NO,release,CHECKBOX_OPTION,redcap,pre-v4,NO,NO,
confounders_schema,confounders,ear_med_history___3,ear_med_history___3,confounders,[DEPRECATED] Indicates the participant selected 'Hearing loss' from the ear medical history list.,NO,release,CHECKBOX_OPTION,redcap,pre-v4,NO,NO,
confounders_schema,confounders,ear_surgical___1,ear_surgical___1,confounders,[DEPRECATED] Indicates the participant selected 'Chronic ear surgery (e.g. mastoid)' from the ear surgical history list.,NO,release,CHECKBOX_OPTION,redcap,pre-v4,NO,NO,
confounders_schema,confounders,ear_surgical___2,ear_surgical___2,confounders,[DEPRECATED] Indicates the participant selected 'Ear tubes' from the ear surgical history list.,NO,release,CHECKBOX_OPTION,redcap,pre-v4,NO,NO,
confounders_schema,confounders,eating_disorder___current,eating_disorder___current,confounders,Indicates the participant selected 'Current' for eating disorder when asked whether a doctor has ever diagnosed them with the listed psychological conditions.,NO,release,CHECKBOX_OPTION,redcap,pre-v4,NO,NO,
confounders_schema,confounders,eating_disorder___never,eating_disorder___never,confounders,"Indicates the participant selected 'Never' (the no-history answer, which may be the form's pre-set default) for eating disorder when asked whether a doctor has ever diagnosed them with the listed psychological conditions.",NO,release,CHECKBOX_OPTION,redcap,pre-v4,NO,NO,
confounders_schema,confounders,eating_disorder___no_answer,eating_disorder___no_answer,confounders,Indicates the participant selected '' for eating disorder when asked whether a doctor has ever diagnosed them with the listed psychological conditions.,NO,release,CHECKBOX_OPTION,redcap,pre-v4,NO,NO,
confounders_schema,confounders,eating_disorder___past,eating_disorder___past,confounders,Indicates the participant selected 'Past' for eating disorder when asked whether a doctor has ever diagnosed them with the listed psychological conditions.,NO,release,CHECKBOX_OPTION,redcap,pre-v4,NO,NO,
confounders_schema,confounders,esophageal_cancer___current,esophageal_cancer___current,confounders,Indicates the participant selected 'Current' for esophageal cancer when asked whether a doctor has ever diagnosed them with the listed cancers.,NO,release,CHECKBOX_OPTION,redcap,pre-v4,NO,NO,
confounders_schema,confounders,esophageal_cancer___never,esophageal_cancer___never,confounders,"Indicates the participant selected 'Never' (the no-history answer, which may be the form's pre-set default) for esophageal cancer when asked whether a doctor has ever diagnosed them with the listed cancers.",NO,release,CHECKBOX_OPTION,redcap,pre-v4,NO,NO,
confounders_schema,confounders,esophageal_cancer___no_answer,esophageal_cancer___no_answer,confounders,Indicates the participant selected '' for esophageal cancer when asked whether a doctor has ever diagnosed them with the listed cancers.,NO,release,CHECKBOX_OPTION,redcap,pre-v4,NO,NO,
confounders_schema,confounders,esophageal_cancer___past,esophageal_cancer___past,confounders,Indicates the participant selected 'Past' for esophageal cancer when asked whether a doctor has ever diagnosed them with the listed cancers.,NO,release,CHECKBOX_OPTION,redcap,pre-v4,NO,NO,
confounders_schema,confounders,ever_used_nicotine_products___cigarette_cigar,ever_used_nicotine_products___cigarette_cigar,confounders,Indicates the participant selected 'Cigarette or cigar' when asked which nicotine (tobacco) products they have ever used.,NO,release,CHECKBOX_OPTION,redcap,pre-v4,NO,NO,
confounders_schema,confounders,ever_used_nicotine_products___electronic_nicotine_product,ever_used_nicotine_products___electronic_nicotine_product,confounders,"Indicates the participant selected 'Electronic nicotine product (e.g. e-cigarettes, vape pens, hookah pens, personal vaporizers, e-cigars, e-pipes, e-hookahs)' when asked which nicotine (tobacco) products they have ever used.",NO,release,CHECKBOX_OPTION,redcap,pre-v4,NO,NO,
confounders_schema,confounders,ever_used_nicotine_products___never_used_nicotine_product,ever_used_nicotine_products___never_used_nicotine_product,confounders,Indicates the participant selected 'I have never used a nicotine product' when asked which nicotine (tobacco) products they have ever used.,NO,release,CHECKBOX_OPTION,redcap,pre-v4,NO,NO,
confounders_schema,confounders,ever_used_nicotine_products___nicotine_gum_chew,ever_used_nicotine_products___nicotine_gum_chew,confounders,Indicates the participant selected 'Nicotine gum or chew' when asked which nicotine (tobacco) products they have ever used.,NO,release,CHECKBOX_OPTION,redcap,pre-v4,NO,NO,
confounders_schema,confounders,ever_used_nicotine_products___nicotine_patch,ever_used_nicotine_products___nicotine_patch,confounders,Indicates the participant selected 'Nicotine patch' when asked which nicotine (tobacco) products they have ever used.,NO,release,CHECKBOX_OPTION,redcap,pre-v4,NO,NO,
confounders_schema,confounders,ever_used_nicotine_products___other,ever_used_nicotine_products___other,confounders,Indicates the participant selected 'Other' to report a nicotine (tobacco) product not listed among the options.,NO,release,CHECKBOX_OPTION,redcap,pre-v4,NO,NO,
confounders_schema,confounders,experimental_treatment___current,experimental_treatment___current,confounders,Indicates the participant selected 'Current' for experimental treatment / clinical trial when asked whether they have ever had any of the listed interventions for cancer.,NO,release,CHECKBOX_OPTION,redcap,pre-v4,NO,NO,
confounders_schema,confounders,experimental_treatment___never,experimental_treatment___never,confounders,"Indicates the participant selected 'Never' (the no-history answer, which may be the form's pre-set default) for experimental treatment / clinical trial when asked whether they have ever had any of the listed interventions for cancer.",NO,release,CHECKBOX_OPTION,redcap,pre-v4,NO,NO,
confounders_schema,confounders,experimental_treatment___no_answer,experimental_treatment___no_answer,confounders,Indicates the participant selected '' for experimental treatment / clinical trial when asked whether they have ever had any of the listed interventions for cancer.,NO,release,CHECKBOX_OPTION,redcap,pre-v4,NO,NO,
confounders_schema,confounders,experimental_treatment___past,experimental_treatment___past,confounders,Indicates the participant selected 'Past' for experimental treatment / clinical trial when asked whether they have ever had any of the listed interventions for cancer.,NO,release,CHECKBOX_OPTION,redcap,pre-v4,NO,NO,
confounders_schema,confounders,glottic_insufficiency_med_hist_throat___current,glottic_insufficiency_med_hist_throat___current,confounders,"Indicates the participant selected 'Current', meaning they currently have glottic insufficiency (presbyphonia).",NO,release,CHECKBOX_OPTION,redcap,pre-v4,NO,NO,
confounders_schema,confounders,glottic_insufficiency_med_hist_throat___never,glottic_insufficiency_med_hist_throat___never,confounders,"Indicates the participant selected 'Never' for glottic insufficiency (presbyphonia) on the confounders form; 'Never' is the form's pre-set default, so it may be present without an active answer.",NO,release,CHECKBOX_OPTION,redcap,pre-v4,NO,NO,
confounders_schema,confounders,glottic_insufficiency_med_hist_throat___no_answer,glottic_insufficiency_med_hist_throat___no_answer,confounders,Indicates the participant selected '' for glottic insufficiency (presbyphonia) on the confounders form.,NO,release,CHECKBOX_OPTION,redcap,pre-v4,NO,NO,
confounders_schema,confounders,glottic_insufficiency_med_hist_throat___past,glottic_insufficiency_med_hist_throat___past,confounders,Indicates the participant selected 'Past' for glottic insufficiency (presbyphonia) on the confounders form.,NO,release,CHECKBOX_OPTION,redcap,pre-v4,NO,NO,
confounders_schema,confounders,head_med_history___1,head_med_history___1,confounders,[DEPRECATED] Indicates the participant selected 'Radiation around head and neck' in the Head medical-history list on the confounders form.,NO,release,CHECKBOX_OPTION,redcap,pre-v4,NO,NO,
confounders_schema,confounders,head_med_history___2,head_med_history___2,confounders,[DEPRECATED] Indicates the participant selected 'Seasonal allergies' in the Head medical-history list on the confounders form.,NO,release,CHECKBOX_OPTION,redcap,pre-v4,NO,NO,
confounders_schema,confounders,head_surgical___1,head_surgical___1,confounders,[DEPRECATED] Indicates the participant selected 'Head/Neck cancer (e.g. oropharyngeal cancer)' in the Head surgical-history list on the confounders form.,NO,release,CHECKBOX_OPTION,redcap,pre-v4,NO,NO,
confounders_schema,confounders,head_surgical___2,head_surgical___2,confounders,[DEPRECATED] Indicates the participant selected 'Sleep surgery' in the Head surgical-history list on the confounders form.,NO,release,CHECKBOX_OPTION,redcap,pre-v4,NO,NO,
confounders_schema,confounders,hormone_use___1,hormone_use___1,confounders,[DEPRECATED] Indicates the participant selected oral contraceptive among hormone-use options.,NO,release,CHECKBOX_OPTION,redcap,v4,NO,NO,
confounders_schema,confounders,hormone_use___2,hormone_use___2,confounders,[DEPRECATED] Indicates the participant selected hormonal replacement therapy (HRT) among hormone-use options.,NO,release,CHECKBOX_OPTION,redcap,v4,NO,NO,
confounders_schema,confounders,hormone_use___3,hormone_use___3,confounders,[DEPRECATED] Indicates the participant selected androgenic steroids among hormone-use options.,NO,release,CHECKBOX_OPTION,redcap,v4,NO,NO,
confounders_schema,confounders,hormone_use___4,hormone_use___4,confounders,[DEPRECATED] Indicates the participant selected other among hormone-use options.,NO,release,CHECKBOX_OPTION,redcap,v4,NO,NO,
confounders_schema,confounders,immunotherapy___current,immunotherapy___current,confounders,Indicates the participant selected 'Current' for immunotherapy as an intervention for cancer on the confounders form.,NO,release,CHECKBOX_OPTION,redcap,pre-v4,NO,NO,
confounders_schema,confounders,immunotherapy___never,immunotherapy___never,confounders,"Indicates the participant selected 'Never' for immunotherapy as an intervention for cancer on the confounders form; 'Never' is the form's pre-set default, so it may be present without an active answer.",NO,release,CHECKBOX_OPTION,redcap,pre-v4,NO,NO,
confounders_schema,confounders,immunotherapy___no_answer,immunotherapy___no_answer,confounders,Indicates the participant selected '' for immunotherapy as an intervention for cancer on the confounders form.,NO,release,CHECKBOX_OPTION,redcap,pre-v4,NO,NO,
confounders_schema,confounders,immunotherapy___past,immunotherapy___past,confounders,Indicates the participant selected 'Past' for immunotherapy as an intervention for cancer on the confounders form.,NO,release,CHECKBOX_OPTION,redcap,pre-v4,NO,NO,
confounders_schema,confounders,injection_implant_to_vocal_folds___current,injection_implant_to_vocal_folds___current,confounders,Indicates the participant selected 'Current' for injection/implant to the vocal folds on the confounders form.,NO,release,CHECKBOX_OPTION,redcap,pre-v4,NO,NO,
confounders_schema,confounders,injection_implant_to_vocal_folds___never,injection_implant_to_vocal_folds___never,confounders,"Indicates the participant selected 'Never' for injection/implant to the vocal folds on the confounders form; 'Never' is the form's pre-set default, so it may be present without an active answer.",NO,release,CHECKBOX_OPTION,redcap,pre-v4,NO,NO,
confounders_schema,confounders,injection_implant_to_vocal_folds___no_answer,injection_implant_to_vocal_folds___no_answer,confounders,Indicates the participant selected '' for injection/implant to the vocal folds on the confounders form.,NO,release,CHECKBOX_OPTION,redcap,pre-v4,NO,NO,
confounders_schema,confounders,injection_implant_to_vocal_folds___past,injection_implant_to_vocal_folds___past,confounders,Indicates the participant selected 'Past' for injection/implant to the vocal folds on the confounders form.,NO,release,CHECKBOX_OPTION,redcap,pre-v4,NO,NO,
confounders_schema,confounders,laryngeal_cancer___current,laryngeal_cancer___current,confounders,"Indicates the participant selected 'Current' for laryngeal cancer (e.g. vocal folds, epiglottis) on the confounders form.",NO,release,CHECKBOX_OPTION,redcap,pre-v4,NO,NO,
confounders_schema,confounders,laryngeal_cancer___never,laryngeal_cancer___never,confounders,"Indicates the participant selected 'Never' for laryngeal cancer (e.g. vocal folds, epiglottis) on the confounders form; 'Never' is the form's pre-set default, so it may be present without an active answer.",NO,release,CHECKBOX_OPTION,redcap,pre-v4,NO,NO,
confounders_schema,confounders,laryngeal_cancer___no_answer,laryngeal_cancer___no_answer,confounders,"Indicates the participant selected '' for laryngeal cancer (e.g. vocal folds, epiglottis) on the confounders form.",NO,release,CHECKBOX_OPTION,redcap,pre-v4,NO,NO,
confounders_schema,confounders,laryngeal_cancer___past,laryngeal_cancer___past,confounders,"Indicates the participant selected 'Past' for laryngeal cancer (e.g. vocal folds, epiglottis) on the confounders form.",NO,release,CHECKBOX_OPTION,redcap,pre-v4,NO,NO,
confounders_schema,confounders,laryngitis_med_hist_throat___current,laryngitis_med_hist_throat___current,confounders,Indicates the participant selected 'Current' for laryngitis on the confounders form.,NO,release,CHECKBOX_OPTION,redcap,pre-v4,NO,NO,
confounders_schema,confounders,laryngitis_med_hist_throat___never,laryngitis_med_hist_throat___never,confounders,"Indicates the participant selected 'Never' for laryngitis on the confounders form; 'Never' is the form's pre-set default, so it may be present without an active answer.",NO,release,CHECKBOX_OPTION,redcap,pre-v4,NO,NO,
confounders_schema,confounders,laryngitis_med_hist_throat___no_answer,laryngitis_med_hist_throat___no_answer,confounders,Indicates the participant selected '' for laryngitis on the confounders form.,NO,release,CHECKBOX_OPTION,redcap,pre-v4,NO,NO,
confounders_schema,confounders,laryngitis_med_hist_throat___past,laryngitis_med_hist_throat___past,confounders,Indicates the participant selected 'Past' for laryngitis on the confounders form.,NO,release,CHECKBOX_OPTION,redcap,pre-v4,NO,NO,
confounders_schema,confounders,laryngospasm_irritable_larynx___current,laryngospasm_irritable_larynx___current,confounders,Indicates the participant selected 'Current' for laryngospasm (irritable larynx) on the confounders form.,NO,release,CHECKBOX_OPTION,redcap,pre-v4,NO,NO,
confounders_schema,confounders,laryngospasm_irritable_larynx___never,laryngospasm_irritable_larynx___never,confounders,"Indicates the participant selected 'Never' for laryngospasm (irritable larynx) on the confounders form; 'Never' is the form's pre-set default, so it may be present without an active answer.",NO,release,CHECKBOX_OPTION,redcap,pre-v4,NO,NO,
confounders_schema,confounders,laryngospasm_irritable_larynx___no_answer,laryngospasm_irritable_larynx___no_answer,confounders,Indicates the participant selected '' for laryngospasm (irritable larynx) on the confounders form.,NO,release,CHECKBOX_OPTION,redcap,pre-v4,NO,NO,
confounders_schema,confounders,laryngospasm_irritable_larynx___past,laryngospasm_irritable_larynx___past,confounders,Indicates the participant selected 'Past' for laryngospasm (irritable larynx) on the confounders form.,NO,release,CHECKBOX_OPTION,redcap,pre-v4,NO,NO,
confounders_schema,confounders,lesions_vocal_cord___current,lesions_vocal_cord___current,confounders,Indicates the participant selected 'Current' for lesions of the vocal cord on the confounders form.,NO,release,CHECKBOX_OPTION,redcap,pre-v4,NO,NO,
confounders_schema,confounders,lesions_vocal_cord___never,lesions_vocal_cord___never,confounders,"Indicates the participant selected 'Never' for lesions of the vocal cord on the confounders form; 'Never' is the form's pre-set default, so it may be present without an active answer.",NO,release,CHECKBOX_OPTION,redcap,pre-v4,NO,NO,
confounders_schema,confounders,lesions_vocal_cord___no_answer,lesions_vocal_cord___no_answer,confounders,Indicates the participant selected '' for lesions of the vocal cord on the confounders form.,NO,release,CHECKBOX_OPTION,redcap,pre-v4,NO,NO,
confounders_schema,confounders,lesions_vocal_cord___past,lesions_vocal_cord___past,confounders,Indicates the participant selected 'Past' for lesions of the vocal cord on the confounders form.,NO,release,CHECKBOX_OPTION,redcap,pre-v4,NO,NO,
confounders_schema,confounders,lung_cancer___current,lung_cancer___current,confounders,Indicates the participant selected 'Current' for lung cancer on the confounders form.,NO,release,CHECKBOX_OPTION,redcap,pre-v4,NO,NO,
confounders_schema,confounders,lung_cancer___never,lung_cancer___never,confounders,"Indicates the participant selected 'Never' for lung cancer on the confounders form; 'Never' is the form's pre-set default, so it may be present without an active answer.",NO,release,CHECKBOX_OPTION,redcap,pre-v4,NO,NO,
confounders_schema,confounders,lung_cancer___no_answer,lung_cancer___no_answer,confounders,Indicates the participant selected '' for lung cancer on the confounders form.,NO,release,CHECKBOX_OPTION,redcap,pre-v4,NO,NO,
confounders_schema,confounders,lung_cancer___past,lung_cancer___past,confounders,Indicates the participant selected 'Past' for lung cancer on the confounders form.,NO,release,CHECKBOX_OPTION,redcap,pre-v4,NO,NO,
confounders_schema,confounders,lung_or_metastatic___1,lung_or_metastatic___1,confounders,[DEPRECATED] Indicates the participant selected 'Lung' for cancer (lung or metastatic) on the confounders form.,NO,release,CHECKBOX_OPTION,redcap,pre-v4,NO,NO,
confounders_schema,confounders,lung_or_metastatic___2,lung_or_metastatic___2,confounders,[DEPRECATED] Indicates the participant selected 'Metastatic' for cancer (lung or metastatic) on the confounders form.,NO,release,CHECKBOX_OPTION,redcap,pre-v4,NO,NO,
confounders_schema,confounders,medication_enmt___current,medication_enmt___current,confounders,"Indicates the participant selected 'Current' for medication as an intervention for an ear, nose, mouth, throat, or speech condition on the confounders form.",NO,release,CHECKBOX_OPTION,redcap,pre-v4,NO,NO,
confounders_schema,confounders,medication_enmt___never,medication_enmt___never,confounders,"Indicates the participant selected 'Never' for medication as an intervention for an ear, nose, mouth, throat, or speech condition on the confounders form; 'Never' is the form's pre-set default, so it may be present without an active answer.",NO,release,CHECKBOX_OPTION,redcap,pre-v4,NO,NO,
confounders_schema,confounders,medication_enmt___no_answer,medication_enmt___no_answer,confounders,"Indicates the participant selected '' for medication as an intervention for an ear, nose, mouth, throat, or speech condition on the confounders form.",NO,release,CHECKBOX_OPTION,redcap,pre-v4,NO,NO,
confounders_schema,confounders,medication_enmt___past,medication_enmt___past,confounders,"Indicates the participant selected 'Past' for medication as an intervention for an ear, nose, mouth, throat, or speech condition on the confounders form.",NO,release,CHECKBOX_OPTION,redcap,pre-v4,NO,NO,
confounders_schema,confounders,medication_med_hist_cancer___current,medication_med_hist_cancer___current,confounders,Indicates the participant selected 'Current' for medication as an intervention for cancer on the confounders form.,NO,release,CHECKBOX_OPTION,redcap,pre-v4,NO,NO,
confounders_schema,confounders,medication_med_hist_cancer___never,medication_med_hist_cancer___never,confounders,"Indicates the participant selected 'Never' for medication as an intervention for cancer on the confounders form; 'Never' is the form's pre-set default, so it may be present without an active answer.",NO,release,CHECKBOX_OPTION,redcap,pre-v4,NO,NO,
confounders_schema,confounders,medication_med_hist_cancer___no_answer,medication_med_hist_cancer___no_answer,confounders,Indicates the participant selected '' for medication as an intervention for cancer on the confounders form.,NO,release,CHECKBOX_OPTION,redcap,pre-v4,NO,NO,
confounders_schema,confounders,medication_med_hist_cancer___past,medication_med_hist_cancer___past,confounders,Indicates the participant selected 'Past' for medication as an intervention for cancer on the confounders form.,NO,release,CHECKBOX_OPTION,redcap,pre-v4,NO,NO,
confounders_schema,confounders,medication_med_history_neuro___current,medication_med_history_neuro___current,confounders,Indicates the participant selected 'Current' for medication as an intervention for a neurological condition on the confounders form.,NO,release,CHECKBOX_OPTION,redcap,pre-v4,NO,NO,
confounders_schema,confounders,medication_med_history_neuro___never,medication_med_history_neuro___never,confounders,"Indicates the participant selected 'Never' for medication as an intervention for a neurological condition on the confounders form; 'Never' is the form's pre-set default, so it may be present without an active answer.",NO,release,CHECKBOX_OPTION,redcap,pre-v4,NO,NO,
confounders_schema,confounders,medication_med_history_neuro___no_answer,medication_med_history_neuro___no_answer,confounders,Indicates the participant selected '' for medication as an intervention for a neurological condition on the confounders form.,NO,release,CHECKBOX_OPTION,redcap,pre-v4,NO,NO,
confounders_schema,confounders,medication_med_history_neuro___past,medication_med_history_neuro___past,confounders,Indicates the participant selected 'Past' for medication as an intervention for a neurological condition on the confounders form.,NO,release,CHECKBOX_OPTION,redcap,pre-v4,NO,NO,
confounders_schema,confounders,medication_med_history_psychological___current,medication_med_history_psychological___current,confounders,Indicates the participant selected 'Current' for medication as an intervention for a psychological condition on the confounders form.,NO,release,CHECKBOX_OPTION,redcap,pre-v4,NO,NO,
confounders_schema,confounders,medication_med_history_psychological___never,medication_med_history_psychological___never,confounders,"Indicates the participant selected 'Never' for medication as an intervention for a psychological condition on the confounders form; 'Never' is the form's pre-set default, so it may be present without an active answer.",NO,release,CHECKBOX_OPTION,redcap,pre-v4,NO,NO,
confounders_schema,confounders,medication_med_history_psychological___no_answer,medication_med_history_psychological___no_answer,confounders,Indicates the participant selected '' for medication as an intervention for a psychological condition on the confounders form.,NO,release,CHECKBOX_OPTION,redcap,pre-v4,NO,NO,
confounders_schema,confounders,medication_med_history_psychological___past,medication_med_history_psychological___past,confounders,Indicates the participant selected 'Past' for medication as an intervention for a psychological condition on the confounders form.,NO,release,CHECKBOX_OPTION,redcap,pre-v4,NO,NO,
confounders_schema,confounders,medications___1,medications___1,confounders,[DEPRECATED] Indicates the participant selected 'Antibiotics' on the current medications/substances checklist on the confounders form.,NO,release,CHECKBOX_OPTION,redcap,pre-v4,NO,NO,
confounders_schema,confounders,medications___10,medications___10,confounders,[DEPRECATED] Indicates the participant selected 'Anti-anxiety medications (e.g. Benzodiazepine)' on the current medications/substances checklist on the confounders form.,NO,release,CHECKBOX_OPTION,redcap,pre-v4,NO,NO,
confounders_schema,confounders,medications___11,medications___11,confounders,[DEPRECATED] Indicates the participant selected 'Chronic Pain medication' on the current medications/substances checklist on the confounders form.,NO,release,CHECKBOX_OPTION,redcap,pre-v4,NO,NO,
confounders_schema,confounders,medications___12,medications___12,confounders,[DEPRECATED] Indicates the participant selected 'Psychotropic/antipsychotic medications (e.g. Clozapine)' on the current medications/substances checklist on the confounders form.,NO,release,CHECKBOX_OPTION,redcap,pre-v4,NO,NO,
confounders_schema,confounders,medications___13,medications___13,confounders,[DEPRECATED] Indicates the participant selected 'Antidepressants (e.g. amitriptyline)' on the current medications/substances checklist on the confounders form.,NO,release,CHECKBOX_OPTION,redcap,pre-v4,NO,NO,
confounders_schema,confounders,medications___14,medications___14,confounders,[DEPRECATED] Indicates the participant selected 'Immune suppressors (e.g. Methotrexate)' on the current medications/substances checklist on the confounders form.,NO,release,CHECKBOX_OPTION,redcap,pre-v4,NO,NO,
confounders_schema,confounders,medications___15,medications___15,confounders,"[DEPRECATED] Indicates the participant selected 'Reflux medications (e.g. Pantoprazole, Nexium)' on the current medications/substances checklist on the confounders form.",NO,release,CHECKBOX_OPTION,redcap,pre-v4,NO,NO,
confounders_schema,confounders,medications___16,medications___16,confounders,[DEPRECATED] Indicates the participant selected 'Anticholinergics (e.g. Ventolin)' on the current medications/substances checklist on the confounders form.,NO,release,CHECKBOX_OPTION,redcap,pre-v4,NO,NO,
confounders_schema,confounders,medications___17,medications___17,confounders,[DEPRECATED] Indicates the participant selected 'Anticoagulants (blood thinners)' on the current medications/substances checklist on the confounders form.,NO,release,CHECKBOX_OPTION,redcap,pre-v4,NO,NO,
confounders_schema,confounders,medications___18,medications___18,confounders,[DEPRECATED] Indicates the participant selected 'Antiepileptic (e.g. Phenytoin)' on the current medications/substances checklist on the confounders form.,NO,release,CHECKBOX_OPTION,redcap,pre-v4,NO,NO,
confounders_schema,confounders,medications___2,medications___2,confounders,[DEPRECATED] Indicates the participant selected 'Anti-histamines (allergy medications)' on the current medications/substances checklist on the confounders form.,NO,release,CHECKBOX_OPTION,redcap,pre-v4,NO,NO,
confounders_schema,confounders,medications___3,medications___3,confounders,[DEPRECATED] Indicates the participant selected 'Anti-Hypertensive Medications (Blood Pressure Medication)' on the current medications/substances checklist on the confounders form.,NO,release,CHECKBOX_OPTION,redcap,pre-v4,NO,NO,
confounders_schema,confounders,medications___4,medications___4,confounders,[DEPRECATED] Indicates the participant selected 'Diuretics (e.g. Lasix)' on the current medications/substances checklist on the confounders form.,NO,release,CHECKBOX_OPTION,redcap,pre-v4,NO,NO,
confounders_schema,confounders,medications___5,medications___5,confounders,[DEPRECATED] Indicates the participant selected 'Decongestants' on the current medications/substances checklist on the confounders form.,NO,release,CHECKBOX_OPTION,redcap,pre-v4,NO,NO,
confounders_schema,confounders,medications___6,medications___6,confounders,[DEPRECATED] Indicates the participant selected 'Muscle relaxants (e.g. Baclofen)' on the current medications/substances checklist on the confounders form.,NO,release,CHECKBOX_OPTION,redcap,pre-v4,NO,NO,
confounders_schema,confounders,medications___7,medications___7,confounders,[DEPRECATED] Indicates the participant selected 'Hormone use' on the current medications/substances checklist on the confounders form.,NO,release,CHECKBOX_OPTION,redcap,pre-v4,NO,NO,
confounders_schema,confounders,medications___8,medications___8,confounders,[DEPRECATED] Indicates the participant selected 'Inhaled corticosteroids' on the current medications/substances checklist on the confounders form.,NO,release,CHECKBOX_OPTION,redcap,pre-v4,NO,NO,
confounders_schema,confounders,medications___9,medications___9,confounders,[DEPRECATED] Indicates the participant selected 'Oral steroids' on the current medications/substances checklist on the confounders form.,NO,release,CHECKBOX_OPTION,redcap,pre-v4,NO,NO,
confounders_schema,confounders,mindfulness_meditation___current,mindfulness_meditation___current,confounders,Indicates the participant selected 'Current' for mindfulness or meditation as an intervention for a psychological condition on the confounders form.,NO,release,CHECKBOX_OPTION,redcap,pre-v4,NO,NO,
confounders_schema,confounders,mindfulness_meditation___never,mindfulness_meditation___never,confounders,"Indicates the participant selected 'Never' for mindfulness or meditation as an intervention for a psychological condition on the confounders form; 'Never' is the form's pre-set default, so it may be present without an active answer.",NO,release,CHECKBOX_OPTION,redcap,pre-v4,NO,NO,
confounders_schema,confounders,mindfulness_meditation___no_answer,mindfulness_meditation___no_answer,confounders,Indicates the participant selected '' for mindfulness or meditation as an intervention for a psychological condition on the confounders form.,NO,release,CHECKBOX_OPTION,redcap,pre-v4,NO,NO,
confounders_schema,confounders,mindfulness_meditation___past,mindfulness_meditation___past,confounders,Indicates the participant selected 'Past' for mindfulness or meditation as an intervention for a psychological condition on the confounders form.,NO,release,CHECKBOX_OPTION,redcap,pre-v4,NO,NO,
confounders_schema,confounders,muscle_tension_dysphonia___current,muscle_tension_dysphonia___current,confounders,Indicates the participant selected 'Current' for muscle tension dysphonia on the confounders form.,NO,release,CHECKBOX_OPTION,redcap,pre-v4,NO,NO,
confounders_schema,confounders,muscle_tension_dysphonia___never,muscle_tension_dysphonia___never,confounders,"Indicates the participant selected 'Never' for muscle tension dysphonia on the confounders form; 'Never' is the form's pre-set default, so it may be present without an active answer.",NO,release,CHECKBOX_OPTION,redcap,pre-v4,NO,NO,
confounders_schema,confounders,muscle_tension_dysphonia___no_answer,muscle_tension_dysphonia___no_answer,confounders,Indicates the participant selected '' for muscle tension dysphonia on the confounders form.,NO,release,CHECKBOX_OPTION,redcap,pre-v4,NO,NO,
confounders_schema,confounders,muscle_tension_dysphonia___past,muscle_tension_dysphonia___past,confounders,Indicates the participant selected 'Past' for muscle tension dysphonia on the confounders form.,NO,release,CHECKBOX_OPTION,redcap,pre-v4,NO,NO,
confounders_schema,confounders,neurological_history___1,neurological_history___1,confounders,[DEPRECATED] Indicates the participant selected 'Brain tumor' in the neurological medical history list on the confounders form.,NO,release,CHECKBOX_OPTION,redcap,pre-v4,NO,NO,
confounders_schema,confounders,neurological_history___2,neurological_history___2,confounders,[DEPRECATED] Indicates the participant selected 'Dysarthria' in the neurological medical history list on the confounders form.,NO,release,CHECKBOX_OPTION,redcap,pre-v4,NO,NO,
confounders_schema,confounders,neurological_history___3,neurological_history___3,confounders,[DEPRECATED] Indicates the participant selected 'Epilepsy' in the neurological medical history list on the confounders form.,NO,release,CHECKBOX_OPTION,redcap,pre-v4,NO,NO,
confounders_schema,confounders,neurological_history___4,neurological_history___4,confounders,[DEPRECATED] Indicates the participant selected 'Multiple sclerosis' in the neurological medical history list on the confounders form.,NO,release,CHECKBOX_OPTION,redcap,pre-v4,NO,NO,
confounders_schema,confounders,neurological_history___5,neurological_history___5,confounders,[DEPRECATED] Indicates the participant selected 'Traumatic brain injury' in the neurological medical history list on the confounders form.,NO,release,CHECKBOX_OPTION,redcap,pre-v4,NO,NO,
confounders_schema,confounders,neurological_history___6,neurological_history___6,confounders,[DEPRECATED] Indicates the participant selected 'Other' in the neurological medical history list on the confounders form.,NO,release,CHECKBOX_OPTION,redcap,pre-v4,NO,NO,
confounders_schema,confounders,non_surgical_treatment_enmt_speech_cond___current,non_surgical_treatment_enmt_speech_cond___current,confounders,"Indicates the participant selected 'Current' for other non-surgical treatment for an ear, nose, mouth, throat, or speech condition on the confounders form.",NO,release,CHECKBOX_OPTION,redcap,pre-v4,NO,NO,
confounders_schema,confounders,non_surgical_treatment_enmt_speech_cond___never,non_surgical_treatment_enmt_speech_cond___never,confounders,"Indicates the participant selected 'Never' for other non-surgical treatment for an ear, nose, mouth, throat, or speech condition on the confounders form; 'Never' is the form's pre-set default, so it may be present without an active answer.",NO,release,CHECKBOX_OPTION,redcap,pre-v4,NO,NO,
confounders_schema,confounders,non_surgical_treatment_enmt_speech_cond___no_answer,non_surgical_treatment_enmt_speech_cond___no_answer,confounders,"Indicates the participant selected '' for other non-surgical treatment for an ear, nose, mouth, throat, or speech condition on the confounders form.",NO,release,CHECKBOX_OPTION,redcap,pre-v4,NO,NO,
confounders_schema,confounders,non_surgical_treatment_enmt_speech_cond___past,non_surgical_treatment_enmt_speech_cond___past,confounders,"Indicates the participant selected 'Past' for other non-surgical treatment for an ear, nose, mouth, throat, or speech condition on the confounders form.",NO,release,CHECKBOX_OPTION,redcap,pre-v4,NO,NO,
confounders_schema,confounders,nose_med_history___1,nose_med_history___1,confounders,[DEPRECATED] Indicates the participant selected 'Frequent sinusitis' in the Nose medical-history list on the confounders form.,NO,release,CHECKBOX_OPTION,redcap,pre-v4,NO,NO,
confounders_schema,confounders,nose_surgical___1,nose_surgical___1,confounders,[DEPRECATED] Indicates the participant selected 'Septoplasty/Rhinoplasty' in the Nose surgical-history list on the confounders form.,NO,release,CHECKBOX_OPTION,redcap,pre-v4,NO,NO,
confounders_schema,confounders,nose_surgical___2,nose_surgical___2,confounders,[DEPRECATED] Indicates the participant selected 'Sinus surgery' in the Nose surgical-history list on the confounders form.,NO,release,CHECKBOX_OPTION,redcap,pre-v4,NO,NO,
confounders_schema,confounders,obsessive_compulsive_disorder___current,obsessive_compulsive_disorder___current,confounders,Indicates the participant selected 'Current' for obsessive compulsive disorder (OCD) on the confounders form.,NO,release,CHECKBOX_OPTION,redcap,pre-v4,NO,NO,
confounders_schema,confounders,obsessive_compulsive_disorder___never,obsessive_compulsive_disorder___never,confounders,"Indicates the participant selected 'Never' for obsessive compulsive disorder (OCD) on the confounders form; 'Never' is the form's pre-set default, so it may be present without an active answer.",NO,release,CHECKBOX_OPTION,redcap,pre-v4,NO,NO,
confounders_schema,confounders,obsessive_compulsive_disorder___no_answer,obsessive_compulsive_disorder___no_answer,confounders,Indicates the participant selected '' for obsessive compulsive disorder (OCD) on the confounders form.,NO,release,CHECKBOX_OPTION,redcap,pre-v4,NO,NO,
confounders_schema,confounders,obsessive_compulsive_disorder___past,obsessive_compulsive_disorder___past,confounders,Indicates the participant selected 'Past' for obsessive compulsive disorder (OCD) on the confounders form.,NO,release,CHECKBOX_OPTION,redcap,pre-v4,NO,NO,
confounders_schema,confounders,oral_cancer___current,oral_cancer___current,confounders,"Indicates the participant selected 'Current' for oral cancer (e.g. tongue, mouth, gum, tonsil) on the confounders form.",NO,release,CHECKBOX_OPTION,redcap,pre-v4,NO,NO,
confounders_schema,confounders,oral_cancer___never,oral_cancer___never,confounders,"Indicates the participant selected 'Never' for oral cancer (e.g. tongue, mouth, gum, tonsil) on the confounders form; 'Never' is the form's pre-set default, so it may be present without an active answer.",NO,release,CHECKBOX_OPTION,redcap,pre-v4,NO,NO,
confounders_schema,confounders,oral_cancer___no_answer,oral_cancer___no_answer,confounders,"Indicates the participant selected '' for oral cancer (e.g. tongue, mouth, gum, tonsil) on the confounders form.",NO,release,CHECKBOX_OPTION,redcap,pre-v4,NO,NO,
confounders_schema,confounders,oral_cancer___past,oral_cancer___past,confounders,"Indicates the participant selected 'Past' for oral cancer (e.g. tongue, mouth, gum, tonsil) on the confounders form.",NO,release,CHECKBOX_OPTION,redcap,pre-v4,NO,NO,
confounders_schema,confounders,other_cancer___current,other_cancer___current,confounders,Indicates the participant selected 'Current' for other cancer on the confounders form.,NO,release,CHECKBOX_OPTION,redcap,pre-v4,NO,NO,
confounders_schema,confounders,other_cancer___never,other_cancer___never,confounders,"Indicates the participant selected 'Never' for other cancer on the confounders form; 'Never' is the form's pre-set default, so it may be present without an active answer.",NO,release,CHECKBOX_OPTION,redcap,pre-v4,NO,NO,
confounders_schema,confounders,other_cancer___no_answer,other_cancer___no_answer,confounders,Indicates the participant selected '' for other cancer on the confounders form.,NO,release,CHECKBOX_OPTION,redcap,pre-v4,NO,NO,
confounders_schema,confounders,other_cancer___past,other_cancer___past,confounders,Indicates the participant selected 'Past' for other cancer on the confounders form.,NO,release,CHECKBOX_OPTION,redcap,pre-v4,NO,NO,
confounders_schema,confounders,other_cancer_treatment___current,other_cancer_treatment___current,confounders,Indicates the participant selected 'Current' for other cancer treatment on the confounders form.,NO,release,CHECKBOX_OPTION,redcap,pre-v4,NO,NO,
confounders_schema,confounders,other_cancer_treatment___never,other_cancer_treatment___never,confounders,"Indicates the participant selected 'Never' for other cancer treatment on the confounders form; 'Never' is the form's pre-set default, so it may be present without an active answer.",NO,release,CHECKBOX_OPTION,redcap,pre-v4,NO,NO,
confounders_schema,confounders,other_cancer_treatment___no_answer,other_cancer_treatment___no_answer,confounders,Indicates the participant selected '' for other cancer treatment on the confounders form.,NO,release,CHECKBOX_OPTION,redcap,pre-v4,NO,NO,
confounders_schema,confounders,other_cancer_treatment___past,other_cancer_treatment___past,confounders,Indicates the participant selected 'Past' for other cancer treatment on the confounders form.,NO,release,CHECKBOX_OPTION,redcap,pre-v4,NO,NO,
confounders_schema,confounders,other_neurological_treatment___current,other_neurological_treatment___current,confounders,Indicates the participant selected 'Current' for other treatment for a neurological condition on the confounders form.,NO,release,CHECKBOX_OPTION,redcap,pre-v4,NO,NO,
confounders_schema,confounders,other_neurological_treatment___never,other_neurological_treatment___never,confounders,"Indicates the participant selected 'Never' for other treatment for a neurological condition on the confounders form; 'Never' is the form's pre-set default, so it may be present without an active answer.",NO,release,CHECKBOX_OPTION,redcap,pre-v4,NO,NO,
confounders_schema,confounders,other_neurological_treatment___no_answer,other_neurological_treatment___no_answer,confounders,Indicates the participant selected '' for other treatment for a neurological condition on the confounders form.,NO,release,CHECKBOX_OPTION,redcap,pre-v4,NO,NO,
confounders_schema,confounders,other_neurological_treatment___past,other_neurological_treatment___past,confounders,Indicates the participant selected 'Past' for other treatment for a neurological condition on the confounders form.,NO,release,CHECKBOX_OPTION,redcap,pre-v4,NO,NO,
confounders_schema,confounders,other_throat_condition___current,other_throat_condition___current,confounders,Indicates the participant selected 'Current' for other throat condition on the confounders form.,NO,release,CHECKBOX_OPTION,redcap,pre-v4,NO,NO,
confounders_schema,confounders,other_throat_condition___never,other_throat_condition___never,confounders,"Indicates the participant selected 'Never' for other throat condition on the confounders form; 'Never' is the form's pre-set default, so it may be present without an active answer.",NO,release,CHECKBOX_OPTION,redcap,pre-v4,NO,NO,
confounders_schema,confounders,other_throat_condition___no_answer,other_throat_condition___no_answer,confounders,Indicates the participant selected '' for other throat condition on the confounders form.,NO,release,CHECKBOX_OPTION,redcap,pre-v4,NO,NO,
confounders_schema,confounders,other_throat_condition___past,other_throat_condition___past,confounders,Indicates the participant selected 'Past' for other throat condition on the confounders form.,NO,release,CHECKBOX_OPTION,redcap,pre-v4,NO,NO,
confounders_schema,confounders,other_treatment_psychological_condition___current,other_treatment_psychological_condition___current,confounders,Indicates the participant selected 'Current' for other treatment for a psychological condition on the confounders form.,NO,release,CHECKBOX_OPTION,redcap,pre-v4,NO,NO,
confounders_schema,confounders,other_treatment_psychological_condition___never,other_treatment_psychological_condition___never,confounders,"Indicates the participant selected 'Never' for other treatment for a psychological condition on the confounders form; 'Never' is the form's pre-set default, so it may be present without an active answer.",NO,release,CHECKBOX_OPTION,redcap,pre-v4,NO,NO,
confounders_schema,confounders,other_treatment_psychological_condition___no_answer,other_treatment_psychological_condition___no_answer,confounders,Indicates the participant selected '' for other treatment for a psychological condition on the confounders form.,NO,release,CHECKBOX_OPTION,redcap,pre-v4,NO,NO,
confounders_schema,confounders,other_treatment_psychological_condition___past,other_treatment_psychological_condition___past,confounders,Indicates the participant selected 'Past' for other treatment for a psychological condition on the confounders form.,NO,release,CHECKBOX_OPTION,redcap,pre-v4,NO,NO,
confounders_schema,confounders,pain_medication___1,pain_medication___1,confounders,[DEPRECATED] Indicates the participant selected 'NSAIDs (e.g. Ibuprofen/Advil/Celebrex)' as a chronic pain medication on the confounders form.,NO,release,CHECKBOX_OPTION,redcap,pre-v4,NO,NO,
confounders_schema,confounders,pain_medication___2,pain_medication___2,confounders,[DEPRECATED] Indicates the participant selected 'Morphine/Oxycodone' as a chronic pain medication on the confounders form.,NO,release,CHECKBOX_OPTION,redcap,pre-v4,NO,NO,
confounders_schema,confounders,pain_medication___3,pain_medication___3,confounders,"[DEPRECATED] Indicates the participant selected 'Neuro-modulators (e.g. Gabapentin, Lyrica)' as a chronic pain medication on the confounders form.",NO,release,CHECKBOX_OPTION,redcap,pre-v4,NO,NO,
confounders_schema,confounders,panic_disorder___current,panic_disorder___current,confounders,Indicates the participant selected 'Current' for panic disorder on the confounders form.,NO,release,CHECKBOX_OPTION,redcap,pre-v4,NO,NO,
confounders_schema,confounders,panic_disorder___never,panic_disorder___never,confounders,"Indicates the participant selected 'Never' for panic disorder on the confounders form; 'Never' is the form's pre-set default, so it may be present without an active answer.",NO,release,CHECKBOX_OPTION,redcap,pre-v4,NO,NO,
confounders_schema,confounders,panic_disorder___no_answer,panic_disorder___no_answer,confounders,Indicates the participant selected '' for panic disorder on the confounders form.,NO,release,CHECKBOX_OPTION,redcap,pre-v4,NO,NO,
confounders_schema,confounders,panic_disorder___past,panic_disorder___past,confounders,Indicates the participant selected 'Past' for panic disorder on the confounders form.,NO,release,CHECKBOX_OPTION,redcap,pre-v4,NO,NO,
confounders_schema,confounders,psychological_condition_other___current,psychological_condition_other___current,confounders,Indicates the participant selected 'Current' for other psychological condition on the confounders form.,NO,release,CHECKBOX_OPTION,redcap,pre-v4,NO,NO,
confounders_schema,confounders,psychological_condition_other___never,psychological_condition_other___never,confounders,Indicates the participant selected 'Never' for other psychological condition on the confounders form.,NO,release,CHECKBOX_OPTION,redcap,pre-v4,NO,NO,
confounders_schema,confounders,psychological_condition_other___no_answer,psychological_condition_other___no_answer,confounders,Indicates the participant selected '' for other psychological condition on the confounders form.,NO,release,CHECKBOX_OPTION,redcap,pre-v4,NO,NO,
confounders_schema,confounders,psychological_condition_other___past,psychological_condition_other___past,confounders,Indicates the participant selected 'Past' for other psychological condition on the confounders form.,NO,release,CHECKBOX_OPTION,redcap,pre-v4,NO,NO,
confounders_schema,confounders,ptsd_med_hist_psychological___current,ptsd_med_hist_psychological___current,confounders,Indicates the participant selected 'Current' for post-traumatic stress disorder (PTSD) on the confounders form.,NO,release,CHECKBOX_OPTION,redcap,pre-v4,NO,NO,
confounders_schema,confounders,ptsd_med_hist_psychological___never,ptsd_med_hist_psychological___never,confounders,Indicates the participant selected 'Never' for post-traumatic stress disorder (PTSD) on the confounders form.,NO,release,CHECKBOX_OPTION,redcap,pre-v4,NO,NO,
confounders_schema,confounders,ptsd_med_hist_psychological___no_answer,ptsd_med_hist_psychological___no_answer,confounders,Indicates the participant selected '' for post-traumatic stress disorder (PTSD) on the confounders form.,NO,release,CHECKBOX_OPTION,redcap,pre-v4,NO,NO,
confounders_schema,confounders,ptsd_med_hist_psychological___past,ptsd_med_hist_psychological___past,confounders,Indicates the participant selected 'Past' for post-traumatic stress disorder (PTSD) on the confounders form.,NO,release,CHECKBOX_OPTION,redcap,pre-v4,NO,NO,
confounders_schema,confounders,radiation___current,radiation___current,confounders,Indicates the participant selected 'Current' for radiation as an intervention for their cancer(s) on the confounders form.,NO,release,CHECKBOX_OPTION,redcap,pre-v4,NO,NO,
confounders_schema,confounders,radiation___never,radiation___never,confounders,Indicates the participant selected 'Never' for radiation as an intervention for their cancer(s) on the confounders form.,NO,release,CHECKBOX_OPTION,redcap,pre-v4,NO,NO,
confounders_schema,confounders,radiation___no_answer,radiation___no_answer,confounders,Indicates the participant selected '' for radiation as an intervention for their cancer(s) on the confounders form.,NO,release,CHECKBOX_OPTION,redcap,pre-v4,NO,NO,
confounders_schema,confounders,radiation___past,radiation___past,confounders,Indicates the participant selected 'Past' for radiation as an intervention for their cancer(s) on the confounders form.,NO,release,CHECKBOX_OPTION,redcap,pre-v4,NO,NO,
confounders_schema,confounders,radiation_to_head_neck___current,radiation_to_head_neck___current,confounders,Indicates the participant selected 'Current' for radiation to the head or neck on the confounders form.,NO,release,CHECKBOX_OPTION,redcap,pre-v4,NO,NO,
confounders_schema,confounders,radiation_to_head_neck___never,radiation_to_head_neck___never,confounders,Indicates the participant selected 'Never' for radiation to the head or neck on the confounders form.,NO,release,CHECKBOX_OPTION,redcap,pre-v4,NO,NO,
confounders_schema,confounders,radiation_to_head_neck___no_answer,radiation_to_head_neck___no_answer,confounders,Indicates the participant selected '' for radiation to the head or neck on the confounders form.,NO,release,CHECKBOX_OPTION,redcap,pre-v4,NO,NO,
confounders_schema,confounders,radiation_to_head_neck___past,radiation_to_head_neck___past,confounders,Indicates the participant selected 'Past' for radiation to the head or neck on the confounders form.,NO,release,CHECKBOX_OPTION,redcap,pre-v4,NO,NO,
confounders_schema,confounders,radioactive_iodine___current,radioactive_iodine___current,confounders,Indicates the participant selected 'Current' for radioactive iodine as an intervention for their cancer(s) on the confounders form.,NO,release,CHECKBOX_OPTION,redcap,pre-v4,NO,NO,
confounders_schema,confounders,radioactive_iodine___never,radioactive_iodine___never,confounders,Indicates the participant selected 'Never' for radioactive iodine as an intervention for their cancer(s) on the confounders form.,NO,release,CHECKBOX_OPTION,redcap,pre-v4,NO,NO,
confounders_schema,confounders,radioactive_iodine___no_answer,radioactive_iodine___no_answer,confounders,Indicates the participant selected '' for radioactive iodine as an intervention for their cancer(s) on the confounders form.,NO,release,CHECKBOX_OPTION,redcap,pre-v4,NO,NO,
confounders_schema,confounders,radioactive_iodine___past,radioactive_iodine___past,confounders,Indicates the participant selected 'Past' for radioactive iodine as an intervention for their cancer(s) on the confounders form.,NO,release,CHECKBOX_OPTION,redcap,pre-v4,NO,NO,
confounders_schema,confounders,resp_medical_history___1,resp_medical_history___1,confounders,[DEPRECATED] Indicates the participant selected 'Craniofacial or chest wall trauma' in their respiratory medical history on the confounders form.,NO,release,CHECKBOX_OPTION,redcap,pre-v4,NO,NO,
confounders_schema,confounders,resp_medical_history___2,resp_medical_history___2,confounders,[DEPRECATED] Indicates the participant selected 'Previous lobectomy' in their respiratory medical history on the confounders form.,NO,release,CHECKBOX_OPTION,redcap,pre-v4,NO,NO,
confounders_schema,confounders,resp_medical_history___3,resp_medical_history___3,confounders,[DEPRECATED] Indicates the participant selected 'Prior chest/airway surgery' in their respiratory medical history on the confounders form.,NO,release,CHECKBOX_OPTION,redcap,pre-v4,NO,NO,
confounders_schema,confounders,resp_medical_history___4,resp_medical_history___4,confounders,[DEPRECATED] Indicates the participant selected 'Prolonged intubation (more than a week)' in their respiratory medical history on the confounders form.,NO,release,CHECKBOX_OPTION,redcap,pre-v4,NO,NO,
confounders_schema,confounders,respiratory_conditions___1,respiratory_conditions___1,confounders,[DEPRECATED] Indicates the participant selected 'Bronchiectasis' among respiratory conditions on the confounders form.,NO,release,CHECKBOX_OPTION,redcap,pre-v4,NO,NO,
confounders_schema,confounders,respiratory_conditions___2,respiratory_conditions___2,confounders,[DEPRECATED] Indicates the participant selected 'Cancer (lung or metastatic)' among respiratory conditions on the confounders form.,NO,release,CHECKBOX_OPTION,redcap,pre-v4,NO,NO,
confounders_schema,confounders,respiratory_conditions___3,respiratory_conditions___3,confounders,[DEPRECATED] Indicates the participant selected 'Emphysema' among respiratory conditions on the confounders form.,NO,release,CHECKBOX_OPTION,redcap,pre-v4,NO,NO,
confounders_schema,confounders,respiratory_conditions___4,respiratory_conditions___4,confounders,"[DEPRECATED] Indicates the participant selected 'Interstitial lung disease (sarcoidosis, pulmonary fibrosis)' among respiratory conditions on the confounders form.",NO,release,CHECKBOX_OPTION,redcap,pre-v4,NO,NO,
confounders_schema,confounders,respiratory_conditions___5,respiratory_conditions___5,confounders,[DEPRECATED] Indicates the participant selected 'Pneumothorax or atelectasis (collapsed lung)' among respiratory conditions on the confounders form.,NO,release,CHECKBOX_OPTION,redcap,pre-v4,NO,NO,
confounders_schema,confounders,respiratory_conditions___6,respiratory_conditions___6,confounders,[DEPRECATED] Indicates the participant selected 'Pulmonary hypertension' among respiratory conditions on the confounders form.,NO,release,CHECKBOX_OPTION,redcap,pre-v4,NO,NO,
confounders_schema,confounders,respiratory_conditions___7,respiratory_conditions___7,confounders,[DEPRECATED] Indicates the participant selected 'Radiation to the chest' among respiratory conditions on the confounders form.,NO,release,CHECKBOX_OPTION,redcap,pre-v4,NO,NO,
confounders_schema,confounders,respiratory_conditions___8,respiratory_conditions___8,confounders,[DEPRECATED] Indicates the participant selected 'Tuberculosis' among respiratory conditions on the confounders form.,NO,release,CHECKBOX_OPTION,redcap,pre-v4,NO,NO,
confounders_schema,confounders,schizophrenia_med_hist_psychological___current,schizophrenia_med_hist_psychological___current,confounders,Indicates the participant selected 'Current' for schizophrenia on the confounders form.,NO,release,CHECKBOX_OPTION,redcap,pre-v4,NO,NO,
confounders_schema,confounders,schizophrenia_med_hist_psychological___never,schizophrenia_med_hist_psychological___never,confounders,Indicates the participant selected 'Never' for schizophrenia on the confounders form.,NO,release,CHECKBOX_OPTION,redcap,pre-v4,NO,NO,
confounders_schema,confounders,schizophrenia_med_hist_psychological___no_answer,schizophrenia_med_hist_psychological___no_answer,confounders,Indicates the participant selected '' for schizophrenia on the confounders form.,NO,release,CHECKBOX_OPTION,redcap,pre-v4,NO,NO,
confounders_schema,confounders,schizophrenia_med_hist_psychological___past,schizophrenia_med_hist_psychological___past,confounders,Indicates the participant selected 'Past' for schizophrenia on the confounders form.,NO,release,CHECKBOX_OPTION,redcap,pre-v4,NO,NO,
confounders_schema,confounders,seasonal_allergies_options___1,seasonal_allergies_options___1,confounders,[DEPRECATED] Indicates the participant selected 'Nasal congestion or obstruction' among current seasonal allergy or cold-like symptoms on the confounders form.,NO,release,CHECKBOX_OPTION,redcap,pre-v4,NO,NO,
confounders_schema,confounders,seasonal_allergies_options___2,seasonal_allergies_options___2,confounders,[DEPRECATED] Indicates the participant selected 'Cough' among current seasonal allergy or cold-like symptoms on the confounders form.,NO,release,CHECKBOX_OPTION,redcap,pre-v4,NO,NO,
confounders_schema,confounders,seasonal_allergies_options___3,seasonal_allergies_options___3,confounders,[DEPRECATED] Indicates the participant selected 'Scratchy or sore throat' among current seasonal allergy or cold-like symptoms on the confounders form.,NO,release,CHECKBOX_OPTION,redcap,pre-v4,NO,NO,
confounders_schema,confounders,seasonal_allergies_options___4,seasonal_allergies_options___4,confounders,[DEPRECATED] Indicates the participant selected 'Shortness of breath' among current seasonal allergy or cold-like symptoms on the confounders form.,NO,release,CHECKBOX_OPTION,redcap,pre-v4,NO,NO,
confounders_schema,confounders,sinus_cancer___current,sinus_cancer___current,confounders,Indicates the participant selected 'Current' for sinus cancer on the confounders form.,NO,release,CHECKBOX_OPTION,redcap,pre-v4,NO,NO,
confounders_schema,confounders,sinus_cancer___never,sinus_cancer___never,confounders,Indicates the participant selected 'Never' for sinus cancer on the confounders form.,NO,release,CHECKBOX_OPTION,redcap,pre-v4,NO,NO,
confounders_schema,confounders,sinus_cancer___no_answer,sinus_cancer___no_answer,confounders,Indicates the participant selected '' for sinus cancer on the confounders form.,NO,release,CHECKBOX_OPTION,redcap,pre-v4,NO,NO,
confounders_schema,confounders,sinus_cancer___past,sinus_cancer___past,confounders,Indicates the participant selected 'Past' for sinus cancer on the confounders form.,NO,release,CHECKBOX_OPTION,redcap,pre-v4,NO,NO,
confounders_schema,confounders,smoking_types___1,smoking_types___1,confounders,[DEPRECATED] Indicates the participant selected tobacco cigarettes among the types of substances smoked (choose all that apply).,NO,release,CHECKBOX_OPTION,redcap,v4,NO,NO,controlled
confounders_schema,confounders,smoking_types___2,smoking_types___2,confounders,"[DEPRECATED] Indicates the participant selected cannabis (joints, bong, or pipe) among the types of substances smoked (choose all that apply).",NO,release,CHECKBOX_OPTION,redcap,v4,NO,NO,controlled
confounders_schema,confounders,smoking_types___3,smoking_types___3,confounders,[DEPRECATED] Indicates the participant selected vapes among the types of substances smoked (choose all that apply).,NO,release,CHECKBOX_OPTION,redcap,v4,NO,NO,controlled
confounders_schema,confounders,smoking_types___4,smoking_types___4,confounders,[DEPRECATED] Indicates the participant selected e-cigarettes among the types of substances smoked (choose all that apply).,NO,release,CHECKBOX_OPTION,redcap,v4,NO,NO,controlled
confounders_schema,confounders,smoking_types___5,smoking_types___5,confounders,[DEPRECATED] Indicates the participant selected hookah among the types of substances smoked (choose all that apply).,NO,release,CHECKBOX_OPTION,redcap,v4,NO,NO,controlled
confounders_schema,confounders,smoking_types___6,smoking_types___6,confounders,[DEPRECATED] Indicates the participant selected pipes among the types of substances smoked (choose all that apply).,NO,release,CHECKBOX_OPTION,redcap,v4,NO,NO,controlled
confounders_schema,confounders,smoking_types___7,smoking_types___7,confounders,[DEPRECATED] Indicates the participant selected other among the types of substances smoked (choose all that apply).,NO,release,CHECKBOX_OPTION,redcap,v4,NO,NO,controlled
confounders_schema,confounders,smoking_types___8,smoking_types___8,confounders,[DEPRECATED] Indicates the participant selected among the types of substances smoked (choose all that apply).,NO,release,CHECKBOX_OPTION,redcap,v4,NO,NO,controlled
confounders_schema,confounders,speech_voice_swallowing_therapy___current,speech_voice_swallowing_therapy___current,confounders,"Indicates the participant selected 'Current' for speech, voice, or swallowing therapy on the confounders form.",NO,release,CHECKBOX_OPTION,redcap,pre-v4,NO,NO,
confounders_schema,confounders,speech_voice_swallowing_therapy___never,speech_voice_swallowing_therapy___never,confounders,"Indicates the participant selected 'Never' for speech, voice, or swallowing therapy on the confounders form.",NO,release,CHECKBOX_OPTION,redcap,pre-v4,NO,NO,
confounders_schema,confounders,speech_voice_swallowing_therapy___no_answer,speech_voice_swallowing_therapy___no_answer,confounders,"Indicates the participant selected '' for speech, voice, or swallowing therapy on the confounders form.",NO,release,CHECKBOX_OPTION,redcap,pre-v4,NO,NO,
confounders_schema,confounders,speech_voice_swallowing_therapy___past,speech_voice_swallowing_therapy___past,confounders,"Indicates the participant selected 'Past' for speech, voice, or swallowing therapy on the confounders form.",NO,release,CHECKBOX_OPTION,redcap,pre-v4,NO,NO,
confounders_schema,confounders,surgery___current,surgery___current,confounders,Indicates the participant selected 'Current' for surgery as an intervention for their cancer(s) on the confounders form.,NO,release,CHECKBOX_OPTION,redcap,pre-v4,NO,NO,
confounders_schema,confounders,surgery___never,surgery___never,confounders,Indicates the participant selected 'Never' for surgery as an intervention for their cancer(s) on the confounders form.,NO,release,CHECKBOX_OPTION,redcap,pre-v4,NO,NO,
confounders_schema,confounders,surgery___no_answer,surgery___no_answer,confounders,Indicates the participant selected '' for surgery as an intervention for their cancer(s) on the confounders form.,NO,release,CHECKBOX_OPTION,redcap,pre-v4,NO,NO,
confounders_schema,confounders,surgery___past,surgery___past,confounders,Indicates the participant selected 'Past' for surgery as an intervention for their cancer(s) on the confounders form.,NO,release,CHECKBOX_OPTION,redcap,pre-v4,NO,NO,
confounders_schema,confounders,swallowing_disorder___current,swallowing_disorder___current,confounders,Indicates the participant selected 'Current' for swallowing disorder/dysphagia on the confounders form.,NO,release,CHECKBOX_OPTION,redcap,pre-v4,NO,NO,
confounders_schema,confounders,swallowing_disorder___never,swallowing_disorder___never,confounders,Indicates the participant selected 'Never' for swallowing disorder/dysphagia on the confounders form.,NO,release,CHECKBOX_OPTION,redcap,pre-v4,NO,NO,
confounders_schema,confounders,swallowing_disorder___no_answer,swallowing_disorder___no_answer,confounders,Indicates the participant selected '' for swallowing disorder/dysphagia on the confounders form.,NO,release,CHECKBOX_OPTION,redcap,pre-v4,NO,NO,
confounders_schema,confounders,swallowing_disorder___past,swallowing_disorder___past,confounders,Indicates the participant selected 'Past' for swallowing disorder/dysphagia on the confounders form.,NO,release,CHECKBOX_OPTION,redcap,pre-v4,NO,NO,
confounders_schema,confounders,symptoms___1,symptoms___1,confounders,[DEPRECATED] Indicates the participant selected 'Anxiety or nervousness' among current symptoms that can affect the voice on the confounders form.,NO,release,CHECKBOX_OPTION,redcap,pre-v4,NO,NO,
confounders_schema,confounders,symptoms___2,symptoms___2,confounders,[DEPRECATED] Indicates the participant selected 'Confusion' among current symptoms that can affect the voice on the confounders form.,NO,release,CHECKBOX_OPTION,redcap,pre-v4,NO,NO,
confounders_schema,confounders,symptoms___3,symptoms___3,confounders,[DEPRECATED] Indicates the participant selected 'Dizziness' among current symptoms that can affect the voice on the confounders form.,NO,release,CHECKBOX_OPTION,redcap,pre-v4,NO,NO,
confounders_schema,confounders,symptoms___4,symptoms___4,confounders,[DEPRECATED] Indicates the participant selected 'Frequent or severe headache or migraine' among current symptoms that can affect the voice on the confounders form.,NO,release,CHECKBOX_OPTION,redcap,pre-v4,NO,NO,
confounders_schema,confounders,symptoms___5,symptoms___5,confounders,[DEPRECATED] Indicates the participant selected 'Sleep disturbance' among current symptoms that can affect the voice on the confounders form.,NO,release,CHECKBOX_OPTION,redcap,pre-v4,NO,NO,
confounders_schema,confounders,symptoms___6,symptoms___6,confounders,[DEPRECATED] Indicates the participant selected 'Speech difficulty' among current symptoms that can affect the voice on the confounders form.,NO,release,CHECKBOX_OPTION,redcap,pre-v4,NO,NO,
confounders_schema,confounders,symptoms___7,symptoms___7,confounders,[DEPRECATED] Indicates the participant selected '' for the question about current symptoms that can affect the voice on the confounders form.,NO,release,CHECKBOX_OPTION,redcap,pre-v4,NO,NO,
confounders_schema,confounders,talk_therapy_mental_health_prof___current,talk_therapy_mental_health_prof___current,confounders,"Indicates the participant selected 'Current' for talk therapy with a mental health professional (e.g. social worker, psychiatrist) on the confounders form.",NO,release,CHECKBOX_OPTION,redcap,pre-v4,NO,NO,
confounders_schema,confounders,talk_therapy_mental_health_prof___never,talk_therapy_mental_health_prof___never,confounders,"Indicates the participant selected 'Never' for talk therapy with a mental health professional (e.g. social worker, psychiatrist) on the confounders form.",NO,release,CHECKBOX_OPTION,redcap,pre-v4,NO,NO,
confounders_schema,confounders,talk_therapy_mental_health_prof___no_answer,talk_therapy_mental_health_prof___no_answer,confounders,"Indicates the participant selected '' for talk therapy with a mental health professional (e.g. social worker, psychiatrist) on the confounders form.",NO,release,CHECKBOX_OPTION,redcap,pre-v4,NO,NO,
confounders_schema,confounders,talk_therapy_mental_health_prof___past,talk_therapy_mental_health_prof___past,confounders,"Indicates the participant selected 'Past' for talk therapy with a mental health professional (e.g. social worker, psychiatrist) on the confounders form.",NO,release,CHECKBOX_OPTION,redcap,pre-v4,NO,NO,
confounders_schema,confounders,throat_med_history___1,throat_med_history___1,confounders,[DEPRECATED] Indicates the participant selected 'Pre-cancerous throat lesion (e.g. laryngeal leukoplakia or keratosis)' in their throat medical history on the confounders form.,NO,release,CHECKBOX_OPTION,redcap,pre-v4,NO,NO,
confounders_schema,confounders,throat_med_history___10,throat_med_history___10,confounders,"[DEPRECATED] Indicates the participant selected 'Vocal fold polyp, nodule, or cyst' in their throat medical history on the confounders form.",NO,release,CHECKBOX_OPTION,redcap,pre-v4,NO,NO,
confounders_schema,confounders,throat_med_history___11,throat_med_history___11,confounders,[DEPRECATED] Indicates the participant selected 'Vocal hemorrhage or bleed' in their throat medical history on the confounders form.,NO,release,CHECKBOX_OPTION,redcap,pre-v4,NO,NO,
confounders_schema,confounders,throat_med_history___12,throat_med_history___12,confounders,[DEPRECATED] Indicates the participant selected 'Voice/throat disorder' in their throat medical history on the confounders form.,NO,release,CHECKBOX_OPTION,redcap,pre-v4,NO,NO,
confounders_schema,confounders,throat_med_history___2,throat_med_history___2,confounders,[DEPRECATED] Indicates the participant selected 'Reflux (heartburn)' in their throat medical history on the confounders form.,NO,release,CHECKBOX_OPTION,redcap,pre-v4,NO,NO,
confounders_schema,confounders,throat_med_history___3,throat_med_history___3,confounders,"[DEPRECATED] Indicates the participant selected 'Reinke's edema, polypoid corditis, or smoker's larynx' in their throat medical history on the confounders form.",NO,release,CHECKBOX_OPTION,redcap,pre-v4,NO,NO,
confounders_schema,confounders,throat_med_history___4,throat_med_history___4,confounders,[DEPRECATED] Indicates the participant selected 'Sjögren's syndrome' in their throat medical history on the confounders form.,NO,release,CHECKBOX_OPTION,redcap,pre-v4,NO,NO,
confounders_schema,confounders,throat_med_history___5,throat_med_history___5,confounders,[DEPRECATED] Indicates the participant selected 'Swallowing disorders (dysphagia)' in their throat medical history on the confounders form.,NO,release,CHECKBOX_OPTION,redcap,pre-v4,NO,NO,
confounders_schema,confounders,throat_med_history___6,throat_med_history___6,confounders,[DEPRECATED] Indicates the participant selected 'Throat cancer' in their throat medical history on the confounders form.,NO,release,CHECKBOX_OPTION,redcap,pre-v4,NO,NO,
confounders_schema,confounders,throat_med_history___7,throat_med_history___7,confounders,[DEPRECATED] Indicates the participant selected 'Thyroid disease' in their throat medical history on the confounders form.,NO,release,CHECKBOX_OPTION,redcap,pre-v4,NO,NO,
confounders_schema,confounders,throat_med_history___8,throat_med_history___8,confounders,[DEPRECATED] Indicates the participant selected 'Velopharyngeal insufficiency' in their throat medical history on the confounders form.,NO,release,CHECKBOX_OPTION,redcap,pre-v4,NO,NO,
confounders_schema,confounders,throat_med_history___9,throat_med_history___9,confounders,"[DEPRECATED] Indicates the participant selected 'Vocal fold dysfunction, paradoxical vocal fold motion, or inducible laryngeal obstruction' in their throat medical history on the confounders form.",NO,release,CHECKBOX_OPTION,redcap,pre-v4,NO,NO,
confounders_schema,confounders,throat_surgical___1,throat_surgical___1,confounders,[DEPRECATED] Indicates the participant selected 'Airway surgery' in their throat surgical history on the confounders form.,NO,release,CHECKBOX_OPTION,redcap,pre-v4,NO,NO,
confounders_schema,confounders,throat_surgical___2,throat_surgical___2,confounders,[DEPRECATED] Indicates the participant selected 'Throat surgery' in their throat surgical history on the confounders form.,NO,release,CHECKBOX_OPTION,redcap,pre-v4,NO,NO,
confounders_schema,confounders,throat_surgical___3,throat_surgical___3,confounders,[DEPRECATED] Indicates the participant selected 'Thyroid surgery' in their throat surgical history on the confounders form.,NO,release,CHECKBOX_OPTION,redcap,pre-v4,NO,NO,
confounders_schema,confounders,throat_surgical___4,throat_surgical___4,confounders,[DEPRECATED] Indicates the participant selected 'Tonsillectomy/Adenoidectomy' in their throat surgical history on the confounders form.,NO,release,CHECKBOX_OPTION,redcap,pre-v4,NO,NO,
confounders_schema,confounders,thyroid_cancer___current,thyroid_cancer___current,confounders,Indicates the participant selected 'Current' for thyroid cancer on the confounders form.,NO,release,CHECKBOX_OPTION,redcap,pre-v4,NO,NO,
confounders_schema,confounders,thyroid_cancer___never,thyroid_cancer___never,confounders,Indicates the participant selected 'Never' for thyroid cancer on the confounders form.,NO,release,CHECKBOX_OPTION,redcap,pre-v4,NO,NO,
confounders_schema,confounders,thyroid_cancer___no_answer,thyroid_cancer___no_answer,confounders,Indicates the participant selected '' for thyroid cancer on the confounders form.,NO,release,CHECKBOX_OPTION,redcap,pre-v4,NO,NO,
confounders_schema,confounders,thyroid_cancer___past,thyroid_cancer___past,confounders,Indicates the participant selected 'Past' for thyroid cancer on the confounders form.,NO,release,CHECKBOX_OPTION,redcap,pre-v4,NO,NO,
confounders_schema,confounders,thyroid_disease___current,thyroid_disease___current,confounders,"Indicates the participant selected 'Current' for thyroid disease (e.g. thyroid polyp, Hashimoto's, Graves' disease, hypo/hyperthyroidism) on the confounders form.",NO,release,CHECKBOX_OPTION,redcap,pre-v4,NO,NO,
confounders_schema,confounders,thyroid_disease___never,thyroid_disease___never,confounders,"Indicates the participant selected 'Never' for thyroid disease (e.g. thyroid polyp, Hashimoto's, Graves' disease, hypo/hyperthyroidism) on the confounders form.",NO,release,CHECKBOX_OPTION,redcap,pre-v4,NO,NO,
confounders_schema,confounders,thyroid_disease___no_answer,thyroid_disease___no_answer,confounders,"Indicates the participant selected '' for thyroid disease (e.g. thyroid polyp, Hashimoto's, Graves' disease, hypo/hyperthyroidism) on the confounders form.",NO,release,CHECKBOX_OPTION,redcap,pre-v4,NO,NO,
confounders_schema,confounders,thyroid_disease___past,thyroid_disease___past,confounders,"Indicates the participant selected 'Past' for thyroid disease (e.g. thyroid polyp, Hashimoto's, Graves' disease, hypo/hyperthyroidism) on the confounders form.",NO,release,CHECKBOX_OPTION,redcap,pre-v4,NO,NO,
confounders_schema,confounders,today_consume_caffeinated_products___caffeinated_teas,today_consume_caffeinated_products___caffeinated_teas,confounders,Indicates the participant selected 'Caffeinated teas' among caffeinated products consumed today on the confounders form.,NO,release,CHECKBOX_OPTION,redcap,pre-v4,NO,NO,
confounders_schema,confounders,today_consume_caffeinated_products___carbonated_beverages,today_consume_caffeinated_products___carbonated_beverages,confounders,"Indicates the participant selected 'Carbonated beverages (e.g. soda, pop, Coke, etc.)' among caffeinated products consumed today on the confounders form.",NO,release,CHECKBOX_OPTION,redcap,pre-v4,NO,NO,
confounders_schema,confounders,today_consume_caffeinated_products___coffee,today_consume_caffeinated_products___coffee,confounders,Indicates the participant selected 'Coffee' among caffeinated products consumed today on the confounders form.,NO,release,CHECKBOX_OPTION,redcap,pre-v4,NO,NO,
confounders_schema,confounders,today_consume_caffeinated_products___energy_drinks,today_consume_caffeinated_products___energy_drinks,confounders,Indicates the participant selected 'Energy drinks' among caffeinated products consumed today on the confounders form.,NO,release,CHECKBOX_OPTION,redcap,pre-v4,NO,NO,
confounders_schema,confounders,today_consume_caffeinated_products___espresso,today_consume_caffeinated_products___espresso,confounders,Indicates the participant selected 'Espresso' among caffeinated products consumed today on the confounders form.,NO,release,CHECKBOX_OPTION,redcap,pre-v4,NO,NO,
confounders_schema,confounders,today_consume_caffeinated_products___other,today_consume_caffeinated_products___other,confounders,Indicates the participant selected 'Other' for caffeinated products consumed today on the confounders form.,NO,release,CHECKBOX_OPTION,redcap,pre-v4,NO,NO,
confounders_schema,confounders,typical_day_consume_caffeinated_products___caffeinated_teas,typical_day_consume_caffeinated_products___caffeinated_teas,confounders,"Indicates the participant selected 'Caffeinated teas' among caffeinated products typically consumed, on the confounders form.",NO,release,CHECKBOX_OPTION,redcap,pre-v4,NO,NO,
confounders_schema,confounders,typical_day_consume_caffeinated_products___carbonated_beverages,typical_day_consume_caffeinated_products___carbonated_beverages,confounders,"Indicates the participant selected 'Carbonated beverages (e.g. soda, pop, Coke, etc.)' among caffeinated products typically consumed, on the confounders form.",NO,release,CHECKBOX_OPTION,redcap,pre-v4,NO,NO,
confounders_schema,confounders,typical_day_consume_caffeinated_products___coffee,typical_day_consume_caffeinated_products___coffee,confounders,"Indicates the participant selected 'Coffee' among caffeinated products typically consumed, on the confounders form.",NO,release,CHECKBOX_OPTION,redcap,pre-v4,NO,NO,
confounders_schema,confounders,typical_day_consume_caffeinated_products___energy_drinks,typical_day_consume_caffeinated_products___energy_drinks,confounders,"Indicates the participant selected 'Energy drinks' among caffeinated products typically consumed, on the confounders form.",NO,release,CHECKBOX_OPTION,redcap,pre-v4,NO,NO,
confounders_schema,confounders,typical_day_consume_caffeinated_products___espresso,typical_day_consume_caffeinated_products___espresso,confounders,"Indicates the participant selected 'Espresso' among caffeinated products typically consumed, on the confounders form.",NO,release,CHECKBOX_OPTION,redcap,pre-v4,NO,NO,
confounders_schema,confounders,typical_day_consume_caffeinated_products___other,typical_day_consume_caffeinated_products___other,confounders,"Indicates the participant selected 'Other' for caffeinated products typically consumed, on the confounders form.",NO,release,CHECKBOX_OPTION,redcap,pre-v4,NO,NO,
confounders_schema,confounders,vagal_nerve_stimulator___current,vagal_nerve_stimulator___current,confounders,Indicates the participant selected 'Current' for a vagal nerve stimulator on the confounders form.,NO,release,CHECKBOX_OPTION,redcap,pre-v4,NO,NO,
confounders_schema,confounders,vagal_nerve_stimulator___never,vagal_nerve_stimulator___never,confounders,Indicates the participant selected 'Never' for a vagal nerve stimulator on the confounders form.,NO,release,CHECKBOX_OPTION,redcap,pre-v4,NO,NO,
confounders_schema,confounders,vagal_nerve_stimulator___no_answer,vagal_nerve_stimulator___no_answer,confounders,Indicates the participant selected '' for a vagal nerve stimulator on the confounders form.,NO,release,CHECKBOX_OPTION,redcap,pre-v4,NO,NO,
confounders_schema,confounders,vagal_nerve_stimulator___past,vagal_nerve_stimulator___past,confounders,Indicates the participant selected 'Past' for a vagal nerve stimulator on the confounders form.,NO,release,CHECKBOX_OPTION,redcap,pre-v4,NO,NO,
confounders_schema,confounders,vfp_bilateral___current,vfp_bilateral___current,confounders,Indicates the participant selected 'Current' for vocal fold paralysis (bilateral) on the confounders form.,NO,release,CHECKBOX_OPTION,redcap,pre-v4,NO,NO,
confounders_schema,confounders,vfp_bilateral___never,vfp_bilateral___never,confounders,Indicates the participant selected 'Never' for vocal fold paralysis (bilateral) on the confounders form.,NO,release,CHECKBOX_OPTION,redcap,pre-v4,NO,NO,
confounders_schema,confounders,vfp_bilateral___no_answer,vfp_bilateral___no_answer,confounders,Indicates the participant selected '' for vocal fold paralysis (bilateral) on the confounders form.,NO,release,CHECKBOX_OPTION,redcap,pre-v4,NO,NO,
confounders_schema,confounders,vfp_bilateral___past,vfp_bilateral___past,confounders,Indicates the participant selected 'Past' for vocal fold paralysis (bilateral) on the confounders form.,NO,release,CHECKBOX_OPTION,redcap,pre-v4,NO,NO,
confounders_schema,confounders,vfp_unilateral___current,vfp_unilateral___current,confounders,Indicates the participant selected 'Current' for vocal fold paralysis (unilateral) on the confounders form.,NO,release,CHECKBOX_OPTION,redcap,pre-v4,NO,NO,
confounders_schema,confounders,vfp_unilateral___never,vfp_unilateral___never,confounders,Indicates the participant selected 'Never' for vocal fold paralysis (unilateral) on the confounders form.,NO,release,CHECKBOX_OPTION,redcap,pre-v4,NO,NO,
confounders_schema,confounders,vfp_unilateral___no_answer,vfp_unilateral___no_answer,confounders,Indicates the participant selected '' for vocal fold paralysis (unilateral) on the confounders form.,NO,release,CHECKBOX_OPTION,redcap,pre-v4,NO,NO,
confounders_schema,confounders,vfp_unilateral___past,vfp_unilateral___past,confounders,Indicates the participant selected 'Past' for vocal fold paralysis (unilateral) on the confounders form.,NO,release,CHECKBOX_OPTION,redcap,pre-v4,NO,NO,
confounders_schema,confounders,vocal_cord_dysfunction___current,vocal_cord_dysfunction___current,confounders,Indicates the participant selected 'Current' for vocal cord dysfunction/paradoxical vocal fold motion on the confounders form.,NO,release,CHECKBOX_OPTION,redcap,pre-v4,NO,NO,
confounders_schema,confounders,vocal_cord_dysfunction___never,vocal_cord_dysfunction___never,confounders,Indicates the participant selected 'Never' for vocal cord dysfunction/paradoxical vocal fold motion on the confounders form.,NO,release,CHECKBOX_OPTION,redcap,pre-v4,NO,NO,
confounders_schema,confounders,vocal_cord_dysfunction___no_answer,vocal_cord_dysfunction___no_answer,confounders,Indicates the participant selected '' for vocal cord dysfunction/paradoxical vocal fold motion on the confounders form.,NO,release,CHECKBOX_OPTION,redcap,pre-v4,NO,NO,
confounders_schema,confounders,vocal_cord_dysfunction___past,vocal_cord_dysfunction___past,confounders,Indicates the participant selected 'Past' for vocal cord dysfunction/paradoxical vocal fold motion on the confounders form.,NO,release,CHECKBOX_OPTION,redcap,pre-v4,NO,NO,
confounders_schema,confounders,vocal_fold_hemorrhage___current,vocal_fold_hemorrhage___current,confounders,Indicates the participant selected 'Current' for vocal fold hemorrhage or bleed on the confounders form.,NO,release,CHECKBOX_OPTION,redcap,pre-v4,NO,NO,
confounders_schema,confounders,vocal_fold_hemorrhage___never,vocal_fold_hemorrhage___never,confounders,Indicates the participant selected 'Never' for vocal fold hemorrhage or bleed on the confounders form.,NO,release,CHECKBOX_OPTION,redcap,pre-v4,NO,NO,
confounders_schema,confounders,vocal_fold_hemorrhage___no_answer,vocal_fold_hemorrhage___no_answer,confounders,Indicates the participant selected '' for vocal fold hemorrhage or bleed on the confounders form.,NO,release,CHECKBOX_OPTION,redcap,pre-v4,NO,NO,
confounders_schema,confounders,vocal_fold_hemorrhage___past,vocal_fold_hemorrhage___past,confounders,Indicates the participant selected 'Past' for vocal fold hemorrhage or bleed on the confounders form.,NO,release,CHECKBOX_OPTION,redcap,pre-v4,NO,NO,
confounders_schema,confounders,voice_activity___1,voice_activity___1,confounders,[DEPRECATED] Indicates the participant selected 'Bartender' among jobs or hobbies that require using the voice for many hours a day.,NO,release,CHECKBOX_OPTION,redcap,pre-v4,NO,NO,
confounders_schema,confounders,voice_activity___2,voice_activity___2,confounders,"[DEPRECATED] Indicates the participant selected 'Waiter, receptionist' as a job or hobby that requires using the voice for many hours a day on the confounders form.",NO,release,CHECKBOX_OPTION,redcap,pre-v4,NO,NO,
confounders_schema,confounders,voice_activity___3,voice_activity___3,confounders,"[DEPRECATED] Indicates the participant selected 'Speaking (secretary, call center, attorney, salesperson)' as a job or hobby that requires using the voice for many hours a day on the confounders form.",NO,release,CHECKBOX_OPTION,redcap,pre-v4,NO,NO,
confounders_schema,confounders,voice_activity___4,voice_activity___4,confounders,[DEPRECATED] Indicates the participant selected 'Teacher' as a job or hobby that requires using the voice for many hours a day on the confounders form.,NO,release,CHECKBOX_OPTION,redcap,pre-v4,NO,NO,
confounders_schema,confounders,voice_activity___5,voice_activity___5,confounders,[DEPRECATED] Indicates the participant selected 'Singer' as a job or hobby that requires using the voice for many hours a day on the confounders form.,NO,release,CHECKBOX_OPTION,redcap,pre-v4,NO,NO,
confounders_schema,confounders,voice_activity___6,voice_activity___6,confounders,[DEPRECATED] Indicates the participant selected 'Cheerleading' among jobs or hobbies that require using the voice for many hours a day.,NO,release,CHECKBOX_OPTION,redcap,pre-v4,NO,NO,
confounders_schema,confounders,voice_activity___7,voice_activity___7,confounders,[DEPRECATED] Indicates the participant selected 'Other' as a job or hobby that requires using the voice for many hours a day on the confounders form.,NO,release,CHECKBOX_OPTION,redcap,pre-v4,NO,NO,
confounders_schema,confounders,voice_activity_v2___administrative_assistant,voice_activity_v2___administrative_assistant,confounders,Indicates the participant selected 'Administrative assistant' as a job or hobby that requires using the voice for many hours a day on the confounders form.,NO,release,CHECKBOX_OPTION,redcap,pre-v4,NO,NO,
confounders_schema,confounders,voice_activity_v2___attorney,voice_activity_v2___attorney,confounders,Indicates the participant selected 'Attorney' among the jobs or hobbies that require using the voice for many hours a day.,NO,release,CHECKBOX_OPTION,redcap,pre-v4,NO,NO,
confounders_schema,confounders,voice_activity_v2___barista,voice_activity_v2___barista,confounders,Indicates the participant selected 'Barista' among the jobs or hobbies that require using the voice for many hours a day.,NO,release,CHECKBOX_OPTION,redcap,pre-v4,NO,NO,
confounders_schema,confounders,voice_activity_v2___bartender,voice_activity_v2___bartender,confounders,Indicates the participant selected 'Bartender' among the jobs or hobbies that require using the voice for many hours a day.,NO,release,CHECKBOX_OPTION,redcap,pre-v4,NO,NO,
confounders_schema,confounders,voice_activity_v2___call_center_worker,voice_activity_v2___call_center_worker,confounders,Indicates the participant selected 'Call center worker' among the jobs or hobbies that require using the voice for many hours a day.,NO,release,CHECKBOX_OPTION,redcap,pre-v4,NO,NO,
confounders_schema,confounders,voice_activity_v2___cheerleader,voice_activity_v2___cheerleader,confounders,Indicates the participant selected 'Cheerleader' among the jobs or hobbies that require using the voice for many hours a day.,NO,release,CHECKBOX_OPTION,redcap,pre-v4,NO,NO,
confounders_schema,confounders,voice_activity_v2___child_care_provider,voice_activity_v2___child_care_provider,confounders,Indicates the participant selected 'Child-care provider' among the jobs or hobbies that require using the voice for many hours a day.,NO,release,CHECKBOX_OPTION,redcap,pre-v4,NO,NO,
confounders_schema,confounders,voice_activity_v2___exercise_instructor,voice_activity_v2___exercise_instructor,confounders,Indicates the participant selected 'Exercise instructor' among the jobs or hobbies that require using the voice for many hours a day.,NO,release,CHECKBOX_OPTION,redcap,pre-v4,NO,NO,
confounders_schema,confounders,voice_activity_v2___minister_preacher,voice_activity_v2___minister_preacher,confounders,Indicates the participant selected 'Minister/Preacher' among the jobs or hobbies that require using the voice for many hours a day.,NO,release,CHECKBOX_OPTION,redcap,pre-v4,NO,NO,
confounders_schema,confounders,voice_activity_v2___none,voice_activity_v2___none,confounders,Indicates the participant selected 'NONE OF THE ABOVE' for the question asking about jobs or hobbies that require using the voice for many hours a day on the confounders form.,NO,release,CHECKBOX_OPTION,redcap,pre-v4,NO,NO,
confounders_schema,confounders,voice_activity_v2___other,voice_activity_v2___other,confounders,Indicates the participant selected 'Other' as a job or hobby that requires using the voice for many hours a day on the confounders form.,NO,release,CHECKBOX_OPTION,redcap,pre-v4,NO,NO,
confounders_schema,confounders,voice_activity_v2___parent_guardian_caregiver,voice_activity_v2___parent_guardian_caregiver,confounders,"Indicates the participant selected 'Parent, guardian, or caregiver' as a job or hobby that requires using the voice for many hours a day on the confounders form.",NO,release,CHECKBOX_OPTION,redcap,pre-v4,NO,NO,
confounders_schema,confounders,voice_activity_v2___public_speaker,voice_activity_v2___public_speaker,confounders,Indicates the participant selected 'Public Speaker' as a job or hobby that requires using the voice for many hours a day on the confounders form.,NO,release,CHECKBOX_OPTION,redcap,pre-v4,NO,NO,
confounders_schema,confounders,voice_activity_v2___receptionist,voice_activity_v2___receptionist,confounders,Indicates the participant selected 'Receptionist' among the jobs or hobbies that require using the voice for many hours a day.,NO,release,CHECKBOX_OPTION,redcap,pre-v4,NO,NO,
confounders_schema,confounders,voice_activity_v2___salesperson,voice_activity_v2___salesperson,confounders,Indicates the participant selected 'Salesperson' as a job or hobby that requires using the voice for many hours a day on the confounders form.,NO,release,CHECKBOX_OPTION,redcap,pre-v4,NO,NO,
confounders_schema,confounders,voice_activity_v2___singer,voice_activity_v2___singer,confounders,Indicates the participant selected 'Singer' as a job or hobby that requires using the voice for many hours a day on the confounders form.,NO,release,CHECKBOX_OPTION,redcap,pre-v4,NO,NO,
confounders_schema,confounders,voice_activity_v2___teacher,voice_activity_v2___teacher,confounders,Indicates the participant selected 'Teacher' as a job or hobby that requires using the voice for many hours a day on the confounders form.,NO,release,CHECKBOX_OPTION,redcap,pre-v4,NO,NO,
confounders_schema,confounders,voice_activity_v2___waiter,voice_activity_v2___waiter,confounders,Indicates the participant selected 'Waiter' among the jobs or hobbies that require using the voice for many hours a day.,NO,release,CHECKBOX_OPTION,redcap,pre-v4,NO,NO,
copd_and_asthma_schema,copd_and_asthma,diagnosis_ca_asthma_subtype___allergic,diagnosis_ca_asthma_subtype___allergic,diagnosis,Indicates 'Allergic' was selected as an asthma disease subtype.,NO,release,CHECKBOX_OPTION,redcap,pre-v4,NO,NO,
copd_and_asthma_schema,copd_and_asthma,diagnosis_ca_asthma_subtype___eosinophilic,diagnosis_ca_asthma_subtype___eosinophilic,diagnosis,Indicates 'Eosinophilic' was selected as an asthma disease subtype.,NO,release,CHECKBOX_OPTION,redcap,pre-v4,NO,NO,
copd_and_asthma_schema,copd_and_asthma,diagnosis_ca_asthma_subtype___obese,diagnosis_ca_asthma_subtype___obese,diagnosis,Indicates 'Obese' was selected as an asthma disease subtype.,NO,release,CHECKBOX_OPTION,redcap,pre-v4,NO,NO,
copd_and_asthma_schema,copd_and_asthma,diagnosis_ca_asthma_subtype___other,diagnosis_ca_asthma_subtype___other,diagnosis,Indicates 'Other' was selected as an asthma disease subtype.,NO,release,CHECKBOX_OPTION,redcap,pre-v4,NO,NO,
copd_and_asthma_schema,copd_and_asthma,diagnosis_ca_asthma_subtype___type_2_low,diagnosis_ca_asthma_subtype___type_2_low,diagnosis,Indicates 'Type 2 low' was selected as an asthma disease subtype.,NO,release,CHECKBOX_OPTION,redcap,pre-v4,NO,NO,
copd_and_asthma_schema,copd_and_asthma,diagnosis_ca_copd_subtype___aatd,diagnosis_ca_copd_subtype___aatd,diagnosis,Indicates 'Alpha-1 Antitrypsin Deficiency (AATD)' was selected as a COPD disease subtype.,NO,release,CHECKBOX_OPTION,redcap,pre-v4,NO,NO,
copd_and_asthma_schema,copd_and_asthma,diagnosis_ca_copd_subtype___chronic_bronchitis,diagnosis_ca_copd_subtype___chronic_bronchitis,diagnosis,Indicates 'Chronic bronchitis' was selected as a COPD disease subtype.,NO,release,CHECKBOX_OPTION,redcap,pre-v4,NO,NO,
copd_and_asthma_schema,copd_and_asthma,diagnosis_ca_copd_subtype___emphysema,diagnosis_ca_copd_subtype___emphysema,diagnosis,Indicates 'Emphysema' was selected as a COPD disease subtype.,NO,release,CHECKBOX_OPTION,redcap,pre-v4,NO,NO,
copd_and_asthma_schema,copd_and_asthma,diagnosis_ca_copd_subtype___eosinophilic,diagnosis_ca_copd_subtype___eosinophilic,diagnosis,Indicates 'Eosinophilic (Type 2-high COPD)' was selected as a COPD disease subtype.,NO,release,CHECKBOX_OPTION,redcap,pre-v4,NO,NO,
copd_and_asthma_schema,copd_and_asthma,diagnosis_ca_pharmacologic_treatment___antibiotics,diagnosis_ca_pharmacologic_treatment___antibiotics,diagnosis,Indicates 'Antibiotics' was selected as a pharmacologic treatment currently received for COPD or asthma.,NO,release,CHECKBOX_OPTION,redcap,pre-v4,NO,NO,
copd_and_asthma_schema,copd_and_asthma,diagnosis_ca_pharmacologic_treatment___biologics,diagnosis_ca_pharmacologic_treatment___biologics,diagnosis,Indicates 'Biologics' was selected as a pharmacologic treatment currently received for COPD or asthma.,NO,release,CHECKBOX_OPTION,redcap,pre-v4,NO,NO,
copd_and_asthma_schema,copd_and_asthma,diagnosis_ca_pharmacologic_treatment___ics,diagnosis_ca_pharmacologic_treatment___ics,diagnosis,Indicates 'ICS (inhaled corticosteroids)' was selected as a pharmacologic treatment currently received for COPD or asthma.,NO,release,CHECKBOX_OPTION,redcap,pre-v4,NO,NO,
copd_and_asthma_schema,copd_and_asthma,diagnosis_ca_pharmacologic_treatment___laba,diagnosis_ca_pharmacologic_treatment___laba,diagnosis,Indicates 'LABA (long-acting beta-agonist)' was selected as a pharmacologic treatment currently received for COPD or asthma.,NO,release,CHECKBOX_OPTION,redcap,pre-v4,NO,NO,
copd_and_asthma_schema,copd_and_asthma,diagnosis_ca_pharmacologic_treatment___lama,diagnosis_ca_pharmacologic_treatment___lama,diagnosis,Indicates 'LAMA (long-acting muscarinic antagonist)' was selected as a pharmacologic treatment currently received for COPD or asthma.,NO,release,CHECKBOX_OPTION,redcap,pre-v4,NO,NO,
copd_and_asthma_schema,copd_and_asthma,diagnosis_ca_pharmacologic_treatment___leukotriene_inhibitors,diagnosis_ca_pharmacologic_treatment___leukotriene_inhibitors,diagnosis,Indicates 'Leukotriene inhibitors' was selected as a pharmacologic treatment currently received for COPD or asthma.,NO,release,CHECKBOX_OPTION,redcap,pre-v4,NO,NO,
copd_and_asthma_schema,copd_and_asthma,diagnosis_ca_pharmacologic_treatment___methylxanthines,diagnosis_ca_pharmacologic_treatment___methylxanthines,diagnosis,Indicates 'Methylxanthines' was selected as a pharmacologic treatment currently received for COPD or asthma.,NO,release,CHECKBOX_OPTION,redcap,pre-v4,NO,NO,
copd_and_asthma_schema,copd_and_asthma,diagnosis_ca_pharmacologic_treatment___mucolytics,diagnosis_ca_pharmacologic_treatment___mucolytics,diagnosis,Indicates 'Mucolytics' was selected as a pharmacologic treatment currently received for COPD or asthma.,NO,release,CHECKBOX_OPTION,redcap,pre-v4,NO,NO,
copd_and_asthma_schema,copd_and_asthma,diagnosis_ca_pharmacologic_treatment___others,diagnosis_ca_pharmacologic_treatment___others,diagnosis,Indicates 'Others' was selected as a pharmacologic treatment currently received for COPD or asthma.,NO,release,CHECKBOX_OPTION,redcap,pre-v4,NO,NO,
copd_and_asthma_schema,copd_and_asthma,diagnosis_ca_pharmacologic_treatment___pde3,diagnosis_ca_pharmacologic_treatment___pde3,diagnosis,Indicates 'PDE3 inhibitor (phosphodiesterase-3 inhibitor)' was selected as a pharmacologic treatment currently received for COPD or asthma.,NO,release,CHECKBOX_OPTION,redcap,pre-v4,NO,NO,
copd_and_asthma_schema,copd_and_asthma,diagnosis_ca_pharmacologic_treatment___pde4,diagnosis_ca_pharmacologic_treatment___pde4,diagnosis,Indicates 'PDE4 inhibitor (phosphodiesterase-4 inhibitor)' was selected as a pharmacologic treatment currently received for COPD or asthma.,NO,release,CHECKBOX_OPTION,redcap,pre-v4,NO,NO,
copd_and_asthma_schema,copd_and_asthma,diagnosis_ca_pharmacologic_treatment___saba,diagnosis_ca_pharmacologic_treatment___saba,diagnosis,Indicates 'SABA (short-acting beta-agonist)' was selected as a pharmacologic treatment currently received for COPD or asthma.,NO,release,CHECKBOX_OPTION,redcap,pre-v4,NO,NO,
copd_and_asthma_schema,copd_and_asthma,diagnosis_ca_pharmacologic_treatment___sama,diagnosis_ca_pharmacologic_treatment___sama,diagnosis,Indicates 'SAMA (short-acting muscarinic antagonist)' was selected as a pharmacologic treatment currently received for COPD or asthma.,NO,release,CHECKBOX_OPTION,redcap,pre-v4,NO,NO,
copd_and_asthma_schema,copd_and_asthma,diagnosis_ca_pharmacologic_treatment___systemic_steroids,diagnosis_ca_pharmacologic_treatment___systemic_steroids,diagnosis,Indicates 'Systemic steroids' was selected as a pharmacologic treatment currently received for COPD or asthma.,NO,release,CHECKBOX_OPTION,redcap,pre-v4,NO,NO,
copd_and_asthma_schema,copd_and_asthma,diagnosis_ca_pulmonary_symptoms___chronic_cough,diagnosis_ca_pulmonary_symptoms___chronic_cough,diagnosis,Indicates 'Chronic cough' was reported as a pulmonary symptom for the participant.,NO,release,CHECKBOX_OPTION,redcap,pre-v4,NO,NO,
copd_and_asthma_schema,copd_and_asthma,diagnosis_ca_pulmonary_symptoms___dyspnea,diagnosis_ca_pulmonary_symptoms___dyspnea,diagnosis,Indicates 'Dyspnea (shortness of breath)' was reported as a pulmonary symptom for the participant.,NO,release,CHECKBOX_OPTION,redcap,pre-v4,NO,NO,
copd_and_asthma_schema,copd_and_asthma,diagnosis_ca_pulmonary_symptoms___sputum_production,diagnosis_ca_pulmonary_symptoms___sputum_production,diagnosis,Indicates 'Sputum production (coughing up mucus)' was reported as a pulmonary symptom for the participant.,NO,release,CHECKBOX_OPTION,redcap,pre-v4,NO,NO,
copd_and_asthma_schema,copd_and_asthma,diagnosis_ca_pulmonary_symptoms___wheezing,diagnosis_ca_pulmonary_symptoms___wheezing,diagnosis,Indicates 'Wheezing' was reported as a pulmonary symptom for the participant.,NO,release,CHECKBOX_OPTION,redcap,pre-v4,NO,NO,
copd_and_asthma_schema,copd_and_asthma,diagnosis_ca_significant_inhalation_exposure_history_explanation___biomass_fuels,diagnosis_ca_significant_inhalation_exposure_history_explanation___biomass_fuels,diagnosis,Indicates 'Biomass fuels' was reported as a significant inhalation exposure for the participant.,NO,release,CHECKBOX_OPTION,redcap,pre-v4,NO,NO,
copd_and_asthma_schema,copd_and_asthma,diagnosis_ca_significant_inhalation_exposure_history_explanation___other,diagnosis_ca_significant_inhalation_exposure_history_explanation___other,diagnosis,Indicates 'Other' was reported as a significant inhalation exposure for the participant.,NO,release,CHECKBOX_OPTION,redcap,pre-v4,NO,NO,
copd_and_asthma_schema,copd_and_asthma,diagnosis_ca_significant_inhalation_exposure_history_explanation___secondhand_smoke,diagnosis_ca_significant_inhalation_exposure_history_explanation___secondhand_smoke,diagnosis,Indicates 'Secondhand smoke' was reported as a significant inhalation exposure for the participant.,NO,release,CHECKBOX_OPTION,redcap,pre-v4,NO,NO,
copd_and_asthma_schema,copd_and_asthma,part_copd___chest_ct,part_copd___chest_ct,diagnosis,"Indicates 'Chest CT - with emphysema changes, air trapping, or bronchiectasis' was selected on the COPD current-symptoms and participant-history checklist on the diagnosis form.",NO,release,CHECKBOX_OPTION,redcap,pre-v4,NO,NO,
copd_and_asthma_schema,copd_and_asthma,part_copd___chrf,part_copd___chrf,diagnosis,Indicates 'Chronic hypercapnic respiratory failure' was selected on the COPD current-symptoms and participant-history checklist on the diagnosis form.,NO,release,CHECKBOX_OPTION,redcap,pre-v4,NO,NO,
copd_and_asthma_schema,copd_and_asthma,part_copd___cxr,part_copd___cxr,diagnosis,Indicates 'CXR: with hyperlucency or hyperinflation or flattened diaphragms' was selected on the COPD current-symptoms and participant-history checklist on the diagnosis form.,NO,release,CHECKBOX_OPTION,redcap,pre-v4,NO,NO,
copd_and_asthma_schema,copd_and_asthma,part_copd___hypoxia,part_copd___hypoxia,diagnosis,Indicates 'Pulse oximetry with hypoxia/oxygen dependent' was selected on the COPD current-symptoms and participant-history checklist on the diagnosis form.,NO,release,CHECKBOX_OPTION,redcap,pre-v4,NO,NO,
copd_and_asthma_schema,copd_and_asthma,part_copd___ild,part_copd___ild,diagnosis,Indicates 'Interstitial Lung Disease' was selected on the COPD current-symptoms and participant-history checklist on the diagnosis form.,NO,release,CHECKBOX_OPTION,redcap,pre-v4,NO,NO,
copd_and_asthma_schema,copd_and_asthma,part_copd___pleural_effusion,part_copd___pleural_effusion,diagnosis,Indicates 'Pleural effusion within the last 12 months' was selected on the COPD current-symptoms and participant-history checklist on the diagnosis form.,NO,release,CHECKBOX_OPTION,redcap,pre-v4,NO,NO,
copd_and_asthma_schema,copd_and_asthma,part_copd___pneumonia,part_copd___pneumonia,diagnosis,Indicates 'Pneumonia within the last 12 months' was selected on the COPD current-symptoms and participant-history checklist on the diagnosis form.,NO,release,CHECKBOX_OPTION,redcap,pre-v4,NO,NO,
copd_and_asthma_schema,copd_and_asthma,part_copd___pneumothorax,part_copd___pneumothorax,diagnosis,Indicates 'Pneumothorax within the last 12 months' was selected on the COPD current-symptoms and participant-history checklist on the diagnosis form.,NO,release,CHECKBOX_OPTION,redcap,pre-v4,NO,NO,
copd_and_asthma_schema,copd_and_asthma,part_copd___prior_history,part_copd___prior_history,diagnosis,"Indicates 'Prior history of thoracic or pleural space surgery (example: lobectomy, pleurodesis, etc)' was selected on the COPD current-symptoms and participant-history checklist on the diagnosis form.",NO,release,CHECKBOX_OPTION,redcap,pre-v4,NO,NO,
copd_and_asthma_schema,copd_and_asthma,part_copd___pulmonary_hypertension,part_copd___pulmonary_hypertension,diagnosis,Indicates 'Pulmonary Hypertension' was selected on the COPD current-symptoms and participant-history checklist on the diagnosis form.,NO,release,CHECKBOX_OPTION,redcap,pre-v4,NO,NO,
copd_and_asthma_schema,copd_and_asthma,part_copd___resp_failure_intubation,part_copd___resp_failure_intubation,diagnosis,Indicates 'Respiratory failure requiring intubation within the last 12 months' was selected on the COPD current-symptoms and participant-history checklist on the diagnosis form.,NO,release,CHECKBOX_OPTION,redcap,pre-v4,NO,NO,
copd_and_asthma_schema,copd_and_asthma,part_copd___resp_failure_nippv,part_copd___resp_failure_nippv,diagnosis,Indicates 'Respiratory failure requiring NIPPV within the last 12 months' was selected on the COPD current-symptoms and participant-history checklist on the diagnosis form.,NO,release,CHECKBOX_OPTION,redcap,pre-v4,NO,NO,
data_dissemination_schema,data_dissemination,exclude_reason___feasibility_participant,exclude_reason___feasibility_participant,enrollment,Check all that apply,NO,internal,CHECKBOX_OPTION,redcap,v4,NO,NO,
data_dissemination_schema,data_dissemination,exclude_reason___incomplete_data_collection_acoustic_tasks,exclude_reason___incomplete_data_collection_acoustic_tasks,enrollment,Check all that apply,NO,internal,CHECKBOX_OPTION,redcap,v4,NO,NO,
data_dissemination_schema,data_dissemination,exclude_reason___incomplete_data_collection_questionnaire_tasks,exclude_reason___incomplete_data_collection_questionnaire_tasks,enrollment,Check all that apply,NO,internal,CHECKBOX_OPTION,redcap,v4,NO,NO,
data_dissemination_schema,data_dissemination,exclude_reason___missing_consent,exclude_reason___missing_consent,enrollment,Check all that apply,NO,internal,CHECKBOX_OPTION,redcap,v4,NO,NO,
data_dissemination_schema,data_dissemination,exclude_reason___missing_diagnosis,exclude_reason___missing_diagnosis,enrollment,Check all that apply,NO,internal,CHECKBOX_OPTION,redcap,v4,NO,NO,
data_dissemination_schema,data_dissemination,exclude_reason___other,exclude_reason___other,enrollment,Check all that apply,NO,internal,CHECKBOX_OPTION,redcap,v4,NO,NO,
data_dissemination_schema,data_dissemination,exclude_reason___participant_lost_to_follow_up,exclude_reason___participant_lost_to_follow_up,enrollment,Check all that apply,NO,internal,CHECKBOX_OPTION,redcap,v4,NO,NO,
data_dissemination_schema,data_dissemination,exclude_reason___participant_removed_from_eligibility,exclude_reason___participant_removed_from_eligibility,enrollment,Check all that apply,NO,internal,CHECKBOX_OPTION,redcap,v4,NO,NO,
data_dissemination_schema,data_dissemination,exclude_reason___participant_withdrew,exclude_reason___participant_withdrew,enrollment,Check all that apply,NO,internal,CHECKBOX_OPTION,redcap,v4,NO,NO,
demographics_schema,demographics,asian_race___2029_7,asian_race___2029_7,demographics,Asian,YES,internal,CHECKBOX_OPTION,redcap,v4,NO,NO,
demographics_schema,demographics,asian_race___2030_5,asian_race___2030_5,demographics,Asian,YES,internal,CHECKBOX_OPTION,redcap,v4,NO,NO,
demographics_schema,demographics,asian_race___2031_3,asian_race___2031_3,demographics,Asian,YES,internal,CHECKBOX_OPTION,redcap,v4,NO,NO,
demographics_schema,demographics,asian_race___2032_1,asian_race___2032_1,demographics,Asian,YES,internal,CHECKBOX_OPTION,redcap,v4,NO,NO,
demographics_schema,demographics,asian_race___2033_9,asian_race___2033_9,demographics,Asian,YES,internal,CHECKBOX_OPTION,redcap,v4,NO,NO,
demographics_schema,demographics,asian_race___2034_7,asian_race___2034_7,demographics,Asian,YES,internal,CHECKBOX_OPTION,redcap,v4,NO,NO,
demographics_schema,demographics,asian_race___2035_4,asian_race___2035_4,demographics,Asian,YES,internal,CHECKBOX_OPTION,redcap,v4,NO,NO,
demographics_schema,demographics,asian_race___2036_2,asian_race___2036_2,demographics,Asian,YES,internal,CHECKBOX_OPTION,redcap,v4,NO,NO,
demographics_schema,demographics,asian_race___2037_0,asian_race___2037_0,demographics,Asian,YES,internal,CHECKBOX_OPTION,redcap,v4,NO,NO,
demographics_schema,demographics,asian_race___2038_8,asian_race___2038_8,demographics,Asian,YES,internal,CHECKBOX_OPTION,redcap,v4,NO,NO,
demographics_schema,demographics,asian_race___2039_6,asian_race___2039_6,demographics,Asian,YES,internal,CHECKBOX_OPTION,redcap,v4,NO,NO,
demographics_schema,demographics,asian_race___2040_4,asian_race___2040_4,demographics,Asian,YES,internal,CHECKBOX_OPTION,redcap,v4,NO,NO,
demographics_schema,demographics,asian_race___2041_2,asian_race___2041_2,demographics,Asian,YES,internal,CHECKBOX_OPTION,redcap,v4,NO,NO,
demographics_schema,demographics,asian_race___2042_0,asian_race___2042_0,demographics,Asian,YES,internal,CHECKBOX_OPTION,redcap,v4,NO,NO,
demographics_schema,demographics,asian_race___2043_8,asian_race___2043_8,demographics,Asian,YES,internal,CHECKBOX_OPTION,redcap,v4,NO,NO,
demographics_schema,demographics,asian_race___2044_6,asian_race___2044_6,demographics,Asian,YES,internal,CHECKBOX_OPTION,redcap,v4,NO,NO,
demographics_schema,demographics,asian_race___2045_3,asian_race___2045_3,demographics,Asian,YES,internal,CHECKBOX_OPTION,redcap,v4,NO,NO,
demographics_schema,demographics,asian_race___2046_1,asian_race___2046_1,demographics,Asian,YES,internal,CHECKBOX_OPTION,redcap,v4,NO,NO,
demographics_schema,demographics,asian_race___2047_9,asian_race___2047_9,demographics,Asian,YES,internal,CHECKBOX_OPTION,redcap,v4,NO,NO,
demographics_schema,demographics,asian_race___2048_7,asian_race___2048_7,demographics,Asian,YES,internal,CHECKBOX_OPTION,redcap,v4,NO,NO,
demographics_schema,demographics,asian_race___2049_5,asian_race___2049_5,demographics,Asian,YES,internal,CHECKBOX_OPTION,redcap,v4,NO,NO,
demographics_schema,demographics,asian_race___2050_3,asian_race___2050_3,demographics,Asian,YES,internal,CHECKBOX_OPTION,redcap,v4,NO,NO,
demographics_schema,demographics,asian_race___2051_1,asian_race___2051_1,demographics,Asian,YES,internal,CHECKBOX_OPTION,redcap,v4,NO,NO,
demographics_schema,demographics,asian_race___2052_9,asian_race___2052_9,demographics,Asian,YES,internal,CHECKBOX_OPTION,redcap,v4,NO,NO,
demographics_schema,demographics,assistance_programs_ca___1,assistance_programs_ca___1,demographics,"[DEPRECATED]
Do you take advantage of any of the following programs? Choose all that apply",NO,internal,CHECKBOX_OPTION,redcap,v4,NO,NO,
demographics_schema,demographics,assistance_programs_ca___2,assistance_programs_ca___2,demographics,"[DEPRECATED]
Do you take advantage of any of the following programs? Choose all that apply",NO,internal,CHECKBOX_OPTION,redcap,v4,NO,NO,
demographics_schema,demographics,assistance_programs_ca___3,assistance_programs_ca___3,demographics,"[DEPRECATED]
Do you take advantage of any of the following programs? Choose all that apply",NO,internal,CHECKBOX_OPTION,redcap,v4,NO,NO,
demographics_schema,demographics,assistance_programs_ca___4,assistance_programs_ca___4,demographics,"[DEPRECATED]
Do you take advantage of any of the following programs? Choose all that apply",NO,internal,CHECKBOX_OPTION,redcap,v4,NO,NO,
demographics_schema,demographics,assistance_programs_ca___5,assistance_programs_ca___5,demographics,"[DEPRECATED]
Do you take advantage of any of the following programs? Choose all that apply",NO,internal,CHECKBOX_OPTION,redcap,v4,NO,NO,
demographics_schema,demographics,assistance_programs_usa___1,assistance_programs_usa___1,demographics,"[DEPRECATED]
Do you take advantage of any of the following programs? Choose all that apply",NO,internal,CHECKBOX_OPTION,redcap,v4,NO,NO,
demographics_schema,demographics,assistance_programs_usa___2,assistance_programs_usa___2,demographics,"[DEPRECATED]
Do you take advantage of any of the following programs? Choose all that apply",NO,internal,CHECKBOX_OPTION,redcap,v4,NO,NO,
demographics_schema,demographics,assistance_programs_usa___3,assistance_programs_usa___3,demographics,"[DEPRECATED]
Do you take advantage of any of the following programs? Choose all that apply",NO,internal,CHECKBOX_OPTION,redcap,v4,NO,NO,
demographics_schema,demographics,assistance_programs_usa___4,assistance_programs_usa___4,demographics,"[DEPRECATED]
Do you take advantage of any of the following programs? Choose all that apply",NO,internal,CHECKBOX_OPTION,redcap,v4,NO,NO,
demographics_schema,demographics,assistance_programs_usa___5,assistance_programs_usa___5,demographics,"[DEPRECATED]
Do you take advantage of any of the following programs? Choose all that apply",NO,internal,CHECKBOX_OPTION,redcap,v4,NO,NO,
demographics_schema,demographics,black_race___2056_0,black_race___2056_0,demographics,Black or African American,YES,internal,CHECKBOX_OPTION,redcap,v4,NO,NO,
demographics_schema,demographics,black_race___2058_6,black_race___2058_6,demographics,Black or African American,YES,internal,CHECKBOX_OPTION,redcap,v4,NO,NO,
demographics_schema,demographics,black_race___2060_2,black_race___2060_2,demographics,Black or African American,YES,internal,CHECKBOX_OPTION,redcap,v4,NO,NO,
demographics_schema,demographics,black_race___2067_7,black_race___2067_7,demographics,Black or African American,YES,internal,CHECKBOX_OPTION,redcap,v4,NO,NO,
demographics_schema,demographics,black_race___2068_5,black_race___2068_5,demographics,Black or African American,YES,internal,CHECKBOX_OPTION,redcap,v4,NO,NO,
demographics_schema,demographics,black_race___2069_3,black_race___2069_3,demographics,Black or African American,YES,internal,CHECKBOX_OPTION,redcap,v4,NO,NO,
demographics_schema,demographics,black_race___2070_1,black_race___2070_1,demographics,Black or African American,YES,internal,CHECKBOX_OPTION,redcap,v4,NO,NO,
demographics_schema,demographics,black_race___2071_9,black_race___2071_9,demographics,Black or African American,YES,internal,CHECKBOX_OPTION,redcap,v4,NO,NO,
demographics_schema,demographics,black_race___2072_7,black_race___2072_7,demographics,Black or African American,YES,internal,CHECKBOX_OPTION,redcap,v4,NO,NO,
demographics_schema,demographics,black_race___2073_5,black_race___2073_5,demographics,Black or African American,YES,internal,CHECKBOX_OPTION,redcap,v4,NO,NO,
demographics_schema,demographics,black_race___2074_3,black_race___2074_3,demographics,Black or African American,YES,internal,CHECKBOX_OPTION,redcap,v4,NO,NO,
demographics_schema,demographics,black_race___2075_0,black_race___2075_0,demographics,Black or African American,YES,internal,CHECKBOX_OPTION,redcap,v4,NO,NO,
demographics_schema,demographics,canadian_race___ca_first_nation,canadian_race___ca_first_nation,demographics,Canadian Indigenous or Aboriginal,NO,internal,CHECKBOX_OPTION,redcap,v4,NO,NO,
demographics_schema,demographics,canadian_race___ca_inuit,canadian_race___ca_inuit,demographics,Canadian Indigenous or Aboriginal,NO,internal,CHECKBOX_OPTION,redcap,v4,NO,NO,
demographics_schema,demographics,canadian_race___ca_metis,canadian_race___ca_metis,demographics,Canadian Indigenous or Aboriginal,NO,internal,CHECKBOX_OPTION,redcap,v4,NO,NO,
demographics_schema,demographics,demographics_completed_by___1,demographics_completed_by___1,demographics,"[DEPRECATED]
Who is completing this survey?",NO,internal,CHECKBOX_OPTION,redcap,pre-v4,NO,NO,
demographics_schema,demographics,demographics_completed_by___2,demographics_completed_by___2,demographics,"[DEPRECATED]
Who is completing this survey?",NO,internal,CHECKBOX_OPTION,redcap,pre-v4,NO,NO,
demographics_schema,demographics,demographics_completed_by___3,demographics_completed_by___3,demographics,"[DEPRECATED]
Who is completing this survey?",NO,internal,CHECKBOX_OPTION,redcap,pre-v4,NO,NO,
demographics_schema,demographics,employ_status___1,employ_status___1,demographics,"Indicates the participant selected 'Employed, freelance' as an employment status.",NO,release,CHECKBOX_OPTION,redcap,pre-v4,NO,NO,
demographics_schema,demographics,employ_status___10,employ_status___10,demographics,Indicates the participant selected 'Stay-at-home parent or guardian' as an employment status.,NO,release,CHECKBOX_OPTION,redcap,pre-v4,NO,NO,
demographics_schema,demographics,employ_status___11,employ_status___11,demographics,Indicates the participant selected 'Caregiver' as an employment status.,NO,release,CHECKBOX_OPTION,redcap,pre-v4,NO,NO,
demographics_schema,demographics,employ_status___12,employ_status___12,demographics,Indicates the participant selected 'Disabled' as an employment status.,NO,release,CHECKBOX_OPTION,redcap,pre-v4,NO,NO,
demographics_schema,demographics,employ_status___13,employ_status___13,demographics,Indicates the participant selected 'Between jobs' as an employment status.,NO,release,CHECKBOX_OPTION,redcap,pre-v4,NO,NO,
demographics_schema,demographics,employ_status___2,employ_status___2,demographics,"Indicates the participant selected 'Employed, full time' as an employment status.",NO,release,CHECKBOX_OPTION,redcap,pre-v4,NO,NO,
demographics_schema,demographics,employ_status___3,employ_status___3,demographics,"Indicates the participant selected 'Employed, part time' as an employment status.",NO,release,CHECKBOX_OPTION,redcap,pre-v4,NO,NO,
demographics_schema,demographics,employ_status___4,employ_status___4,demographics,"Indicates the participant selected 'Employed, multiple part time jobs' as an employment status.",NO,release,CHECKBOX_OPTION,redcap,pre-v4,NO,NO,
demographics_schema,demographics,employ_status___5,employ_status___5,demographics,Indicates the participant selected 'Student' as an employment status.,NO,release,CHECKBOX_OPTION,redcap,pre-v4,NO,NO,
demographics_schema,demographics,employ_status___6,employ_status___6,demographics,Indicates the participant selected 'Self-employed' as an employment status.,NO,release,CHECKBOX_OPTION,redcap,pre-v4,NO,NO,
demographics_schema,demographics,employ_status___7,employ_status___7,demographics,Indicates the participant selected 'Retired' as an employment status.,NO,release,CHECKBOX_OPTION,redcap,pre-v4,NO,NO,
demographics_schema,demographics,employ_status___8,employ_status___8,demographics,Indicates the participant selected 'Unemployed' as an employment status.,NO,release,CHECKBOX_OPTION,redcap,pre-v4,NO,NO,
demographics_schema,demographics,employ_status___9,employ_status___9,demographics,Indicates the participant selected 'Other' to report an employment status not listed among the options.,NO,release,CHECKBOX_OPTION,redcap,pre-v4,NO,NO,
demographics_schema,demographics,hispanic_latino_selection___1,hispanic_latino_selection___1,demographics,"Check all that apply

NOTE: Once the options completed map to new options, the following options [Deprecated in Protocol v4]
2, Mexican
5, Latin American
6, Puerto Rican
7, Cuban
8, Dominican",NO,internal,CHECKBOX_OPTION,redcap,v4,NO,NO,
demographics_schema,demographics,hispanic_latino_selection___2,hispanic_latino_selection___2,demographics,"Check all that apply

NOTE: Once the options completed map to new options, the following options [Deprecated in Protocol v4]
2, Mexican
5, Latin American
6, Puerto Rican
7, Cuban
8, Dominican",NO,internal,CHECKBOX_OPTION,redcap,v4,NO,NO,
demographics_schema,demographics,hispanic_latino_selection___3,hispanic_latino_selection___3,demographics,"Check all that apply

NOTE: Once the options completed map to new options, the following options [Deprecated in Protocol v4]
2, Mexican
5, Latin American
6, Puerto Rican
7, Cuban
8, Dominican",NO,internal,CHECKBOX_OPTION,redcap,v4,NO,NO,
demographics_schema,demographics,hispanic_latino_selection___4,hispanic_latino_selection___4,demographics,"Check all that apply

NOTE: Once the options completed map to new options, the following options [Deprecated in Protocol v4]
2, Mexican
5, Latin American
6, Puerto Rican
7, Cuban
8, Dominican",NO,internal,CHECKBOX_OPTION,redcap,v4,NO,NO,
demographics_schema,demographics,hispanic_latino_selection___5,hispanic_latino_selection___5,demographics,"Check all that apply

NOTE: Once the options completed map to new options, the following options [Deprecated in Protocol v4]
2, Mexican
5, Latin American
6, Puerto Rican
7, Cuban
8, Dominican",NO,internal,CHECKBOX_OPTION,redcap,v4,NO,NO,
demographics_schema,demographics,hispanic_latino_selection___6,hispanic_latino_selection___6,demographics,"Check all that apply

NOTE: Once the options completed map to new options, the following options [Deprecated in Protocol v4]
2, Mexican
5, Latin American
6, Puerto Rican
7, Cuban
8, Dominican",NO,internal,CHECKBOX_OPTION,redcap,v4,NO,NO,
demographics_schema,demographics,hispanic_latino_selection___7,hispanic_latino_selection___7,demographics,"Check all that apply

NOTE: Once the options completed map to new options, the following options [Deprecated in Protocol v4]
2, Mexican
5, Latin American
6, Puerto Rican
7, Cuban
8, Dominican",NO,internal,CHECKBOX_OPTION,redcap,v4,NO,NO,
demographics_schema,demographics,hispanic_latino_selection___8,hispanic_latino_selection___8,demographics,"Check all that apply

NOTE: Once the options completed map to new options, the following options [Deprecated in Protocol v4]
2, Mexican
5, Latin American
6, Puerto Rican
7, Cuban
8, Dominican",NO,internal,CHECKBOX_OPTION,redcap,v4,NO,NO,
demographics_schema,demographics,hispanic_latino_selection___9,hispanic_latino_selection___9,demographics,"Check all that apply

NOTE: Once the options completed map to new options, the following options [Deprecated in Protocol v4]
2, Mexican
5, Latin American
6, Puerto Rican
7, Cuban
8, Dominican",NO,internal,CHECKBOX_OPTION,redcap,v4,NO,NO,
demographics_schema,demographics,marital_status___1,marital_status___1,demographics,What is your marital status? Choose all that apply,NO,internal,CHECKBOX_OPTION,redcap,pre-v4,NO,NO,
demographics_schema,demographics,marital_status___2,marital_status___2,demographics,What is your marital status? Choose all that apply,NO,internal,CHECKBOX_OPTION,redcap,pre-v4,NO,NO,
demographics_schema,demographics,marital_status___3,marital_status___3,demographics,What is your marital status? Choose all that apply,NO,internal,CHECKBOX_OPTION,redcap,pre-v4,NO,NO,
demographics_schema,demographics,marital_status___4,marital_status___4,demographics,What is your marital status? Choose all that apply,NO,internal,CHECKBOX_OPTION,redcap,pre-v4,NO,NO,
demographics_schema,demographics,marital_status___5,marital_status___5,demographics,What is your marital status? Choose all that apply,NO,internal,CHECKBOX_OPTION,redcap,pre-v4,NO,NO,
demographics_schema,demographics,marital_status___6,marital_status___6,demographics,What is your marital status? Choose all that apply,NO,internal,CHECKBOX_OPTION,redcap,pre-v4,NO,NO,
demographics_schema,demographics,marital_status___7,marital_status___7,demographics,What is your marital status? Choose all that apply,NO,internal,CHECKBOX_OPTION,redcap,pre-v4,NO,NO,
demographics_schema,demographics,native_american_race___1004_1,native_american_race___1004_1,demographics,American Indian or Alaska Native,YES,internal,CHECKBOX_OPTION,redcap,v4,NO,NO,
demographics_schema,demographics,native_american_race___1735_0,native_american_race___1735_0,demographics,American Indian or Alaska Native,YES,internal,CHECKBOX_OPTION,redcap,v4,NO,NO,
demographics_schema,demographics,pacific_islander_race___2078_4,pacific_islander_race___2078_4,demographics,Native Hawaiian or other Pacific Islander,YES,internal,CHECKBOX_OPTION,redcap,v4,NO,NO,
demographics_schema,demographics,pacific_islander_race___2085_9,pacific_islander_race___2085_9,demographics,Native Hawaiian or other Pacific Islander,YES,internal,CHECKBOX_OPTION,redcap,v4,NO,NO,
demographics_schema,demographics,pacific_islander_race___2100_6,pacific_islander_race___2100_6,demographics,Native Hawaiian or other Pacific Islander,YES,internal,CHECKBOX_OPTION,redcap,v4,NO,NO,
demographics_schema,demographics,pacific_islander_race___2500_7,pacific_islander_race___2500_7,demographics,Native Hawaiian or other Pacific Islander,YES,internal,CHECKBOX_OPTION,redcap,v4,NO,NO,
demographics_schema,demographics,race___1,race___1,demographics,Indicates the participant selected 'American Indian or Alaska Native' as a race category on the demographics form.,NO,release,CHECKBOX_OPTION,redcap,pre-v4,NO,NO,
demographics_schema,demographics,race___2,race___2,demographics,Indicates the participant selected 'Asian' as a race category on the demographics form.,NO,release,CHECKBOX_OPTION,redcap,pre-v4,NO,NO,
demographics_schema,demographics,race___3,race___3,demographics,Indicates the participant selected 'Black or African American' as a race category on the demographics form.,NO,release,CHECKBOX_OPTION,redcap,pre-v4,NO,NO,
demographics_schema,demographics,race___4,race___4,demographics,Indicates the participant selected 'Native Hawaiian or other Pacific Islander' as a race category on the demographics form.,NO,release,CHECKBOX_OPTION,redcap,pre-v4,NO,NO,
demographics_schema,demographics,race___5,race___5,demographics,Indicates the participant selected 'White' as a race category on the demographics form.,NO,release,CHECKBOX_OPTION,redcap,pre-v4,NO,NO,
demographics_schema,demographics,race___6,race___6,demographics,Indicates the participant selected 'Canadian Indigenous or Aboriginal' as a race category on the demographics form.,NO,release,CHECKBOX_OPTION,redcap,pre-v4,NO,NO,
demographics_schema,demographics,race___7,race___7,demographics,Indicates the participant selected 'Other' as a race category on the demographics form.,NO,release,CHECKBOX_OPTION,redcap,pre-v4,NO,NO,
demographics_schema,demographics,race___8,race___8,demographics,Indicates the participant selected 'Prefer not to answer' for race.,NO,release,CHECKBOX_OPTION,redcap,pre-v4,NO,NO,
demographics_schema,demographics,white_race___2108_9,white_race___2108_9,demographics,White,YES,internal,CHECKBOX_OPTION,redcap,v4,NO,NO,
demographics_schema,demographics,white_race___2118_8,white_race___2118_8,demographics,White,YES,internal,CHECKBOX_OPTION,redcap,v4,NO,NO,
demographics_schema,demographics,white_race___2129_5,white_race___2129_5,demographics,White,YES,internal,CHECKBOX_OPTION,redcap,v4,NO,NO,
depression_or_major_depressive_disorder_schema,depression,dmdd_active_psy_med_problems___adhd,dmdd_active_psy_med_problems___adhd,diagnosis,[DEPRECATED] Indicates 'ADHD' was selected as an active psychiatric or medical problem.,NO,release,CHECKBOX_OPTION,redcap,pre-v4,NO,NO,
depression_or_major_depressive_disorder_schema,depression,dmdd_active_psy_med_problems___anxiety,dmdd_active_psy_med_problems___anxiety,diagnosis,[DEPRECATED] Indicates 'Anxiety' was selected as an active psychiatric or medical problem.,NO,release,CHECKBOX_OPTION,redcap,pre-v4,NO,NO,
depression_or_major_depressive_disorder_schema,depression,dmdd_active_psy_med_problems___epilepsy,dmdd_active_psy_med_problems___epilepsy,diagnosis,[DEPRECATED] Indicates 'Epilepsy' was selected as an active psychiatric or medical problem.,NO,release,CHECKBOX_OPTION,redcap,pre-v4,NO,NO,
depression_or_major_depressive_disorder_schema,depression,dmdd_active_psy_med_problems___laryngeal_cancer,dmdd_active_psy_med_problems___laryngeal_cancer,diagnosis,[DEPRECATED] Indicates 'Laryngeal cancer' was selected as an active psychiatric or medical problem.,NO,release,CHECKBOX_OPTION,redcap,pre-v4,NO,NO,
depression_or_major_depressive_disorder_schema,depression,dmdd_active_psy_med_problems___ocd,dmdd_active_psy_med_problems___ocd,diagnosis,[DEPRECATED] Indicates 'OCD' was selected as an active psychiatric or medical problem.,NO,release,CHECKBOX_OPTION,redcap,pre-v4,NO,NO,
depression_or_major_depressive_disorder_schema,depression,dmdd_active_psy_med_problems___other,dmdd_active_psy_med_problems___other,diagnosis,[DEPRECATED] Indicates 'Other' was selected to report an active psychiatric or medical problem not listed among the options.,NO,release,CHECKBOX_OPTION,redcap,pre-v4,NO,NO,
depression_or_major_depressive_disorder_schema,depression,dmdd_active_psy_med_problems___seasonal_allergies,dmdd_active_psy_med_problems___seasonal_allergies,diagnosis,[DEPRECATED] Indicates 'Seasonal allergies' was selected as an active psychiatric or medical problem.,NO,release,CHECKBOX_OPTION,redcap,pre-v4,NO,NO,
depression_or_major_depressive_disorder_schema,depression,dmdd_active_psy_med_problems___stroke,dmdd_active_psy_med_problems___stroke,diagnosis,[DEPRECATED] Indicates 'Stroke' was selected as an active psychiatric or medical problem.,NO,release,CHECKBOX_OPTION,redcap,pre-v4,NO,NO,
depression_or_major_depressive_disorder_schema,depression,dmdd_hist_psy_med_problems___adhd,dmdd_hist_psy_med_problems___adhd,diagnosis,[DEPRECATED] Indicates 'ADHD' was selected as a historical psychiatric or medical problem.,NO,release,CHECKBOX_OPTION,redcap,pre-v4,NO,NO,
depression_or_major_depressive_disorder_schema,depression,dmdd_hist_psy_med_problems___anxiety,dmdd_hist_psy_med_problems___anxiety,diagnosis,[DEPRECATED] Indicates 'Anxiety' was selected as a historical psychiatric or medical problem.,NO,release,CHECKBOX_OPTION,redcap,pre-v4,NO,NO,
depression_or_major_depressive_disorder_schema,depression,dmdd_hist_psy_med_problems___epilepsy,dmdd_hist_psy_med_problems___epilepsy,diagnosis,[DEPRECATED] Indicates 'Epilepsy' was selected as a historical psychiatric or medical problem.,NO,release,CHECKBOX_OPTION,redcap,pre-v4,NO,NO,
depression_or_major_depressive_disorder_schema,depression,dmdd_hist_psy_med_problems___laryngeal_cancer,dmdd_hist_psy_med_problems___laryngeal_cancer,diagnosis,[DEPRECATED] Indicates 'Laryngeal cancer' was selected as a historical psychiatric or medical problem.,NO,release,CHECKBOX_OPTION,redcap,pre-v4,NO,NO,
depression_or_major_depressive_disorder_schema,depression,dmdd_hist_psy_med_problems___ocd,dmdd_hist_psy_med_problems___ocd,diagnosis,[DEPRECATED] Indicates 'OCD' was selected as a historical psychiatric or medical problem.,NO,release,CHECKBOX_OPTION,redcap,pre-v4,NO,NO,
depression_or_major_depressive_disorder_schema,depression,dmdd_hist_psy_med_problems___other,dmdd_hist_psy_med_problems___other,diagnosis,[DEPRECATED] Indicates 'Other' was selected to report a historical psychiatric or medical problem not listed among the options.,NO,release,CHECKBOX_OPTION,redcap,pre-v4,NO,NO,
depression_or_major_depressive_disorder_schema,depression,dmdd_hist_psy_med_problems___seasonal_allergies,dmdd_hist_psy_med_problems___seasonal_allergies,diagnosis,[DEPRECATED] Indicates 'Seasonal allergies' was selected as a historical psychiatric or medical problem.,NO,release,CHECKBOX_OPTION,redcap,pre-v4,NO,NO,
depression_or_major_depressive_disorder_schema,depression,dmdd_hist_psy_med_problems___stroke,dmdd_hist_psy_med_problems___stroke,diagnosis,[DEPRECATED] Indicates 'Stroke' was selected as a historical psychiatric or medical problem.,NO,release,CHECKBOX_OPTION,redcap,pre-v4,NO,NO,
enrollment_form_schema,enrollment_form,ef_cognitive_a11y_options___1,ef_cognitive_a11y_options___1,enrollment,"Yes, I would like to use some of the accessibility features of the app",NO,internal,CHECKBOX_OPTION,redcap,pre-v4,NO,NO,
enrollment_form_schema,enrollment_form,ef_cognitive_a11y_options___2,ef_cognitive_a11y_options___2,enrollment,"Yes, I would like to use some of the accessibility features of the app",NO,internal,CHECKBOX_OPTION,redcap,pre-v4,NO,NO,
enrollment_form_schema,enrollment_form,ef_cognitive_a11y_options___3,ef_cognitive_a11y_options___3,enrollment,"Yes, I would like to use some of the accessibility features of the app",NO,internal,CHECKBOX_OPTION,redcap,pre-v4,NO,NO,
enrollment_form_schema,enrollment_form,ef_completed_by___1,ef_completed_by___1,enrollment,Check all that apply,NO,internal,CHECKBOX_OPTION,redcap,pre-v4,NO,NO,
enrollment_form_schema,enrollment_form,ef_completed_by___2,ef_completed_by___2,enrollment,Check all that apply,NO,internal,CHECKBOX_OPTION,redcap,pre-v4,NO,NO,
enrollment_form_schema,enrollment_form,ef_completed_by___3,ef_completed_by___3,enrollment,Check all that apply,NO,internal,CHECKBOX_OPTION,redcap,pre-v4,NO,NO,
enrollment_form_schema,enrollment_form,ef_eligible_studies___1,ef_eligible_studies___1,enrollment,Eligible Studies,NO,internal,CHECKBOX_OPTION,redcap,v4,NO,NO,
enrollment_form_schema,enrollment_form,ef_eligible_studies___2,ef_eligible_studies___2,enrollment,Eligible Studies,NO,internal,CHECKBOX_OPTION,redcap,v4,NO,NO,
enrollment_form_schema,enrollment_form,ef_eligible_studies___3,ef_eligible_studies___3,enrollment,Eligible Studies,NO,internal,CHECKBOX_OPTION,redcap,v4,NO,NO,
enrollment_form_schema,enrollment_form,ef_eligible_studies___4,ef_eligible_studies___4,enrollment,Eligible Studies,NO,internal,CHECKBOX_OPTION,redcap,v4,NO,NO,
enrollment_form_schema,enrollment_form,ef_eligible_studies___5,ef_eligible_studies___5,enrollment,Eligible Studies,NO,internal,CHECKBOX_OPTION,redcap,v4,NO,NO,
enrollment_form_schema,enrollment_form,ef_fluent_languages___1,ef_fluent_languages___1,enrollment,Indicates the participant selected 'None' — no additional languages spoken fluently beyond their native language.,NO,release,CHECKBOX_OPTION,redcap,pre-v4,NO,NO,
enrollment_form_schema,enrollment_form,ef_fluent_languages___2,ef_fluent_languages___2,enrollment,Indicates the participant selected 'English' as an additional language spoken fluently.,NO,release,CHECKBOX_OPTION,redcap,pre-v4,NO,NO,
enrollment_form_schema,enrollment_form,ef_fluent_languages___3,ef_fluent_languages___3,enrollment,Indicates the participant selected 'French' as an additional language spoken fluently.,NO,release,CHECKBOX_OPTION,redcap,pre-v4,NO,NO,
enrollment_form_schema,enrollment_form,ef_fluent_languages___4,ef_fluent_languages___4,enrollment,Indicates the participant selected 'Spanish' as an additional language spoken fluently.,NO,release,CHECKBOX_OPTION,redcap,pre-v4,NO,NO,
enrollment_form_schema,enrollment_form,ef_fluent_languages___5,ef_fluent_languages___5,enrollment,Indicates the participant selected 'Other (please specify)' as an additional language spoken fluently.,NO,release,CHECKBOX_OPTION,redcap,pre-v4,NO,NO,
enrollment_form_schema,enrollment_form,ef_hearing_a11y_options___1,ef_hearing_a11y_options___1,enrollment,"Yes, I would like to use some of the accessibility features of the app",NO,internal,CHECKBOX_OPTION,redcap,pre-v4,NO,NO,
enrollment_form_schema,enrollment_form,ef_hearing_a11y_options___2,ef_hearing_a11y_options___2,enrollment,"Yes, I would like to use some of the accessibility features of the app",NO,internal,CHECKBOX_OPTION,redcap,pre-v4,NO,NO,
enrollment_form_schema,enrollment_form,ef_hearing_a11y_options___3,ef_hearing_a11y_options___3,enrollment,"Yes, I would like to use some of the accessibility features of the app",NO,internal,CHECKBOX_OPTION,redcap,pre-v4,NO,NO,
enrollment_form_schema,enrollment_form,ef_physical_a11y_options___1,ef_physical_a11y_options___1,enrollment,"Yes, I would like to use some of the accessibility features of the app",NO,internal,CHECKBOX_OPTION,redcap,pre-v4,NO,NO,
enrollment_form_schema,enrollment_form,ef_physical_a11y_options___2,ef_physical_a11y_options___2,enrollment,"Yes, I would like to use some of the accessibility features of the app",NO,internal,CHECKBOX_OPTION,redcap,pre-v4,NO,NO,
enrollment_form_schema,enrollment_form,ef_physical_a11y_options___3,ef_physical_a11y_options___3,enrollment,"Yes, I would like to use some of the accessibility features of the app",NO,internal,CHECKBOX_OPTION,redcap,pre-v4,NO,NO,
enrollment_form_schema,enrollment_form,ef_remote_collection_agreement_terms___ef_agree_video_camera,ef_remote_collection_agreement_terms___ef_agree_video_camera,enrollment,I acknowledge that:,NO,internal,CHECKBOX_OPTION,redcap,v4,NO,NO,
enrollment_form_schema,enrollment_form,ef_remote_collection_agreement_terms___ef_confirmed_clinical_diagnosis,ef_remote_collection_agreement_terms___ef_confirmed_clinical_diagnosis,enrollment,I acknowledge that:,NO,internal,CHECKBOX_OPTION,redcap,v4,NO,NO,
enrollment_form_schema,enrollment_form,ef_vision_a11y_options___1,ef_vision_a11y_options___1,enrollment,"Yes, I would like to use some of the accessibility features of the app",NO,internal,CHECKBOX_OPTION,redcap,pre-v4,NO,NO,
enrollment_form_schema,enrollment_form,ef_vision_a11y_options___2,ef_vision_a11y_options___2,enrollment,"Yes, I would like to use some of the accessibility features of the app",NO,internal,CHECKBOX_OPTION,redcap,pre-v4,NO,NO,
enrollment_form_schema,enrollment_form,ef_vision_a11y_options___3,ef_vision_a11y_options___3,enrollment,"Yes, I would like to use some of the accessibility features of the app",NO,internal,CHECKBOX_OPTION,redcap,pre-v4,NO,NO,
enrollment_form_schema,enrollment_form,ef_vision_a11y_options___4,ef_vision_a11y_options___4,enrollment,"Yes, I would like to use some of the accessibility features of the app",NO,internal,CHECKBOX_OPTION,redcap,pre-v4,NO,NO,
generic_demographics_schema,pediatric_demographics,peds_race___1,peds_race___1,pediatric,Race category reported for the participant; selected American Indian or Alaska Native.,NO,release,CHECKBOX_OPTION,redcap,pre-v4,NO,NO,
generic_demographics_schema,pediatric_demographics,peds_race___2,peds_race___2,pediatric,Race category reported for the participant; selected Asian.,NO,release,CHECKBOX_OPTION,redcap,pre-v4,NO,NO,
generic_demographics_schema,pediatric_demographics,peds_race___3,peds_race___3,pediatric,Race category reported for the participant; selected Black or African American.,NO,release,CHECKBOX_OPTION,redcap,pre-v4,NO,NO,
generic_demographics_schema,pediatric_demographics,peds_race___4,peds_race___4,pediatric,Race category reported for the participant; selected Native Hawaiian or other Pacific Islander.,NO,release,CHECKBOX_OPTION,redcap,pre-v4,NO,NO,
generic_demographics_schema,pediatric_demographics,peds_race___5,peds_race___5,pediatric,Race category reported for the participant; selected White.,NO,release,CHECKBOX_OPTION,redcap,pre-v4,NO,NO,
generic_demographics_schema,pediatric_demographics,peds_race___6,peds_race___6,pediatric,Race category reported for the participant; selected Canadian Indigenous or Aboriginal.,NO,release,CHECKBOX_OPTION,redcap,pre-v4,NO,NO,
generic_demographics_schema,pediatric_demographics,peds_race___7,peds_race___7,pediatric,Race category reported for the participant; selected Other.,NO,release,CHECKBOX_OPTION,redcap,pre-v4,NO,NO,
generic_demographics_schema,pediatric_demographics,peds_race___8,peds_race___8,pediatric,Indicates the participant selected 'Prefer not to answer' for race.,NO,release,CHECKBOX_OPTION,redcap,pre-v4,NO,NO,
generic_medical_conditions_schema,pediatric_medical_conditions,peds_mc_breathing_conditions___airway_surgery,peds_mc_breathing_conditions___airway_surgery,pediatric,Breathing or airway condition in the participant's history — selected Airway Surgery.,NO,release,CHECKBOX_OPTION,redcap,pre-v4,NO,NO,
generic_medical_conditions_schema,pediatric_medical_conditions,peds_mc_breathing_conditions___asthma,peds_mc_breathing_conditions___asthma,pediatric,Breathing or airway condition in the participant's history — selected Asthma.,NO,release,CHECKBOX_OPTION,redcap,pre-v4,NO,NO,
generic_medical_conditions_schema,pediatric_medical_conditions,peds_mc_breathing_conditions___bronchiolitis,peds_mc_breathing_conditions___bronchiolitis,pediatric,Breathing or airway condition in the participant's history — selected Bronchiolitis.,NO,release,CHECKBOX_OPTION,redcap,pre-v4,NO,NO,
generic_medical_conditions_schema,pediatric_medical_conditions,peds_mc_breathing_conditions___chronic_cough,peds_mc_breathing_conditions___chronic_cough,pediatric,Breathing or airway condition in the participant's history — selected Chronic Cough.,NO,release,CHECKBOX_OPTION,redcap,pre-v4,NO,NO,
generic_medical_conditions_schema,pediatric_medical_conditions,peds_mc_breathing_conditions___intubated,peds_mc_breathing_conditions___intubated,pediatric,Breathing or airway condition in the participant's history — selected ever intubated.,NO,release,CHECKBOX_OPTION,redcap,pre-v4,NO,NO,
generic_medical_conditions_schema,pediatric_medical_conditions,peds_mc_breathing_conditions___recurrent_croup,peds_mc_breathing_conditions___recurrent_croup,pediatric,Breathing or airway condition in the participant's history — selected Recurrent Croup (>3 episodes per year).,NO,release,CHECKBOX_OPTION,redcap,pre-v4,NO,NO,
generic_medical_conditions_schema,pediatric_medical_conditions,peds_mc_breathing_conditions___rsv,peds_mc_breathing_conditions___rsv,pediatric,Reported history of breathing or airway conditions for the participant; selected RSV.,NO,release,CHECKBOX_OPTION,redcap,pre-v4,NO,NO,
generic_medical_conditions_schema,pediatric_medical_conditions,peds_mc_breathing_conditions___subglottic_stenosis,peds_mc_breathing_conditions___subglottic_stenosis,pediatric,Reported history of breathing or airway conditions for the participant; selected subglottic stenosis.,NO,release,CHECKBOX_OPTION,redcap,pre-v4,NO,NO,
generic_medical_conditions_schema,pediatric_medical_conditions,peds_mc_breathing_conditions___tracheostomy,peds_mc_breathing_conditions___tracheostomy,pediatric,Reported history of breathing or airway conditions for the participant; selected that the participant has a tracheostomy.,NO,release,CHECKBOX_OPTION,redcap,pre-v4,NO,NO,
generic_medical_conditions_schema,pediatric_medical_conditions,peds_mc_breathing_conditions___vocal_cord_webs,peds_mc_breathing_conditions___vocal_cord_webs,pediatric,Reported history of breathing or airway conditions for the participant; selected vocal cord webs.,NO,release,CHECKBOX_OPTION,redcap,pre-v4,NO,NO,
generic_medical_conditions_schema,pediatric_medical_conditions,peds_mc_conditions___congenital_heart_disease,peds_mc_conditions___congenital_heart_disease,pediatric,Reported history of the following conditions for the participant; selected congenital heart disease.,NO,release,CHECKBOX_OPTION,redcap,pre-v4,NO,NO,
generic_medical_conditions_schema,pediatric_medical_conditions,peds_mc_conditions___cystic_fibrosis,peds_mc_conditions___cystic_fibrosis,pediatric,Reported history of the following conditions for the participant; selected cystic fibrosis.,NO,release,CHECKBOX_OPTION,redcap,pre-v4,NO,NO,
generic_medical_conditions_schema,pediatric_medical_conditions,peds_mc_conditions___esophageal_atresia,peds_mc_conditions___esophageal_atresia,pediatric,Reported history of the following conditions for the participant; selected esophageal atresia.,NO,release,CHECKBOX_OPTION,redcap,pre-v4,NO,NO,
generic_medical_conditions_schema,pediatric_medical_conditions,peds_mc_conditions___granulomatosis_with_polyangitis,peds_mc_conditions___granulomatosis_with_polyangitis,pediatric,Reported history of the following conditions for the participant; selected granulomatosis with polyangitis.,NO,release,CHECKBOX_OPTION,redcap,pre-v4,NO,NO,
generic_medical_conditions_schema,pediatric_medical_conditions,peds_mc_conditions___mucopolysaccharidosis,peds_mc_conditions___mucopolysaccharidosis,pediatric,Reported history of the following conditions for the participant; selected mucopolysaccharidosis.,NO,release,CHECKBOX_OPTION,redcap,pre-v4,NO,NO,
generic_medical_conditions_schema,pediatric_medical_conditions,peds_mc_conditions___osteogenesis_imperfecta,peds_mc_conditions___osteogenesis_imperfecta,pediatric,Reported history of the following conditions for the participant; selected osteogenesis imperfecta.,NO,release,CHECKBOX_OPTION,redcap,pre-v4,NO,NO,
generic_medical_conditions_schema,pediatric_medical_conditions,peds_mc_conditions___other,peds_mc_conditions___other,pediatric,"Indicates the participant selected 'Other' for the question asking whether the child has any of the listed medical conditions, on the pediatric form.",NO,release,CHECKBOX_OPTION,redcap,pre-v4,NO,NO,
generic_medical_conditions_schema,pediatric_medical_conditions,peds_mc_conditions___prematurity,peds_mc_conditions___prematurity,pediatric,Reported history of the following conditions for the participant; selected prematurity.,NO,release,CHECKBOX_OPTION,redcap,pre-v4,NO,NO,
generic_medical_conditions_schema,pediatric_medical_conditions,peds_mc_conditions___rheumatoid_arthritis,peds_mc_conditions___rheumatoid_arthritis,pediatric,Reported history of the following conditions for the participant; selected rheumatoid arthritis.,NO,release,CHECKBOX_OPTION,redcap,pre-v4,NO,NO,
generic_medical_conditions_schema,pediatric_medical_conditions,peds_mc_conditions___tracheoesophageal_fistula,peds_mc_conditions___tracheoesophageal_fistula,pediatric,Reported history of the following conditions for the participant; selected tracheoesophageal fistula.,NO,release,CHECKBOX_OPTION,redcap,pre-v4,NO,NO,
generic_medical_conditions_schema,pediatric_medical_conditions,peds_mc_conditions___trisomy21,peds_mc_conditions___trisomy21,pediatric,Reported history of the following conditions for the participant; selected Trisomy 21 (Down's Syndrome).,NO,release,CHECKBOX_OPTION,redcap,pre-v4,NO,NO,
generic_medical_conditions_schema,pediatric_medical_conditions,peds_mc_hearing_loss___cholesteatoma,peds_mc_hearing_loss___cholesteatoma,pediatric,Reported history of hearing loss or associated conditions for the participant; selected cholesteatoma.,NO,release,CHECKBOX_OPTION,redcap,pre-v4,NO,NO,
generic_medical_conditions_schema,pediatric_medical_conditions,peds_mc_hearing_loss___cmv,peds_mc_hearing_loss___cmv,pediatric,Reported history of hearing loss or associated conditions for the participant; selected CMV (cytomegalovirus).,NO,release,CHECKBOX_OPTION,redcap,pre-v4,NO,NO,
generic_medical_conditions_schema,pediatric_medical_conditions,peds_mc_hearing_loss___cochlear_implantation_bilateral,peds_mc_hearing_loss___cochlear_implantation_bilateral,pediatric,Reported history of hearing loss or associated conditions for the participant; selected cochlear implantation (bilateral).,NO,release,CHECKBOX_OPTION,redcap,pre-v4,NO,NO,
generic_medical_conditions_schema,pediatric_medical_conditions,peds_mc_hearing_loss___cochlear_implantation_unilateral,peds_mc_hearing_loss___cochlear_implantation_unilateral,pediatric,Reported history of hearing loss or associated conditions for the participant; selected cochlear implantation (unilateral).,NO,release,CHECKBOX_OPTION,redcap,pre-v4,NO,NO,
generic_medical_conditions_schema,pediatric_medical_conditions,peds_mc_hearing_loss___deafness,peds_mc_hearing_loss___deafness,pediatric,Reported history of hearing loss or associated conditions for the participant; selected deafness.,NO,release,CHECKBOX_OPTION,redcap,pre-v4,NO,NO,
generic_medical_conditions_schema,pediatric_medical_conditions,peds_mc_hearing_loss___ear_tubes,peds_mc_hearing_loss___ear_tubes,pediatric,Reported history of hearing loss or associated conditions for the participant; selected ear tubes.,NO,release,CHECKBOX_OPTION,redcap,pre-v4,NO,NO,
generic_medical_conditions_schema,pediatric_medical_conditions,peds_mc_hearing_loss___hearing_loss,peds_mc_hearing_loss___hearing_loss,pediatric,Reported history of hearing loss or associated conditions for the participant; selected hearing loss.,NO,release,CHECKBOX_OPTION,redcap,pre-v4,NO,NO,
generic_medical_conditions_schema,pediatric_medical_conditions,peds_mc_hearing_loss___mild_hearing_loss,peds_mc_hearing_loss___mild_hearing_loss,pediatric,Reported history of hearing loss or associated conditions for the participant; selected mild hearing loss.,NO,release,CHECKBOX_OPTION,redcap,pre-v4,NO,NO,
generic_medical_conditions_schema,pediatric_medical_conditions,peds_mc_hearing_loss___tympanic_membrane_perforation,peds_mc_hearing_loss___tympanic_membrane_perforation,pediatric,Reported history of hearing loss or associated conditions for the participant; selected tympanic membrane perforation.,NO,release,CHECKBOX_OPTION,redcap,pre-v4,NO,NO,
generic_medical_conditions_schema,pediatric_medical_conditions,peds_mc_hearing_loss___vocal_cord_webs,peds_mc_hearing_loss___vocal_cord_webs,pediatric,Reported history of hearing loss or associated conditions for the participant; selected vocal cord webs.,NO,release,CHECKBOX_OPTION,redcap,pre-v4,NO,NO,
generic_medical_conditions_schema,pediatric_medical_conditions,peds_mc_l2w___croup,peds_mc_l2w___croup,pediatric,Symptoms reported for the participant in the past 2 weeks; selected croup.,NO,release,CHECKBOX_OPTION,redcap,pre-v4,NO,NO,
generic_medical_conditions_schema,pediatric_medical_conditions,peds_mc_l2w___dry_cough,peds_mc_l2w___dry_cough,pediatric,Symptoms reported for the participant in the past 2 weeks; selected dry cough.,NO,release,CHECKBOX_OPTION,redcap,pre-v4,NO,NO,
generic_medical_conditions_schema,pediatric_medical_conditions,peds_mc_l2w___ear_infection,peds_mc_l2w___ear_infection,pediatric,Symptoms reported for the participant in the past 2 weeks; selected ear infection.,NO,release,CHECKBOX_OPTION,redcap,pre-v4,NO,NO,
generic_medical_conditions_schema,pediatric_medical_conditions,peds_mc_l2w___nasal_congestion,peds_mc_l2w___nasal_congestion,pediatric,Symptoms reported for the participant in the past 2 weeks; selected nasal congestion.,NO,release,CHECKBOX_OPTION,redcap,pre-v4,NO,NO,
generic_medical_conditions_schema,pediatric_medical_conditions,peds_mc_l2w___sneezing,peds_mc_l2w___sneezing,pediatric,Symptoms reported for the participant in the past 2 weeks; selected sneezing.,NO,release,CHECKBOX_OPTION,redcap,pre-v4,NO,NO,
generic_medical_conditions_schema,pediatric_medical_conditions,peds_mc_l2w___sorethroat_or_tonsillitis,peds_mc_l2w___sorethroat_or_tonsillitis,pediatric,Symptoms reported for the participant in the past 2 weeks; selected sore throat or tonsillitis.,NO,release,CHECKBOX_OPTION,redcap,pre-v4,NO,NO,
generic_medical_conditions_schema,pediatric_medical_conditions,peds_mc_l2w___stridor,peds_mc_l2w___stridor,pediatric,Symptoms reported for the participant in the past 2 weeks; selected stridor.,NO,release,CHECKBOX_OPTION,redcap,pre-v4,NO,NO,
generic_medical_conditions_schema,pediatric_medical_conditions,peds_mc_l2w___wet_productive_cough,peds_mc_l2w___wet_productive_cough,pediatric,"Symptoms reported for the participant in the past 2 weeks; selected wet, productive cough.",NO,release,CHECKBOX_OPTION,redcap,pre-v4,NO,NO,
generic_medical_conditions_schema,pediatric_medical_conditions,peds_mc_l2w___wheezing_or_trouble_breathing,peds_mc_l2w___wheezing_or_trouble_breathing,pediatric,Symptoms reported for the participant in the past 2 weeks; selected wheezing or trouble breathing.,NO,release,CHECKBOX_OPTION,redcap,pre-v4,NO,NO,
generic_medical_conditions_schema,pediatric_medical_conditions,peds_mc_neck_mass___branchial_cleft_cyst,peds_mc_neck_mass___branchial_cleft_cyst,pediatric,Reported history of a neck mass for the participant; selected branchial cleft cyst.,NO,release,CHECKBOX_OPTION,redcap,pre-v4,NO,NO,
generic_medical_conditions_schema,pediatric_medical_conditions,peds_mc_neck_mass___dermoid_cyst,peds_mc_neck_mass___dermoid_cyst,pediatric,Reported history of a neck mass for the participant; selected dermoid cyst.,NO,release,CHECKBOX_OPTION,redcap,pre-v4,NO,NO,
generic_medical_conditions_schema,pediatric_medical_conditions,peds_mc_neck_mass___enlarged_lymph_node,peds_mc_neck_mass___enlarged_lymph_node,pediatric,Reported history of a neck mass for the participant; selected enlarged lymph node.,NO,release,CHECKBOX_OPTION,redcap,pre-v4,NO,NO,
generic_medical_conditions_schema,pediatric_medical_conditions,peds_mc_neck_mass___other,peds_mc_neck_mass___other,pediatric,Reported history of a neck mass for the participant; selected Other.,NO,release,CHECKBOX_OPTION,redcap,pre-v4,NO,NO,
generic_medical_conditions_schema,pediatric_medical_conditions,peds_mc_neck_mass___thyroglossal_duct_cyst,peds_mc_neck_mass___thyroglossal_duct_cyst,pediatric,Reported history of a neck mass for the participant; selected thyroglossal duct cyst.,NO,release,CHECKBOX_OPTION,redcap,pre-v4,NO,NO,
generic_medical_conditions_schema,pediatric_medical_conditions,peds_mc_neck_mass___thyroid_nodule_or_cancer,peds_mc_neck_mass___thyroid_nodule_or_cancer,pediatric,Reported history of a neck mass for the participant; selected thyroid nodule or cancer.,NO,release,CHECKBOX_OPTION,redcap,pre-v4,NO,NO,
generic_medical_conditions_schema,pediatric_medical_conditions,peds_mc_psych_disorders___adhd,peds_mc_psych_disorders___adhd,pediatric,Reported history of psychological disorders or mood problems for the participant; selected ADHD.,NO,release,CHECKBOX_OPTION,redcap,pre-v4,NO,NO,
generic_medical_conditions_schema,pediatric_medical_conditions,peds_mc_psych_disorders___anxiety_disorder,peds_mc_psych_disorders___anxiety_disorder,pediatric,Reported history of psychological disorders or mood problems for the participant; selected anxiety disorder.,NO,release,CHECKBOX_OPTION,redcap,pre-v4,NO,NO,
generic_medical_conditions_schema,pediatric_medical_conditions,peds_mc_psych_disorders___asd,peds_mc_psych_disorders___asd,pediatric,Reported history of psychological disorders or mood problems for the participant; selected Autism Spectrum Disorder (ASD).,NO,release,CHECKBOX_OPTION,redcap,pre-v4,NO,NO,
generic_medical_conditions_schema,pediatric_medical_conditions,peds_mc_psych_disorders___depression,peds_mc_psych_disorders___depression,pediatric,Reported history of psychological disorders or mood problems for the participant; selected depression or major depressive disorder.,NO,release,CHECKBOX_OPTION,redcap,pre-v4,NO,NO,
generic_medical_conditions_schema,pediatric_medical_conditions,peds_mc_psych_disorders___eating_disorder,peds_mc_psych_disorders___eating_disorder,pediatric,Reported history of psychological disorders or mood problems for the participant; selected an eating disorder (ED).,NO,release,CHECKBOX_OPTION,redcap,pre-v4,NO,NO,
generic_medical_conditions_schema,pediatric_medical_conditions,peds_mc_psych_disorders___insomnia_or_sleep_disorder,peds_mc_psych_disorders___insomnia_or_sleep_disorder,pediatric,Reported history of psychological disorders or mood problems for the participant; selected insomnia/sleep disorder.,NO,release,CHECKBOX_OPTION,redcap,pre-v4,NO,NO,
generic_medical_conditions_schema,pediatric_medical_conditions,peds_mc_psych_disorders___ocd,peds_mc_psych_disorders___ocd,pediatric,Reported history of psychological disorders or mood problems for the participant; selected Obsessive-Compulsive Disorder (OCD).,NO,release,CHECKBOX_OPTION,redcap,pre-v4,NO,NO,
generic_medical_conditions_schema,pediatric_medical_conditions,peds_mc_psych_disorders___other,peds_mc_psych_disorders___other,pediatric,"Indicates the participant selected 'Other psychiatric disorders' for the question asking whether the child has a history of psychological disorders or mood problems, on the pediatric form.",NO,release,CHECKBOX_OPTION,redcap,pre-v4,NO,NO,
generic_medical_conditions_schema,pediatric_medical_conditions,peds_mc_psych_disorders___panic,peds_mc_psych_disorders___panic,pediatric,Reported history of psychological disorders or mood problems for the participant; selected panic disorder.,NO,release,CHECKBOX_OPTION,redcap,pre-v4,NO,NO,
generic_medical_conditions_schema,pediatric_medical_conditions,peds_mc_psych_disorders___social_anxiety_disorder,peds_mc_psych_disorders___social_anxiety_disorder,pediatric,Reported history of psychological disorders or mood problems for the participant; selected social anxiety disorder.,NO,release,CHECKBOX_OPTION,redcap,pre-v4,NO,NO,
generic_medical_conditions_schema,pediatric_medical_conditions,peds_mc_snoring_apnea___gasping,peds_mc_snoring_apnea___gasping,pediatric,Reported history of snoring or obstructive sleep apnea for the participant; selected gasping for air at night.,NO,release,CHECKBOX_OPTION,redcap,pre-v4,NO,NO,
generic_medical_conditions_schema,pediatric_medical_conditions,peds_mc_snoring_apnea___had_sleep_study,peds_mc_snoring_apnea___had_sleep_study,pediatric,Reported history of snoring or obstructive sleep apnea for the participant; selected that the participant has had a sleep study.,NO,release,CHECKBOX_OPTION,redcap,pre-v4,NO,NO,
generic_medical_conditions_schema,pediatric_medical_conditions,peds_mc_snoring_apnea___obstructive_sleep_apnea,peds_mc_snoring_apnea___obstructive_sleep_apnea,pediatric,Reported history of snoring or obstructive sleep apnea for the participant; selected obstructive sleep apnea (diagnosed on a sleep study).,NO,release,CHECKBOX_OPTION,redcap,pre-v4,NO,NO,
generic_medical_conditions_schema,pediatric_medical_conditions,peds_mc_snoring_apnea___snoring,peds_mc_snoring_apnea___snoring,pediatric,Reported history of snoring or obstructive sleep apnea for the participant; selected snoring.,NO,release,CHECKBOX_OPTION,redcap,pre-v4,NO,NO,
generic_medical_conditions_schema,pediatric_medical_conditions,peds_mc_voice_disorders___acid_reflux_disease,peds_mc_voice_disorders___acid_reflux_disease,pediatric,Reported history of a voice disorder for the participant; selected acid reflux disease (GERD).,NO,release,CHECKBOX_OPTION,redcap,pre-v4,NO,NO,
generic_medical_conditions_schema,pediatric_medical_conditions,peds_mc_voice_disorders___airway_stenosis,peds_mc_voice_disorders___airway_stenosis,pediatric,Reported history of a voice disorder for the participant; selected airway stenosis (bilateral vocal fold paralysis laryngeal stenosis).,NO,release,CHECKBOX_OPTION,redcap,pre-v4,NO,NO,
generic_medical_conditions_schema,pediatric_medical_conditions,peds_mc_voice_disorders___bilateral_vocal_cord_paralysis,peds_mc_voice_disorders___bilateral_vocal_cord_paralysis,pediatric,Reported history of a voice disorder for the participant; selected bilateral vocal cord paralysis.,NO,release,CHECKBOX_OPTION,redcap,pre-v4,NO,NO,
generic_medical_conditions_schema,pediatric_medical_conditions,peds_mc_voice_disorders___scarring,peds_mc_voice_disorders___scarring,pediatric,Reported history of a voice disorder for the participant; selected scarring of the larynx or vocal cords from disease or previous surgery.,NO,release,CHECKBOX_OPTION,redcap,pre-v4,NO,NO,
generic_medical_conditions_schema,pediatric_medical_conditions,peds_mc_voice_disorders___unilateral_vocal_cord_paralysis,peds_mc_voice_disorders___unilateral_vocal_cord_paralysis,pediatric,Reported history of a voice disorder for the participant; selected unilateral vocal cord paralysis.,NO,release,CHECKBOX_OPTION,redcap,pre-v4,NO,NO,
generic_medical_conditions_schema,pediatric_medical_conditions,peds_mc_voice_disorders___vocal_cord_webs,peds_mc_voice_disorders___vocal_cord_webs,pediatric,Reported history of a voice disorder for the participant; selected vocal cord webs.,NO,release,CHECKBOX_OPTION,redcap,pre-v4,NO,NO,
generic_medical_conditions_schema,pediatric_medical_conditions,peds_mc_voice_disorders___vocal_nodules_or_polyps,peds_mc_voice_disorders___vocal_nodules_or_polyps,pediatric,Reported history of a voice disorder for the participant; selected vocal nodules or polyps.,NO,release,CHECKBOX_OPTION,redcap,pre-v4,NO,NO,
glottic_insufficiency_presbyphonia_schema,glottic_insufficiency,diagnosis_gi_slogg___anterior_glottic_gap,diagnosis_gi_slogg___anterior_glottic_gap,diagnosis,Indicates 'Anterior glottic gap' was selected when assessing the shape or location of the glottic gap.,NO,release,CHECKBOX_OPTION,redcap,pre-v4,NO,NO,
glottic_insufficiency_presbyphonia_schema,glottic_insufficiency,diagnosis_gi_slogg___asymmetric,diagnosis_gi_slogg___asymmetric,diagnosis,Indicates 'Asymmetric' was selected when assessing the shape or location of the glottic gap.,NO,release,CHECKBOX_OPTION,redcap,pre-v4,NO,NO,
glottic_insufficiency_presbyphonia_schema,glottic_insufficiency,diagnosis_gi_slogg___posterior_glottic_gap,diagnosis_gi_slogg___posterior_glottic_gap,diagnosis,Indicates 'Posterior glottic gap' was selected when assessing the shape or location of the glottic gap.,NO,release,CHECKBOX_OPTION,redcap,pre-v4,NO,NO,
glottic_insufficiency_presbyphonia_schema,glottic_insufficiency,diagnosis_gi_slogg___spindle_shaped,diagnosis_gi_slogg___spindle_shaped,diagnosis,Indicates 'Spindle shaped' was selected when assessing the shape or location of the glottic gap.,NO,release,CHECKBOX_OPTION,redcap,pre-v4,NO,NO,
glottic_insufficiency_presbyphonia_schema,glottic_insufficiency,diagnosis_gi_treatment_select___bilateral_medialization_thyroplasty,diagnosis_gi_treatment_select___bilateral_medialization_thyroplasty,diagnosis,Indicates 'Bilateral medialization thyroplasty' was selected as a treatment obtained for glottic insufficiency or presbyphonia.,NO,release,CHECKBOX_OPTION,redcap,pre-v4,NO,NO,
glottic_insufficiency_presbyphonia_schema,glottic_insufficiency,diagnosis_gi_treatment_select___injection_laryngoplasty,diagnosis_gi_treatment_select___injection_laryngoplasty,diagnosis,Indicates 'Injection laryngoplasty' was selected as a treatment obtained for glottic insufficiency or presbyphonia.,NO,release,CHECKBOX_OPTION,redcap,pre-v4,NO,NO,
glottic_insufficiency_presbyphonia_schema,glottic_insufficiency,diagnosis_gi_treatment_select___other,diagnosis_gi_treatment_select___other,diagnosis,Indicates 'Other' was selected as a treatment obtained for glottic insufficiency or presbyphonia.,NO,release,CHECKBOX_OPTION,redcap,pre-v4,NO,NO,
glottic_insufficiency_presbyphonia_schema,glottic_insufficiency,diagnosis_gi_treatment_select___voice_or_speech_therapy,diagnosis_gi_treatment_select___voice_or_speech_therapy,diagnosis,Indicates 'Voice/speech therapy' was selected as a treatment obtained for glottic insufficiency or presbyphonia.,NO,release,CHECKBOX_OPTION,redcap,pre-v4,NO,NO,
huntingtons_disease_schema,huntingtons_disease,diagnosis_hd_gsd_confirmation_method___consistent_clinical_presentation,diagnosis_hd_gold_standard_diagnosis_confirmation_method___consistent_clinical_presentation,diagnosis,Method by which the participant's Huntington's disease diagnosis was confirmed; selected option: Consistent clinical presentation with genetically confirmed family history.,NO,release,CHECKBOX_OPTION,redcap,pre-v4,NO,NO,
huntingtons_disease_schema,huntingtons_disease,diagnosis_hd_gsd_confirmation_method___genetic_testing,diagnosis_hd_gold_standard_diagnosis_confirmation_method___genetic_testing,diagnosis,Method by which the participant's Huntington's disease diagnosis was confirmed; selected option: Genetic testing.,NO,release,CHECKBOX_OPTION,redcap,pre-v4,NO,NO,
huntingtons_disease_schema,huntingtons_disease,hd_medications_selection___antidepressant,hd_medications_selection___antidepressant,diagnosis,Huntington's disease treatment medication type — 'Antidepressant' was selected.,NO,release,CHECKBOX_OPTION,redcap,pre-v4,NO,NO,
huntingtons_disease_schema,huntingtons_disease,hd_medications_selection___benzodiazepine,hd_medications_selection___benzodiazepine,diagnosis,Huntington's disease treatment medication type — 'Benzodiazepine' was selected.,NO,release,CHECKBOX_OPTION,redcap,pre-v4,NO,NO,
huntingtons_disease_schema,huntingtons_disease,hd_medications_selection___neuroleptic,hd_medications_selection___neuroleptic,diagnosis,Huntington's disease treatment medication type — 'Neuroleptic' was selected.,NO,release,CHECKBOX_OPTION,redcap,pre-v4,NO,NO,
huntingtons_disease_schema,huntingtons_disease,hd_medications_selection___vmat2_inhibitor,hd_medications_selection___vmat2_inhibitor,diagnosis,Huntington's disease treatment medication type — 'VMAT2 inhibitor' was selected.,NO,release,CHECKBOX_OPTION,redcap,pre-v4,NO,NO,
huntingtons_disease_schema,huntingtons_disease,hd_slp_therapy_selection___current,hd_slp_therapy_selection___current,diagnosis,Timing of Huntington's disease speech-language pathology (SLP) therapy — 'Current' was selected.,NO,release,CHECKBOX_OPTION,redcap,pre-v4,NO,NO,
huntingtons_disease_schema,huntingtons_disease,hd_slp_therapy_selection___prior,hd_slp_therapy_selection___prior,diagnosis,Timing of Huntington's disease speech-language pathology (SLP) therapy — 'Prior' was selected.,NO,release,CHECKBOX_OPTION,redcap,pre-v4,NO,NO,
huntingtons_disease_schema,huntingtons_disease,hd_type_of_treatment___medications,hd_type_of_treatment___medications,diagnosis,Type of Huntington's disease treatment — 'Medications' was selected.,NO,release,CHECKBOX_OPTION,redcap,pre-v4,NO,NO,
huntingtons_disease_schema,huntingtons_disease,hd_type_of_treatment___slp_therapy,hd_type_of_treatment___slp_therapy,diagnosis,Type of Huntington's disease treatment — 'Prior or current SLP therapy' was selected.,NO,release,CHECKBOX_OPTION,redcap,pre-v4,NO,NO,
laryngeal_cancer_schema,laryngeal_cancer,diagnosis_lc_ds___anterior_commissure,diagnosis_lc_ds___anterior_commissure,diagnosis,Indicates 'Anterior commissure' was selected among the laryngeal structures involved in the laryngeal cancer.,NO,release,CHECKBOX_OPTION,redcap,pre-v4,NO,NO,
laryngeal_cancer_schema,laryngeal_cancer,diagnosis_lc_ds___both_vocal_folds,diagnosis_lc_ds___both_vocal_folds,diagnosis,Indicates 'Both vocal folds' was selected among the laryngeal structures involved in the laryngeal cancer.,NO,release,CHECKBOX_OPTION,redcap,pre-v4,NO,NO,
laryngeal_cancer_schema,laryngeal_cancer,diagnosis_lc_ds___left_vocal_fold,diagnosis_lc_ds___left_vocal_fold,diagnosis,Indicates 'Left vocal fold' was selected among the laryngeal structures involved in the laryngeal cancer.,NO,release,CHECKBOX_OPTION,redcap,pre-v4,NO,NO,
laryngeal_cancer_schema,laryngeal_cancer,diagnosis_lc_ds___right_vocal_fold,diagnosis_lc_ds___right_vocal_fold,diagnosis,Indicates 'Right vocal fold' was selected among the laryngeal structures involved in the laryngeal cancer.,NO,release,CHECKBOX_OPTION,redcap,pre-v4,NO,NO,
laryngeal_cancer_schema,laryngeal_cancer,diagnosis_lc_ds___subglottal_areas,diagnosis_lc_ds___subglottal_areas,diagnosis,Indicates 'Subglottal areas' was selected among the laryngeal structures involved in the laryngeal cancer.,NO,release,CHECKBOX_OPTION,redcap,pre-v4,NO,NO,
laryngeal_cancer_schema,laryngeal_cancer,diagnosis_lc_ds___ventricular_folds,diagnosis_lc_ds___ventricular_folds,diagnosis,Indicates 'Ventricular folds (right or left)' was selected among the laryngeal structures involved in the laryngeal cancer.,NO,release,CHECKBOX_OPTION,redcap,pre-v4,NO,NO,
laryngeal_cancer_schema,laryngeal_cancer,diagnosis_lc_etiology___alcohol,diagnosis_lc_etiology___alcohol,diagnosis,Indicates 'Alcohol' was selected as a risk factor for the laryngeal cancer.,NO,release,CHECKBOX_OPTION,redcap,pre-v4,NO,NO,
laryngeal_cancer_schema,laryngeal_cancer,diagnosis_lc_etiology___exposure_other_harmful_substances,diagnosis_lc_etiology___exposure_other_harmful_substances,diagnosis,Indicates 'Exposure to other harmful substances' was selected as a risk factor for the laryngeal cancer.,NO,release,CHECKBOX_OPTION,redcap,pre-v4,NO,NO,
laryngeal_cancer_schema,laryngeal_cancer,diagnosis_lc_etiology___family_history,diagnosis_lc_etiology___family_history,diagnosis,Indicates 'Family history' was selected as a risk factor for the laryngeal cancer.,NO,release,CHECKBOX_OPTION,redcap,pre-v4,NO,NO,
laryngeal_cancer_schema,laryngeal_cancer,diagnosis_lc_etiology___hpv,diagnosis_lc_etiology___hpv,diagnosis,Indicates 'Human Papilloma Virus (HPV)' was selected as a risk factor for the laryngeal cancer.,NO,release,CHECKBOX_OPTION,redcap,pre-v4,NO,NO,
laryngeal_cancer_schema,laryngeal_cancer,diagnosis_lc_etiology___smoking,diagnosis_lc_etiology___smoking,diagnosis,Indicates 'Smoking' was selected as a risk factor for the laryngeal cancer.,NO,release,CHECKBOX_OPTION,redcap,pre-v4,NO,NO,
laryngeal_cancer_schema,laryngeal_cancer,diagnosis_lc_gsd_confirmation_method___biopsy_pathology,diagnosis_lc_gold_standard_diagnosis_confirmation_method___biopsy_pathology,diagnosis,Indicates 'Biopsy/Pathology report' was selected as a method used to confirm the diagnosis.,NO,release,CHECKBOX_OPTION,redcap,pre-v4,NO,NO,
laryngeal_cancer_schema,laryngeal_cancer,diagnosis_lc_gsd_confirmation_method___laryngoscopy_stroboscopy,diagnosis_lc_gold_standard_diagnosis_confirmation_method___laryngoscopy_stroboscopy,diagnosis,Indicates 'Laryngoscopy/Stroboscopy' was selected as a method used to confirm the diagnosis.,NO,release,CHECKBOX_OPTION,redcap,pre-v4,NO,NO,
laryngeal_cancer_schema,laryngeal_cancer,diagnosis_lc_gsd_uots___ct_chest,diagnosis_lc_gold_standard_diagnosis_uots___ct_chest,diagnosis,Indicates 'CT of the chest' was selected among the other types of scans.,NO,release,CHECKBOX_OPTION,redcap,pre-v4,NO,NO,
laryngeal_cancer_schema,laryngeal_cancer,diagnosis_lc_gsd_uots___ct_neck,diagnosis_lc_gold_standard_diagnosis_uots___ct_neck,diagnosis,Indicates 'CT of the neck' was selected among the other types of scans.,NO,release,CHECKBOX_OPTION,redcap,pre-v4,NO,NO,
laryngeal_cancer_schema,laryngeal_cancer,diagnosis_lc_gsd_uots___mri_neck,diagnosis_lc_gold_standard_diagnosis_uots___mri_neck,diagnosis,Indicates 'MRI of the neck' was selected among the other types of scans.,NO,release,CHECKBOX_OPTION,redcap,pre-v4,NO,NO,
laryngeal_cancer_schema,laryngeal_cancer,diagnosis_lc_gsd_uots___pet_ct,diagnosis_lc_gold_standard_diagnosis_uots___pet_ct,diagnosis,Indicates 'PET-CT' was selected among the other types of scans.,NO,release,CHECKBOX_OPTION,redcap,pre-v4,NO,NO,
laryngeal_cancer_schema,laryngeal_cancer,diagnosis_lc_gsd_uots___ultrasound_neck,diagnosis_lc_gold_standard_diagnosis_uots___ultrasound_neck,diagnosis,Indicates 'Ultrasound of the neck' was selected among the other types of scans.,NO,release,CHECKBOX_OPTION,redcap,pre-v4,NO,NO,
laryngeal_cancer_schema,laryngeal_cancer,diagnosis_lc_treatment_s___endoscopic_laser,diagnosis_lc_treatment_s___endoscopic_laser,diagnosis,Indicates 'Endoscopic laser' was selected as surgery for the laryngeal cancer.,NO,release,CHECKBOX_OPTION,redcap,pre-v4,NO,NO,
laryngeal_cancer_schema,laryngeal_cancer,diagnosis_lc_treatment_s___partial_laryngectomy,diagnosis_lc_treatment_s___partial_laryngectomy,diagnosis,Indicates 'Partial laryngectomy' was selected as surgery for the laryngeal cancer.,NO,release,CHECKBOX_OPTION,redcap,pre-v4,NO,NO,
laryngeal_cancer_schema,laryngeal_cancer,diagnosis_lc_treatment_select___chemotherapy,diagnosis_lc_treatment_select___chemotherapy,diagnosis,Indicates 'Chemotherapy' was selected as a treatment obtained for the laryngeal cancer.,NO,release,CHECKBOX_OPTION,redcap,pre-v4,NO,NO,
laryngeal_cancer_schema,laryngeal_cancer,diagnosis_lc_treatment_select___immunotherapy,diagnosis_lc_treatment_select___immunotherapy,diagnosis,Indicates 'Immunotherapy' was selected as a treatment obtained for the laryngeal cancer.,NO,release,CHECKBOX_OPTION,redcap,pre-v4,NO,NO,
laryngeal_cancer_schema,laryngeal_cancer,diagnosis_lc_treatment_select___other,diagnosis_lc_treatment_select___other,diagnosis,Indicates 'Other' was selected as a treatment obtained for the laryngeal cancer.,NO,release,CHECKBOX_OPTION,redcap,pre-v4,NO,NO,
laryngeal_cancer_schema,laryngeal_cancer,diagnosis_lc_treatment_select___radiation,diagnosis_lc_treatment_select___radiation,diagnosis,Indicates 'Radiation' was selected as a treatment obtained for the laryngeal cancer.,NO,release,CHECKBOX_OPTION,redcap,pre-v4,NO,NO,
laryngeal_cancer_schema,laryngeal_cancer,diagnosis_lc_treatment_select___surgery,diagnosis_lc_treatment_select___surgery,diagnosis,Indicates 'Surgery' was selected as a treatment obtained for the laryngeal cancer.,NO,release,CHECKBOX_OPTION,redcap,pre-v4,NO,NO,
laryngeal_cancer_schema,laryngeal_cancer,diagnosis_lc_treatment_select___voice_or_speech_therapy,diagnosis_lc_treatment_select___voice_or_speech_therapy,diagnosis,Indicates 'Voice/Speech therapy' was selected as a treatment obtained for the laryngeal cancer.,NO,release,CHECKBOX_OPTION,redcap,pre-v4,NO,NO,
laryngeal_dystonia_schema,laryngeal_dystonia,diagnosis_ld_assessment___aural_perceptual_evaluation,diagnosis_ld_assessment___aural_perceptual_evaluation,diagnosis,Indicates 'Aural-perceptual evaluation' was selected among the diagnostic assessments.,NO,release,CHECKBOX_OPTION,redcap,pre-v4,NO,NO,
laryngeal_dystonia_schema,laryngeal_dystonia,diagnosis_ld_assessment___laryngoscopy_or_stroboscopy,diagnosis_ld_assessment___laryngoscopy_or_stroboscopy,diagnosis,Indicates 'Laryngoscopy or stroboscopy' was selected among the diagnostic assessments.,NO,release,CHECKBOX_OPTION,redcap,pre-v4,NO,NO,
laryngeal_dystonia_schema,laryngeal_dystonia,diagnosis_ld_assessment___neurological_evaluation,diagnosis_ld_assessment___neurological_evaluation,diagnosis,Indicates 'Neurological evaluation' was selected among the diagnostic assessments.,NO,release,CHECKBOX_OPTION,redcap,pre-v4,NO,NO,
laryngeal_dystonia_schema,laryngeal_dystonia,diagnosis_ld_ds___abld,diagnosis_ld_ds___abld,diagnosis,Indicates 'Abductor laryngeal dystonia (ABLD)' was selected as a laryngeal dystonia disease subtype.,NO,release,CHECKBOX_OPTION,redcap,pre-v4,NO,NO,
laryngeal_dystonia_schema,laryngeal_dystonia,diagnosis_ld_ds___adld,diagnosis_ld_ds___adld,diagnosis,Indicates 'Adductor laryngeal dystonia (ADLD)' was selected as a laryngeal dystonia disease subtype.,NO,release,CHECKBOX_OPTION,redcap,pre-v4,NO,NO,
laryngeal_dystonia_schema,laryngeal_dystonia,diagnosis_ld_ds___arld,diagnosis_ld_ds___arld,diagnosis,Indicates 'Adductor laryngeal spasms during inspiration (ARLD)' was selected as a laryngeal dystonia disease subtype.,NO,release,CHECKBOX_OPTION,redcap,pre-v4,NO,NO,
laryngeal_dystonia_schema,laryngeal_dystonia,diagnosis_ld_ds___mixed_laryngeal_dystonia,diagnosis_ld_ds___mixed_laryngeal_dystonia,diagnosis,Indicates 'Mixed laryngeal dystonia' was selected as a laryngeal dystonia disease subtype.,NO,release,CHECKBOX_OPTION,redcap,pre-v4,NO,NO,
laryngeal_dystonia_schema,laryngeal_dystonia,diagnosis_ld_ds___sld,diagnosis_ld_ds___sld,diagnosis,Indicates 'Singer's laryngeal dystonia (SLD)' was selected as a laryngeal dystonia disease subtype.,NO,release,CHECKBOX_OPTION,redcap,pre-v4,NO,NO,
laryngeal_dystonia_schema,laryngeal_dystonia,diagnosis_ld_ds___vocal_tremor,diagnosis_ld_ds___vocal_tremor,diagnosis,Indicates 'Vocal tremor' was selected as a laryngeal dystonia disease subtype.,NO,release,CHECKBOX_OPTION,redcap,pre-v4,NO,NO,
laryngeal_dystonia_schema,laryngeal_dystonia,diagnosis_ld_etiology_cc___dystonia_of_the_head_and_neck,diagnosis_ld_etiology_cc___dystonia_of_the_head_and_neck,diagnosis,Indicates 'Dystonia of the head and neck' was reported as a concomitant condition.,NO,release,CHECKBOX_OPTION,redcap,pre-v4,NO,NO,
laryngeal_dystonia_schema,laryngeal_dystonia,diagnosis_ld_etiology_cc___essential_tremor_of_the_hands,diagnosis_ld_etiology_cc___essential_tremor_of_the_hands,diagnosis,Indicates 'Essential tremor of the hands' was reported as a concomitant condition.,NO,release,CHECKBOX_OPTION,redcap,pre-v4,NO,NO,
laryngeal_dystonia_schema,laryngeal_dystonia,diagnosis_ld_etiology_cc___essential_tremor_of_the_head,diagnosis_ld_etiology_cc___essential_tremor_of_the_head,diagnosis,Indicates 'Essential tremor of the head' was reported as a concomitant condition.,NO,release,CHECKBOX_OPTION,redcap,pre-v4,NO,NO,
laryngeal_dystonia_schema,laryngeal_dystonia,diagnosis_ld_etiology_cc___jaw_tremor,diagnosis_ld_etiology_cc___jaw_tremor,diagnosis,Indicates 'Jaw tremor' was reported as a concomitant condition.,NO,release,CHECKBOX_OPTION,redcap,pre-v4,NO,NO,
laryngeal_dystonia_schema,laryngeal_dystonia,diagnosis_ld_etiology_cc___other_type_of_dystonia,diagnosis_ld_etiology_cc___other_type_of_dystonia,diagnosis,Indicates 'Other type of dystonia' was reported as a concomitant condition.,NO,release,CHECKBOX_OPTION,redcap,pre-v4,NO,NO,
laryngeal_dystonia_schema,laryngeal_dystonia,diagnosis_ld_qete___laryngologist,diagnosis_ld_qete___laryngologist,diagnosis,[DEPRECATED] Indicates 'Laryngologist' was selected on the qualitative expert team evaluation determining whether the participant has laryngeal dystonia.,NO,release,CHECKBOX_OPTION,redcap,pre-v4,NO,NO,
laryngeal_dystonia_schema,laryngeal_dystonia,diagnosis_ld_qete___neurologist_specializing_disorders,diagnosis_ld_qete___neurologist_specializing_disorders,diagnosis,[DEPRECATED] Indicates 'Neurologist specializing in movement disorders' was selected on the qualitative expert team evaluation determining whether the participant has laryngeal dystonia.,NO,release,CHECKBOX_OPTION,redcap,pre-v4,NO,NO,
laryngeal_dystonia_schema,laryngeal_dystonia,diagnosis_ld_qete___speech_language_pathology,diagnosis_ld_qete___speech_language_pathology,diagnosis,[DEPRECATED] Indicates 'Speech-Language Pathology' was selected on the qualitative expert team evaluation determining whether the participant has laryngeal dystonia.,NO,release,CHECKBOX_OPTION,redcap,pre-v4,NO,NO,
laryngeal_dystonia_schema,laryngeal_dystonia,diagnosis_ld_treatment_select___botox_injections,diagnosis_ld_treatment_select___botox_injections,diagnosis,Indicates 'Botox injections (botulinum toxin)' was selected as a treatment for laryngeal dystonia.,NO,release,CHECKBOX_OPTION,redcap,pre-v4,NO,NO,
laryngeal_dystonia_schema,laryngeal_dystonia,diagnosis_ld_treatment_select___deep_brain_stimulation,diagnosis_ld_treatment_select___deep_brain_stimulation,diagnosis,Indicates 'Deep brain stimulation' was selected as a treatment for laryngeal dystonia.,NO,release,CHECKBOX_OPTION,redcap,pre-v4,NO,NO,
laryngeal_dystonia_schema,laryngeal_dystonia,diagnosis_ld_treatment_select___mrgfus,diagnosis_ld_treatment_select___mrgfus,diagnosis,Indicates 'Magnetic resonance imaging-guided focused ultrasound (MRgFUS)' was selected as a treatment for laryngeal dystonia.,NO,release,CHECKBOX_OPTION,redcap,pre-v4,NO,NO,
laryngeal_dystonia_schema,laryngeal_dystonia,diagnosis_ld_treatment_select___other,diagnosis_ld_treatment_select___other,diagnosis,Indicates 'Other' was selected as a treatment for laryngeal dystonia.,NO,release,CHECKBOX_OPTION,redcap,pre-v4,NO,NO,
laryngeal_dystonia_schema,laryngeal_dystonia,diagnosis_ld_treatment_select___vibrotactile_stimulation,diagnosis_ld_treatment_select___vibrotactile_stimulation,diagnosis,Indicates 'Vibrotactile stimulation' was selected as a treatment for laryngeal dystonia.,NO,release,CHECKBOX_OPTION,redcap,pre-v4,NO,NO,
laryngeal_dystonia_schema,laryngeal_dystonia,diagnosis_ld_treatment_select___voice_or_speech_therapy,diagnosis_ld_treatment_select___voice_or_speech_therapy,diagnosis,Indicates 'Voice/speech therapy' was selected as a treatment for laryngeal dystonia.,NO,release,CHECKBOX_OPTION,redcap,pre-v4,NO,NO,
laryngitis_schema,laryngitis,diagnosis_l_determined_by___laryngologist,diagnosis_l_determined_by___laryngologist,diagnosis,Indicates 'Laryngologist' was selected as having determined the laryngitis diagnosis.,NO,release,CHECKBOX_OPTION,redcap,pre-v4,NO,NO,
laryngitis_schema,laryngitis,diagnosis_l_determined_by___other,diagnosis_l_determined_by___other,diagnosis,Indicates 'Other' was selected as having determined the laryngitis diagnosis.,NO,release,CHECKBOX_OPTION,redcap,pre-v4,NO,NO,
laryngitis_schema,laryngitis,diagnosis_l_determined_by___otolaryngologist,diagnosis_l_determined_by___otolaryngologist,diagnosis,"Indicates 'Otolaryngologist (ear, nose, and throat specialist)' was selected as having determined the laryngitis diagnosis.",NO,release,CHECKBOX_OPTION,redcap,pre-v4,NO,NO,
laryngitis_schema,laryngitis,diagnosis_l_etiology___environmental_irritants,diagnosis_l_etiology___environmental_irritants,diagnosis,Indicates 'Environmental irritants' was selected as an etiology of the laryngitis.,NO,release,CHECKBOX_OPTION,redcap,pre-v4,NO,NO,
laryngitis_schema,laryngitis,diagnosis_l_etiology___infection,diagnosis_l_etiology___infection,diagnosis,Indicates 'Infection' was selected as an etiology of the laryngitis.,NO,release,CHECKBOX_OPTION,redcap,pre-v4,NO,NO,
laryngitis_schema,laryngitis,diagnosis_l_etiology___other,diagnosis_l_etiology___other,diagnosis,Indicates 'Other' was selected as an etiology of the laryngitis.,NO,release,CHECKBOX_OPTION,redcap,pre-v4,NO,NO,
laryngitis_schema,laryngitis,diagnosis_l_etiology___vocal_misuse_and_abuse,diagnosis_l_etiology___vocal_misuse_and_abuse,diagnosis,Indicates 'Vocal misuse and abuse' was selected as an etiology of the laryngitis.,NO,release,CHECKBOX_OPTION,redcap,pre-v4,NO,NO,
laryngitis_schema,laryngitis,diagnosis_l_etiology_ei___other_inhaled,diagnosis_l_etiology_ei___other_inhaled,diagnosis,Indicates 'Other inhaled irritants' was selected as an environmental irritant contributing to the laryngitis.,NO,release,CHECKBOX_OPTION,redcap,pre-v4,NO,NO,
laryngitis_schema,laryngitis,diagnosis_l_etiology_ei___smoker,diagnosis_l_etiology_ei___smoker,diagnosis,Indicates 'Smoker's laryngitis' was selected as an environmental irritant contributing to the laryngitis.,NO,release,CHECKBOX_OPTION,redcap,pre-v4,NO,NO,
laryngitis_schema,laryngitis,diagnosis_l_etiology_infection___bacterial,diagnosis_l_etiology_infection___bacterial,diagnosis,Indicates 'Bacterial' was selected as an infectious etiology of the laryngitis.,NO,release,CHECKBOX_OPTION,redcap,pre-v4,NO,NO,
laryngitis_schema,laryngitis,diagnosis_l_etiology_infection___fungal,diagnosis_l_etiology_infection___fungal,diagnosis,Indicates 'Fungal' was selected as an infectious etiology of the laryngitis.,NO,release,CHECKBOX_OPTION,redcap,pre-v4,NO,NO,
laryngitis_schema,laryngitis,diagnosis_l_etiology_infection___unknown,diagnosis_l_etiology_infection___unknown,diagnosis,Indicates 'Unknown' was selected as an infectious etiology of the laryngitis.,NO,release,CHECKBOX_OPTION,redcap,pre-v4,NO,NO,
laryngitis_schema,laryngitis,diagnosis_l_etiology_infection___viral,diagnosis_l_etiology_infection___viral,diagnosis,Indicates 'Viral' was selected as an infectious etiology of the laryngitis.,NO,release,CHECKBOX_OPTION,redcap,pre-v4,NO,NO,
laryngitis_schema,laryngitis,diagnosis_l_treatment_mt___antibiotics,diagnosis_l_treatment_mt___antibiotics,diagnosis,Indicates 'Antibiotics' was selected as a medical treatment for the laryngitis.,NO,release,CHECKBOX_OPTION,redcap,pre-v4,NO,NO,
laryngitis_schema,laryngitis,diagnosis_l_treatment_mt___antifungals,diagnosis_l_treatment_mt___antifungals,diagnosis,Indicates 'Antifungals' was selected as a medical treatment for the laryngitis.,NO,release,CHECKBOX_OPTION,redcap,pre-v4,NO,NO,
laryngitis_schema,laryngitis,diagnosis_l_treatment_mt___inhaled_steroids,diagnosis_l_treatment_mt___inhaled_steroids,diagnosis,Indicates 'Inhaled steroids' was selected as a medical treatment for the laryngitis.,NO,release,CHECKBOX_OPTION,redcap,pre-v4,NO,NO,
laryngitis_schema,laryngitis,diagnosis_l_treatment_mt___other,diagnosis_l_treatment_mt___other,diagnosis,Indicates 'Other' was selected as a medical treatment for the laryngitis.,NO,release,CHECKBOX_OPTION,redcap,pre-v4,NO,NO,
laryngitis_schema,laryngitis,diagnosis_l_treatment_mt___steroids_po,diagnosis_l_treatment_mt___steroids_po,diagnosis,"Indicates 'Steroids PO (oral, by mouth)' was selected as a medical treatment for the laryngitis.",NO,release,CHECKBOX_OPTION,redcap,pre-v4,NO,NO,
laryngitis_schema,laryngitis,diagnosis_l_treatment_select___medical_treatment,diagnosis_l_treatment_select___medical_treatment,diagnosis,Indicates 'Medical treatment' was selected as a treatment obtained for the laryngitis.,NO,release,CHECKBOX_OPTION,redcap,pre-v4,NO,NO,
laryngitis_schema,laryngitis,diagnosis_l_treatment_select___vocal_hygiene_and_patient_education,diagnosis_l_treatment_select___vocal_hygiene_and_patient_education,diagnosis,Indicates 'Vocal hygiene and patient education' was selected as a treatment obtained for the laryngitis.,NO,release,CHECKBOX_OPTION,redcap,pre-v4,NO,NO,
laryngitis_schema,laryngitis,diagnosis_l_treatment_select___voice_or_speech_therapy,diagnosis_l_treatment_select___voice_or_speech_therapy,diagnosis,Indicates 'Voice/Speech therapy' was selected as a treatment obtained for the laryngitis.,NO,release,CHECKBOX_OPTION,redcap,pre-v4,NO,NO,
muscle_tension_dysphonia_mtd_schema,muscle_tension_dysphonia,diagnosis_mtd_etiology___compensation_underlying_disease,diagnosis_mtd_etiology___compensation_underlying_disease,diagnosis,Indicates 'Compensation for underlying disease' was selected as an etiology of the muscle tension dysphonia.,NO,release,CHECKBOX_OPTION,redcap,pre-v4,NO,NO,
muscle_tension_dysphonia_mtd_schema,muscle_tension_dysphonia,diagnosis_mtd_etiology___environmental_irritants,diagnosis_mtd_etiology___environmental_irritants,diagnosis,Indicates 'Environmental irritants' was selected as an etiology of the muscle tension dysphonia.,NO,release,CHECKBOX_OPTION,redcap,pre-v4,NO,NO,
muscle_tension_dysphonia_mtd_schema,muscle_tension_dysphonia,diagnosis_mtd_etiology___other,diagnosis_mtd_etiology___other,diagnosis,Indicates 'Other' was selected as an etiology of the muscle tension dysphonia.,NO,release,CHECKBOX_OPTION,redcap,pre-v4,NO,NO,
muscle_tension_dysphonia_mtd_schema,muscle_tension_dysphonia,diagnosis_mtd_etiology___psychological_personality_factors,diagnosis_mtd_etiology___psychological_personality_factors,diagnosis,Indicates 'Psychological and/or personality factors' was selected as an etiology of the muscle tension dysphonia.,NO,release,CHECKBOX_OPTION,redcap,pre-v4,NO,NO,
muscle_tension_dysphonia_mtd_schema,muscle_tension_dysphonia,diagnosis_mtd_etiology___vocal_misuse_abuse,diagnosis_mtd_etiology___vocal_misuse_abuse,diagnosis,Indicates 'Vocal misuse and abuse' was selected as an etiology of the muscle tension dysphonia.,NO,release,CHECKBOX_OPTION,redcap,pre-v4,NO,NO,
muscle_tension_dysphonia_mtd_schema,muscle_tension_dysphonia,diagnosis_mtd_gsd_assessments___aural_perceptual_evaluation,diagnosis_mtd_gold_standard_diagnosis_assessments___aural_perceptual_evaluation,diagnosis,Indicates 'Aural-perceptual evaluation' was selected among the diagnostic assessments.,NO,release,CHECKBOX_OPTION,redcap,pre-v4,NO,NO,
muscle_tension_dysphonia_mtd_schema,muscle_tension_dysphonia,diagnosis_mtd_gsd_assessments___detailed_case_history,diagnosis_mtd_gold_standard_diagnosis_assessments___detailed_case_history,diagnosis,Indicates 'Detailed case history' was selected among the diagnostic assessments.,NO,release,CHECKBOX_OPTION,redcap,pre-v4,NO,NO,
muscle_tension_dysphonia_mtd_schema,muscle_tension_dysphonia,diagnosis_mtd_gsd_assessments___flexible_rigid_laryngoscopy,diagnosis_mtd_gold_standard_diagnosis_assessments___flexible_rigid_laryngoscopy,diagnosis,Indicates 'Flexible/rigid laryngoscopy' was selected among the diagnostic assessments.,NO,release,CHECKBOX_OPTION,redcap,pre-v4,NO,NO,
muscle_tension_dysphonia_mtd_schema,muscle_tension_dysphonia,diagnosis_mtd_gsd_assessments___voice_speech_evaluation,diagnosis_mtd_gold_standard_diagnosis_assessments___voice_speech_evaluation,diagnosis,Indicates 'Voice/speech evaluation' was selected among the diagnostic assessments.,NO,release,CHECKBOX_OPTION,redcap,pre-v4,NO,NO,
muscle_tension_dysphonia_mtd_schema,muscle_tension_dysphonia,diagnosis_mtd_gsd_evaluations_2___laryngoscopy_stroboscopy,diagnosis_mtd_gold_standard_diagnosis_evaluations_2___laryngoscopy_stroboscopy,diagnosis,Indicates 'Laryngoscopy/Stroboscopy' was selected as a method used to confirm the diagnosis.,NO,release,CHECKBOX_OPTION,redcap,pre-v4,NO,NO,
muscle_tension_dysphonia_mtd_schema,muscle_tension_dysphonia,diagnosis_mtd_gsd_evaluations_2___voice_evaluation,diagnosis_mtd_gold_standard_diagnosis_evaluations_2___voice_evaluation,diagnosis,Indicates 'Voice evaluation' was selected as a method used to confirm the diagnosis.,NO,release,CHECKBOX_OPTION,redcap,pre-v4,NO,NO,
muscle_tension_dysphonia_mtd_schema,muscle_tension_dysphonia,diagnosis_mtd_gsd_evaluations___laryngologist,diagnosis_mtd_gold_standard_diagnosis_evaluations___laryngologist,diagnosis,[DEPRECATED] Indicates 'Laryngologist' was selected as having determined the diagnosis.,NO,release,CHECKBOX_OPTION,redcap,pre-v4,NO,NO,
muscle_tension_dysphonia_mtd_schema,muscle_tension_dysphonia,diagnosis_mtd_gsd_evaluations___speech_language_pathology,diagnosis_mtd_gold_standard_diagnosis_evaluations___speech_language_pathology,diagnosis,[DEPRECATED] Indicates 'Speech-Language Pathology' was selected as having determined the diagnosis.,NO,release,CHECKBOX_OPTION,redcap,pre-v4,NO,NO,
muscle_tension_dysphonia_mtd_schema,muscle_tension_dysphonia,diagnosis_mtd_treatment_select___circumlaryngeal_manual_therapy,diagnosis_mtd_treatment_select___circumlaryngeal_manual_therapy,diagnosis,Indicates 'Circumlaryngeal manual therapy' was selected as a treatment obtained for muscle tension dysphonia.,NO,release,CHECKBOX_OPTION,redcap,pre-v4,NO,NO,
muscle_tension_dysphonia_mtd_schema,muscle_tension_dysphonia,diagnosis_mtd_treatment_select___other,diagnosis_mtd_treatment_select___other,diagnosis,Indicates 'Other medical treatment' was selected as a treatment obtained for muscle tension dysphonia.,NO,release,CHECKBOX_OPTION,redcap,pre-v4,NO,NO,
muscle_tension_dysphonia_mtd_schema,muscle_tension_dysphonia,diagnosis_mtd_treatment_select___surgery_for_secondary_organic_lesions,diagnosis_mtd_treatment_select___surgery_for_secondary_organic_lesions,diagnosis,Indicates 'Surgery for secondary organic lesions' was selected as a treatment obtained for muscle tension dysphonia.,NO,release,CHECKBOX_OPTION,redcap,pre-v4,NO,NO,
muscle_tension_dysphonia_mtd_schema,muscle_tension_dysphonia,diagnosis_mtd_treatment_select___vocal_hygiene_and_patient_education,diagnosis_mtd_treatment_select___vocal_hygiene_and_patient_education,diagnosis,Indicates 'Vocal hygiene and patient education' was selected as a treatment obtained for muscle tension dysphonia.,NO,release,CHECKBOX_OPTION,redcap,pre-v4,NO,NO,
muscle_tension_dysphonia_mtd_schema,muscle_tension_dysphonia,diagnosis_mtd_treatment_select___voice_or_speech_therapy,diagnosis_mtd_treatment_select___voice_or_speech_therapy,diagnosis,Indicates 'Voice/speech therapy' was selected as a treatment obtained for muscle tension dysphonia.,NO,release,CHECKBOX_OPTION,redcap,pre-v4,NO,NO,
parkinsons_disease_schema,parkinsons_disease,diagnosis_parkinsons_current_treatment_obtained_yes___medications,diagnosis_parkinsons_current_treatment_obtained_yes___medications,diagnosis,Treatment obtained by the participant for Parkinson's disease; selected option: Medications.,NO,release,CHECKBOX_OPTION,redcap,v4,NO,NO,
parkinsons_disease_schema,parkinsons_disease,diagnosis_parkinsons_current_treatment_obtained_yes___npi,diagnosis_parkinsons_current_treatment_obtained_yes___npi,diagnosis,Treatment obtained by the participant for Parkinson's disease; selected option: Non-pharmacological interventions.,NO,release,CHECKBOX_OPTION,redcap,v4,NO,NO,
parkinsons_disease_schema,parkinsons_disease,diagnosis_parkinsons_current_treatment_obtained_yes_medications___amantadine,diagnosis_parkinsons_current_treatment_obtained_yes_medications___amantadine,diagnosis,Indicates 'Amantadine' was selected as a current Parkinson's disease medication.,NO,release,CHECKBOX_OPTION,redcap,pre-v4,NO,NO,controlled
parkinsons_disease_schema,parkinsons_disease,diagnosis_parkinsons_current_treatment_obtained_yes_medications___dopamine_agonists,diagnosis_parkinsons_current_treatment_obtained_yes_medications___dopamine_agonists,diagnosis,Indicates 'Dopamine agonists' was selected as a current Parkinson's disease medication.,NO,release,CHECKBOX_OPTION,redcap,pre-v4,NO,NO,controlled
parkinsons_disease_schema,parkinsons_disease,diagnosis_parkinsons_current_treatment_obtained_yes_medications___levodopa,diagnosis_parkinsons_current_treatment_obtained_yes_medications___levodopa,diagnosis,Indicates 'Levodopa' was selected as a current Parkinson's disease medication.,NO,release,CHECKBOX_OPTION,redcap,pre-v4,NO,NO,controlled
parkinsons_disease_schema,parkinsons_disease,diagnosis_parkinsons_current_treatment_obtained_yes_medications___mao_b,diagnosis_parkinsons_current_treatment_obtained_yes_medications___mao_b,diagnosis,Indicates 'MAO-B inhibitors (monoamine oxidase B inhibitors)' was selected as a current Parkinson's disease medication.,NO,release,CHECKBOX_OPTION,redcap,pre-v4,NO,NO,controlled
parkinsons_disease_schema,parkinsons_disease,diagnosis_parkinsons_current_treatment_obtained_yes_medications___other,diagnosis_parkinsons_current_treatment_obtained_yes_medications___other,diagnosis,Indicates 'Other' was selected as a current Parkinson's disease medication.,NO,release,CHECKBOX_OPTION,redcap,pre-v4,NO,NO,controlled
parkinsons_disease_schema,parkinsons_disease,diagnosis_parkinsons_current_treatment_obtained_yes_npi___dbs,diagnosis_parkinsons_current_treatment_obtained_yes_npi___dbs,diagnosis,Indicates 'Deep Brain Stimulation (DBS) therapy' was selected as a current non-pharmacological intervention for Parkinson's disease.,NO,release,CHECKBOX_OPTION,redcap,pre-v4,NO,NO,
parkinsons_disease_schema,parkinsons_disease,diagnosis_parkinsons_current_treatment_obtained_yes_npi___focused_ultrasound,diagnosis_parkinsons_current_treatment_obtained_yes_npi___focused_ultrasound,diagnosis,Indicates 'Focused ultrasound' was selected as a current non-pharmacological intervention for Parkinson's disease.,NO,release,CHECKBOX_OPTION,redcap,pre-v4,NO,NO,
parkinsons_disease_schema,parkinsons_disease,diagnosis_parkinsons_current_treatment_obtained_yes_npi___occupational_therapy,diagnosis_parkinsons_current_treatment_obtained_yes_npi___occupational_therapy,diagnosis,Indicates 'Occupational therapy' was selected as a current non-pharmacological intervention for Parkinson's disease.,NO,release,CHECKBOX_OPTION,redcap,pre-v4,NO,NO,
parkinsons_disease_schema,parkinsons_disease,diagnosis_parkinsons_current_treatment_obtained_yes_npi___other,diagnosis_parkinsons_current_treatment_obtained_yes_npi___other,diagnosis,Indicates 'Other' was selected as a current non-pharmacological intervention for Parkinson's disease.,NO,release,CHECKBOX_OPTION,redcap,pre-v4,NO,NO,
parkinsons_disease_schema,parkinsons_disease,diagnosis_parkinsons_current_treatment_obtained_yes_npi___physical_therapy,diagnosis_parkinsons_current_treatment_obtained_yes_npi___physical_therapy,diagnosis,Indicates 'Physical therapy' was selected as a current non-pharmacological intervention for Parkinson's disease.,NO,release,CHECKBOX_OPTION,redcap,pre-v4,NO,NO,
parkinsons_disease_schema,parkinsons_disease,diagnosis_parkinsons_current_treatment_obtained_yes_npi___speech_therapy,diagnosis_parkinsons_current_treatment_obtained_yes_npi___speech_therapy,diagnosis,Indicates 'Speech therapy' was selected as a current non-pharmacological intervention for Parkinson's disease.,NO,release,CHECKBOX_OPTION,redcap,pre-v4,NO,NO,
parkinsons_disease_schema,parkinsons_disease,diagnosis_parkinsons_current_treatment_obtained_yes_npi_dbs___left_gpi,diagnosis_parkinsons_current_treatment_obtained_yes_npi_dbs___left_gpi,diagnosis,Indicates the left globus pallidus internus (GPI) was selected as a deep brain stimulation (DBS) target.,NO,release,CHECKBOX_OPTION,redcap,pre-v4,NO,NO,
parkinsons_disease_schema,parkinsons_disease,diagnosis_parkinsons_current_treatment_obtained_yes_npi_dbs___left_stn,diagnosis_parkinsons_current_treatment_obtained_yes_npi_dbs___left_stn,diagnosis,Indicates the left subthalamic nucleus (STN) was selected as a deep brain stimulation (DBS) target.,NO,release,CHECKBOX_OPTION,redcap,pre-v4,NO,NO,
parkinsons_disease_schema,parkinsons_disease,diagnosis_parkinsons_current_treatment_obtained_yes_npi_dbs___other,diagnosis_parkinsons_current_treatment_obtained_yes_npi_dbs___other,diagnosis,Indicates 'Other' was selected to specify a deep brain stimulation (DBS) target not listed among the options.,NO,release,CHECKBOX_OPTION,redcap,pre-v4,NO,NO,
parkinsons_disease_schema,parkinsons_disease,diagnosis_parkinsons_current_treatment_obtained_yes_npi_dbs___right_gpi,diagnosis_parkinsons_current_treatment_obtained_yes_npi_dbs___right_gpi,diagnosis,Indicates the right globus pallidus internus (GPI) was selected as a deep brain stimulation (DBS) target.,NO,release,CHECKBOX_OPTION,redcap,pre-v4,NO,NO,
parkinsons_disease_schema,parkinsons_disease,diagnosis_parkinsons_current_treatment_obtained_yes_npi_dbs___right_stn,diagnosis_parkinsons_current_treatment_obtained_yes_npi_dbs___right_stn,diagnosis,Indicates the right subthalamic nucleus (STN) was selected as a deep brain stimulation (DBS) target.,NO,release,CHECKBOX_OPTION,redcap,pre-v4,NO,NO,
parkinsons_disease_schema,parkinsons_disease,diagnosis_parkinsons_gsd_category_1___bradykinesia,diagnosis_parkinsons_gold_standard_diagnosis_category_1___bradykinesia,diagnosis,Indicates 'Bradykinesia' was selected among the Category 1 (Parkinsonism) criteria on the Parkinson's disease gold-standard diagnosis checklist.,NO,release,CHECKBOX_OPTION,redcap,pre-v4,NO,NO,
parkinsons_disease_schema,parkinsons_disease,diagnosis_parkinsons_gsd_category_1___rigidity,diagnosis_parkinsons_gold_standard_diagnosis_category_1___rigidity,diagnosis,Indicates 'Rigidity' was selected among the Category 1 (Parkinsonism) criteria on the Parkinson's disease gold-standard diagnosis checklist.,NO,release,CHECKBOX_OPTION,redcap,pre-v4,NO,NO,
parkinsons_disease_schema,parkinsons_disease,diagnosis_parkinsons_gsd_category_1___tremor,diagnosis_parkinsons_gold_standard_diagnosis_category_1___tremor,diagnosis,Indicates 'Tremor' was selected among the Category 1 (Parkinsonism) criteria on the Parkinson's disease gold-standard diagnosis checklist.,NO,release,CHECKBOX_OPTION,redcap,pre-v4,NO,NO,
parkinsons_disease_schema,parkinsons_disease,diagnosis_parkinsons_gsd_category_2___absence_of_response,diagnosis_parkinsons_gold_standard_diagnosis_category_2___absence_of_response,diagnosis,Indicates 'Absence of a response to high-dose levodopa despite at least moderate disease severity' was selected among the Category 2 (exclusion) criteria on the Parkinson's disease gold-standard diagnosis checklist.,NO,release,CHECKBOX_OPTION,redcap,pre-v4,NO,NO,
parkinsons_disease_schema,parkinsons_disease,diagnosis_parkinsons_gsd_category_2___alternative_condition,diagnosis_parkinsons_gold_standard_diagnosis_category_2___alternative_condition,diagnosis,Indicates 'Diagnosis of alternative condition causing parkinsonism which could be causing the symptoms' was selected among the Category 2 (exclusion) criteria on the Parkinson's disease gold-standard diagnosis checklist.,NO,release,CHECKBOX_OPTION,redcap,pre-v4,NO,NO,
parkinsons_disease_schema,parkinsons_disease,diagnosis_parkinsons_gsd_category_2___bvf_ftd_ppa,diagnosis_parkinsons_gold_standard_diagnosis_category_2___bvf_ftd_ppa,diagnosis,Indicates 'Diagnosis of behavioral variant of frontotemporal dementia or primary progressive aphasia within 5 years of disease onset' was selected among the Category 2 (exclusion) criteria on the Parkinson's disease gold-standard diagnosis checklist.,NO,release,CHECKBOX_OPTION,redcap,pre-v4,NO,NO,
parkinsons_disease_schema,parkinsons_disease,diagnosis_parkinsons_gsd_category_2___cerebellar_abnormalities,diagnosis_parkinsons_gold_standard_diagnosis_category_2___cerebellar_abnormalities,diagnosis,Indicates 'Cerebellar abnormalities' was selected among the Category 2 (exclusion) criteria on the Parkinson's disease gold-standard diagnosis checklist.,NO,release,CHECKBOX_OPTION,redcap,pre-v4,NO,NO,
parkinsons_disease_schema,parkinsons_disease,diagnosis_parkinsons_gsd_category_2___cortical_sensory_loss,diagnosis_parkinsons_gold_standard_diagnosis_category_2___cortical_sensory_loss,diagnosis,"Indicates 'Cortical sensory loss, clear limb ideomotor apraxia, or progressive aphasia' was selected among the Category 2 (exclusion) criteria on the Parkinson's disease gold-standard diagnosis checklist.",NO,release,CHECKBOX_OPTION,redcap,pre-v4,NO,NO,
parkinsons_disease_schema,parkinsons_disease,diagnosis_parkinsons_gsd_category_2___dat_scan,diagnosis_parkinsons_gold_standard_diagnosis_category_2___dat_scan,diagnosis,Indicates 'Normal functional imaging of the dopaminergic system (DAT scan)' was selected among the Category 2 (exclusion) criteria on the Parkinson's disease gold-standard diagnosis checklist.,NO,release,CHECKBOX_OPTION,redcap,pre-v4,NO,NO,
parkinsons_disease_schema,parkinsons_disease,diagnosis_parkinsons_gsd_category_2___dopamine_treatment,diagnosis_parkinsons_gold_standard_diagnosis_category_2___dopamine_treatment,diagnosis,Indicates 'Treatment with a dopamine receptor blocker or dopamine depleting agent consistent with drug-induced parkinsonism' was selected among the Category 2 (exclusion) criteria on the Parkinson's disease gold-standard diagnosis checklist.,NO,release,CHECKBOX_OPTION,redcap,pre-v4,NO,NO,
parkinsons_disease_schema,parkinsons_disease,diagnosis_parkinsons_gsd_category_2___lower_limbs,diagnosis_parkinsons_gold_standard_diagnosis_category_2___lower_limbs,diagnosis,Indicates 'Parkinsonian features restricted to the lower limbs for more than 3 years' was selected among the Category 2 (exclusion) criteria on the Parkinson's disease gold-standard diagnosis checklist.,NO,release,CHECKBOX_OPTION,redcap,pre-v4,NO,NO,
parkinsons_disease_schema,parkinsons_disease,diagnosis_parkinsons_gsd_category_2___supranuclear_gaze_palsy,diagnosis_parkinsons_gold_standard_diagnosis_category_2___supranuclear_gaze_palsy,diagnosis,Indicates 'Supranuclear gaze palsy' was selected among the Category 2 (exclusion) criteria on the Parkinson's disease gold-standard diagnosis checklist.,NO,release,CHECKBOX_OPTION,redcap,pre-v4,NO,NO,
parkinsons_disease_schema,parkinsons_disease,diagnosis_parkinsons_gsd_category_3___levodopa_induced_dyskinesia,diagnosis_parkinsons_gold_standard_diagnosis_category_3___levodopa_induced_dyskinesia,diagnosis,Indicates 'Presence of levodopa-induced dyskinesia' was selected among the Category 3 (supportive) criteria on the Parkinson's disease gold-standard diagnosis checklist.,NO,release,CHECKBOX_OPTION,redcap,pre-v4,NO,NO,
parkinsons_disease_schema,parkinsons_disease,diagnosis_parkinsons_gsd_category_3___mibg,diagnosis_parkinsons_gold_standard_diagnosis_category_3___mibg,diagnosis,Indicates 'The presence of either olfactory loss or cardiac sympathetic denervation on MIBG scintigraphy (although the latter is rarely done in current practice)' was selected among the Category 3 (supportive) criteria on the Parkinson's disease gold-standard diagnosis checklist.,NO,release,CHECKBOX_OPTION,redcap,pre-v4,NO,NO,
parkinsons_disease_schema,parkinsons_disease,diagnosis_parkinsons_gsd_category_3___response_dopaminergic_therapy,diagnosis_parkinsons_gold_standard_diagnosis_category_3___response_dopaminergic_therapy,diagnosis,Indicates 'Clear beneficial response to dopaminergic therapy' was selected among the Category 3 (supportive) criteria on the Parkinson's disease gold-standard diagnosis checklist.,NO,release,CHECKBOX_OPTION,redcap,pre-v4,NO,NO,
parkinsons_disease_schema,parkinsons_disease,diagnosis_parkinsons_gsd_category_3___rest_tremor,diagnosis_parkinsons_gold_standard_diagnosis_category_3___rest_tremor,diagnosis,Indicates 'Rest tremor of a limb' was selected among the Category 3 (supportive) criteria on the Parkinson's disease gold-standard diagnosis checklist.,NO,release,CHECKBOX_OPTION,redcap,pre-v4,NO,NO,
parkinsons_disease_schema,parkinsons_disease,diagnosis_parkinsons_ma___other,diagnosis_parkinsons_ma___other,diagnosis,Indicates 'Other motor assessment tool' was selected to report a motor assessment not listed among the options.,NO,release,CHECKBOX_OPTION,redcap,pre-v4,NO,NO,
parkinsons_disease_schema,parkinsons_disease,diagnosis_parkinsons_ma___updrs,diagnosis_parkinsons_ma___updrs,diagnosis,Indicates the Unified Parkinson's Disease Rating Scale (UPDRS) was selected as a motor assessment tool for which scores or results are provided.,NO,release,CHECKBOX_OPTION,redcap,pre-v4,NO,NO,
parkinsons_disease_schema,parkinsons_disease,diagnosis_parkinsons_treatment_obtained_yes___medications,diagnosis_parkinsons_treatment_obtained_yes___medications,diagnosis,[DEPRECATED] Indicates 'Medications' was selected as a treatment obtained for Parkinson's disease.,NO,release,CHECKBOX_OPTION,redcap,pre-v4,NO,NO,
parkinsons_disease_schema,parkinsons_disease,diagnosis_parkinsons_treatment_obtained_yes___npi,diagnosis_parkinsons_treatment_obtained_yes___npi,diagnosis,[DEPRECATED] Indicates 'Non-pharmacological interventions' was selected as a treatment obtained for Parkinson's disease.,NO,release,CHECKBOX_OPTION,redcap,pre-v4,NO,NO,
parkinsons_disease_schema,parkinsons_disease,diagnosis_parkinsons_treatment_obtained_yes_medications___amantadine,diagnosis_parkinsons_treatment_obtained_yes_medications___amantadine,diagnosis,[DEPRECATED] Indicates 'Amantadine' was selected as a Parkinson's disease medication obtained.,NO,release,CHECKBOX_OPTION,redcap,pre-v4,NO,NO,controlled
parkinsons_disease_schema,parkinsons_disease,diagnosis_parkinsons_treatment_obtained_yes_medications___dopamine_agonists,diagnosis_parkinsons_treatment_obtained_yes_medications___dopamine_agonists,diagnosis,[DEPRECATED] Indicates 'Dopamine agonists' was selected as a Parkinson's disease medication obtained.,NO,release,CHECKBOX_OPTION,redcap,pre-v4,NO,NO,controlled
parkinsons_disease_schema,parkinsons_disease,diagnosis_parkinsons_treatment_obtained_yes_medications___levodopa,diagnosis_parkinsons_treatment_obtained_yes_medications___levodopa,diagnosis,[DEPRECATED] Indicates 'Levodopa' was selected as a Parkinson's disease medication obtained.,NO,release,CHECKBOX_OPTION,redcap,pre-v4,NO,NO,controlled
parkinsons_disease_schema,parkinsons_disease,diagnosis_parkinsons_treatment_obtained_yes_medications___mao_b,diagnosis_parkinsons_treatment_obtained_yes_medications___mao_b,diagnosis,[DEPRECATED] Indicates 'MAO-B inhibitors' was selected as a Parkinson's disease medication obtained.,NO,release,CHECKBOX_OPTION,redcap,pre-v4,NO,NO,controlled
parkinsons_disease_schema,parkinsons_disease,diagnosis_parkinsons_treatment_obtained_yes_medications___other,diagnosis_parkinsons_treatment_obtained_yes_medications___other,diagnosis,[DEPRECATED] Indicates 'Other' was selected to report a Parkinson's disease medication not listed among the options.,NO,release,CHECKBOX_OPTION,redcap,pre-v4,NO,NO,controlled
parkinsons_disease_schema,parkinsons_disease,diagnosis_parkinsons_treatment_obtained_yes_npi___dbs,diagnosis_parkinsons_treatment_obtained_yes_npi___dbs,diagnosis,[DEPRECATED] Indicates 'Deep Brain Stimulation (DBS) therapy' was selected as a non-pharmacological intervention obtained for Parkinson's disease.,NO,release,CHECKBOX_OPTION,redcap,pre-v4,NO,NO,
parkinsons_disease_schema,parkinsons_disease,diagnosis_parkinsons_treatment_obtained_yes_npi___occupational_therapy,diagnosis_parkinsons_treatment_obtained_yes_npi___occupational_therapy,diagnosis,[DEPRECATED] Indicates 'Occupational therapy' was selected as a non-pharmacological intervention obtained for Parkinson's disease.,NO,release,CHECKBOX_OPTION,redcap,pre-v4,NO,NO,
parkinsons_disease_schema,parkinsons_disease,diagnosis_parkinsons_treatment_obtained_yes_npi___other,diagnosis_parkinsons_treatment_obtained_yes_npi___other,diagnosis,[DEPRECATED] Indicates 'Other' was selected to report a non-pharmacological intervention not listed among the options.,NO,release,CHECKBOX_OPTION,redcap,pre-v4,NO,NO,
parkinsons_disease_schema,parkinsons_disease,diagnosis_parkinsons_treatment_obtained_yes_npi___physical_therapy,diagnosis_parkinsons_treatment_obtained_yes_npi___physical_therapy,diagnosis,[DEPRECATED] Indicates 'Physical therapy' was selected as a non-pharmacological intervention obtained for Parkinson's disease.,NO,release,CHECKBOX_OPTION,redcap,pre-v4,NO,NO,
parkinsons_disease_schema,parkinsons_disease,diagnosis_parkinsons_treatment_obtained_yes_npi___speech_therapy,diagnosis_parkinsons_treatment_obtained_yes_npi___speech_therapy,diagnosis,[DEPRECATED] Indicates 'Speech therapy' was selected as a non-pharmacological intervention obtained for Parkinson's disease.,NO,release,CHECKBOX_OPTION,redcap,pre-v4,NO,NO,
precancerous_lesions_schema,precancerous_lesions,diagnosis_pl_ds___erythroplakia,diagnosis_pl_ds___erythroplakia,diagnosis,Indicates 'Erythroplakia' was selected for 'What is the diagnosis?' on the precancerous lesions form.,NO,release,CHECKBOX_OPTION,redcap,pre-v4,NO,NO,
precancerous_lesions_schema,precancerous_lesions,diagnosis_pl_ds___keratosis,diagnosis_pl_ds___keratosis,diagnosis,Indicates 'Keratosis' was selected for 'What is the diagnosis?' on the precancerous lesions form.,NO,release,CHECKBOX_OPTION,redcap,pre-v4,NO,NO,
precancerous_lesions_schema,precancerous_lesions,diagnosis_pl_ds___leukoplakia,diagnosis_pl_ds___leukoplakia,diagnosis,Indicates 'Leukoplakia' was selected for 'What is the diagnosis?' on the precancerous lesions form.,NO,release,CHECKBOX_OPTION,redcap,pre-v4,NO,NO,
precancerous_lesions_schema,precancerous_lesions,diagnosis_pl_ds___other,diagnosis_pl_ds___other,diagnosis,Indicates 'Other' was selected to report a precancerous lesion diagnosis not listed among the options.,NO,release,CHECKBOX_OPTION,redcap,pre-v4,NO,NO,
precancerous_lesions_schema,precancerous_lesions,diagnosis_pl_ds_ll___both_vocal_folds,diagnosis_pl_ds_ll___both_vocal_folds,diagnosis,Indicates 'Both vocal folds' was selected as a location of the precancerous lesion(s).,NO,release,CHECKBOX_OPTION,redcap,pre-v4,NO,NO,
precancerous_lesions_schema,precancerous_lesions,diagnosis_pl_ds_ll___left_vocal_fold,diagnosis_pl_ds_ll___left_vocal_fold,diagnosis,Indicates 'Left vocal fold' was selected as a location of the precancerous lesion(s).,NO,release,CHECKBOX_OPTION,redcap,pre-v4,NO,NO,
precancerous_lesions_schema,precancerous_lesions,diagnosis_pl_ds_ll___right_vocal_fold,diagnosis_pl_ds_ll___right_vocal_fold,diagnosis,Indicates 'Right vocal fold' was selected as a location of the precancerous lesion(s).,NO,release,CHECKBOX_OPTION,redcap,pre-v4,NO,NO,
precancerous_lesions_schema,precancerous_lesions,diagnosis_pl_ds_ll___subglottal_areas,diagnosis_pl_ds_ll___subglottal_areas,diagnosis,Indicates 'Subglottal areas' was selected as a location of the precancerous lesion(s).,NO,release,CHECKBOX_OPTION,redcap,pre-v4,NO,NO,
precancerous_lesions_schema,precancerous_lesions,diagnosis_pl_ds_ll___ventricular_folds,diagnosis_pl_ds_ll___ventricular_folds,diagnosis,Indicates 'Ventricular folds (right or left)' was selected as a location of the precancerous lesion(s).,NO,release,CHECKBOX_OPTION,redcap,pre-v4,NO,NO,
precancerous_lesions_schema,precancerous_lesions,diagnosis_pl_etiology___laryngopharyngeal_reflux,diagnosis_pl_etiology___laryngopharyngeal_reflux,diagnosis,Indicates 'Laryngopharyngeal reflux' was selected as a risk factor for the precancerous lesion.,NO,release,CHECKBOX_OPTION,redcap,pre-v4,NO,NO,
precancerous_lesions_schema,precancerous_lesions,diagnosis_pl_etiology___other_irritants,diagnosis_pl_etiology___other_irritants,diagnosis,Indicates 'Other irritants' was selected as a risk factor for the precancerous lesion.,NO,release,CHECKBOX_OPTION,redcap,pre-v4,NO,NO,
precancerous_lesions_schema,precancerous_lesions,diagnosis_pl_etiology___past_or_present_smoking,diagnosis_pl_etiology___past_or_present_smoking,diagnosis,Indicates 'Past or present smoking' was selected as a risk factor for the precancerous lesion.,NO,release,CHECKBOX_OPTION,redcap,pre-v4,NO,NO,
precancerous_lesions_schema,precancerous_lesions,diagnosis_pl_gsd_confirmation_method___biopsy_pathology,diagnosis_pl_gold_standard_diagnosis_confirmation_method___biopsy_pathology,diagnosis,Indicates 'Biopsy/Pathology Report' was selected as a method used to confirm the diagnosis.,NO,release,CHECKBOX_OPTION,redcap,pre-v4,NO,NO,
precancerous_lesions_schema,precancerous_lesions,diagnosis_pl_gsd_confirmation_method___laryngoscopy_stroboscopy,diagnosis_pl_gold_standard_diagnosis_confirmation_method___laryngoscopy_stroboscopy,diagnosis,Indicates 'Laryngoscopy/Stroboscopy' was selected as a method used to confirm the diagnosis.,NO,release,CHECKBOX_OPTION,redcap,pre-v4,NO,NO,
precancerous_lesions_schema,precancerous_lesions,diagnosis_pl_treatment_select___laser_ablation,diagnosis_pl_treatment_select___laser_ablation,diagnosis,Indicates 'Laser ablation' was selected as a treatment undergone for the precancerous lesion.,NO,release,CHECKBOX_OPTION,redcap,pre-v4,NO,NO,
precancerous_lesions_schema,precancerous_lesions,diagnosis_pl_treatment_select___laser_resection,diagnosis_pl_treatment_select___laser_resection,diagnosis,Indicates 'Laser resection' was selected as a treatment undergone for the precancerous lesion.,NO,release,CHECKBOX_OPTION,redcap,pre-v4,NO,NO,
precancerous_lesions_schema,precancerous_lesions,diagnosis_pl_treatment_select___microlaryngeal_surgery_without_laser,diagnosis_pl_treatment_select___microlaryngeal_surgery_without_laser,diagnosis,Indicates 'Microlaryngeal surgery without laser' was selected as a treatment undergone for the precancerous lesion.,NO,release,CHECKBOX_OPTION,redcap,pre-v4,NO,NO,
precancerous_lesions_schema,precancerous_lesions,diagnosis_pl_treatment_select___other,diagnosis_pl_treatment_select___other,diagnosis,Indicates 'Other' was selected to report a treatment undergone for the precancerous lesion that was not listed among the options.,NO,release,CHECKBOX_OPTION,redcap,pre-v4,NO,NO,
precancerous_lesions_schema,precancerous_lesions,diagnosis_pl_treatment_select___radiotherapy_persistent_or_recurrent_lesions,diagnosis_pl_treatment_select___radiotherapy_persistent_or_recurrent_lesions,diagnosis,Indicates 'Radiotherapy for persistent or recurrent lesions' was selected as a treatment undergone for the precancerous lesion.,NO,release,CHECKBOX_OPTION,redcap,pre-v4,NO,NO,
precancerous_lesions_schema,precancerous_lesions,diagnosis_pl_treatment_select___surveillance_only,diagnosis_pl_treatment_select___surveillance_only,diagnosis,"Indicates 'Surveillance only (previous diagnosis)' was selected as a treatment undergone for the precancerous lesion, meaning they were managed with monitoring rather than active treatment.",NO,release,CHECKBOX_OPTION,redcap,pre-v4,NO,NO,
precancerous_lesions_schema,precancerous_lesions,diagnosis_pl_treatment_select___voice_or_speech_therapy,diagnosis_pl_treatment_select___voice_or_speech_therapy,diagnosis,Indicates 'Voice/speech therapy' was selected as a treatment undergone for the precancerous lesion.,NO,release,CHECKBOX_OPTION,redcap,pre-v4,NO,NO,
session_schema,session,session_completed_by___just_me,session_completed_by___just_me,task,"Who helped you answer the questions today? For example, did someone help you remember your medication list or how tired you are? This isn't the person who helps you understand the question, but the one who helps you provide the answers",NO,internal,CHECKBOX_OPTION,redcap,pre-v4,NO,NO,
session_schema,session,session_completed_by___someone_else,session_completed_by___someone_else,task,"Who helped you answer the questions today? For example, did someone help you remember your medication list or how tired you are? This isn't the person who helps you understand the question, but the one who helps you provide the answers",NO,internal,CHECKBOX_OPTION,redcap,pre-v4,NO,NO,
subjectparticipant_basic_information_schema,participant,participant_data_collection_origins___app,participant_data_collection_origins___app,enrollment,Data Collection - origin(s),NO,internal,CHECKBOX_OPTION,redcap,v4,NO,NO,
subjectparticipant_basic_information_schema,participant,participant_data_collection_origins___website,participant_data_collection_origins___website,enrollment,Data Collection - origin(s),NO,internal,CHECKBOX_OPTION,redcap,v4,NO,NO,
subjectparticipant_basic_information_schema,participant,participant_data_collection_via___data_collector,participant_data_collection_via___data_collector,enrollment,Data Collection - via,NO,internal,CHECKBOX_OPTION,redcap,v4,NO,NO,
subjectparticipant_basic_information_schema,participant,participant_data_collection_via___participant,participant_data_collection_via___participant,enrollment,Data Collection - via,NO,internal,CHECKBOX_OPTION,redcap,v4,NO,NO,
subjectparticipant_eligible_studies_schema,eligibility,eligible_studies___1,eligible_studies___1,enrollment,Eligible Studies,NO,internal,CHECKBOX_OPTION,redcap,pre-v4,NO,NO,
subjectparticipant_eligible_studies_schema,eligibility,eligible_studies___2,eligible_studies___2,enrollment,Eligible Studies,NO,internal,CHECKBOX_OPTION,redcap,pre-v4,NO,NO,
subjectparticipant_eligible_studies_schema,eligibility,eligible_studies___3,eligible_studies___3,enrollment,Eligible Studies,NO,internal,CHECKBOX_OPTION,redcap,pre-v4,NO,NO,
subjectparticipant_eligible_studies_schema,eligibility,eligible_studies___4,eligible_studies___4,enrollment,Eligible Studies,NO,internal,CHECKBOX_OPTION,redcap,pre-v4,NO,NO,
subjectparticipant_eligible_studies_schema,eligibility,eligible_studies___age_10_plus,eligible_studies___age_10_plus,enrollment,Eligible Studies,NO,internal,CHECKBOX_OPTION,redcap,pre-v4,NO,NO,
subjectparticipant_eligible_studies_schema,eligibility,eligible_studies___age_2_4,eligible_studies___age_2_4,enrollment,Eligible Studies,NO,internal,CHECKBOX_OPTION,redcap,pre-v4,NO,NO,
subjectparticipant_eligible_studies_schema,eligibility,eligible_studies___age_4_6,eligible_studies___age_4_6,enrollment,Eligible Studies,NO,internal,CHECKBOX_OPTION,redcap,pre-v4,NO,NO,
subjectparticipant_eligible_studies_schema,eligibility,eligible_studies___age_6_10,eligible_studies___age_6_10,enrollment,Eligible Studies,NO,internal,CHECKBOX_OPTION,redcap,pre-v4,NO,NO,
unexplained_chronic_cough_schema,unexplained_chronic_cough,diagnosis_ucc_at_s___multimodality_speech_pathology_therapy,diagnosis_ucc_at_s___multimodality_speech_pathology_therapy,diagnosis,Indicates 'Therapeutic trial of multimodality speech pathology therapy' was selected as a treatment obtained for unexplained chronic cough.,NO,release,CHECKBOX_OPTION,redcap,pre-v4,NO,NO,
unexplained_chronic_cough_schema,unexplained_chronic_cough,diagnosis_ucc_at_s___neuromodulator,diagnosis_ucc_at_s___neuromodulator,diagnosis,Indicates 'Therapeutic trial of gabapentin/amitriptyline or other neuromodulator' was selected as a treatment obtained for unexplained chronic cough.,NO,release,CHECKBOX_OPTION,redcap,pre-v4,NO,NO,
unexplained_chronic_cough_schema,unexplained_chronic_cough,diagnosis_ucc_at_s___other,diagnosis_ucc_at_s___other,diagnosis,Indicates 'Other' was selected to report a treatment obtained for unexplained chronic cough not listed among the options.,NO,release,CHECKBOX_OPTION,redcap,pre-v4,NO,NO,
unexplained_chronic_cough_schema,unexplained_chronic_cough,diagnosis_ucc_at_s___superior_laryngeal_nerve_block,diagnosis_ucc_at_s___superior_laryngeal_nerve_block,diagnosis,Indicates 'Unilateral or bilateral superior laryngeal nerve block' was selected as a treatment obtained for unexplained chronic cough.,NO,release,CHECKBOX_OPTION,redcap,pre-v4,NO,NO,
unexplained_chronic_cough_schema,unexplained_chronic_cough,diagnosis_ucc_atot___egd_or_tne,diagnosis_ucc_atot___egd_or_tne,diagnosis,Indicates 'EGD/TNE' was selected (esophagogastroduodenoscopy or transnasal endoscopy) as a method used to investigate the unexplained chronic cough.,NO,release,CHECKBOX_OPTION,redcap,pre-v4,NO,NO,
unexplained_chronic_cough_schema,unexplained_chronic_cough,diagnosis_ucc_atot___other,diagnosis_ucc_atot___other,diagnosis,"Indicates 'Other (H2-blocker, lifestyle change, alginates)' was selected as a method used to investigate the unexplained chronic cough.",NO,release,CHECKBOX_OPTION,redcap,pre-v4,NO,NO,
unexplained_chronic_cough_schema,unexplained_chronic_cough,diagnosis_ucc_atot___phimpedance_probe_or_bravo_probe,diagnosis_ucc_atot___phimpedance_probe_or_bravo_probe,diagnosis,Indicates 'pH-impedance probe or Bravo probe' was selected as a method used to investigate the unexplained chronic cough.,NO,release,CHECKBOX_OPTION,redcap,pre-v4,NO,NO,
unexplained_chronic_cough_schema,unexplained_chronic_cough,diagnosis_ucc_atot___trial_of_proton_pump_inhibitor,diagnosis_ucc_atot___trial_of_proton_pump_inhibitor,diagnosis,Indicates 'Trial of proton pump inhibitor' was selected as a method used to investigate the unexplained chronic cough.,NO,release,CHECKBOX_OPTION,redcap,pre-v4,NO,NO,
unexplained_chronic_cough_schema,unexplained_chronic_cough,diagnosis_ucc_cxcob___bronchoscopy,diagnosis_ucc_cxcob___bronchoscopy,diagnosis,Indicates 'Bronchoscopy' was selected among the initial screening criteria for unexplained chronic cough.,NO,release,CHECKBOX_OPTION,redcap,pre-v4,NO,NO,
unexplained_chronic_cough_schema,unexplained_chronic_cough,diagnosis_ucc_cxcob___chest_xray,diagnosis_ucc_cxcob___chest_xray,diagnosis,Indicates 'Chest X-ray' was selected among the initial screening criteria for unexplained chronic cough.,NO,release,CHECKBOX_OPTION,redcap,pre-v4,NO,NO,
unexplained_chronic_cough_schema,unexplained_chronic_cough,diagnosis_ucc_cxcob___ct_chest,diagnosis_ucc_cxcob___ct_chest,diagnosis,Indicates 'CT Chest' was selected among the initial screening criteria for unexplained chronic cough.,NO,release,CHECKBOX_OPTION,redcap,pre-v4,NO,NO,
unexplained_chronic_cough_schema,unexplained_chronic_cough,diagnosis_ucc_hspd___asthma,diagnosis_ucc_hspd___asthma,diagnosis,Indicates 'Asthma' was selected as a history of pulmonary disease.,NO,release,CHECKBOX_OPTION,redcap,pre-v4,NO,NO,
unexplained_chronic_cough_schema,unexplained_chronic_cough,diagnosis_ucc_hspd___bronchiectasis,diagnosis_ucc_hspd___bronchiectasis,diagnosis,Indicates 'Bronchiectasis' was selected as a history of pulmonary disease.,NO,release,CHECKBOX_OPTION,redcap,pre-v4,NO,NO,
unexplained_chronic_cough_schema,unexplained_chronic_cough,diagnosis_ucc_hspd___copd,diagnosis_ucc_hspd___copd,diagnosis,Indicates 'COPD' was selected as a history of pulmonary disease.,NO,release,CHECKBOX_OPTION,redcap,pre-v4,NO,NO,
unexplained_chronic_cough_schema,unexplained_chronic_cough,diagnosis_ucc_hspd___idiopathic_pulmonary_fibrosis,diagnosis_ucc_hspd___idiopathic_pulmonary_fibrosis,diagnosis,Indicates 'Idiopathic pulmonary fibrosis' was selected as a history of pulmonary disease.,NO,release,CHECKBOX_OPTION,redcap,pre-v4,NO,NO,
unexplained_chronic_cough_schema,unexplained_chronic_cough,diagnosis_ucc_hspd___lung_cancer,diagnosis_ucc_hspd___lung_cancer,diagnosis,Indicates 'Lung cancer' was selected as a history of pulmonary disease.,NO,release,CHECKBOX_OPTION,redcap,pre-v4,NO,NO,
unexplained_chronic_cough_schema,unexplained_chronic_cough,diagnosis_ucc_hspd___other,diagnosis_ucc_hspd___other,diagnosis,Indicates 'Other' was selected to report a history of pulmonary disease not listed among the options.,NO,release,CHECKBOX_OPTION,redcap,pre-v4,NO,NO,
unexplained_chronic_cough_schema,unexplained_chronic_cough,diagnosis_ucc_hspd___pulmonary_granuloma,diagnosis_ucc_hspd___pulmonary_granuloma,diagnosis,Indicates 'Pulmonary granuloma' was selected as a history of pulmonary disease.,NO,release,CHECKBOX_OPTION,redcap,pre-v4,NO,NO,
unexplained_chronic_cough_schema,unexplained_chronic_cough,diagnosis_ucc_hspd___tb_infection,diagnosis_ucc_hspd___tb_infection,diagnosis,Indicates 'TB infection' was selected as a history of pulmonary disease.,NO,release,CHECKBOX_OPTION,redcap,pre-v4,NO,NO,
unilateral_vocal_fold_paralysis_schema,unilateral_vocal_fold_paralysis,diagnosis_uvfp_treatment_select___other,diagnosis_uvfp_treatment_select___other,diagnosis,Indicates 'Other' was selected to report a treatment for unilateral vocal fold paralysis not listed among the options.,NO,release,CHECKBOX_OPTION,redcap,pre-v4,NO,NO,
unilateral_vocal_fold_paralysis_schema,unilateral_vocal_fold_paralysis,diagnosis_uvfp_treatment_select___speech_therapy,diagnosis_uvfp_treatment_select___speech_therapy,diagnosis,Indicates 'Speech therapy' was selected as a treatment undergone for unilateral vocal fold paralysis.,NO,release,CHECKBOX_OPTION,redcap,pre-v4,NO,NO,
unilateral_vocal_fold_paralysis_schema,unilateral_vocal_fold_paralysis,diagnosis_uvfp_treatment_select___surgery,diagnosis_uvfp_treatment_select___surgery,diagnosis,Indicates 'Surgery / Procedure' was selected as a treatment undergone for unilateral vocal fold paralysis.,NO,release,CHECKBOX_OPTION,redcap,pre-v4,NO,NO,
unilateral_vocal_fold_paralysis_schema,unilateral_vocal_fold_paralysis,diagnosis_uvfp_treatment_surgery___arytenoid_adduction,diagnosis_uvfp_treatment_surgery___arytenoid_adduction,diagnosis,Indicates 'Arytenoid adduction' was selected as a surgery or procedure for unilateral vocal fold paralysis.,NO,release,CHECKBOX_OPTION,redcap,pre-v4,NO,NO,
unilateral_vocal_fold_paralysis_schema,unilateral_vocal_fold_paralysis,diagnosis_uvfp_treatment_surgery___other,diagnosis_uvfp_treatment_surgery___other,diagnosis,Indicates 'Other' was selected to report a surgery or procedure for unilateral vocal fold paralysis not listed among the options.,NO,release,CHECKBOX_OPTION,redcap,pre-v4,NO,NO,
unilateral_vocal_fold_paralysis_schema,unilateral_vocal_fold_paralysis,diagnosis_uvfp_treatment_surgery___thyroplasty,diagnosis_uvfp_treatment_surgery___thyroplasty,diagnosis,Indicates 'Thyroplasty' was selected as a surgery or procedure for unilateral vocal fold paralysis.,NO,release,CHECKBOX_OPTION,redcap,pre-v4,NO,NO,
unilateral_vocal_fold_paralysis_schema,unilateral_vocal_fold_paralysis,diagnosis_uvfp_treatment_surgery___vocal_fold_injection_augmentation,diagnosis_uvfp_treatment_surgery___vocal_fold_injection_augmentation,diagnosis,Indicates 'Vocal fold injection augmentation' was selected as a surgery or procedure for unilateral vocal fold paralysis.,NO,release,CHECKBOX_OPTION,redcap,pre-v4,NO,NO,
unilateral_vocal_fold_paralysis_schema,unilateral_vocal_fold_paralysis,diagnosis_uvfp_treatment_surgery_thyroplasty___goretex,diagnosis_uvfp_treatment_surgery_thyroplasty___goretex,diagnosis,Indicates 'Gore-Tex' was selected as the thyroplasty subcategory used for unilateral vocal fold paralysis.,NO,release,CHECKBOX_OPTION,redcap,pre-v4,NO,NO,
unilateral_vocal_fold_paralysis_schema,unilateral_vocal_fold_paralysis,diagnosis_uvfp_treatment_surgery_thyroplasty___silastic,diagnosis_uvfp_treatment_surgery_thyroplasty___silastic,diagnosis,Indicates 'Silastic' was selected as the thyroplasty subcategory used for unilateral vocal fold paralysis.,NO,release,CHECKBOX_OPTION,redcap,pre-v4,NO,NO,
unilateral_vocal_fold_paralysis_schema,unilateral_vocal_fold_paralysis,diagnosis_uvfp_treatment_surgery_vfia___caha,diagnosis_uvfp_treatment_surgery_vfia___caha,diagnosis,Indicates 'CaHA (calcium hydroxylapatite)' was selected as the vocal fold injection augmentation subcategory used for unilateral vocal fold paralysis.,NO,release,CHECKBOX_OPTION,redcap,pre-v4,NO,NO,
unilateral_vocal_fold_paralysis_schema,unilateral_vocal_fold_paralysis,diagnosis_uvfp_treatment_surgery_vfia___fat_injection,diagnosis_uvfp_treatment_surgery_vfia___fat_injection,diagnosis,Indicates 'Fat injection' was selected as the vocal fold injection augmentation subcategory used for unilateral vocal fold paralysis.,NO,release,CHECKBOX_OPTION,redcap,pre-v4,NO,NO,
unilateral_vocal_fold_paralysis_schema,unilateral_vocal_fold_paralysis,diagnosis_uvfp_treatment_surgery_vfia___gel,diagnosis_uvfp_treatment_surgery_vfia___gel,diagnosis,Indicates 'Gel' was selected as the vocal fold injection augmentation subcategory used for unilateral vocal fold paralysis.,NO,release,CHECKBOX_OPTION,redcap,pre-v4,NO,NO,
unilateral_vocal_fold_paralysis_schema,unilateral_vocal_fold_paralysis,diagnosis_uvfp_treatment_surgery_vfia___hyaluronic_acid_augmentation,diagnosis_uvfp_treatment_surgery_vfia___hyaluronic_acid_augmentation,diagnosis,Indicates 'Hyaluronic acid augmentation' was selected as the vocal fold injection augmentation subcategory used for unilateral vocal fold paralysis.,NO,release,CHECKBOX_OPTION,redcap,pre-v4,NO,NO,
d_neuro_ataxia_schema,,ataxia_acquired_ataxia_workup_label,ataxia_acquired_ataxia_workup_label,,Acquired ataxia workup,YES,drop,VARIABLE,redcap,pre-v4,NO,NO,
d_neuro_ataxia_schema,ataxia,ataxia_acquired_ataxia_workup_specify,ataxia_acquired_ataxia_workup_specify,diagnosis,Please specify test,NO,review,VARIABLE,redcap,v4,NO,NO,
d_neuro_ataxia_schema,,ataxia_aother_scale_option_label,ataxia_aother_scale_option_label,,Other scale,YES,drop,VARIABLE,redcap,pre-v4,NO,NO,
d_neuro_ataxia_schema,,ataxia_arelevant_labs_label,ataxia_arelevant_labs_label,,"Relevant labs performed (metabolic, nutritional, autoimmune, blood, CSF, or serum)",YES,drop,VARIABLE,redcap,pre-v4,NO,NO,
d_neuro_ataxia_schema,ataxia,ataxia_brain_mri_results,ataxia_brain_mri_results,diagnosis,"Brain MRI result recorded in the participant's ataxia diagnostic workup (normal, abnormal, or unknown).",NO,release,VARIABLE,redcap,v4,NO,NO,
d_neuro_ataxia_schema,ataxia,ataxia_brain_mri_results_abnormal,ataxia_brain_mri_results_abnormal,diagnosis,"Specific abnormality identified on the participant's brain MRI (cerebellar atrophy, brain stem atrophy, or other), recorded when the MRI result was abnormal.",NO,release,VARIABLE,redcap,v4,NO,NO,
d_neuro_ataxia_schema,ataxia,ataxia_brain_mri_results_key_findings,ataxia_brain_mri_results_key_findings,diagnosis,Key findings (optional),NO,review,VARIABLE,redcap,v4,NO,NO,
d_neuro_ataxia_schema,ataxia,ataxia_brain_mri_results_other_abnormalities,ataxia_brain_mri_results_other_abnormalities,diagnosis,"Other abnormalities

Please specify:",NO,review,VARIABLE,redcap,v4,NO,NO,
d_neuro_ataxia_schema,ataxia,ataxia_calculated_validated_result,ataxia_calculated_validated_result,diagnosis,"Calculated ataxia validation flag (values 'Validated Yes' / 'Validated No'). 'Validated Yes' = all three validation criteria are documented: gait, truncal, or limb incoordination by history or repeated exam; objective exam signs consistent with ataxia; and a reasonable evaluation to exclude major alternative explanations. 'Validated No' = at least one is missing. This is a validation flag, not an ataxia subtype.",NO,release,VARIABLE,redcap,v4,YES,NO,
d_neuro_ataxia_schema,ataxia,ataxia_clinical_presentation,ataxia_clinical_presentation,diagnosis,Clinical presentation (select all that apply):,NO,release,VARIABLE,redcap,pre-v4,NO,NO,
d_neuro_ataxia_schema,ataxia,ataxia_clinical_presentation___changes_in_speech,ataxia_clinical_presentation___changes_in_speech,diagnosis,Marks changes in speech (e.g. dysarthria) as a clinical presentation of the participant's ataxia (select all that apply).,NO,release,CHECKBOX_OPTION,redcap,v4,NO,NO,
d_neuro_ataxia_schema,ataxia,ataxia_clinical_presentation___dysphagia,ataxia_clinical_presentation___dysphagia,diagnosis,Marks dysphagia as a clinical presentation of the participant's ataxia (select all that apply).,NO,release,CHECKBOX_OPTION,redcap,v4,NO,NO,
d_neuro_ataxia_schema,ataxia,ataxia_clinical_presentation___gait_imbalance_or_wide_based_gait,ataxia_clinical_presentation___gait_imbalance_or_wide_based_gait,diagnosis,Marks gait imbalance or wide-based gait as a clinical presentation of the participant's ataxia (select all that apply).,NO,release,CHECKBOX_OPTION,redcap,v4,NO,NO,
d_neuro_ataxia_schema,ataxia,ataxia_clinical_presentation___limb_incoordination,ataxia_clinical_presentation___limb_incoordination,diagnosis,"Marks limb incoordination (e.g. dysmetria, dysdiadochokinesia) as a clinical presentation of the participant's ataxia (select all that apply).",NO,release,CHECKBOX_OPTION,redcap,v4,NO,NO,
d_neuro_ataxia_schema,ataxia,ataxia_clinical_presentation___oculomotor_abnormalities,ataxia_clinical_presentation___oculomotor_abnormalities,diagnosis,"Marks oculomotor abnormalities (nystagmus, abnormal pursuit, saccadic dysmetria) as a clinical presentation of the participant's ataxia (select all that apply).",NO,release,CHECKBOX_OPTION,redcap,v4,NO,NO,
d_neuro_ataxia_schema,ataxia,ataxia_clinical_presentation___other,ataxia_clinical_presentation___other,diagnosis,Marks other as a clinical presentation of the participant's ataxia (select all that apply).,NO,release,CHECKBOX_OPTION,redcap,v4,NO,NO,
d_neuro_ataxia_schema,ataxia,ataxia_clinical_presentation___prominent_sensory_loss_or_proprioceptive_impairment,ataxia_clinical_presentation___prominent_sensory_loss_or_proprioceptive_impairment,diagnosis,Marks prominent sensory loss or proprioceptive impairment as a clinical presentation of the participant's ataxia (select all that apply).,NO,release,CHECKBOX_OPTION,redcap,v4,NO,NO,
d_neuro_ataxia_schema,ataxia,ataxia_clinical_presentation___prominent_vertigo_or_dizziness,ataxia_clinical_presentation___prominent_vertigo_or_dizziness,diagnosis,Marks prominent vertigo or dizziness as a clinical presentation of the participant's ataxia (select all that apply).,NO,release,CHECKBOX_OPTION,redcap,v4,NO,NO,
d_neuro_ataxia_schema,ataxia,ataxia_clinical_presentation___truncal_instability,ataxia_clinical_presentation___truncal_instability,diagnosis,Marks truncal instability as a clinical presentation of the participant's ataxia (select all that apply).,NO,release,CHECKBOX_OPTION,redcap,v4,NO,NO,
d_neuro_ataxia_schema,ataxia,ataxia_clinical_presentation___unknown,ataxia_clinical_presentation___unknown,diagnosis,Marks unknown as a clinical presentation of the participant's ataxia (select all that apply).,NO,release,CHECKBOX_OPTION,redcap,v4,NO,NO,
d_neuro_ataxia_schema,ataxia,ataxia_clinical_presentation_other,ataxia_clinical_presentation_other,diagnosis,Other ataxia clinical presentation,NO,review,VARIABLE,redcap,v4,NO,NO,
d_neuro_ataxia_schema,ataxia,ataxia_course_pattern,ataxia_course_pattern,diagnosis,"Course pattern of the participant's ataxia (acute, subacute, chronic or progressive, or unknown).",NO,release,VARIABLE,redcap,v4,NO,NO,
d_neuro_ataxia_schema,ataxia,ataxia_emg_or_ncs_key_findings,ataxia_emg_or_ncs_key_findings,diagnosis,Key findings (optional):,NO,review,VARIABLE,redcap,v4,NO,NO,
d_neuro_ataxia_schema,ataxia,ataxia_emg_or_ncs_performed,ataxia_emg_or_ncs_performed,diagnosis,"Whether EMG or NCS was performed in the participant's ataxia workup (yes, no, or unknown).",NO,release,VARIABLE,redcap,v4,NO,NO,
d_neuro_ataxia_schema,ataxia,ataxia_emg_or_ncs_specify_test,ataxia_emg_or_ncs_specify_test,diagnosis,Which test was performed - EMG or NCS.,NO,release,VARIABLE,redcap,v4,NO,NO,
d_neuro_ataxia_schema,ataxia,ataxia_emg_or_ncs_test_results,ataxia_emg_or_ncs_test_results,diagnosis,"Result of the EMG or NCS test (normal, abnormal, or unknown).",NO,release,VARIABLE,redcap,v4,NO,NO,
d_neuro_ataxia_schema,ataxia,ataxia_etiology,ataxia_etiology,diagnosis,What is the etiology? Select all that apply.,NO,release,VARIABLE,redcap,pre-v4,NO,NO,
d_neuro_ataxia_schema,ataxia,ataxia_etiology___autoimmune_or_paraneoplastic,ataxia_etiology___autoimmune_or_paraneoplastic,diagnosis,Marks autoimmune or paraneoplastic as an etiology of the participant's ataxia (select all that apply).,NO,release,CHECKBOX_OPTION,redcap,v4,NO,NO,
d_neuro_ataxia_schema,ataxia,ataxia_etiology___degenerative_non_hereditary,ataxia_etiology___degenerative_non_hereditary,diagnosis,"Marks degenerative, non-hereditary as an etiology of the participant's ataxia (select all that apply).",NO,release,CHECKBOX_OPTION,redcap,v4,NO,NO,
d_neuro_ataxia_schema,ataxia,ataxia_etiology___genetic_or_hereditary,ataxia_etiology___genetic_or_hereditary,diagnosis,Marks genetic or hereditary as an etiology of the participant's ataxia (select all that apply).,NO,release,CHECKBOX_OPTION,redcap,v4,NO,NO,
d_neuro_ataxia_schema,ataxia,ataxia_etiology___infectious_or_post_infectious,ataxia_etiology___infectious_or_post_infectious,diagnosis,Marks infectious or post-infectious as an etiology of the participant's ataxia (select all that apply).,NO,release,CHECKBOX_OPTION,redcap,v4,NO,NO,
d_neuro_ataxia_schema,ataxia,ataxia_etiology___metabolic_or_nutritional,ataxia_etiology___metabolic_or_nutritional,diagnosis,Marks metabolic or nutritional as an etiology of the participant's ataxia (select all that apply).,NO,release,CHECKBOX_OPTION,redcap,v4,NO,NO,
d_neuro_ataxia_schema,ataxia,ataxia_etiology___other,ataxia_etiology___other,diagnosis,Marks other as an etiology of the participant's ataxia (select all that apply).,NO,release,CHECKBOX_OPTION,redcap,v4,NO,NO,
d_neuro_ataxia_schema,ataxia,ataxia_etiology___sporadic_onset_ataxia,ataxia_etiology___sporadic_onset_ataxia,diagnosis,Marks sporadic onset ataxia as an etiology of the participant's ataxia (select all that apply).,NO,release,CHECKBOX_OPTION,redcap,v4,NO,NO,
d_neuro_ataxia_schema,ataxia,ataxia_etiology___structural_lesion,ataxia_etiology___structural_lesion,diagnosis,Marks structural lesion (e.g. tumor or malformation) as an etiology of the participant's ataxia (select all that apply).,NO,release,CHECKBOX_OPTION,redcap,v4,NO,NO,
d_neuro_ataxia_schema,ataxia,ataxia_etiology___toxic_medication_induced_or_alcohol_related,ataxia_etiology___toxic_medication_induced_or_alcohol_related,diagnosis,"Marks toxic, medication-induced, or alcohol-related as an etiology of the participant's ataxia (select all that apply).",NO,release,CHECKBOX_OPTION,redcap,v4,NO,NO,
d_neuro_ataxia_schema,ataxia,ataxia_etiology___unknown,ataxia_etiology___unknown,diagnosis,Marks unknown as an etiology of the participant's ataxia (select all that apply).,NO,release,CHECKBOX_OPTION,redcap,v4,NO,NO,
d_neuro_ataxia_schema,ataxia,ataxia_etiology___vascular,ataxia_etiology___vascular,diagnosis,Marks vascular (e.g. stroke or hemorrhage) as an etiology of the participant's ataxia (select all that apply).,NO,release,CHECKBOX_OPTION,redcap,v4,NO,NO,
d_neuro_ataxia_schema,ataxia,ataxia_etiology_genetic_hereditary_list_gene_mutation,ataxia_etiology_genetic_hereditary_list_gene_mutation,diagnosis,"Genetic or hereditary

List gene or mutation if known:",NO,review,VARIABLE,redcap,v4,NO,NO,
d_neuro_ataxia_schema,ataxia,ataxia_etiology_other_specify,ataxia_etiology_other_specify,diagnosis,Other ataxia etiology,NO,review,VARIABLE,redcap,v4,NO,NO,
d_neuro_ataxia_schema,ataxia,ataxia_etiology_targeted_treatment,ataxia_etiology_targeted_treatment,diagnosis,"Etiology-targeted treatment (if applicable)

Please specify :",NO,review,VARIABLE,redcap,v4,NO,NO,
d_neuro_ataxia_schema,ataxia,ataxia_fars_score_option,ataxia_fars_score_option,diagnosis,"FARS score available

FARS total score (0 to 125):",NO,internal,VARIABLE,redcap,v4,NO,NO,
d_neuro_ataxia_schema,ataxia,ataxia_functional_mobility_stage,ataxia_functional_mobility_stage,diagnosis,"Functional mobility stage of the participant's ataxia (ambulatory without aid, ambulatory with aid, wheelchair-dependent, or bedbound/total assistance).",NO,release,VARIABLE,redcap,v4,NO,NO,
d_neuro_ataxia_schema,,ataxia_genetic_testing_label,ataxia_genetic_testing_label,,Genetic testing,YES,drop,VARIABLE,redcap,pre-v4,NO,NO,
d_neuro_ataxia_schema,ataxia,ataxia_genetic_testing_results,ataxia_genetic_testing_results,diagnosis,"Genetic testing result in the participant's ataxia workup (normal, abnormal, or unknown).",NO,release,VARIABLE,redcap,v4,NO,NO,
d_neuro_ataxia_schema,ataxia,ataxia_genetic_testing_results_key_findings,ataxia_genetic_testing_results_key_findings,diagnosis,Key findings (optional),NO,review,VARIABLE,redcap,v4,NO,NO,
d_neuro_ataxia_schema,ataxia,ataxia_genetic_testing_specify,ataxia_genetic_testing_specify,diagnosis,Please specify test,NO,review,VARIABLE,redcap,v4,NO,NO,
d_neuro_ataxia_schema,ataxia,ataxia_icars_score_option,ataxia_icars_score_option,diagnosis,"ICARS score available

ICARS total score (0 to 100):",NO,internal,VARIABLE,redcap,v4,NO,NO,
d_neuro_ataxia_schema,ataxia,ataxia_mds_recent_date_supporting,ataxia_mds_recent_date_supporting,diagnosis,"Movement disorders specialist

Date of most recent documentation supporting ataxia:",YES,internal,VARIABLE,redcap,v4,NO,YES,
d_neuro_ataxia_schema,ataxia,ataxia_neurologist_recent_date_supporting,ataxia_neurologist_recent_date_supporting,diagnosis,"Neurologist

Date of most recent documentation supporting ataxia:",YES,internal,VARIABLE,redcap,v4,NO,YES,
d_neuro_ataxia_schema,ataxia,ataxia_other_scale_identify_scale,ataxia_other_scale_identify_scale,diagnosis,Identify scale:,NO,review,VARIABLE,redcap,v4,NO,NO,
d_neuro_ataxia_schema,ataxia,ataxia_other_scale_total_score,ataxia_other_scale_total_score,diagnosis,Total score:,NO,review,VARIABLE,redcap,v4,NO,NO,
d_neuro_ataxia_schema,ataxia,ataxia_other_specialist_selected,ataxia_other_specialist_selected,diagnosis,"Other specialist

Please specify:",NO,review,VARIABLE,redcap,v4,NO,NO,
d_neuro_ataxia_schema,ataxia,ataxia_other_testing_key_findings,ataxia_other_testing_key_findings,diagnosis,Key findings (optional):,NO,review,VARIABLE,redcap,v4,NO,NO,
d_neuro_ataxia_schema,,ataxia_other_testing_label,ataxia_other_testing_label,,Other testing,YES,drop,VARIABLE,redcap,pre-v4,NO,NO,
d_neuro_ataxia_schema,ataxia,ataxia_other_testing_results,ataxia_other_testing_results,diagnosis,"Result of other testing in the participant's ataxia workup (normal, abnormal, or unknown).",NO,release,VARIABLE,redcap,v4,NO,NO,
d_neuro_ataxia_schema,ataxia,ataxia_other_testing_specify,ataxia_other_testing_specify,diagnosis,Please specify test:,NO,review,VARIABLE,redcap,v4,NO,NO,
d_neuro_ataxia_schema,ataxia,ataxia_other_treatment,ataxia_other_treatment,diagnosis,"Other

Please specify :",NO,review,VARIABLE,redcap,v4,NO,NO,
d_neuro_ataxia_schema,ataxia,ataxia_present_episodic_chronic,ataxia_present_episodic_chronic,diagnosis,Does ataxia present as episodic or chronic? (Choose all that apply),NO,release,VARIABLE,redcap,pre-v4,NO,NO,
d_neuro_ataxia_schema,ataxia,ataxia_present_episodic_chronic___chronic,ataxia_present_episodic_chronic___chronic,diagnosis,Whether the participant's ataxia presents as episodic or chronic; 'Chronic' selected.,NO,release,CHECKBOX_OPTION,redcap,v4,NO,NO,
d_neuro_ataxia_schema,ataxia,ataxia_present_episodic_chronic___episodic,ataxia_present_episodic_chronic___episodic,diagnosis,Whether the participant's ataxia presents as episodic or chronic; 'Episodic' selected.,NO,release,CHECKBOX_OPTION,redcap,v4,NO,NO,
d_neuro_ataxia_schema,ataxia,ataxia_present_episodic_chronic___no,ataxia_present_episodic_chronic___no,diagnosis,Whether the participant's ataxia presents as episodic or chronic; 'No' selected.,NO,release,CHECKBOX_OPTION,redcap,v4,NO,NO,
d_neuro_ataxia_schema,ataxia,ataxia_present_episodic_chronic___unknown,ataxia_present_episodic_chronic___unknown,diagnosis,Whether the participant's ataxia presents as episodic or chronic; 'Unknown' selected.,NO,release,CHECKBOX_OPTION,redcap,v4,NO,NO,
d_neuro_ataxia_schema,ataxia,ataxia_relevant_labs_performed_autoimmune_option,ataxia_relevant_labs_performed_autoimmune_option,diagnosis,"Autoimmune

Identify key results:",NO,review,VARIABLE,redcap,v4,NO,NO,
d_neuro_ataxia_schema,ataxia,ataxia_relevant_labs_performed_blood_option,ataxia_relevant_labs_performed_blood_option,diagnosis,"Blood

Identify key results:",NO,review,VARIABLE,redcap,v4,NO,NO,
d_neuro_ataxia_schema,ataxia,ataxia_relevant_labs_performed_csf_option,ataxia_relevant_labs_performed_csf_option,diagnosis,"CSF

Identify key results:",NO,review,VARIABLE,redcap,v4,NO,NO,
d_neuro_ataxia_schema,ataxia,ataxia_relevant_labs_performed_metabolic_option,ataxia_relevant_labs_performed_metabolic_option,diagnosis,"Metabolic

Identify key results:",NO,review,VARIABLE,redcap,v4,NO,NO,
d_neuro_ataxia_schema,ataxia,ataxia_relevant_labs_performed_nutritional_option,ataxia_relevant_labs_performed_nutritional_option,diagnosis,"Nutritional

Identify key results:",NO,review,VARIABLE,redcap,v4,NO,NO,
d_neuro_ataxia_schema,ataxia,ataxia_relevant_labs_performed_other_option_key_results,ataxia_relevant_labs_performed_other_option_key_results,diagnosis,Identify key results:,NO,review,VARIABLE,redcap,v4,NO,NO,
d_neuro_ataxia_schema,,ataxia_relevant_labs_performed_other_option_label,ataxia_relevant_labs_performed_other_option_label,,Other,YES,drop,VARIABLE,redcap,pre-v4,NO,NO,
d_neuro_ataxia_schema,ataxia,ataxia_relevant_labs_performed_other_option_specify,ataxia_relevant_labs_performed_other_option_specify,diagnosis,Please specify test:,NO,review,VARIABLE,redcap,v4,NO,NO,
d_neuro_ataxia_schema,ataxia,ataxia_relevant_labs_performed_serum_option,ataxia_relevant_labs_performed_serum_option,diagnosis,"Serum

Identify key results:",NO,review,VARIABLE,redcap,v4,NO,NO,
d_neuro_ataxia_schema,ataxia,ataxia_relevant_labs_selection,ataxia_relevant_labs_selection,diagnosis,Relevant labs (select all that apply):,NO,release,VARIABLE,redcap,pre-v4,NO,NO,
d_neuro_ataxia_schema,ataxia,ataxia_relevant_labs_selection___autoimmune,ataxia_relevant_labs_selection___autoimmune,diagnosis,Category of relevant laboratory tests in the participant's ataxia workup; 'Autoimmune' selected.,NO,release,CHECKBOX_OPTION,redcap,v4,NO,NO,
d_neuro_ataxia_schema,ataxia,ataxia_relevant_labs_selection___blood,ataxia_relevant_labs_selection___blood,diagnosis,Category of relevant laboratory tests in the participant's ataxia workup; 'Blood' selected.,NO,release,CHECKBOX_OPTION,redcap,v4,NO,NO,
d_neuro_ataxia_schema,ataxia,ataxia_relevant_labs_selection___csf,ataxia_relevant_labs_selection___csf,diagnosis,Category of relevant laboratory tests in the participant's ataxia workup; 'CSF' selected.,NO,release,CHECKBOX_OPTION,redcap,v4,NO,NO,
d_neuro_ataxia_schema,ataxia,ataxia_relevant_labs_selection___metabolic,ataxia_relevant_labs_selection___metabolic,diagnosis,Category of relevant laboratory tests in the participant's ataxia workup; 'Metabolic' selected.,NO,release,CHECKBOX_OPTION,redcap,v4,NO,NO,
d_neuro_ataxia_schema,ataxia,ataxia_relevant_labs_selection___nutritional,ataxia_relevant_labs_selection___nutritional,diagnosis,Category of relevant laboratory tests in the participant's ataxia workup; 'Nutritional' selected.,NO,release,CHECKBOX_OPTION,redcap,v4,NO,NO,
d_neuro_ataxia_schema,ataxia,ataxia_relevant_labs_selection___other,ataxia_relevant_labs_selection___other,diagnosis,Category of relevant laboratory tests in the participant's ataxia workup; 'Other' selected.,NO,release,CHECKBOX_OPTION,redcap,v4,NO,NO,
d_neuro_ataxia_schema,ataxia,ataxia_relevant_labs_selection___serum,ataxia_relevant_labs_selection___serum,diagnosis,Category of relevant laboratory tests in the participant's ataxia workup; 'Serum' selected.,NO,release,CHECKBOX_OPTION,redcap,v4,NO,NO,
d_neuro_ataxia_schema,ataxia,ataxia_sara_score_option,ataxia_sara_score_option,diagnosis,"SARA score available

SARA total score (0 to 40):",NO,internal,VARIABLE,redcap,v4,NO,NO,
d_neuro_ataxia_schema,ataxia,ataxia_scores_standardized_scales,ataxia_scores_standardized_scales,diagnosis,Please provide scores or results from standardized ataxia scales (select all that apply).,NO,release,VARIABLE,redcap,pre-v4,NO,NO,
d_neuro_ataxia_schema,ataxia,ataxia_scores_standardized_scales___fars_score,ataxia_scores_standardized_scales___fars_score,diagnosis,Which standardized ataxia scale scores are available for the participant; 'FARS score available' selected.,NO,release,CHECKBOX_OPTION,redcap,v4,NO,NO,
d_neuro_ataxia_schema,ataxia,ataxia_scores_standardized_scales___functional_mobility_stage,ataxia_scores_standardized_scales___functional_mobility_stage,diagnosis,Which standardized ataxia scale scores are available for the participant; 'Functional mobility stage available' selected.,NO,release,CHECKBOX_OPTION,redcap,v4,NO,NO,
d_neuro_ataxia_schema,ataxia,ataxia_scores_standardized_scales___icars_score,ataxia_scores_standardized_scales___icars_score,diagnosis,Which standardized ataxia scale scores are available for the participant; 'ICARS score available' selected.,NO,release,CHECKBOX_OPTION,redcap,v4,NO,NO,
d_neuro_ataxia_schema,ataxia,ataxia_scores_standardized_scales___not_available,ataxia_scores_standardized_scales___not_available,diagnosis,Which standardized ataxia scale scores are available for the participant; 'Not available' selected.,NO,release,CHECKBOX_OPTION,redcap,v4,NO,NO,
d_neuro_ataxia_schema,ataxia,ataxia_scores_standardized_scales___other_scale,ataxia_scores_standardized_scales___other_scale,diagnosis,Which standardized ataxia scale scores are available for the participant; 'Other scale' selected.,NO,release,CHECKBOX_OPTION,redcap,v4,NO,NO,
d_neuro_ataxia_schema,ataxia,ataxia_scores_standardized_scales___sara_score,ataxia_scores_standardized_scales___sara_score,diagnosis,Which standardized ataxia scale scores are available for the participant; 'SARA score available' selected.,NO,release,CHECKBOX_OPTION,redcap,v4,NO,NO,
d_neuro_ataxia_schema,ataxia,ataxia_supported_confirmed,ataxia_supported_confirmed,diagnosis,How was ataxia supported or confirmed? Select all that apply.,NO,release,VARIABLE,redcap,pre-v4,NO,NO,
d_neuro_ataxia_schema,ataxia,ataxia_supported_confirmed___history_or_repeated_exam_documents_gait_truncal_limb_incoordination,ataxia_supported_confirmed___history_or_repeated_exam_documents_gait_truncal_limb_incoordination,diagnosis,"How the participant's ataxia was supported or confirmed; 'History or repeated exam documents gait, truncal, or limb incoordination' selected.",NO,release,CHECKBOX_OPTION,redcap,v4,NO,NO,
d_neuro_ataxia_schema,ataxia,ataxia_supported_confirmed___neurological_exam_shows_signs_consistent_with_ataxia,ataxia_supported_confirmed___neurological_exam_shows_signs_consistent_with_ataxia,diagnosis,"How the participant's ataxia was supported or confirmed; 'Objective neurological exam signs are consistent with ataxia (examples: dysmetria, dysdiadochokinesia, dysarthria, nystagmus)' selected.",NO,release,CHECKBOX_OPTION,redcap,v4,NO,NO,
d_neuro_ataxia_schema,ataxia,ataxia_supported_confirmed___reasonable_evaluation_exclude_major_alternative_explanations,ataxia_supported_confirmed___reasonable_evaluation_exclude_major_alternative_explanations,diagnosis,"How the participant's ataxia was supported or confirmed; 'Reasonable evaluation was done to exclude major alternative explanations (examples: sensory loss, weakness or spasticity, intoxication or medication effect) or to classify the type with supporting findings' selected.",NO,release,CHECKBOX_OPTION,redcap,v4,NO,NO,
d_neuro_ataxia_schema,ataxia,ataxia_supported_confirmed___severity_standardized_ataxia_scale,ataxia_supported_confirmed___severity_standardized_ataxia_scale,diagnosis,"How the participant's ataxia was supported or confirmed; 'Severity quantified using a standardized ataxia scale (examples: SARA, ICARS, or FARS)' selected.",NO,release,CHECKBOX_OPTION,redcap,v4,NO,NO,
d_neuro_ataxia_schema,ataxia,ataxia_supported_confirmed___supporting_testing_performed,ataxia_supported_confirmed___supporting_testing_performed,diagnosis,"How the participant's ataxia was supported or confirmed; 'Supporting testing performed (examples: MRI findings consistent with cerebellar pathology, or relevant labs or genetic testing depending on suspected cause)' selected.",NO,release,CHECKBOX_OPTION,redcap,v4,NO,NO,
d_neuro_ataxia_schema,ataxia,ataxia_supported_confirmed___unknown,ataxia_supported_confirmed___unknown,diagnosis,How the participant's ataxia was supported or confirmed; 'Unknown' selected.,NO,release,CHECKBOX_OPTION,redcap,v4,NO,NO,
d_neuro_ataxia_schema,ataxia,ataxia_tests_performed,ataxia_tests_performed,diagnosis,Tests performed (select all that apply),NO,release,VARIABLE,redcap,pre-v4,NO,NO,
d_neuro_ataxia_schema,ataxia,ataxia_tests_performed___acquired_ataxia_workup,ataxia_tests_performed___acquired_ataxia_workup,diagnosis,Test performed in the participant's ataxia workup; 'Acquired ataxia workup' selected.,NO,release,CHECKBOX_OPTION,redcap,v4,NO,NO,
d_neuro_ataxia_schema,ataxia,ataxia_tests_performed___brain_mri,ataxia_tests_performed___brain_mri,diagnosis,Test performed in the participant's ataxia workup; 'Brain MRI' selected.,NO,release,CHECKBOX_OPTION,redcap,v4,NO,NO,
d_neuro_ataxia_schema,ataxia,ataxia_tests_performed___genetic_testing,ataxia_tests_performed___genetic_testing,diagnosis,Test performed in the participant's ataxia workup; 'Genetic testing' selected.,NO,release,CHECKBOX_OPTION,redcap,v4,NO,NO,
d_neuro_ataxia_schema,ataxia,ataxia_tests_performed___other_testing,ataxia_tests_performed___other_testing,diagnosis,Test performed in the participant's ataxia workup; 'Other testing' selected.,NO,release,CHECKBOX_OPTION,redcap,v4,NO,NO,
d_neuro_ataxia_schema,ataxia,ataxia_tests_performed___relevant_labs_performed,ataxia_tests_performed___relevant_labs_performed,diagnosis,"Test performed in the participant's ataxia workup; 'Relevant labs performed (metabolic, nutritional, autoimmune, blood, CSF, or serum)' selected.",NO,release,CHECKBOX_OPTION,redcap,v4,NO,NO,
d_neuro_ataxia_schema,ataxia,ataxia_treatment_or_therapy,ataxia_treatment_or_therapy,diagnosis,Whether the participant has received any treatment or therapy for ataxia.,NO,release,VARIABLE,redcap,v4,NO,NO,
d_neuro_ataxia_schema,ataxia,ataxia_treatment_types_selection,ataxia_treatment_types_selection,diagnosis,Select all treatment types that apply:,NO,release,VARIABLE,redcap,pre-v4,NO,NO,
d_neuro_ataxia_schema,ataxia,ataxia_treatment_types_selection___assistive_devices,ataxia_treatment_types_selection___assistive_devices,diagnosis,"Type of treatment the participant received for ataxia; 'Assistive devices (cane, walker, wheelchair)' selected.",NO,release,CHECKBOX_OPTION,redcap,v4,NO,NO,
d_neuro_ataxia_schema,ataxia,ataxia_treatment_types_selection___etiology_targeted_treatment,ataxia_treatment_types_selection___etiology_targeted_treatment,diagnosis,Type of treatment the participant received for ataxia; 'Etiology-targeted treatment (if applicable)' selected.,NO,release,CHECKBOX_OPTION,redcap,v4,NO,NO,
d_neuro_ataxia_schema,ataxia,ataxia_treatment_types_selection___other,ataxia_treatment_types_selection___other,diagnosis,Type of treatment the participant received for ataxia; 'Other' selected.,NO,release,CHECKBOX_OPTION,redcap,v4,NO,NO,
d_neuro_ataxia_schema,ataxia,ataxia_treatment_types_selection___rehabilitation_therapies,ataxia_treatment_types_selection___rehabilitation_therapies,diagnosis,"Type of treatment the participant received for ataxia; 'Rehabilitation therapies (PT, OT, speech therapy)' selected.",NO,release,CHECKBOX_OPTION,redcap,v4,NO,NO,
d_neuro_ataxia_schema,ataxia,ataxia_type,ataxia_type,diagnosis,"Predominant type of the participant's ataxia (cerebellar, sensory, vestibular, mixed or unclear, other, or unknown).",NO,release,VARIABLE,redcap,v4,NO,NO,
d_neuro_ataxia_schema,ataxia,ataxia_type_other,ataxia_type_other,diagnosis,Other predominant ataxia type,NO,review,VARIABLE,redcap,v4,NO,NO,
d_neuro_ataxia_schema,ataxia,ataxia_vestibular_key_findings,ataxia_vestibular_key_findings,diagnosis,Key findings (optional):,NO,review,VARIABLE,redcap,v4,NO,NO,
d_neuro_ataxia_schema,ataxia,ataxia_vestibular_test_results,ataxia_vestibular_test_results,diagnosis,"Result of the participant's vestibular testing (normal, abnormal, or unknown).",NO,release,VARIABLE,redcap,v4,NO,NO,
d_neuro_ataxia_schema,ataxia,ataxia_vestibular_testing_performed,ataxia_vestibular_testing_performed,diagnosis,Whether vestibular testing was performed for the participant.,NO,release,VARIABLE,redcap,v4,NO,NO,
d_neuro_ataxia_schema,ataxia,ataxia_workup_results,ataxia_workup_results,diagnosis,"Result of the participant's ataxia workup (normal, abnormal, or unknown).",NO,release,VARIABLE,redcap,v4,NO,NO,
d_neuro_ataxia_schema,ataxia,ataxia_workup_results_key_findings,ataxia_workup_results_key_findings,diagnosis,Key findings (optional),NO,review,VARIABLE,redcap,v4,NO,NO,
d_neuro_ataxia_schema,ataxia,diagnosis_ataxia_gsd,diagnosis_ataxia_gold_standard_diagnosis,diagnosis,Clinician-confirmed gold-standard determination of whether the participant has ataxia.,NO,release,VARIABLE,redcap,v4,NO,NO,
d_neuro_ataxia_schema,ataxia,diagnosis_ataxia_gsd_confirmation_method,diagnosis_ataxia_gold_standard_diagnosis_confirmation_method,diagnosis,How was this diagnosis confirmed? Select all that apply.,NO,release,VARIABLE,redcap,pre-v4,NO,NO,
d_neuro_ataxia_schema,ataxia,diagnosis_ataxia_gsd_confirmation_method___hospital_discharge_summary,diagnosis_ataxia_gold_standard_diagnosis_confirmation_method___hospital_discharge_summary,diagnosis,How the participant's ataxia diagnosis was confirmed; 'Hospital discharge summary' selected.,NO,release,CHECKBOX_OPTION,redcap,v4,NO,NO,
d_neuro_ataxia_schema,ataxia,diagnosis_ataxia_gsd_confirmation_method___movement_disorders_specialist,diagnosis_ataxia_gold_standard_diagnosis_confirmation_method___movement_disorders_specialist,diagnosis,How the participant's ataxia diagnosis was confirmed; 'Movement disorders specialist' selected.,NO,release,CHECKBOX_OPTION,redcap,v4,NO,NO,
d_neuro_ataxia_schema,ataxia,diagnosis_ataxia_gsd_confirmation_method___neurologist,diagnosis_ataxia_gold_standard_diagnosis_confirmation_method___neurologist,diagnosis,How the participant's ataxia diagnosis was confirmed; 'Neurologist' selected.,NO,release,CHECKBOX_OPTION,redcap,v4,NO,NO,
d_neuro_ataxia_schema,ataxia,diagnosis_ataxia_gsd_confirmation_method___other_specialist,diagnosis_ataxia_gold_standard_diagnosis_confirmation_method___other_specialist,diagnosis,How the participant's ataxia diagnosis was confirmed; 'Other specialist' selected.,NO,release,CHECKBOX_OPTION,redcap,v4,NO,NO,
d_neuro_ataxia_schema,ataxia,diagnosis_ataxia_gsd_confirmation_method___participant_self_report,diagnosis_ataxia_gold_standard_diagnosis_confirmation_method___participant_self_report,diagnosis,How the participant's ataxia diagnosis was confirmed; 'Participant self-report' selected.,NO,release,CHECKBOX_OPTION,redcap,v4,NO,NO,
d_neuro_ataxia_schema,ataxia,diagnosis_ataxia_gsd_confirmation_method___problem_list_or_icd_code,diagnosis_ataxia_gold_standard_diagnosis_confirmation_method___problem_list_or_icd_code,diagnosis,How the participant's ataxia diagnosis was confirmed; 'Problem list or ICD code' selected.,NO,release,CHECKBOX_OPTION,redcap,v4,NO,NO,
d_neuro_ataxia_schema,ataxia,diagnosis_ataxia_gsd_confirmation_method___unknown,diagnosis_ataxia_gold_standard_diagnosis_confirmation_method___unknown,diagnosis,How the participant's ataxia diagnosis was confirmed; 'Unknown' selected.,NO,release,CHECKBOX_OPTION,redcap,v4,NO,NO,
d_neuro_essential_tremor_schema,essential_tremor,diagnosis_et_gsd,diagnosis_et_gold_standard_diagnosis,diagnosis,Clinician-confirmed gold-standard determination of whether the participant has essential tremor.,NO,release,VARIABLE,redcap,v4,NO,NO,
d_neuro_essential_tremor_schema,essential_tremor,diagnosis_et_gsd_confirmation_method,diagnosis_et_gold_standard_diagnosis_confirmation_method,diagnosis,How was this diagnosis confirmed? Select all that apply.,NO,release,VARIABLE,redcap,pre-v4,NO,NO,
d_neuro_essential_tremor_schema,essential_tremor,diagnosis_et_gsd_confirmation_method___diagnostic_testing,diagnosis_et_gold_standard_diagnosis_confirmation_method___diagnostic_testing,diagnosis,How the participant's essential tremor diagnosis was confirmed; 'Diagnostic testing' selected.,NO,release,CHECKBOX_OPTION,redcap,v4,NO,NO,
d_neuro_essential_tremor_schema,essential_tremor,diagnosis_et_gsd_confirmation_method___hospital_discharge_summary,diagnosis_et_gold_standard_diagnosis_confirmation_method___hospital_discharge_summary,diagnosis,How the participant's essential tremor diagnosis was confirmed; 'Hospital discharge summary' selected.,NO,release,CHECKBOX_OPTION,redcap,v4,NO,NO,
d_neuro_essential_tremor_schema,essential_tremor,diagnosis_et_gsd_confirmation_method___movement_disorders_specialist,diagnosis_et_gold_standard_diagnosis_confirmation_method___movement_disorders_specialist,diagnosis,How the participant's essential tremor diagnosis was confirmed; 'Movement disorders specialist' selected.,NO,release,CHECKBOX_OPTION,redcap,v4,NO,NO,
d_neuro_essential_tremor_schema,essential_tremor,diagnosis_et_gsd_confirmation_method___neurologist,diagnosis_et_gold_standard_diagnosis_confirmation_method___neurologist,diagnosis,Method by which the participant's essential tremor diagnosis was confirmed; selected option: Neurologist.,NO,release,CHECKBOX_OPTION,redcap,v4,NO,NO,
d_neuro_essential_tremor_schema,essential_tremor,diagnosis_et_gsd_confirmation_method___other_specialist,diagnosis_et_gold_standard_diagnosis_confirmation_method___other_specialist,diagnosis,Method by which the participant's essential tremor diagnosis was confirmed; selected option: Other specialist.,NO,release,CHECKBOX_OPTION,redcap,v4,NO,NO,
d_neuro_essential_tremor_schema,essential_tremor,diagnosis_et_gsd_confirmation_method___participant_self_report,diagnosis_et_gold_standard_diagnosis_confirmation_method___participant_self_report,diagnosis,Method by which the participant's essential tremor diagnosis was confirmed; selected option: Participant self-report.,NO,release,CHECKBOX_OPTION,redcap,v4,NO,NO,
d_neuro_essential_tremor_schema,essential_tremor,diagnosis_et_gsd_confirmation_method___problem_list_or_icd_code,diagnosis_et_gold_standard_diagnosis_confirmation_method___problem_list_or_icd_code,diagnosis,Method by which the participant's essential tremor diagnosis was confirmed; selected option: Problem list or ICD code.,NO,release,CHECKBOX_OPTION,redcap,v4,NO,NO,
d_neuro_essential_tremor_schema,essential_tremor,diagnosis_et_gsd_confirmation_method___unknown,diagnosis_et_gold_standard_diagnosis_confirmation_method___unknown,diagnosis,Method by which the participant's essential tremor diagnosis was confirmed; selected option: Unknown.,NO,release,CHECKBOX_OPTION,redcap,v4,NO,NO,
d_neuro_essential_tremor_schema,essential_tremor,et_action_tremor_history_exam,et_action_tremor_history_exam,diagnosis,Whether there is evidence of bilateral upper-limb action tremor documented by history or exam (essential tremor validation criterion).,NO,release,VARIABLE,redcap,v4,NO,NO,
d_neuro_essential_tremor_schema,essential_tremor,et_adl_scale_used,et_adl_scale_used,diagnosis,ADL scale used:,NO,review,VARIABLE,redcap,v4,NO,NO,
d_neuro_essential_tremor_schema,,et_adl_score_available_label,et_adl_score_available_label,,ADL score available,YES,drop,VARIABLE,redcap,pre-v4,NO,NO,
d_neuro_essential_tremor_schema,essential_tremor,et_adl_total_score,et_adl_total_score,diagnosis,ADL total score:,NO,internal,VARIABLE,redcap,v4,NO,NO,
d_neuro_essential_tremor_schema,essential_tremor,et_brain_mri_key_findings,et_brain_mri_key_findings,diagnosis,Key findings (optional):,NO,review,VARIABLE,redcap,v4,NO,NO,
d_neuro_essential_tremor_schema,,et_brain_mri_label,et_brain_mri_label,,Brain MRI,YES,drop,VARIABLE,redcap,pre-v4,NO,NO,
d_neuro_essential_tremor_schema,essential_tremor,et_brain_mri_other_abnormalities,et_brain_mri_other_abnormalities,diagnosis,"Other abnormalities

Please specify:",NO,review,VARIABLE,redcap,v4,NO,NO,
d_neuro_essential_tremor_schema,essential_tremor,et_brain_mri_results,et_brain_mri_results,diagnosis,"Brain MRI results in the participant's essential tremor workup, recorded as normal, abnormal, or unknown. This column is not populated in this release.",NO,release,VARIABLE,redcap,v4,NO,NO,
d_neuro_essential_tremor_schema,essential_tremor,et_brain_mri_results_abnormal,et_brain_mri_results_abnormal,diagnosis,"Type of abnormality identified on brain MRI when results were abnormal (e.g., cerebellar atrophy, brain stem atrophy, or other abnormalities). This column is not populated in this release.",NO,release,VARIABLE,redcap,v4,NO,NO,
d_neuro_essential_tremor_schema,essential_tremor,et_calculated_validated_result,et_calculated_validated_result,diagnosis,Calculated essential tremor validation flag (values 'Validated Yes' / 'Validated No'). 'Validated Yes' = all three validation checks were met: bilateral upper-limb action tremor documented by history or exam; tremor duration of at least three years; and no better alternative diagnosis documented. 'Validated No' = at least one check was not met.,NO,release,VARIABLE,redcap,v4,YES,NO,
d_neuro_essential_tremor_schema,essential_tremor,et_datscan_dopaminergic_evaluation_performed_key_findings,et_datscan_dopaminergic_evaluation_performed_key_findings,diagnosis,Key findings (optional):,NO,review,VARIABLE,redcap,v4,NO,NO,
d_neuro_essential_tremor_schema,essential_tremor,et_datscan_dopaminergic_evaluation_results,et_datscan_dopaminergic_evaluation_results,diagnosis,"DaTscan or dopaminergic evaluation results in the participant's essential tremor workup, recorded as normal, abnormal, or unknown. This column is not populated in this release.",NO,release,VARIABLE,redcap,v4,NO,NO,
d_neuro_essential_tremor_schema,,et_datscan_label,et_datscan_label,,DaTscan or dopaminergic evaluation performed,YES,drop,VARIABLE,redcap,pre-v4,NO,NO,
d_neuro_essential_tremor_schema,essential_tremor,et_datscan_specify_test,et_datscan_specify_test,diagnosis,Please specify test:,NO,review,VARIABLE,redcap,v4,NO,NO,
d_neuro_essential_tremor_schema,essential_tremor,et_electrophysiologic_tremor_analysis_performed,et_electrophysiologic_tremor_analysis_performed,diagnosis,"Electrophysiologic tremor analysis results in the participant's essential tremor workup, recorded as Normal, Abnormal, or Unknown. This column is not populated in this release.",NO,release,VARIABLE,redcap,v4,NO,NO,
d_neuro_essential_tremor_schema,essential_tremor,et_electrophysiologic_tremor_analysis_performed_key_findings,et_electrophysiologic_tremor_analysis_performed_key_findings,diagnosis,Key findings (optional):,NO,review,VARIABLE,redcap,v4,NO,NO,
d_neuro_essential_tremor_schema,,et_electrophysiologic_tremor_analysis_performed_label,et_electrophysiologic_tremor_analysis_performed_label,,Electrophysiologic tremor analysis performed,YES,drop,VARIABLE,redcap,pre-v4,NO,NO,
d_neuro_essential_tremor_schema,essential_tremor,et_ftmtrs_total_score,et_ftmtrs_total_score,diagnosis,"Fahn-Tolosa-Marin (FTMTRS) total score available

FTMTRS total score (0 to 144):",NO,internal,VARIABLE,redcap,v4,NO,NO,
d_neuro_essential_tremor_schema,essential_tremor,et_mds_recent_date_supporting,et_mds_recent_date_supporting,diagnosis,"Movement disorders specialist

Date of most recent documentation supporting essential tremor:",YES,internal,VARIABLE,redcap,v4,NO,YES,
d_neuro_essential_tremor_schema,essential_tremor,et_medications_other_specify,et_medications_other_specify,diagnosis,Other essential tremor medication,NO,review,VARIABLE,redcap,v4,NO,NO,
d_neuro_essential_tremor_schema,essential_tremor,et_medications_selection,et_medications_selection,diagnosis,Medications (select all that apply),NO,release,VARIABLE,redcap,pre-v4,NO,NO,controlled
d_neuro_essential_tremor_schema,essential_tremor,et_medications_selection___benzodiazepines,et_medications_selection___benzodiazepines,diagnosis,Medication the participant received for essential tremor; selected option: Benzodiazepines (i.e. clonazepam).,NO,release,CHECKBOX_OPTION,redcap,v4,NO,NO,controlled
d_neuro_essential_tremor_schema,essential_tremor,et_medications_selection___botulinum_toxin,et_medications_selection___botulinum_toxin,diagnosis,Medication the participant received for essential tremor; selected option: Botulinum toxin.,NO,release,CHECKBOX_OPTION,redcap,v4,NO,NO,controlled
d_neuro_essential_tremor_schema,essential_tremor,et_medications_selection___gabapentin,et_medications_selection___gabapentin,diagnosis,Medication the participant received for essential tremor; selected option: Gabapentin.,NO,release,CHECKBOX_OPTION,redcap,v4,NO,NO,controlled
d_neuro_essential_tremor_schema,essential_tremor,et_medications_selection___other,et_medications_selection___other,diagnosis,Medication the participant received for essential tremor; selected option: Other.,NO,release,CHECKBOX_OPTION,redcap,v4,NO,NO,controlled
d_neuro_essential_tremor_schema,essential_tremor,et_medications_selection___primidone,et_medications_selection___primidone,diagnosis,Medication the participant received for essential tremor; selected option: Primidone.,NO,release,CHECKBOX_OPTION,redcap,v4,NO,NO,controlled
d_neuro_essential_tremor_schema,essential_tremor,et_medications_selection___propranolol,et_medications_selection___propranolol,diagnosis,Medication the participant received for essential tremor; selected option: Propranolol.,NO,release,CHECKBOX_OPTION,redcap,v4,NO,NO,controlled
d_neuro_essential_tremor_schema,essential_tremor,et_medications_selection___topiramate,et_medications_selection___topiramate,diagnosis,Medication the participant received for essential tremor; selected option: Topiramate.,NO,release,CHECKBOX_OPTION,redcap,v4,NO,NO,controlled
d_neuro_essential_tremor_schema,essential_tremor,et_neurologist_recent_date_supporting,et_neurologist_recent_date_supporting,diagnosis,"Neurologist

Date of most recent documentation supporting essential tremor:",YES,internal,VARIABLE,redcap,v4,NO,YES,
d_neuro_essential_tremor_schema,essential_tremor,et_no_alternative_dx_documented,et_no_alternative_dx_documented,diagnosis,"Whether no better alternative diagnosis is documented (e.g., parkinsonian, dystonic, cerebellar, functional, or medication-induced tremor); essential tremor validation criterion.",NO,release,VARIABLE,redcap,v4,NO,NO,
d_neuro_essential_tremor_schema,essential_tremor,et_non_pharmacological_interventions_other_specify,et_non_pharmacological_interventions_other_specify,diagnosis,Other essential tremor non-pharmacological intervention,NO,review,VARIABLE,redcap,v4,NO,NO,
d_neuro_essential_tremor_schema,essential_tremor,et_non_pharmacological_interventions_selection,et_non_pharmacological_interventions_selection,diagnosis,Non-pharmacological interventions (select all that apply),NO,release,VARIABLE,redcap,pre-v4,NO,NO,
d_neuro_essential_tremor_schema,essential_tremor,et_non_pharmacological_interventions_selection___deep_brain_stimulation,et_non_pharmacological_interventions_selection___deep_brain_stimulation,diagnosis,Non-pharmacological intervention the participant received for essential tremor; selected option: Deep Brain Stimulation (DBS).,NO,release,CHECKBOX_OPTION,redcap,v4,NO,NO,
d_neuro_essential_tremor_schema,essential_tremor,et_non_pharmacological_interventions_selection___focused_ultrasound,et_non_pharmacological_interventions_selection___focused_ultrasound,diagnosis,Non-pharmacological intervention the participant received for essential tremor; selected option: Focused ultrasound.,NO,release,CHECKBOX_OPTION,redcap,v4,NO,NO,
d_neuro_essential_tremor_schema,essential_tremor,et_non_pharmacological_interventions_selection___occupational_therapy,et_non_pharmacological_interventions_selection___occupational_therapy,diagnosis,Non-pharmacological intervention the participant received for essential tremor; selected option: Occupational therapy.,NO,release,CHECKBOX_OPTION,redcap,v4,NO,NO,
d_neuro_essential_tremor_schema,essential_tremor,et_non_pharmacological_interventions_selection___other,et_non_pharmacological_interventions_selection___other,diagnosis,Non-pharmacological intervention the participant received for essential tremor; selected option: Other.,NO,release,CHECKBOX_OPTION,redcap,v4,NO,NO,
d_neuro_essential_tremor_schema,essential_tremor,et_non_pharmacological_interventions_selection___physical_therapy,et_non_pharmacological_interventions_selection___physical_therapy,diagnosis,Non-pharmacological intervention the participant received for essential tremor; selected option: Physical therapy.,NO,release,CHECKBOX_OPTION,redcap,v4,NO,NO,
d_neuro_essential_tremor_schema,essential_tremor,et_non_pharmacological_interventions_selection___speech_therapy,et_non_pharmacological_interventions_selection___speech_therapy,diagnosis,Non-pharmacological intervention the participant received for essential tremor; selected option: Speech therapy.,NO,release,CHECKBOX_OPTION,redcap,v4,NO,NO,
d_neuro_essential_tremor_schema,essential_tremor,et_other_scale_identify_scale,et_other_scale_identify_scale,diagnosis,Identify scale:,NO,review,VARIABLE,redcap,v4,NO,NO,
d_neuro_essential_tremor_schema,,et_other_scale_label,et_other_scale_label,,Other scale,YES,drop,VARIABLE,redcap,pre-v4,NO,NO,
d_neuro_essential_tremor_schema,essential_tremor,et_other_scale_total_score,et_other_scale_total_score,diagnosis,Total score:,NO,review,VARIABLE,redcap,v4,NO,NO,
d_neuro_essential_tremor_schema,essential_tremor,et_other_specialist_selected,et_other_specialist_selected,diagnosis,"Other specialist

Please specify:",NO,review,VARIABLE,redcap,v4,NO,NO,
d_neuro_essential_tremor_schema,essential_tremor,et_other_testing_key_findings,et_other_testing_key_findings,diagnosis,Key findings (optional):,NO,review,VARIABLE,redcap,v4,NO,NO,
d_neuro_essential_tremor_schema,,et_other_testing_label,et_other_testing_label,,Other testing,YES,drop,VARIABLE,redcap,pre-v4,NO,NO,
d_neuro_essential_tremor_schema,essential_tremor,et_other_testing_results,et_other_testing_results,diagnosis,"Other testing results in the participant's essential tremor workup (normal, abnormal, or unknown).",NO,release,VARIABLE,redcap,v4,NO,NO,
d_neuro_essential_tremor_schema,essential_tremor,et_other_testing_specify_test,et_other_testing_specify_test,diagnosis,Please specify test:,NO,review,VARIABLE,redcap,v4,NO,NO,
d_neuro_essential_tremor_schema,essential_tremor,et_participant_have_any_other_condition,et_participant_have_any_other_condition,diagnosis,Does the participant have signs of any other condition? (select all that apply),NO,release,VARIABLE,redcap,pre-v4,NO,NO,
d_neuro_essential_tremor_schema,essential_tremor,et_participant_have_any_other_condition___ataxia_or_dysmetria,et_participant_have_any_other_condition___ataxia_or_dysmetria,diagnosis,Sign of another condition documented for the participant in the essential tremor disease-type assessment; selected option: Ataxia or dysmetria.,NO,release,CHECKBOX_OPTION,redcap,v4,NO,NO,
d_neuro_essential_tremor_schema,essential_tremor,et_participant_have_any_other_condition___cerebellar_signs,et_participant_have_any_other_condition___cerebellar_signs,diagnosis,Sign of another condition documented for the participant in the essential tremor disease-type assessment; selected option: Cerebellar signs.,NO,release,CHECKBOX_OPTION,redcap,v4,NO,NO,
d_neuro_essential_tremor_schema,essential_tremor,et_participant_have_any_other_condition___dystonia,et_participant_have_any_other_condition___dystonia,diagnosis,Sign of another condition documented for the participant in the essential tremor disease-type assessment; selected option: Dystonia.,NO,release,CHECKBOX_OPTION,redcap,v4,NO,NO,
d_neuro_essential_tremor_schema,essential_tremor,et_participant_have_any_other_condition___functional_tremor,et_participant_have_any_other_condition___functional_tremor,diagnosis,Sign of another condition documented for the participant in the essential tremor disease-type assessment; selected option: Functional tremor.,NO,release,CHECKBOX_OPTION,redcap,v4,NO,NO,
d_neuro_essential_tremor_schema,essential_tremor,et_participant_have_any_other_condition___medication_or_substance_related_tremor,et_participant_have_any_other_condition___medication_or_substance_related_tremor,diagnosis,Sign of another condition documented for the participant in the essential tremor disease-type assessment; selected option: Medication or substance-related tremor.,NO,release,CHECKBOX_OPTION,redcap,v4,NO,NO,
d_neuro_essential_tremor_schema,essential_tremor,et_participant_have_any_other_condition___not_evaluated_or_documented,et_participant_have_any_other_condition___not_evaluated_or_documented,diagnosis,Sign of another condition documented for the participant in the essential tremor disease-type assessment; selected option: Not evaluated or documented.,NO,release,CHECKBOX_OPTION,redcap,v4,NO,NO,
d_neuro_essential_tremor_schema,essential_tremor,et_participant_have_any_other_condition___parkinsonism,et_participant_have_any_other_condition___parkinsonism,diagnosis,Sign of another condition documented for the participant in the essential tremor disease-type assessment; selected option: Parkinsonism.,NO,release,CHECKBOX_OPTION,redcap,v4,NO,NO,
d_neuro_essential_tremor_schema,essential_tremor,et_participant_have_any_other_condition___thyroid_or_metabolic_condition,et_participant_have_any_other_condition___thyroid_or_metabolic_condition,diagnosis,Sign of another condition documented for the participant in the essential tremor disease-type assessment; selected option: Thyroid or metabolic condition.,NO,release,CHECKBOX_OPTION,redcap,v4,NO,NO,
d_neuro_essential_tremor_schema,essential_tremor,et_past_intervention_selection,et_past_intervention_selection,diagnosis,Past intervention (select all that apply),NO,release,VARIABLE,redcap,pre-v4,NO,NO,
d_neuro_essential_tremor_schema,essential_tremor,et_past_intervention_selection___deep_brain_stimulation,et_past_intervention_selection___deep_brain_stimulation,diagnosis,Past intervention the participant received for essential tremor; selected option: Deep Brain Stimulation.,NO,release,CHECKBOX_OPTION,redcap,v4,NO,NO,
d_neuro_essential_tremor_schema,essential_tremor,et_past_intervention_selection___focused_ultrasound,et_past_intervention_selection___focused_ultrasound,diagnosis,Past intervention the participant received for essential tremor; selected option: Focused ultrasound.,NO,release,CHECKBOX_OPTION,redcap,v4,NO,NO,
d_neuro_essential_tremor_schema,essential_tremor,et_past_intervention_selection___surgery,et_past_intervention_selection___surgery,diagnosis,Past intervention the participant received for essential tremor; selected option: Surgery.,NO,release,CHECKBOX_OPTION,redcap,v4,NO,NO,
d_neuro_essential_tremor_schema,essential_tremor,et_receiving_any_treatment_or_therapy,et_receiving_any_treatment_or_therapy,diagnosis,Whether the participant is currently receiving any treatment or therapy for essential tremor.,NO,release,VARIABLE,redcap,v4,NO,NO,
d_neuro_essential_tremor_schema,essential_tremor,et_relevant_labs_performed_autoimmune_option,et_relevant_labs_performed_autoimmune_option,diagnosis,"Autoimmune

Identify key results:",NO,review,VARIABLE,redcap,v4,NO,NO,
d_neuro_essential_tremor_schema,essential_tremor,et_relevant_labs_performed_blood_option,et_relevant_labs_performed_blood_option,diagnosis,"Blood

Identify key results:",NO,review,VARIABLE,redcap,v4,NO,NO,
d_neuro_essential_tremor_schema,essential_tremor,et_relevant_labs_performed_csf_option,et_relevant_labs_performed_csf_option,diagnosis,"CSF

Identify key results:",NO,review,VARIABLE,redcap,v4,NO,NO,
d_neuro_essential_tremor_schema,,et_relevant_labs_performed_label,et_relevant_labs_performed_label,,"Relevant labs performed (metabolic, nutritional, autoimmune, blood, CSF, or serum)",YES,drop,VARIABLE,redcap,pre-v4,NO,NO,
d_neuro_essential_tremor_schema,essential_tremor,et_relevant_labs_performed_metabolic_option,et_relevant_labs_performed_metabolic_option,diagnosis,"Metabolic

Identify key results:",NO,review,VARIABLE,redcap,v4,NO,NO,
d_neuro_essential_tremor_schema,essential_tremor,et_relevant_labs_performed_nutritional_option,et_relevant_labs_performed_nutritional_option,diagnosis,"Nutritional

Identify key results:",NO,review,VARIABLE,redcap,v4,NO,NO,
d_neuro_essential_tremor_schema,essential_tremor,et_relevant_labs_performed_other_option_identify_key_results,et_relevant_labs_performed_other_option_identify_key_results,diagnosis,Identify key results:,NO,review,VARIABLE,redcap,v4,NO,NO,
d_neuro_essential_tremor_schema,,et_relevant_labs_performed_other_option_label,et_relevant_labs_performed_other_option_label,,Other,YES,drop,VARIABLE,redcap,pre-v4,NO,NO,
d_neuro_essential_tremor_schema,essential_tremor,et_relevant_labs_performed_other_option_specify_test,et_relevant_labs_performed_other_option_specify_test,diagnosis,Please specify test:,NO,review,VARIABLE,redcap,v4,NO,NO,
d_neuro_essential_tremor_schema,essential_tremor,et_relevant_labs_performed_serum_option,et_relevant_labs_performed_serum_option,diagnosis,"Serum

Identify key results:",NO,review,VARIABLE,redcap,v4,NO,NO,
d_neuro_essential_tremor_schema,essential_tremor,et_relevant_labs_selection,et_relevant_labs_selection,diagnosis,Relevant labs (select all that apply):,NO,release,VARIABLE,redcap,pre-v4,NO,NO,
d_neuro_essential_tremor_schema,essential_tremor,et_relevant_labs_selection___autoimmune,et_relevant_labs_selection___autoimmune,diagnosis,Relevant lab performed in the participant's essential tremor workup; selected option: Autoimmune.,NO,release,CHECKBOX_OPTION,redcap,v4,NO,NO,
d_neuro_essential_tremor_schema,essential_tremor,et_relevant_labs_selection___blood,et_relevant_labs_selection___blood,diagnosis,Relevant lab performed in the participant's essential tremor workup; selected option: Blood.,NO,release,CHECKBOX_OPTION,redcap,v4,NO,NO,
d_neuro_essential_tremor_schema,essential_tremor,et_relevant_labs_selection___csf,et_relevant_labs_selection___csf,diagnosis,Relevant lab performed in the participant's essential tremor workup; selected option: CSF.,NO,release,CHECKBOX_OPTION,redcap,v4,NO,NO,
d_neuro_essential_tremor_schema,essential_tremor,et_relevant_labs_selection___metabolic,et_relevant_labs_selection___metabolic,diagnosis,Relevant lab performed in the participant's essential tremor workup; selected option: Metabolic.,NO,release,CHECKBOX_OPTION,redcap,v4,NO,NO,
d_neuro_essential_tremor_schema,essential_tremor,et_relevant_labs_selection___nutritional,et_relevant_labs_selection___nutritional,diagnosis,Relevant lab performed in the participant's essential tremor workup; selected option: Nutritional.,NO,release,CHECKBOX_OPTION,redcap,v4,NO,NO,
d_neuro_essential_tremor_schema,essential_tremor,et_relevant_labs_selection___other,et_relevant_labs_selection___other,diagnosis,Relevant lab performed in the participant's essential tremor workup; selected option: Other.,NO,release,CHECKBOX_OPTION,redcap,v4,NO,NO,
d_neuro_essential_tremor_schema,essential_tremor,et_relevant_labs_selection___serum,et_relevant_labs_selection___serum,diagnosis,Relevant lab performed in the participant's essential tremor workup; selected option: Serum.,NO,release,CHECKBOX_OPTION,redcap,v4,NO,NO,
d_neuro_essential_tremor_schema,essential_tremor,et_rest_tremor_documented,et_rest_tremor_documented,diagnosis,Whether rest tremor is also documented for the participant.,NO,release,VARIABLE,redcap,v4,NO,NO,
d_neuro_essential_tremor_schema,essential_tremor,et_scores_or_results_tremor_assessment_scales,et_scores_or_results_tremor_assessment_scales,diagnosis,Please provide scores or results from tremor rating assessment scales (select all that apply).,NO,release,VARIABLE,redcap,pre-v4,NO,NO,
d_neuro_essential_tremor_schema,essential_tremor,et_scores_or_results_tremor_assessment_scales___adl_score,et_scores_or_results_tremor_assessment_scales___adl_score,diagnosis,Tremor rating assessment scale with available scores or results for the participant; selected option: ADL score available.,NO,release,CHECKBOX_OPTION,redcap,v4,NO,NO,
d_neuro_essential_tremor_schema,essential_tremor,et_scores_or_results_tremor_assessment_scales___ftmtrs_total_score,et_scores_or_results_tremor_assessment_scales___ftmtrs_total_score,diagnosis,Tremor rating assessment scale with available scores or results for the participant; selected option: Fahn-Tolosa-Marin (FTMTRS) total score available.,NO,release,CHECKBOX_OPTION,redcap,v4,NO,NO,
d_neuro_essential_tremor_schema,essential_tremor,et_scores_or_results_tremor_assessment_scales___other_scale,et_scores_or_results_tremor_assessment_scales___other_scale,diagnosis,Tremor rating assessment scale with available scores or results for the participant; selected option: Other scale.,NO,release,CHECKBOX_OPTION,redcap,v4,NO,NO,
d_neuro_essential_tremor_schema,essential_tremor,et_scores_or_results_tremor_assessment_scales___tetras_performance_score,et_scores_or_results_tremor_assessment_scales___tetras_performance_score,diagnosis,Tremor rating assessment scale with available scores or results for the participant; selected option: TETRAS performance score available.,NO,release,CHECKBOX_OPTION,redcap,v4,NO,NO,
d_neuro_essential_tremor_schema,essential_tremor,et_supportive_clinical_features,et_supportive_clinical_features,diagnosis,Supportive clinical features (select all that apply),NO,release,VARIABLE,redcap,pre-v4,NO,NO,
d_neuro_essential_tremor_schema,essential_tremor,et_supportive_clinical_features___difficulty_eating_drinking_writing_dressing_due_to_tremor,et_supportive_clinical_features___difficulty_eating_drinking_writing_dressing_due_to_tremor,diagnosis,"Supportive clinical feature documented for the participant in the essential tremor disease-type assessment; selected option: Difficulty eating, drinking, writing, or dressing due to tremor.",NO,release,CHECKBOX_OPTION,redcap,v4,NO,NO,
d_neuro_essential_tremor_schema,essential_tremor,et_supportive_clinical_features___family_history_of_tremor,et_supportive_clinical_features___family_history_of_tremor,diagnosis,Supportive clinical feature documented for the participant in the essential tremor disease-type assessment; selected option: Family history of tremor.,NO,release,CHECKBOX_OPTION,redcap,v4,NO,NO,
d_neuro_essential_tremor_schema,essential_tremor,et_supportive_clinical_features___handwriting_or_spiral_abnormality_documented,et_supportive_clinical_features___handwriting_or_spiral_abnormality_documented,diagnosis,Supportive clinical feature documented for the participant in the essential tremor disease-type assessment; selected option: Handwriting or spiral abnormality documented.,NO,release,CHECKBOX_OPTION,redcap,v4,NO,NO,
d_neuro_essential_tremor_schema,essential_tremor,et_supportive_clinical_features___social_or_quality_of_life_impact_documented,et_supportive_clinical_features___social_or_quality_of_life_impact_documented,diagnosis,Supportive clinical feature documented for the participant in the essential tremor disease-type assessment; selected option: Social or quality-of-life impact documented.,NO,release,CHECKBOX_OPTION,redcap,v4,NO,NO,
d_neuro_essential_tremor_schema,essential_tremor,et_supportive_clinical_features___tetras_performance_adl_ftmtrs_scores_available,et_supportive_clinical_features___tetras_performance_adl_ftmtrs_scores_available,diagnosis,"Supportive clinical feature documented for the participant in the essential tremor disease-type assessment; selected option: TETRAS performance, ADL, or Fahn-Tolosa-Marin scores available.",NO,release,CHECKBOX_OPTION,redcap,v4,NO,NO,
d_neuro_essential_tremor_schema,essential_tremor,et_supportive_clinical_features___tremor_improves_with_alcohol,et_supportive_clinical_features___tremor_improves_with_alcohol,diagnosis,Supportive clinical feature documented for the participant in the essential tremor disease-type assessment; selected option: Tremor improves with alcohol.,NO,release,CHECKBOX_OPTION,redcap,v4,NO,NO,
d_neuro_essential_tremor_schema,essential_tremor,et_supportive_clinical_features___unknown_or_not_documented,et_supportive_clinical_features___unknown_or_not_documented,diagnosis,Supportive clinical feature documented for the participant in the essential tremor disease-type assessment; selected option: Unknown or not documented.,NO,release,CHECKBOX_OPTION,redcap,v4,NO,NO,
d_neuro_essential_tremor_schema,essential_tremor,et_tests_analyses_performed,et_tests_analyses_performed,diagnosis,Tests and analyses performed (select all that apply).,NO,release,VARIABLE,redcap,pre-v4,NO,NO,
d_neuro_essential_tremor_schema,essential_tremor,et_tests_analyses_performed___brain_mri,et_tests_analyses_performed___brain_mri,diagnosis,Test or analysis performed in the participant's essential tremor workup; selected option: Brain MRI.,NO,release,CHECKBOX_OPTION,redcap,v4,NO,NO,
d_neuro_essential_tremor_schema,essential_tremor,et_tests_analyses_performed___datscan_or_dopaminergic_evaluation,et_tests_analyses_performed___datscan_or_dopaminergic_evaluation,diagnosis,Test or analysis performed in the participant's essential tremor workup; selected option: DaTscan or dopaminergic evaluation performed.,NO,release,CHECKBOX_OPTION,redcap,v4,NO,NO,
d_neuro_essential_tremor_schema,essential_tremor,et_tests_analyses_performed___electrophysiologic_tremor_analysis,et_tests_analyses_performed___electrophysiologic_tremor_analysis,diagnosis,Test or analysis performed in the participant's essential tremor workup; selected option: Electrophysiologic tremor analysis performed.,NO,release,CHECKBOX_OPTION,redcap,v4,NO,NO,
d_neuro_essential_tremor_schema,essential_tremor,et_tests_analyses_performed___other_testing,et_tests_analyses_performed___other_testing,diagnosis,"Imaging or diagnostic test performed for the participant, from the tests-and-analyses checklist — selected Other testing.",NO,release,CHECKBOX_OPTION,redcap,v4,NO,NO,
d_neuro_essential_tremor_schema,essential_tremor,et_tests_analyses_performed___relevant_labs,et_tests_analyses_performed___relevant_labs,diagnosis,"Imaging or diagnostic test performed for the participant, from the tests-and-analyses checklist — selected Relevant labs performed (metabolic, nutritional, autoimmune, blood, CSF, or serum).",NO,release,CHECKBOX_OPTION,redcap,v4,NO,NO,
d_neuro_essential_tremor_schema,essential_tremor,et_tetras_performance_score,et_tetras_performance_score,diagnosis,"TETRAS performance score available

TETRAS performance score (0 to 64):",NO,internal,VARIABLE,redcap,v4,NO,NO,
d_neuro_essential_tremor_schema,essential_tremor,et_treatment_obtained,et_treatment_obtained,diagnosis,"Whether the participant has ever had deep brain stimulation, focused ultrasound, or surgery as treatment for essential tremor.",NO,release,VARIABLE,redcap,v4,NO,NO,
d_neuro_essential_tremor_schema,essential_tremor,et_treatment_types_selection,et_treatment_types_selection,diagnosis,Select all treatment types that apply:,NO,release,VARIABLE,redcap,pre-v4,NO,NO,
d_neuro_essential_tremor_schema,essential_tremor,et_treatment_types_selection___medications,et_treatment_types_selection___medications,diagnosis,Type of essential tremor treatment selected: Medications.,NO,release,CHECKBOX_OPTION,redcap,v4,NO,NO,
d_neuro_essential_tremor_schema,essential_tremor,et_treatment_types_selection___non_pharmacological_interventions,et_treatment_types_selection___non_pharmacological_interventions,diagnosis,Type of essential tremor treatment selected: Non-pharmacological interventions.,NO,release,CHECKBOX_OPTION,redcap,v4,NO,NO,
d_neuro_essential_tremor_schema,essential_tremor,et_tremor_distribution,et_tremor_distribution,diagnosis,Tremor distribution (select all that apply),NO,release,VARIABLE,redcap,pre-v4,NO,NO,
d_neuro_essential_tremor_schema,essential_tremor,et_tremor_distribution___head,et_tremor_distribution___head,diagnosis,Body region of the participant's tremor distribution — selected Head.,NO,release,CHECKBOX_OPTION,redcap,v4,NO,NO,
d_neuro_essential_tremor_schema,essential_tremor,et_tremor_distribution___jaw,et_tremor_distribution___jaw,diagnosis,Body region of the participant's tremor distribution — selected Jaw.,NO,release,CHECKBOX_OPTION,redcap,v4,NO,NO,
d_neuro_essential_tremor_schema,essential_tremor,et_tremor_distribution___lower_limbs,et_tremor_distribution___lower_limbs,diagnosis,Body region of the participant's tremor distribution — selected Lower limbs.,NO,release,CHECKBOX_OPTION,redcap,v4,NO,NO,
d_neuro_essential_tremor_schema,essential_tremor,et_tremor_distribution___none_of_the_above,et_tremor_distribution___none_of_the_above,diagnosis,Body region of the participant's tremor distribution — selected None of the above.,NO,release,CHECKBOX_OPTION,redcap,v4,NO,NO,
d_neuro_essential_tremor_schema,essential_tremor,et_tremor_distribution___unknown,et_tremor_distribution___unknown,diagnosis,Body region of the participant's tremor distribution — selected Unknown.,NO,release,CHECKBOX_OPTION,redcap,v4,NO,NO,
d_neuro_essential_tremor_schema,essential_tremor,et_tremor_distribution___voice,et_tremor_distribution___voice,diagnosis,Body region of the participant's tremor distribution — selected Voice.,NO,release,CHECKBOX_OPTION,redcap,v4,NO,NO,
d_neuro_essential_tremor_schema,essential_tremor,et_tremor_duration_3yrs,et_tremor_duration_3yrs,diagnosis,Whether the participant's tremor duration is at least three years (essential tremor validation-criteria check).,NO,release,VARIABLE,redcap,v4,NO,NO,
d_neuro_essential_tremor_schema,essential_tremor,et_tremor_postural_or_kinetic,et_tremor_postural_or_kinetic,diagnosis,Whether the participant's tremor is postural or kinetic.,NO,release,VARIABLE,redcap,v4,NO,NO,
subjectparticipant_eligible_studies_schema,eligibility,essential_tremor,self_reported_essential_tremor,enrollment,Essential tremor as self-reported by the participant on the eligibility screening.,NO,release,VARIABLE,redcap,v4,NO,NO,
subjectparticipant_eligible_studies_schema,eligibility,neuro_ataxia,self_reported_neuro_ataxia,enrollment,Ataxia as self-reported by the participant on the eligibility screening.,NO,release,VARIABLE,redcap,v4,NO,NO,
enrollment_form_schema,enrollment,ef_ataxia,self_reported_ataxia,enrollment,Ataxia,YES,internal,VARIABLE,redcap,v4,NO,NO,
enrollment_form_schema,enrollment,ef_essential_tremor,self_reported_essential_tremor,enrollment,Essential tremor as self-reported by the participant on the eligibility screening.,YES,internal,VARIABLE,redcap,v4,NO,NO,
recording_schema,recording,recording_browser,recording_browser,task,Web browser used on the device that made the recording.,NO,release,VARIABLE,redcap,v4,NO,NO,
recording_schema,recording,recording_browser_version,recording_browser_version,task,Recording - Browser Version,NO,internal,VARIABLE,redcap,v4,NO,NO,
recording_schema,recording,recording_device_info,recording_device_info,task,Information about the device used to make the recording.,NO,release,VARIABLE,redcap,v4,NO,NO,
recording_schema,recording,recording_device_type,recording_device_type,task,Type of device used to make the recording.,NO,release,VARIABLE,redcap,v4,NO,NO,
recording_schema,recording,recording_platform,recording_platform,task,Operating-system platform of the device used to make the recording.,NO,release,VARIABLE,redcap,v4,NO,NO,
recording_schema,recording,recording_platform_architecture,recording_platform_architecture,task,Recording - Platform Architecture,NO,internal,VARIABLE,redcap,v4,NO,NO,
recording_schema,recording,recording_platform_version,recording_platform_version,task,Version of the operating-system platform of the device used to make the recording.,NO,release,VARIABLE,redcap,v4,NO,NO,
recording_schema,recording,recording_screen_resolution,recording_screen_resolution,task,Screen resolution of the device used to make the recording.,NO,release,VARIABLE,redcap,v4,NO,NO,
recording_schema,recording,recording_touch_screen,recording_touch_screen,task,Recording - Touch Screen,NO,internal,VARIABLE,redcap,v4,NO,NO,
recording_schema,recording,recording_window_resolution,recording_window_resolution,task,Browser window resolution on the device used to make the recording.,NO,release,VARIABLE,redcap,v4,NO,NO,
prolific_information_schema,enrollment,is_prolific,recruited_via_prolific,enrollment,Is Prolific:,NO,internal,VARIABLE,redcap,v4,NO,NO,
prolific_information_schema,,prolific_id,prolific_id,,Prolific Id:,YES,drop,VARIABLE,redcap,v4,NO,NO,
prolific_information_schema,,show_prolific_study_id,show_prolific_study_id,,Show Prolific Study Id:,YES,drop,VARIABLE,redcap,v4,NO,NO,
bridge2ai_econsent_mit_english_version_2_schema,,consent_mit_date_en_v2,consent_mit_date_en_v2,,Date,YES,drop,VARIABLE,redcap,pre-v4,NO,NO,
bridge2ai_econsent_mit_english_version_2_schema,,consent_mit_name_en_v2,consent_mit_name_en_v2,,Printed Name of Person Taking Part in Study (or Their Parent),YES,drop,VARIABLE,redcap,pre-v4,NO,NO,
bridge2ai_econsent_mit_english_version_2_schema,,consent_mit_p1_en_v2,consent_mit_p1_en_v2,,Consent field from bridge2ai_econsent_mit_english_version_2.,YES,drop,VARIABLE,redcap,pre-v4,NO,NO,
bridge2ai_econsent_mit_english_version_2_schema,,consent_mit_p2_en_v2,consent_mit_p2_en_v2,,Consent field from bridge2ai_econsent_mit_english_version_2.,YES,drop,VARIABLE,redcap,pre-v4,NO,NO,
bridge2ai_econsent_mit_english_version_2_schema,,consent_mit_p3_en_v2,consent_mit_p3_en_v2,,Consent field from bridge2ai_econsent_mit_english_version_2.,YES,drop,VARIABLE,redcap,pre-v4,NO,NO,
bridge2ai_econsent_mit_english_version_2_schema,,consent_mit_signature_en_v2,consent_mit_signature_en_v2,,"Signature of Person Taking Part in Study (or Their Parent)
[Authorization]",YES,drop,VARIABLE,redcap,pre-v4,NO,NO,
bridge2ai_econsent_mit_english_version_2_schema,,mit_icf_date_en_v2,mit_icf_date_en_v2,,Date,YES,drop,VARIABLE,redcap,pre-v4,NO,NO,
bridge2ai_econsent_mit_english_version_2_schema,,mit_icf_name_en_v2,mit_icf_name_en_v2,,Printed Name of Person Taking Part in Study,YES,drop,VARIABLE,redcap,pre-v4,NO,NO,
bridge2ai_econsent_mit_english_version_2_schema,,mit_icf_p1_en_v2,mit_icf_p1_en_v2,,Consent field from bridge2ai_econsent_mit_english_version_2.,YES,drop,VARIABLE,redcap,pre-v4,NO,NO,
bridge2ai_econsent_mit_english_version_2_schema,,mit_icf_p2_en_v2,mit_icf_p2_en_v2,,Consent field from bridge2ai_econsent_mit_english_version_2.,YES,drop,VARIABLE,redcap,pre-v4,NO,NO,
bridge2ai_econsent_mit_english_version_2_schema,,mit_icf_p3_en_v2,mit_icf_p3_en_v2,,Consent field from bridge2ai_econsent_mit_english_version_2.,YES,drop,VARIABLE,redcap,pre-v4,NO,NO,
bridge2ai_econsent_mit_english_version_2_schema,,mit_icf_p4_en_v2,mit_icf_p4_en_v2,,Consent field from bridge2ai_econsent_mit_english_version_2.,YES,drop,VARIABLE,redcap,pre-v4,NO,NO,
bridge2ai_econsent_mit_english_version_2_schema,,mit_icf_p5_en_v2,mit_icf_p5_en_v2,,Consent field from bridge2ai_econsent_mit_english_version_2.,YES,drop,VARIABLE,redcap,pre-v4,NO,NO,
bridge2ai_econsent_mit_english_version_2_schema,,mit_icf_p6_en_v2,mit_icf_p6_en_v2,,Consent field from bridge2ai_econsent_mit_english_version_2.,YES,drop,VARIABLE,redcap,pre-v4,NO,NO,
bridge2ai_econsent_mit_english_version_2_schema,,mit_icf_p7_en_v2,mit_icf_p7_en_v2,,Consent field from bridge2ai_econsent_mit_english_version_2.,YES,drop,VARIABLE,redcap,pre-v4,NO,NO,
bridge2ai_econsent_mit_english_version_2_schema,,mit_icf_p8_en_v2,mit_icf_p8_en_v2,,Consent field from bridge2ai_econsent_mit_english_version_2.,YES,drop,VARIABLE,redcap,pre-v4,NO,NO,
bridge2ai_econsent_mit_english_version_2_schema,,mit_icf_p9_en_v2,mit_icf_p9_en_v2,,Consent field from bridge2ai_econsent_mit_english_version_2.,YES,drop,VARIABLE,redcap,pre-v4,NO,NO,
bridge2ai_econsent_mit_english_version_2_schema,,mit_icf_question_en_v2,mit_icf_question_en_v2,,"Consent to Take Part in ResearchBy signing below, I freely give my consent to take part in this study. I understand that by signing thisform I am agreeing to take part in research. I have received a copy of this form to take with me. Iunderstand that by signing below, I am consenting for my contact information to be kept in a repositoryfor this study, and that this information may be used to contact me in the future for further data collectionif long-term follow-up is required as part of an eventual extension of this grant after the expected 4-yearduration, or to be invited to participate in future research studies. My information will not be shared withthird parties.By signing below, I consent to having all data I submit shared with the researchers of this study and tohaving my audio recordings, written responses, and other coded research data shared with other qualifiedresearchers as described in this consent form. I further consent to the public sharing of my de-identifiedand aggregated study data.I would like to be informed of incidental findings, should the study report this type of information.",YES,drop,VARIABLE,redcap,pre-v4,NO,NO,
bridge2ai_econsent_mit_english_version_2_schema,,mit_icf_signature_en_v2,mit_icf_signature_en_v2,,"Signature of Person Taking Part in Study
[Authorization]",YES,drop,VARIABLE,redcap,pre-v4,NO,NO,
bridge2ai_econsent_mit_spanish_version_2_schema,,consent_mit_p1_es_v2,consent_mit_p1_es_v2,,Consent field from bridge2ai_econsent_mit_spanish_version_2.,YES,drop,VARIABLE,redcap,pre-v4,NO,NO,
bridge2ai_econsent_mit_spanish_version_2_schema,,consent_mit_p2_es_v2,consent_mit_p2_es_v2,,Consent field from bridge2ai_econsent_mit_spanish_version_2.,YES,drop,VARIABLE,redcap,pre-v4,NO,NO,
bridge2ai_econsent_mit_spanish_version_2_schema,,consent_mit_p3_es_v2,consent_mit_p3_es_v2,,Consent field from bridge2ai_econsent_mit_spanish_version_2.,YES,drop,VARIABLE,redcap,pre-v4,NO,NO,
bridge2ai_econsent_mit_spanish_version_2_schema,,consent_mit_p4_es_v2,consent_mit_p4_es_v2,,Consent field from bridge2ai_econsent_mit_spanish_version_2.,YES,drop,VARIABLE,redcap,pre-v4,NO,NO,
bridge2ai_econsent_mit_spanish_version_2_schema,,mit_consent_name_es_v2,mit_consent_name_es_v2,,Nombre Impreso de la Persona que Participa en el Estudio (o su Padre/Madre),YES,drop,VARIABLE,redcap,pre-v4,NO,NO,
bridge2ai_econsent_mit_spanish_version_2_schema,,mit_consent_signature_es_v2,mit_consent_signature_es_v2,,"Firma de la Persona que Participa en el Estudio (o su Padre/Madre)
[Autorización]",YES,drop,VARIABLE,redcap,pre-v4,NO,NO,
bridge2ai_econsent_mit_spanish_version_2_schema,,mit_icf_date_es_v2,mit_icf_date_es_v2,,Fecha,YES,drop,VARIABLE,redcap,pre-v4,NO,NO,
bridge2ai_econsent_mit_spanish_version_2_schema,,mit_icf_name_es_v2,mit_icf_name_es_v2,,Nombre Impreso de la Persona que Participa en el Estudio,YES,drop,VARIABLE,redcap,pre-v4,NO,NO,
bridge2ai_econsent_mit_spanish_version_2_schema,,mit_icf_p1_es_v2,mit_icf_p1_es_v2,,Consent field from bridge2ai_econsent_mit_spanish_version_2.,YES,drop,VARIABLE,redcap,pre-v4,NO,NO,
bridge2ai_econsent_mit_spanish_version_2_schema,,mit_icf_p2_es_v2,mit_icf_p2_es_v2,,Consent field from bridge2ai_econsent_mit_spanish_version_2.,YES,drop,VARIABLE,redcap,pre-v4,NO,NO,
bridge2ai_econsent_mit_spanish_version_2_schema,,mit_icf_p3_es_v2,mit_icf_p3_es_v2,,Consent field from bridge2ai_econsent_mit_spanish_version_2.,YES,drop,VARIABLE,redcap,pre-v4,NO,NO,
bridge2ai_econsent_mit_spanish_version_2_schema,,mit_icf_p4_es_v2,mit_icf_p4_es_v2,,Consent field from bridge2ai_econsent_mit_spanish_version_2.,YES,drop,VARIABLE,redcap,pre-v4,NO,NO,
bridge2ai_econsent_mit_spanish_version_2_schema,,mit_icf_p5_es_v2,mit_icf_p5_es_v2,,Consent field from bridge2ai_econsent_mit_spanish_version_2.,YES,drop,VARIABLE,redcap,pre-v4,NO,NO,
bridge2ai_econsent_mit_spanish_version_2_schema,,mit_icf_p6_es_v2,mit_icf_p6_es_v2,,Consent field from bridge2ai_econsent_mit_spanish_version_2.,YES,drop,VARIABLE,redcap,pre-v4,NO,NO,
bridge2ai_econsent_mit_spanish_version_2_schema,,mit_icf_p7_es_v2,mit_icf_p7_es_v2,,Consent field from bridge2ai_econsent_mit_spanish_version_2.,YES,drop,VARIABLE,redcap,pre-v4,NO,NO,
bridge2ai_econsent_mit_spanish_version_2_schema,,mit_icf_p8_es_v2,mit_icf_p8_es_v2,,Consent field from bridge2ai_econsent_mit_spanish_version_2.,YES,drop,VARIABLE,redcap,pre-v4,NO,NO,
bridge2ai_econsent_mit_spanish_version_2_schema,,mit_icf_p9_es_v2,mit_icf_p9_es_v2,,Consent field from bridge2ai_econsent_mit_spanish_version_2.,YES,drop,VARIABLE,redcap,pre-v4,NO,NO,
bridge2ai_econsent_mit_spanish_version_2_schema,,mit_icf_question_es_v2,mit_icf_question_es_v2,,"Consentimiento para Participar en la InvestigaciónAl firmar abajo, doy mi consentimiento libremente para participar en este estudio. Entiendo que al firmareste formulario estoy aceptando participar en la investigación. He recibido una copia de este formulariopara llevar conmigo. Entiendo que al firmar a continuación, estoy dando mi consentimiento para que miinformación de contacto se mantenga en un repositorio para este estudio, y que esta información puedaser utilizada para contactarme en el futuro para una mayor recopilación de datos si se requiere unseguimiento a largo plazo como parte de una eventual extensión de esta subvención después de laduración esperada de 4 años, o para ser invitado a participar en futuros estudios de investigación. Miinformación no será compartida con terceros.Al firmar abajo, doy mi consentimiento para que todos los datos que envíe sean compartidos con losinvestigadores de este estudio y para que mis grabaciones de audio, respuestas escritas y otros datos deinvestigación codificados sean compartidos con otros investigadores calificados según se describe eneste formulario de consentimiento. Además, doy mi consentimiento para el intercambio público de misdatos del estudio desidentificados y agregados.Me gustaría ser informado de hallazgos incidentales, en caso de que el estudio informe este tipo de información.",YES,drop,VARIABLE,redcap,pre-v4,NO,NO,
bridge2ai_econsent_mit_spanish_version_2_schema,,mit_icf_signature_es_v2,mit_icf_signature_es_v2,,"Firma de la Persona que Participa en el Estudio
[Autorización]",YES,drop,VARIABLE,redcap,pre-v4,NO,NO,
bridge2ai_econsent_mit_spanish_version_2_schema,,usf_icf_date_hipaa_es_v2,usf_icf_date_hipaa_es_v2,,Fecha,YES,drop,VARIABLE,redcap,pre-v4,NO,NO,
bridge2ai_econsent_usf_english_version_3_schema,,usf_icf_date_en_v3,usf_icf_date_en_v3,,Date,YES,drop,VARIABLE,redcap,pre-v4,NO,NO,
bridge2ai_econsent_usf_english_version_3_schema,,usf_icf_hipaa_date_en_v3,usf_icf_hipaa_date_en_v3,,Date,YES,drop,VARIABLE,redcap,pre-v4,NO,NO,
bridge2ai_econsent_usf_english_version_3_schema,,usf_icf_hipaa_en_p1_v3,usf_icf_hipaa_en_p1_v3,,Consent field from bridge2ai_econsent_usf_english_version_3.,YES,drop,VARIABLE,redcap,pre-v4,NO,NO,
bridge2ai_econsent_usf_english_version_3_schema,,usf_icf_hipaa_en_p2_v3,usf_icf_hipaa_en_p2_v3,,Consent field from bridge2ai_econsent_usf_english_version_3.,YES,drop,VARIABLE,redcap,pre-v4,NO,NO,
bridge2ai_econsent_usf_english_version_3_schema,,usf_icf_hipaa_en_p3_v3,usf_icf_hipaa_en_p3_v3,,Consent field from bridge2ai_econsent_usf_english_version_3.,YES,drop,VARIABLE,redcap,pre-v4,NO,NO,
bridge2ai_econsent_usf_english_version_3_schema,,usf_icf_hipaa_name_en_v3,usf_icf_hipaa_name_en_v3,,Printed Name of Person Taking Part in Study (or Their Parent),YES,drop,VARIABLE,redcap,pre-v4,NO,NO,
bridge2ai_econsent_usf_english_version_3_schema,,usf_icf_hipaa_signature_en_v3,usf_icf_hipaa_signature_en_v3,,"Signature of Person Taking Part in Study  (or Their Parent)
[Authorization]",YES,drop,VARIABLE,redcap,pre-v4,NO,NO,
bridge2ai_econsent_usf_english_version_3_schema,,usf_icf_name_en_v3,usf_icf_name_en_v3,,Printed Name of Person Taking Part in Study,YES,drop,VARIABLE,redcap,pre-v4,NO,NO,
bridge2ai_econsent_usf_english_version_3_schema,,usf_icf_p1_en_v3,usf_icf_p1_en_v3,,Consent field from bridge2ai_econsent_usf_english_version_3.,YES,drop,VARIABLE,redcap,pre-v4,NO,NO,
bridge2ai_econsent_usf_english_version_3_schema,,usf_icf_p2_en_v3,usf_icf_p2_en_v3,,Consent field from bridge2ai_econsent_usf_english_version_3.,YES,drop,VARIABLE,redcap,pre-v4,NO,NO,
bridge2ai_econsent_usf_english_version_3_schema,,usf_icf_p3_en_v3,usf_icf_p3_en_v3,,Consent field from bridge2ai_econsent_usf_english_version_3.,YES,drop,VARIABLE,redcap,pre-v4,NO,NO,
bridge2ai_econsent_usf_english_version_3_schema,,usf_icf_p4_en_v3,usf_icf_p4_en_v3,,Consent field from bridge2ai_econsent_usf_english_version_3.,YES,drop,VARIABLE,redcap,pre-v4,NO,NO,
bridge2ai_econsent_usf_english_version_3_schema,,usf_icf_p5_en_v3,usf_icf_p5_en_v3,,Consent field from bridge2ai_econsent_usf_english_version_3.,YES,drop,VARIABLE,redcap,pre-v4,NO,NO,
bridge2ai_econsent_usf_english_version_3_schema,,usf_icf_p6_en_v3,usf_icf_p6_en_v3,,Consent field from bridge2ai_econsent_usf_english_version_3.,YES,drop,VARIABLE,redcap,pre-v4,NO,NO,
bridge2ai_econsent_usf_english_version_3_schema,,usf_icf_p7_en_v3,usf_icf_p7_en_v3,,Consent field from bridge2ai_econsent_usf_english_version_3.,YES,drop,VARIABLE,redcap,pre-v4,NO,NO,
bridge2ai_econsent_usf_english_version_3_schema,,usf_icf_p8_en_v3,usf_icf_p8_en_v3,,Consent field from bridge2ai_econsent_usf_english_version_3.,YES,drop,VARIABLE,redcap,pre-v4,NO,NO,
bridge2ai_econsent_usf_english_version_3_schema,,usf_icf_p9_en_v3,usf_icf_p9_en_v3,,Consent field from bridge2ai_econsent_usf_english_version_3.,YES,drop,VARIABLE,redcap,pre-v4,NO,NO,
bridge2ai_econsent_usf_english_version_3_schema,,usf_icf_question_en_v3,usf_icf_question_en_v3,,"Consent to Take Part in ResearchBy signing below, I freely give my consent to take part in this study. I understand that by signing thisform I am agreeing to take part in research. I have received a copy of this form to take with me. Iunderstand that by signing below, I am consenting for my contact information to be kept in a repositoryfor this study, and that this information may be used to contact me in the future for further data collectionif long-term follow-up is required as part of an eventual extension of this grant after the expected 4-yearduration, or to be invited to participate in future research studies. My information will not be shared withthird parties.By signing below, I consent to having all data I submit shared with the researchers of this study and tohaving my audio recordings, written responses, and other coded research data shared with other qualifiedresearchers as described in this consent form. I further consent to the public sharing of my de-identifiedand aggregated study data.I would like to be informed of incidental findings, should the study report this type of information.",YES,drop,VARIABLE,redcap,pre-v4,NO,NO,
bridge2ai_econsent_usf_english_version_3_schema,,usf_icf_signature_en_v3,usf_icf_signature_en_v3,,"Signature of Person Taking Part in Study
[Authorization]",YES,drop,VARIABLE,redcap,pre-v4,NO,NO,
bridge2ai_econsent_usf_spanish_version_3_schema,,usf_icf_date_es_v3,usf_icf_date_es_v3,,Fecha,YES,drop,VARIABLE,redcap,pre-v4,NO,NO,
bridge2ai_econsent_usf_spanish_version_3_schema,,usf_icf_date_hipaa_es_v3,usf_icf_date_hipaa_es_v3,,Fecha,YES,drop,VARIABLE,redcap,pre-v4,NO,NO,
bridge2ai_econsent_usf_spanish_version_3_schema,,usf_icf_hipaa_p1_es_v3,usf_icf_hipaa_p1_es_v3,,Consent field from bridge2ai_econsent_usf_spanish_version_3.,YES,drop,VARIABLE,redcap,pre-v4,NO,NO,
bridge2ai_econsent_usf_spanish_version_3_schema,,usf_icf_hipaa_p2_es_v3,usf_icf_hipaa_p2_es_v3,,Consent field from bridge2ai_econsent_usf_spanish_version_3.,YES,drop,VARIABLE,redcap,pre-v4,NO,NO,
bridge2ai_econsent_usf_spanish_version_3_schema,,usf_icf_hipaa_p3_es_v3,usf_icf_hipaa_p3_es_v3,,Consent field from bridge2ai_econsent_usf_spanish_version_3.,YES,drop,VARIABLE,redcap,pre-v4,NO,NO,
bridge2ai_econsent_usf_spanish_version_3_schema,,usf_icf_name_es_v3,usf_icf_name_es_v3,,Nombre Impreso de la Persona que Participa en el Estudio,YES,drop,VARIABLE,redcap,pre-v4,NO,NO,
bridge2ai_econsent_usf_spanish_version_3_schema,,usf_icf_name_hipaa_es_v3,usf_icf_name_hipaa_es_v3,,Nombre Impreso de la Persona que Participa en el Estudio,YES,drop,VARIABLE,redcap,pre-v4,NO,NO,
bridge2ai_econsent_usf_spanish_version_3_schema,,usf_icf_p1_es_v3,usf_icf_p1_es_v3,,Consent field from bridge2ai_econsent_usf_spanish_version_3.,YES,drop,VARIABLE,redcap,pre-v4,NO,NO,
bridge2ai_econsent_usf_spanish_version_3_schema,,usf_icf_p2_es_v3,usf_icf_p2_es_v3,,Consent field from bridge2ai_econsent_usf_spanish_version_3.,YES,drop,VARIABLE,redcap,pre-v4,NO,NO,
bridge2ai_econsent_usf_spanish_version_3_schema,,usf_icf_p3_es_v3,usf_icf_p3_es_v3,,Consent field from bridge2ai_econsent_usf_spanish_version_3.,YES,drop,VARIABLE,redcap,pre-v4,NO,NO,
bridge2ai_econsent_usf_spanish_version_3_schema,,usf_icf_p4_es_v3,usf_icf_p4_es_v3,,Consent field from bridge2ai_econsent_usf_spanish_version_3.,YES,drop,VARIABLE,redcap,pre-v4,NO,NO,
bridge2ai_econsent_usf_spanish_version_3_schema,,usf_icf_p5_es_v3,usf_icf_p5_es_v3,,Consent field from bridge2ai_econsent_usf_spanish_version_3.,YES,drop,VARIABLE,redcap,pre-v4,NO,NO,
bridge2ai_econsent_usf_spanish_version_3_schema,,usf_icf_p6_es_v3,usf_icf_p6_es_v3,,Consent field from bridge2ai_econsent_usf_spanish_version_3.,YES,drop,VARIABLE,redcap,pre-v4,NO,NO,
bridge2ai_econsent_usf_spanish_version_3_schema,,usf_icf_p7_es_v3,usf_icf_p7_es_v3,,Consent field from bridge2ai_econsent_usf_spanish_version_3.,YES,drop,VARIABLE,redcap,pre-v4,NO,NO,
bridge2ai_econsent_usf_spanish_version_3_schema,,usf_icf_p8_es_v3,usf_icf_p8_es_v3,,Consent field from bridge2ai_econsent_usf_spanish_version_3.,YES,drop,VARIABLE,redcap,pre-v4,NO,NO,
bridge2ai_econsent_usf_spanish_version_3_schema,,usf_icf_p9_es_v3,usf_icf_p9_es_v3,,Consent field from bridge2ai_econsent_usf_spanish_version_3.,YES,drop,VARIABLE,redcap,pre-v4,NO,NO,
bridge2ai_econsent_usf_spanish_version_3_schema,,usf_icf_question_es_v3,usf_icf_question_es_v3,,"Consentimiento para Participar en la InvestigaciónAl firmar abajo, doy mi consentimiento libremente para participar en este estudio. Entiendo que al firmareste formulario estoy aceptando participar en la investigación. He recibido una copia de este formulariopara llevar conmigo. Entiendo que al firmar a continuación, estoy dando mi consentimiento para que miinformación de contacto se mantenga en un repositorio para este estudio, y que esta información puedaser utilizada para contactarme en el futuro para una mayor recopilación de datos si se requiere unseguimiento a largo plazo como parte de una eventual extensión de esta subvención después de laduración esperada de 4 años, o para ser invitado a participar en futuros estudios de investigación. Miinformación no será compartida con terceros.Al firmar abajo, doy mi consentimiento para que todos los datos que envíe sean compartidos con losinvestigadores de este estudio y para que mis grabaciones de audio, respuestas escritas y otros datos deinvestigación codificados sean compartidos con otros investigadores calificados según se describe eneste formulario de consentimiento. Además, doy mi consentimiento para el intercambio público de misdatos del estudio desidentificados y agregados.Me gustaría ser informado de hallazgos incidentales, en caso de que el estudio informe este tipo de información.",YES,drop,VARIABLE,redcap,pre-v4,NO,NO,
bridge2ai_econsent_usf_spanish_version_3_schema,,usf_icf_signature_es_v3,usf_icf_signature_es_v3,,"Firma de la Persona que Participa en el Estudio
[Autorización]",YES,drop,VARIABLE,redcap,pre-v4,NO,NO,
bridge2ai_econsent_usf_spanish_version_3_schema,,usf_icf_signature_hipaa_es_v3,usf_icf_signature_hipaa_es_v3,,"Firma de la Persona que Participa en el Estudio
[Autorización]",YES,drop,VARIABLE,redcap,pre-v4,NO,NO,
bridge2ai_econsent_wcm_english_schema,,site_consent_wcm_best_contact_method_en_v1,site_consent_wcm_best_contact_method_en_v1,,Best form of contact for future voice data collection (leave blank if you do not want to be contacted),YES,drop,VARIABLE,redcap,pre-v4,NO,NO,
bridge2ai_econsent_wcm_english_schema,,site_consent_wcm_date_en_v1,site_consent_wcm_date_en_v1,,Date,YES,drop,VARIABLE,redcap,pre-v4,NO,NO,
bridge2ai_econsent_wcm_english_schema,,site_consent_wcm_name_en_v1,site_consent_wcm_name_en_v1,,Printed Name of Person Taking Part in Study,YES,drop,VARIABLE,redcap,pre-v4,NO,NO,
bridge2ai_econsent_wcm_english_schema,,site_consent_wcm_p1_en,site_consent_wcm_p1_en,,Consent field from bridge2ai_econsent_wcm_english.,YES,drop,VARIABLE,redcap,pre-v4,NO,NO,
bridge2ai_econsent_wcm_english_schema,,site_consent_wcm_p2_en,site_consent_wcm_p2_en,,Consent field from bridge2ai_econsent_wcm_english.,YES,drop,VARIABLE,redcap,pre-v4,NO,NO,
bridge2ai_econsent_wcm_english_schema,,site_consent_wcm_p3_en,site_consent_wcm_p3_en,,Consent field from bridge2ai_econsent_wcm_english.,YES,drop,VARIABLE,redcap,pre-v4,NO,NO,
bridge2ai_econsent_wcm_english_schema,,site_consent_wcm_p4_en,site_consent_wcm_p4_en,,Consent field from bridge2ai_econsent_wcm_english.,YES,drop,VARIABLE,redcap,pre-v4,NO,NO,
bridge2ai_econsent_wcm_english_schema,,site_consent_wcm_p5_en,site_consent_wcm_p5_en,,Consent field from bridge2ai_econsent_wcm_english.,YES,drop,VARIABLE,redcap,pre-v4,NO,NO,
bridge2ai_econsent_wcm_english_schema,,site_consent_wcm_signature_en_v1,site_consent_wcm_signature_en_v1,,"Signature of Person Taking Part in Study
[Authorization]",YES,drop,VARIABLE,redcap,pre-v4,NO,NO,
bridge2ai_econsent_wcm_english_schema,,site_consent_wcm_yes_en_v1,site_consent_wcm_yes_en_v1,,"YES,I give permission for my voice, speech, and respiratory sound data, demographic data,previously completed imaging data, and survey and/or validated questionnaire answers to bestored for future research. I understand that the data and/or samples will be stored indefinitely",YES,drop,VARIABLE,redcap,pre-v4,NO,NO,
bridge2ai_econsent_wcm_english_schema,,wcm_icf_date_en,wcm_icf_date_en,,Date,YES,drop,VARIABLE,redcap,pre-v4,NO,NO,
bridge2ai_econsent_wcm_english_schema,,wcm_icf_name_en,wcm_icf_name_en,,Printed Name of Person Taking Part in Study,YES,drop,VARIABLE,redcap,pre-v4,NO,NO,
bridge2ai_econsent_wcm_english_schema,,wcm_icf_p1_en,wcm_icf_p1_en,,Consent field from bridge2ai_econsent_wcm_english.,YES,drop,VARIABLE,redcap,pre-v4,NO,NO,
bridge2ai_econsent_wcm_english_schema,,wcm_icf_p2_en,wcm_icf_p2_en,,Consent field from bridge2ai_econsent_wcm_english.,YES,drop,VARIABLE,redcap,pre-v4,NO,NO,
bridge2ai_econsent_wcm_english_schema,,wcm_icf_p3_en,wcm_icf_p3_en,,Consent field from bridge2ai_econsent_wcm_english.,YES,drop,VARIABLE,redcap,pre-v4,NO,NO,
bridge2ai_econsent_wcm_english_schema,,wcm_icf_p4_en,wcm_icf_p4_en,,Consent field from bridge2ai_econsent_wcm_english.,YES,drop,VARIABLE,redcap,pre-v4,NO,NO,
bridge2ai_econsent_wcm_english_schema,,wcm_icf_p5_en,wcm_icf_p5_en,,Consent field from bridge2ai_econsent_wcm_english.,YES,drop,VARIABLE,redcap,pre-v4,NO,NO,
bridge2ai_econsent_wcm_english_schema,,wcm_icf_p6_en,wcm_icf_p6_en,,Consent field from bridge2ai_econsent_wcm_english.,YES,drop,VARIABLE,redcap,pre-v4,NO,NO,
bridge2ai_econsent_wcm_english_schema,,wcm_icf_p7_en,wcm_icf_p7_en,,Consent field from bridge2ai_econsent_wcm_english.,YES,drop,VARIABLE,redcap,pre-v4,NO,NO,
bridge2ai_econsent_wcm_english_schema,,wcm_icf_p8_en,wcm_icf_p8_en,,Consent field from bridge2ai_econsent_wcm_english.,YES,drop,VARIABLE,redcap,pre-v4,NO,NO,
bridge2ai_econsent_wcm_english_schema,,wcm_icf_p9_en,wcm_icf_p9_en,,Consent field from bridge2ai_econsent_wcm_english.,YES,drop,VARIABLE,redcap,pre-v4,NO,NO,
bridge2ai_econsent_wcm_english_schema,,wcm_icf_question_en_2,wcm_icf_question_en_2,,"Consent to Take Part in ResearchBy signing below, I freely give my consent to take part in this study. I understand that by signing thisform I am agreeing to take part in research. I have received a copy of this form to take with me. Iunderstand that by signing below, I am consenting for my contact information to be kept in a repositoryfor this study, and that this information may be used to contact me in the future for further data collectionif long-term follow-up is required as part of an eventual extension of this grant after the expected 4-yearduration, or to be invited to participate in future research studies. My information will not be shared withthird parties.By signing below, I consent to having all data I submit shared with the researchers of this study and tohaving my audio recordings, written responses, and other coded research data shared with other qualifiedresearchers as described in this consent form. I further consent to the public sharing of my de-identifiedand aggregated study data.I would like to be informed of incidental findings, should the study report this type of information.",YES,drop,VARIABLE,redcap,pre-v4,NO,NO,
bridge2ai_econsent_wcm_english_schema,,wcm_icf_signature_en,wcm_icf_signature_en,,"Signature of Person Taking Part in Study
[Authorization]",YES,drop,VARIABLE,redcap,pre-v4,NO,NO,
bridge2ai_econsent_wcm_spanish_version_1_schema,,consent_wcm_p1_es_v1,consent_wcm_p1_es_v1,,Consent field from bridge2ai_econsent_wcm_spanish_version_1.,YES,drop,VARIABLE,redcap,pre-v4,NO,NO,
bridge2ai_econsent_wcm_spanish_version_1_schema,,consent_wcm_p2_es_v1,consent_wcm_p2_es_v1,,Consent field from bridge2ai_econsent_wcm_spanish_version_1.,YES,drop,VARIABLE,redcap,pre-v4,NO,NO,
bridge2ai_econsent_wcm_spanish_version_1_schema,,consent_wcm_p3_es_v1,consent_wcm_p3_es_v1,,Consent field from bridge2ai_econsent_wcm_spanish_version_1.,YES,drop,VARIABLE,redcap,pre-v4,NO,NO,
bridge2ai_econsent_wcm_spanish_version_1_schema,,consent_wcm_p4_es_v1,consent_wcm_p4_es_v1,,Consent field from bridge2ai_econsent_wcm_spanish_version_1.,YES,drop,VARIABLE,redcap,pre-v4,NO,NO,
bridge2ai_econsent_wcm_spanish_version_1_schema,,consent_wcm_p5_es_v1,consent_wcm_p5_es_v1,,Consent field from bridge2ai_econsent_wcm_spanish_version_1.,YES,drop,VARIABLE,redcap,pre-v4,NO,NO,
bridge2ai_econsent_wcm_spanish_version_1_schema,,site_consent_wcm_best_contact_method_es_v1,site_consent_wcm_best_contact_method_es_v1,,Mejor forma de contacto para futuras recolecciones de datos de voz (dejar en blanco si no desea ser contactado),YES,drop,VARIABLE,redcap,pre-v4,NO,NO,
bridge2ai_econsent_wcm_spanish_version_1_schema,,site_consent_wcm_yes_es_v1,site_consent_wcm_yes_es_v1,,"SÍ, doy mi consentimiento para que mis datos de voz, habla y sonidos respiratorios, datos
demográficos, imágenes previamente realizadas, y respuestas a encuestas y/o cuestionarios
validados sean almacenados para investigaciones futuras . Entiendo que los datos y/o muestras
se almacenarán indefinidamente.",YES,drop,VARIABLE,redcap,pre-v4,NO,NO,
bridge2ai_econsent_wcm_spanish_version_1_schema,,wcm_consent_date_es_v1,wcm_consent_date_es_v1,,Fecha [Autorización],YES,drop,VARIABLE,redcap,pre-v4,NO,NO,
bridge2ai_econsent_wcm_spanish_version_1_schema,,wcm_consent_name_es_v1,wcm_consent_name_es_v1,,Nombre en Letra de Molde de la Persona que Participa en el Estudio,YES,drop,VARIABLE,redcap,pre-v4,NO,NO,
bridge2ai_econsent_wcm_spanish_version_1_schema,,wcm_consent_signature_es_v1,wcm_consent_signature_es_v1,,"Firma de la Persona que Participa en el Estudio
[Autorización]",YES,drop,VARIABLE,redcap,pre-v4,NO,NO,
bridge2ai_econsent_wcm_spanish_version_1_schema,,wcm_icf_date_es_v1,wcm_icf_date_es_v1,,Fecha,YES,drop,VARIABLE,redcap,pre-v4,NO,NO,
bridge2ai_econsent_wcm_spanish_version_1_schema,,wcm_icf_name_es_v1,wcm_icf_name_es_v1,,Nombre Impreso de la Persona que Participa en el Estudio,YES,drop,VARIABLE,redcap,pre-v4,NO,NO,
bridge2ai_econsent_wcm_spanish_version_1_schema,,wcm_icf_p1_es_v1,wcm_icf_p1_es_v1,,Consent field from bridge2ai_econsent_wcm_spanish_version_1.,YES,drop,VARIABLE,redcap,pre-v4,NO,NO,
bridge2ai_econsent_wcm_spanish_version_1_schema,,wcm_icf_p2_es_v1,wcm_icf_p2_es_v1,,Consent field from bridge2ai_econsent_wcm_spanish_version_1.,YES,drop,VARIABLE,redcap,pre-v4,NO,NO,
bridge2ai_econsent_wcm_spanish_version_1_schema,,wcm_icf_p3_es_v1,wcm_icf_p3_es_v1,,Consent field from bridge2ai_econsent_wcm_spanish_version_1.,YES,drop,VARIABLE,redcap,pre-v4,NO,NO,
bridge2ai_econsent_wcm_spanish_version_1_schema,,wcm_icf_p4_es_v1,wcm_icf_p4_es_v1,,Consent field from bridge2ai_econsent_wcm_spanish_version_1.,YES,drop,VARIABLE,redcap,pre-v4,NO,NO,
bridge2ai_econsent_wcm_spanish_version_1_schema,,wcm_icf_p5_es_v1,wcm_icf_p5_es_v1,,Consent field from bridge2ai_econsent_wcm_spanish_version_1.,YES,drop,VARIABLE,redcap,pre-v4,NO,NO,
bridge2ai_econsent_wcm_spanish_version_1_schema,,wcm_icf_p6_es_v1,wcm_icf_p6_es_v1,,Consent field from bridge2ai_econsent_wcm_spanish_version_1.,YES,drop,VARIABLE,redcap,pre-v4,NO,NO,
bridge2ai_econsent_wcm_spanish_version_1_schema,,wcm_icf_p7_es_v1,wcm_icf_p7_es_v1,,Consent field from bridge2ai_econsent_wcm_spanish_version_1.,YES,drop,VARIABLE,redcap,pre-v4,NO,NO,
bridge2ai_econsent_wcm_spanish_version_1_schema,,wcm_icf_p8_es_v1,wcm_icf_p8_es_v1,,Consent field from bridge2ai_econsent_wcm_spanish_version_1.,YES,drop,VARIABLE,redcap,pre-v4,NO,NO,
bridge2ai_econsent_wcm_spanish_version_1_schema,,wcm_icf_p9_es_v1,wcm_icf_p9_es_v1,,Consent field from bridge2ai_econsent_wcm_spanish_version_1.,YES,drop,VARIABLE,redcap,pre-v4,NO,NO,
bridge2ai_econsent_wcm_spanish_version_1_schema,,wcm_icf_question_es_v1,wcm_icf_question_es_v1,,"Consentimiento para Participar en la InvestigaciónAl firmar abajo, doy mi consentimiento libremente para participar en este estudio. Entiendo que al firmareste formulario estoy aceptando participar en la investigación. He recibido una copia de este formulariopara llevar conmigo. Entiendo que al firmar a continuación, estoy dando mi consentimiento para que miinformación de contacto se mantenga en un repositorio para este estudio, y que esta información puedaser utilizada para contactarme en el futuro para una mayor recopilación de datos si se requiere unseguimiento a largo plazo como parte de una eventual extensión de esta subvención después de laduración esperada de 4 años, o para ser invitado a participar en futuros estudios de investigación. Miinformación no será compartida con terceros.Al firmar abajo, doy mi consentimiento para que todos los datos que envíe sean compartidos con losinvestigadores de este estudio y para que mis grabaciones de audio, respuestas escritas y otros datos deinvestigación codificados sean compartidos con otros investigadores calificados según se describe eneste formulario de consentimiento. Además, doy mi consentimiento para el intercambio público de misdatos del estudio desidentificados y agregados.Me gustaría ser informado de hallazgos incidentales, en caso de que el estudio informe este tipo deinformación.",YES,drop,VARIABLE,redcap,pre-v4,NO,NO,
bridge2ai_econsent_wcm_spanish_version_1_schema,,wcm_icf_signature_es_v1,wcm_icf_signature_es_v1,,"Firma de la Persona que Participa en el Estudio
[Autorización]",YES,drop,VARIABLE,redcap,pre-v4,NO,NO,
,,redcap_repeat_instrument,redcap_repeat_instrument,,REDCap structural column naming the repeating instrument a row belongs to.,YES,internal,VARIABLE,redcap_generated,v4,NO,NO,
,,redcap_repeat_instance,redcap_repeat_instance,,REDCap structural column giving the 1-based instance number of a repeating instrument row.,YES,drop,VARIABLE,redcap_generated,v4,NO,NO,
,,redcap_survey_identifier,redcap_survey_identifier,,"REDCap survey identifier; can carry a participant-supplied identifier, so dropped by default.",YES,drop,VARIABLE,redcap_generated,v4,NO,NO,
subjectparticipant_basic_information_schema,participant,participant_data_collection_origins___reproschema,participant_data_collection_origins___reproschema,enrollment,Data Collection - origin(s),NO,internal,CHECKBOX_OPTION,redcap,v4,NO,NO,
subjectparticipant_basic_information_schema,participant,subjectparticipant_basic_information_complete,subjectparticipant_basic_information_complete,enrollment,REDCap form-completion status for the subjectparticipant_basic_information instrument (Incomplete/Unverified/Complete).,YES,internal,VARIABLE,redcap_generated,v4,NO,NO,
subjectparticipant_eligible_studies_schema,eligibility,subjectparticipant_eligible_studies_complete,subjectparticipant_eligible_studies_complete,enrollment,REDCap form-completion status for the subjectparticipant_eligible_studies instrument (Incomplete/Unverified/Complete).,YES,internal,VARIABLE,redcap_generated,v4,NO,NO,
data_dissemination_schema,data_dissemination,data_dissemination_complete,data_dissemination_complete,enrollment,REDCap form-completion status for the data_dissemination instrument (Incomplete/Unverified/Complete).,YES,internal,VARIABLE,redcap_generated,v4,NO,NO,
enrollment_form_schema,enrollment_form,enrollment_form_timestamp,enrollment_form_timestamp,enrollment,Timestamp when the enrollment_form form was submitted in REDCap.,YES,drop,VARIABLE,redcap_generated,v4,NO,NO,
enrollment_form_schema,enrollment_form,enrollment_form_complete,enrollment_form_complete,enrollment,REDCap form-completion status for the enrollment_form instrument (Incomplete/Unverified/Complete).,YES,internal,VARIABLE,redcap_generated,v4,NO,NO,
prolific_information_schema,enrollment,prolific_information_complete,prolific_information_complete,enrollment,REDCap form-completion status for the prolific_information instrument (Incomplete/Unverified/Complete).,YES,internal,VARIABLE,redcap_generated,v4,NO,NO,
d_control_schema,control,d_control_timestamp,d_control_timestamp,diagnosis,Timestamp when the d_control form was submitted in REDCap.,YES,drop,VARIABLE,redcap_generated,v4,NO,NO,
d_control_schema,control,d_control_complete,d_control_complete,diagnosis,REDCap form-completion status for the d_control instrument (Incomplete/Unverified/Complete).,YES,internal,VARIABLE,redcap_generated,v4,NO,NO,
glottic_insufficiency_presbyphonia_schema,glottic_insufficiency,d_voice_glottic_insufficiency_presbyphonia_timestamp,d_voice_glottic_insufficiency_presbyphonia_timestamp,diagnosis,Timestamp when the d_voice_glottic_insufficiency_presbyphonia form was submitted in REDCap.,YES,drop,VARIABLE,redcap_generated,v4,NO,NO,
glottic_insufficiency_presbyphonia_schema,glottic_insufficiency,d_voice_glottic_insufficiency_presbyphonia_complete,d_voice_glottic_insufficiency_presbyphonia_complete,diagnosis,REDCap form-completion status for the d_voice_glottic_insufficiency_presbyphonia instrument (Incomplete/Unverified/Complete).,YES,internal,VARIABLE,redcap_generated,v4,NO,NO,
benign_lesions_schema,benign_lesions,d_voice_benign_lesions_timestamp,d_voice_benign_lesions_timestamp,diagnosis,Timestamp when the d_voice_benign_lesions form was submitted in REDCap.,YES,drop,VARIABLE,redcap_generated,v4,NO,NO,
benign_lesions_schema,benign_lesions,d_voice_benign_lesions_complete,d_voice_benign_lesions_complete,diagnosis,REDCap form-completion status for the d_voice_benign_lesions instrument (Incomplete/Unverified/Complete).,YES,internal,VARIABLE,redcap_generated,v4,NO,NO,
laryngeal_cancer_schema,laryngeal_cancer,d_voice_laryngeal_cancer_timestamp,d_voice_laryngeal_cancer_timestamp,diagnosis,Timestamp when the d_voice_laryngeal_cancer form was submitted in REDCap.,YES,drop,VARIABLE,redcap_generated,v4,NO,NO,
laryngeal_cancer_schema,laryngeal_cancer,d_voice_laryngeal_cancer_complete,d_voice_laryngeal_cancer_complete,diagnosis,REDCap form-completion status for the d_voice_laryngeal_cancer instrument (Incomplete/Unverified/Complete).,YES,internal,VARIABLE,redcap_generated,v4,NO,NO,
laryngeal_dystonia_schema,laryngeal_dystonia,d_voice_laryngeal_dystonia_timestamp,d_voice_laryngeal_dystonia_timestamp,diagnosis,Timestamp when the d_voice_laryngeal_dystonia form was submitted in REDCap.,YES,drop,VARIABLE,redcap_generated,v4,NO,NO,
laryngeal_dystonia_schema,laryngeal_dystonia,d_voice_laryngeal_dystonia_complete,d_voice_laryngeal_dystonia_complete,diagnosis,REDCap form-completion status for the d_voice_laryngeal_dystonia instrument (Incomplete/Unverified/Complete).,YES,internal,VARIABLE,redcap_generated,v4,NO,NO,
laryngitis_schema,laryngitis,d_voice_laryngitis_timestamp,d_voice_laryngitis_timestamp,diagnosis,Timestamp when the d_voice_laryngitis form was submitted in REDCap.,YES,drop,VARIABLE,redcap_generated,v4,NO,NO,
laryngitis_schema,laryngitis,d_voice_laryngitis_complete,d_voice_laryngitis_complete,diagnosis,REDCap form-completion status for the d_voice_laryngitis instrument (Incomplete/Unverified/Complete).,YES,internal,VARIABLE,redcap_generated,v4,NO,NO,
muscle_tension_dysphonia_mtd_schema,muscle_tension_dysphonia,d_voice_muscle_tension_dysphonia_mtd_timestamp,d_voice_muscle_tension_dysphonia_mtd_timestamp,diagnosis,Timestamp when the d_voice_muscle_tension_dysphonia_mtd form was submitted in REDCap.,YES,drop,VARIABLE,redcap_generated,v4,NO,NO,
muscle_tension_dysphonia_mtd_schema,muscle_tension_dysphonia,d_voice_muscle_tension_dysphonia_mtd_complete,d_voice_muscle_tension_dysphonia_mtd_complete,diagnosis,REDCap form-completion status for the d_voice_muscle_tension_dysphonia_mtd instrument (Incomplete/Unverified/Complete).,YES,internal,VARIABLE,redcap_generated,v4,NO,NO,
precancerous_lesions_schema,precancerous_lesions,d_voice_precancerous_lesions_timestamp,d_voice_precancerous_lesions_timestamp,diagnosis,Timestamp when the d_voice_precancerous_lesions form was submitted in REDCap.,YES,drop,VARIABLE,redcap_generated,v4,NO,NO,
precancerous_lesions_schema,precancerous_lesions,d_voice_precancerous_lesions_complete,d_voice_precancerous_lesions_complete,diagnosis,REDCap form-completion status for the d_voice_precancerous_lesions instrument (Incomplete/Unverified/Complete).,YES,internal,VARIABLE,redcap_generated,v4,NO,NO,
unilateral_vocal_fold_paralysis_schema,unilateral_vocal_fold_paralysis,d_voice_unilateral_vocal_fold_paralysis_timestamp,d_voice_unilateral_vocal_fold_paralysis_timestamp,diagnosis,Timestamp when the d_voice_unilateral_vocal_fold_paralysis form was submitted in REDCap.,YES,drop,VARIABLE,redcap_generated,v4,NO,NO,
unilateral_vocal_fold_paralysis_schema,unilateral_vocal_fold_paralysis,d_voice_unilateral_vocal_fold_paralysis_complete,d_voice_unilateral_vocal_fold_paralysis_complete,diagnosis,REDCap form-completion status for the d_voice_unilateral_vocal_fold_paralysis instrument (Incomplete/Unverified/Complete).,YES,internal,VARIABLE,redcap_generated,v4,NO,NO,
bipolar_disorder_schema,bipolar_disorder,d_mood_bipolar_disorder_timestamp,d_mood_bipolar_disorder_timestamp,diagnosis,Timestamp when the d_mood_bipolar_disorder form was submitted in REDCap.,YES,drop,VARIABLE,redcap_generated,v4,NO,NO,
bipolar_disorder_schema,bipolar_disorder,d_mood_bipolar_disorder_complete,d_mood_bipolar_disorder_complete,diagnosis,REDCap form-completion status for the d_mood_bipolar_disorder instrument (Incomplete/Unverified/Complete).,YES,internal,VARIABLE,redcap_generated,v4,NO,NO,
depression_or_major_depressive_disorder_schema,depression,d_mood_depression_or_major_depressive_disorder_timestamp,d_mood_depression_or_major_depressive_disorder_timestamp,diagnosis,Timestamp when the d_mood_depression_or_major_depressive_disorder form was submitted in REDCap.,YES,drop,VARIABLE,redcap_generated,v4,NO,NO,
depression_or_major_depressive_disorder_schema,depression,d_mood_depression_or_major_depressive_disorder_complete,d_mood_depression_or_major_depressive_disorder_complete,diagnosis,REDCap form-completion status for the d_mood_depression_or_major_depressive_disorder instrument (Incomplete/Unverified/Complete).,YES,internal,VARIABLE,redcap_generated,v4,NO,NO,
anxiety_disorder_schema,anxiety,d_mood_anxiety_disorder_timestamp,d_mood_anxiety_disorder_timestamp,diagnosis,Timestamp when the d_mood_anxiety_disorder form was submitted in REDCap.,YES,drop,VARIABLE,redcap_generated,v4,NO,NO,
anxiety_disorder_schema,anxiety,d_mood_anxiety_disorder_complete,d_mood_anxiety_disorder_complete,diagnosis,REDCap form-completion status for the d_mood_anxiety_disorder instrument (Incomplete/Unverified/Complete).,YES,internal,VARIABLE,redcap_generated,v4,NO,NO,
airway_stenosis_schema,airway_stenosis,d_resp_airway_stenosis_timestamp,d_resp_airway_stenosis_timestamp,diagnosis,Timestamp when the d_resp_airway_stenosis form was submitted in REDCap.,YES,drop,VARIABLE,redcap_generated,v4,NO,NO,
airway_stenosis_schema,airway_stenosis,d_resp_airway_stenosis_complete,d_resp_airway_stenosis_complete,diagnosis,REDCap form-completion status for the d_resp_airway_stenosis instrument (Incomplete/Unverified/Complete).,YES,internal,VARIABLE,redcap_generated,v4,NO,NO,
copd_and_asthma_schema,copd_and_asthma,d_resp_copd_and_asthma_timestamp,d_resp_copd_and_asthma_timestamp,diagnosis,Timestamp when the d_resp_copd_and_asthma form was submitted in REDCap.,YES,drop,VARIABLE,redcap_generated,v4,NO,NO,
copd_and_asthma_schema,copd_and_asthma,d_resp_copd_and_asthma_complete,d_resp_copd_and_asthma_complete,diagnosis,REDCap form-completion status for the d_resp_copd_and_asthma instrument (Incomplete/Unverified/Complete).,YES,internal,VARIABLE,redcap_generated,v4,NO,NO,
unexplained_chronic_cough_schema,unexplained_chronic_cough,d_resp_unexplained_chronic_cough_timestamp,d_resp_unexplained_chronic_cough_timestamp,diagnosis,Timestamp when the d_resp_unexplained_chronic_cough form was submitted in REDCap.,YES,drop,VARIABLE,redcap_generated,v4,NO,NO,
unexplained_chronic_cough_schema,unexplained_chronic_cough,d_resp_unexplained_chronic_cough_complete,d_resp_unexplained_chronic_cough_complete,diagnosis,REDCap form-completion status for the d_resp_unexplained_chronic_cough instrument (Incomplete/Unverified/Complete).,YES,internal,VARIABLE,redcap_generated,v4,NO,NO,
alzheimers_disease_mild_cognitive_impairme_schema,cognitive_impairment,d_neuro_alzheimers_disease_mild_cognitive_impairme_timestamp,d_neuro_alzheimers_disease_mild_cognitive_impairme_timestamp,diagnosis,Timestamp when the Alzheimer's disease / mild cognitive impairment form was submitted in REDCap.,YES,drop,VARIABLE,redcap_generated,v4,NO,NO,
alzheimers_disease_mild_cognitive_impairme_schema,cognitive_impairment,d_neuro_alzheimers_disease_mild_cognitive_impairme_complete,d_neuro_alzheimers_disease_mild_cognitive_impairme_complete,diagnosis,REDCap form-completion status for the Alzheimer's disease / mild cognitive impairment instrument (Incomplete/Unverified/Complete).,YES,internal,VARIABLE,redcap_generated,v4,NO,NO,
amyotrophic_lateral_sclerosis_als_schema,amyotrophic_lateral_sclerosis,d_neuro_amyotrophic_lateral_sclerosis_als_timestamp,d_neuro_amyotrophic_lateral_sclerosis_als_timestamp,diagnosis,Timestamp when the d_neuro_amyotrophic_lateral_sclerosis_als form was submitted in REDCap.,YES,drop,VARIABLE,redcap_generated,v4,NO,NO,
amyotrophic_lateral_sclerosis_als_schema,amyotrophic_lateral_sclerosis,d_neuro_amyotrophic_lateral_sclerosis_als_complete,d_neuro_amyotrophic_lateral_sclerosis_als_complete,diagnosis,REDCap form-completion status for the d_neuro_amyotrophic_lateral_sclerosis_als instrument (Incomplete/Unverified/Complete).,YES,internal,VARIABLE,redcap_generated,v4,NO,NO,
d_neuro_ataxia_schema,ataxia,d_neuro_ataxia_timestamp,d_neuro_ataxia_timestamp,diagnosis,Timestamp when the d_neuro_ataxia form was submitted in REDCap.,YES,drop,VARIABLE,redcap_generated,v4,NO,NO,
d_neuro_ataxia_schema,ataxia,d_neuro_ataxia_complete,d_neuro_ataxia_complete,diagnosis,REDCap form-completion status for the d_neuro_ataxia instrument (Incomplete/Unverified/Complete).,YES,internal,VARIABLE,redcap_generated,v4,NO,NO,
d_neuro_essential_tremor_schema,essential_tremor,d_neuro_essential_tremor_timestamp,d_neuro_essential_tremor_timestamp,diagnosis,Timestamp when the d_neuro_essential_tremor form was submitted in REDCap.,YES,drop,VARIABLE,redcap_generated,v4,NO,NO,
d_neuro_essential_tremor_schema,essential_tremor,d_neuro_essential_tremor_complete,d_neuro_essential_tremor_complete,diagnosis,REDCap form-completion status for the d_neuro_essential_tremor instrument (Incomplete/Unverified/Complete).,YES,internal,VARIABLE,redcap_generated,v4,NO,NO,
parkinsons_disease_schema,parkinsons_disease,d_neuro_parkinsons_disease_timestamp,d_neuro_parkinsons_disease_timestamp,diagnosis,Timestamp when the d_neuro_parkinsons_disease form was submitted in REDCap.,YES,drop,VARIABLE,redcap_generated,v4,NO,NO,
parkinsons_disease_schema,parkinsons_disease,d_neuro_parkinsons_disease_complete,d_neuro_parkinsons_disease_complete,diagnosis,REDCap form-completion status for the d_neuro_parkinsons_disease instrument (Incomplete/Unverified/Complete).,YES,internal,VARIABLE,redcap_generated,v4,NO,NO,
huntingtons_disease_schema,huntingtons_disease,d_neuro_huntingtons_disease_timestamp,d_neuro_huntingtons_disease_timestamp,diagnosis,Timestamp when the d_neuro_huntingtons_disease form was submitted in REDCap.,YES,drop,VARIABLE,redcap_generated,v4,NO,NO,
huntingtons_disease_schema,huntingtons_disease,d_neuro_huntingtons_disease_complete,d_neuro_huntingtons_disease_complete,diagnosis,REDCap form-completion status for the d_neuro_huntingtons_disease instrument (Incomplete/Unverified/Complete).,YES,internal,VARIABLE,redcap_generated,v4,NO,NO,
session_schema,session,session_complete,session_complete,task,REDCap form-completion status for the session instrument (Incomplete/Unverified/Complete).,YES,internal,VARIABLE,redcap_generated,v4,NO,NO,
acoustic_task_schema,acoustic_task,acoustic_task_complete,acoustic_task_complete,task,REDCap form-completion status for the acoustic_task instrument (Incomplete/Unverified/Complete).,YES,internal,VARIABLE,redcap_generated,v4,NO,NO,
recording_schema,recording,recording_complete,recording_complete,task,REDCap form-completion status for the recording instrument (Incomplete/Unverified/Complete).,YES,internal,VARIABLE,redcap_generated,v4,NO,NO,
demographics_schema,demographics,q_generic_demographics_complete,q_generic_demographics_complete,demographics,REDCap form-completion status for the q_generic_demographics instrument (Incomplete/Unverified/Complete).,YES,internal,VARIABLE,redcap_generated,v4,NO,NO,
confounders_schema,confounders,q_generic_confounders_complete,q_generic_confounders_complete,confounders,REDCap form-completion status for the q_generic_confounders instrument (Incomplete/Unverified/Complete).,YES,internal,VARIABLE,redcap_generated,v4,NO,NO,
harvard_sentences_schema,harvard_sentences,q_generic_harvard_sentences_complete,q_generic_harvard_sentences_complete,task,REDCap form-completion status for the q_generic_harvard_sentences instrument (Incomplete/Unverified/Complete).,YES,internal,VARIABLE,redcap_generated,v4,NO,NO,
voice_perception_schema,voice_perception,q_generic_voice_perception_complete,q_generic_voice_perception_complete,questionnaire,REDCap form-completion status for the q_generic_voice_perception instrument (Incomplete/Unverified/Complete).,YES,internal,VARIABLE,redcap_generated,v4,NO,NO,
voice_handicap_index_vhi10_schema,vhi10,q_generic_voice_handicap_index_vhi10_complete,q_generic_voice_handicap_index_vhi10_complete,questionnaire,REDCap form-completion status for the q_generic_voice_handicap_index_vhi10 instrument (Incomplete/Unverified/Complete).,YES,internal,VARIABLE,redcap_generated,v4,NO,NO,
patient_health_questionnaire9_schema,phq9,q_generic_patient_health_questionnaire9_complete,q_generic_patient_health_questionnaire9_complete,questionnaire,REDCap form-completion status for the q_generic_patient_health_questionnaire9 instrument (Incomplete/Unverified/Complete).,YES,internal,VARIABLE,redcap_generated,v4,NO,NO,
gad7_anxiety_schema,gad7_anxiety,q_generic_gad7_anxiety_complete,q_generic_gad7_anxiety_complete,questionnaire,REDCap form-completion status for the q_generic_gad7_anxiety instrument (Incomplete/Unverified/Complete).,YES,internal,VARIABLE,redcap_generated,v4,NO,NO,
voice_problem_severity_schema,voice_problem_severity,q_voice_voice_problem_severity_complete,q_voice_voice_problem_severity_complete,task,REDCap form-completion status for the q_voice_voice_problem_severity instrument (Incomplete/Unverified/Complete).,YES,drop,VARIABLE,redcap_generated,v4,NO,NO,
panas_schema,panas,q_mood_panas_complete,q_mood_panas_complete,questionnaire,REDCap form-completion status for the q_mood_panas instrument (Incomplete/Unverified/Complete).,YES,internal,VARIABLE,redcap_generated,v4,NO,NO,
custom_affect_scale_schema,custom_affect_scale,q_mood_custom_affect_scale_complete,q_mood_custom_affect_scale_complete,questionnaire,REDCap form-completion status for the q_mood_custom_affect_scale instrument (Incomplete/Unverified/Complete).,YES,internal,VARIABLE,redcap_generated,v4,NO,NO,
dsm5_adult_schema,dsm5_adult,q_mood_dsm5_adult_complete,q_mood_dsm5_adult_complete,questionnaire,REDCap form-completion status for the q_mood_dsm5_adult instrument (Incomplete/Unverified/Complete).,YES,internal,VARIABLE,redcap_generated,v4,NO,NO,
ptsd_adult_schema,ptsd_adult,q_mood_ptsd_adult_complete,q_mood_ptsd_adult_complete,questionnaire,REDCap form-completion status for the q_mood_ptsd_adult instrument (Incomplete/Unverified/Complete).,YES,internal,VARIABLE,redcap_generated,v4,NO,NO,
adhd_adult_schema,adhd_adult,q_mood_adhd_adult_complete,q_mood_adhd_adult_complete,questionnaire,REDCap form-completion status for the q_mood_adhd_adult instrument (Incomplete/Unverified/Complete).,YES,internal,VARIABLE,redcap_generated,v4,NO,NO,
participant_history_schema,psychiatric_history,q_mood_participant_history_complete,q_mood_participant_history_complete,questionnaire,REDCap form-completion status for the q_mood_participant_history instrument (Incomplete/Unverified/Complete).,YES,internal,VARIABLE,redcap_generated,v4,NO,NO,
dyspnea_index_di_schema,dyspnea_index,q_resp_dyspnea_index_di_complete,q_resp_dyspnea_index_di_complete,questionnaire,REDCap form-completion status for the q_resp_dyspnea_index_di instrument (Incomplete/Unverified/Complete).,YES,internal,VARIABLE,redcap_generated,v4,NO,NO,
leicester_cough_questionnaire_lcq_schema,leicester_cough_questionnaire,q_resp_leicester_cough_questionnaire_lcq_complete,q_resp_leicester_cough_questionnaire_lcq_complete,questionnaire,REDCap form-completion status for the q_resp_leicester_cough_questionnaire_lcq instrument (Incomplete/Unverified/Complete).,YES,internal,VARIABLE,redcap_generated,v4,NO,NO,
winograd_schemas_schema,winograd,q_neuro_winograd_schemas_complete,q_neuro_winograd_schemas_complete,task,REDCap form-completion status for the q_neuro_winograd_schemas instrument (Incomplete/Unverified/Complete).,YES,internal,VARIABLE,redcap_generated,v4,NO,NO,
wordcolor_stroop_schema,stroop,q_neuro_wordcolor_stroop_complete,q_neuro_wordcolor_stroop_complete,task,REDCap form-completion status for the q_neuro_wordcolor_stroop instrument (Incomplete/Unverified/Complete).,YES,internal,VARIABLE,redcap_generated,v4,NO,NO,
productive_vocabulary_schema,productive_vocabulary,q_neuro_productive_vocabulary_complete,q_neuro_productive_vocabulary_complete,task,REDCap form-completion status for the q_neuro_productive_vocabulary instrument (Incomplete/Unverified/Complete).,YES,internal,VARIABLE,redcap_generated,v4,NO,NO,
random_item_generation_schema,random_item_generation,q_neuro_random_item_generation_complete,q_neuro_random_item_generation_complete,task,REDCap form-completion status for the q_neuro_random_item_generation instrument (Incomplete/Unverified/Complete).,YES,internal,VARIABLE,redcap_generated,v4,NO,NO,
moca_schema,,q_neuro_moca_complete,q_neuro_moca_complete,,REDCap form-completion status for the q_neuro_moca instrument (Incomplete/Unverified/Complete).,YES,drop,VARIABLE,redcap_generated,v4,NO,NO,
generic_demographics_schema,pediatric_demographics,pediatric_q_generic_demographics_complete,pediatric_q_generic_demographics_complete,pediatric,REDCap form-completion status for the pediatric_q_generic_demographics instrument (Incomplete/Unverified/Complete).,YES,internal,VARIABLE,redcap_generated,v4,NO,NO,
generic_vhi_10_schema,pediatric_vhi10,pediatric_q_generic_vhi_10_complete,pediatric_q_generic_vhi_10_complete,pediatric_questionnaire,REDCap form-completion status for the pediatric_q_generic_vhi_10 instrument (Incomplete/Unverified/Complete).,YES,internal,VARIABLE,redcap_generated,v4,NO,NO,
generic_voice_outcome_survey_schema,pediatric_voice_outcome_survey,pediatric_q_generic_voice_outcome_survey_complete,pediatric_q_generic_voice_outcome_survey_complete,pediatric_questionnaire,REDCap form-completion status for the pediatric_q_generic_voice_outcome_survey instrument (Incomplete/Unverified/Complete).,YES,internal,VARIABLE,redcap_generated,v4,NO,NO,
generic_voice_related_qol_survey_schema,pediatric_voice_related_qol_survey,pediatric_q_generic_voice_related_qol_survey_complete,pediatric_q_generic_voice_related_qol_survey_complete,pediatric_questionnaire,REDCap form-completion status for the pediatric_q_generic_voice_related_qol_survey instrument (Incomplete/Unverified/Complete).,YES,internal,VARIABLE,redcap_generated,v4,NO,NO,
generic_phqa_schema,pediatric_hqa,pediatric_q_generic_phqa_complete,pediatric_q_generic_phqa_complete,pediatric_questionnaire,REDCap form-completion status for the pediatric_q_generic_phqa instrument (Incomplete/Unverified/Complete).,YES,internal,VARIABLE,redcap_generated,v4,NO,NO,
generic_medical_conditions_schema,pediatric_medical_conditions,pediatric_q_generic_medical_conditions_complete,pediatric_q_generic_medical_conditions_complete,pediatric,REDCap form-completion status for the pediatric_q_generic_medical_conditions instrument (Incomplete/Unverified/Complete).,YES,internal,VARIABLE,redcap_generated,v4,NO,NO,
acoustic_task_schema,acoustic_task,speech_type,speech_type,task,Speech elicitation type for this task family (read/recall/elicited/non-lexical).,NO,release,VARIABLE,pipeline,v4,NO,NO,
audio_sidecar,audio_sidecar,record_id,participant_id,task,A unique identifier for the participant.,NO,release,VARIABLE,pipeline,v4,NO,NO,
audio_sidecar,audio_sidecar,recording_session_id,session_id,task,"Ordinal index of the session within the participant, numbered in session order (e.g., 01, 02). An ordinal missing from a participant's released records denotes a session with no released data.",NO,release,VARIABLE,pipeline,v4,NO,NO,
audio_sidecar,audio_sidecar,recording_name,task_name,task,"Task name of the recording, normalized to lower case with hyphens.",NO,release,VARIABLE,pipeline,v4,NO,NO,
audio_sidecar,audio_sidecar,language,language,task,Administration language of the session (BCP-47 code).,NO,release,VARIABLE,pipeline,v4,NO,NO,
audio_sidecar,audio_sidecar,recording_id,recording_id,task,"Unique alphanumeric identifier for each audio recording in the dataset (no units), used to link the audio file to the corresponding participant and session.",NO,release,VARIABLE,redcap,v4,NO,NO,
audio_sidecar,audio_sidecar,recording_acoustic_task_id,recording_acoustic_task_id,task,Identifier (UUID) of the acoustic task instance this recording belongs to; repeats across recordings of the same task and joins to the acoustic task table.,NO,release,VARIABLE,redcap,v4,NO,NO,
audio_sidecar,audio_sidecar,recording_duration,recording_duration,task,"Total length of the audio recording, reported in seconds.",NO,release,VARIABLE,redcap,v4,NO,NO,
audio_sidecar,audio_sidecar,recording_size,recording_size,task,"Size of the original source recording as uploaded by the collection platform, in kibibytes (KiB); this is the source audio size, not the size of the released FLAC file.",NO,release,VARIABLE,redcap,v4,NO,NO,
audio_sidecar,audio_sidecar,recording_profile_name,recording_profile_name,task,"Recording profile used for the audio recording (Speech, Breathe or Cough); not populated in the pediatric release.",NO,release,VARIABLE,redcap,v4,NO,NO,
audio_sidecar,audio_sidecar,recording_profile_version,recording_profile_version,task,Version of the recording profile used for the session (v1.0.0 in the adult release; not populated in the pediatric release).,NO,release,VARIABLE,redcap,v4,NO,NO,
audio_sidecar,audio_sidecar,recording_input_gain,recording_input_gain,task,"Input gain setting applied by the recording device at capture, stored as a number between 0 and 1 (not decibels).",NO,release,VARIABLE,redcap,v4,NO,NO,
audio_sidecar,audio_sidecar,recording_microphone,recording_microphone,task,"Type or model of the microphone or recording device used for the recording, entered as text.",NO,release,VARIABLE,redcap,v4,NO,NO,
audio_sidecar,audio_sidecar,instructions,instructions,task,Task instruction text shown to the participant.,NO,release,VARIABLE,pipeline,v4,NO,NO,
audio_sidecar,audio_sidecar,stimulus_text,stimulus_text,task,Stimulus content for this recording (sentence text or prompt).,NO,release,VARIABLE,pipeline,v4,NO,NO,
audio_sidecar,audio_sidecar,speech_type,speech_type,task,Speech elicitation type for this recording (read/recall/elicited/non-lexical).,NO,release,VARIABLE,pipeline,v4,NO,NO,
audio_sidecar,audio_sidecar,audio_sample_rate,audio_sample_rate,task,Sample rate of the saved audio file in Hz.,NO,release,VARIABLE,pipeline,v4,NO,NO,
audio_sidecar,audio_sidecar,audio_channel_count,audio_channel_count,task,Number of audio channels in the saved audio file.,NO,release,VARIABLE,pipeline,v4,NO,NO,
audio_sidecar,audio_sidecar,stimulus_source,stimulus_source,task,"Where stimulus_text comes from: transcribed (text transcribed from an image stimulus), questionnaire (the prompt recorded in the session's task questionnaire), image (the stimulus is an image) or doc-text (reference text entered in RedCap).",NO,release,VARIABLE,pipeline,v4,NO,NO,
audio_sidecar,audio_sidecar,stimulus_asset,stimulus_asset,task,"URL of the image shown as the stimulus, pinned to the commit used at collection.",NO,release,VARIABLE,pipeline,v4,NO,NO,
audio_sidecar,audio_sidecar,stimulus_asset_n_images,stimulus_asset_n_images,task,Number of images in an ordered multi-image stimulus; absent for a single image.,NO,release,VARIABLE,pipeline,v4,NO,NO,
