"Variable / Field Name","Form Name","Section Header","Field Type","Field Label","Choices, Calculations, OR Slider Labels","Field Note","Text Validation Type OR Show Slider Number","Text Validation Min","Text Validation Max",Identifier?,"Branching Logic (Show field only if...)","Required Field?","Custom Alignment","Question Number (surveys only)","Matrix Group Name","Matrix Ranking?","Field Annotation"
record_id,subjectparticipant_basic_information,,text,"Record ID",,,,,,,,,,,,,
age,subjectparticipant_basic_information,,text,Age,,,,,,,,,,,,,
selected_language,subjectparticipant_basic_information,,radio,Language,"1, English | 2, French | 3, Spanish",,,,,,,y,,,,,
selected_language_2,subjectparticipant_basic_information,,radio,Language,"en-US, English | fr-CA, French | es-419, Spanish",,,,,,,,,,,,
consent_status,subjectparticipant_basic_information,,radio,"Consent Status","1, Pending | 2, Consented | 3, Withdrawn Consent | 4, Removed From Eligibility",,,,,,,y,,,,,
contact_participant,subjectparticipant_basic_information,,radio,"Contact participant re: incidental findings?","yes, Yes | no, No",,,,,,,,,,,,
consent_date,subjectparticipant_basic_information,,text,"Consent Date",,,date_mdy,,,y,"[consent_status] = 2",y,,,,,
consent_method,subjectparticipant_basic_information,,radio,"Consent Method","paper, Paper Consent | econsent, eConsent",,,,,,"[consent_status] = '2'",y,,,,,
withdrawn_consent_reason,subjectparticipant_basic_information,,text,"Withdrawn Consent Reason",,,,,,y,"[consent_status] = 3",,,,,,
withdrawn_consent_date,subjectparticipant_basic_information,,text,"Withdrawn Consent Date",,,date_mdy,,,y,"[consent_status] = 3",y,,,,,
is_feasibility_participant,subjectparticipant_basic_information,,radio,"Is Feasibility Participant?","yes, Yes | no, No",,,,,,,y,,,,,
is_remote_data_collection_enabled,subjectparticipant_basic_information,,radio,"Is Remote Data Collection Enabled?","yes, Yes | no, No",,,,,,,y,,,,," @READONLY"
enrolled,subjectparticipant_basic_information,"Enrollment Details",yesno,Enrolled,,,,,,,,y,,,,,
enrollment_reason,subjectparticipant_basic_information,,text,"Enrollment Reason

To be completed when enrolling a person that declined initially.",,,,,,y,"[enrolled] = 1",,,,,,
enrollment_institution,subjectparticipant_basic_information,,radio,"Enrollment Institution","mit, MIT | mt_sinai, Mt. Sinai | sickkids, SickKids | usf, USF | vumc, VUMC | wcm, WCM",,,,,,,y,,,,,
researcher_email,subjectparticipant_basic_information,,text,"Researcher Email",,,email,,,y,,,,,,,
participant_data_collection_origins,subjectparticipant_basic_information,"Data Collection Details",checkbox,"Data Collection - origin(s)","app, Bridge2AI App | website, Bridge2AI Web App | reproschema, Bridge2AI Reproschema",,,,,,,,,,,," @READONLY"
participant_data_collection_via,subjectparticipant_basic_information,,checkbox,"Data Collection - via","data_collector, Data Collector | participant, Participant",,,,,,,,,,,," @READONLY"
api_updates_on_behalf_of,subjectparticipant_basic_information,,text,"API Updates on behalf of",,,email,,,y,,,,,,," @READONLY"
participant_study_id,subjectparticipant_contact_information,"Contact Information",text,"Participant Study ID",,,,,,y,,,,,,,
first_name,subjectparticipant_contact_information,,text,"First Name",,,,,,y,,,,,,,
last_name,subjectparticipant_contact_information,,text,"Last Name",,,,,,y,,,,,,,
dob,subjectparticipant_contact_information,,text,"What is your date of birth?",,,date_ymd,,,y,,,,,,,
phone_number,subjectparticipant_contact_information,,text,"Phone Number",,###-###-####,,,,y,,,,,,,
email,subjectparticipant_contact_information,,text,Email,,,email,,,y,,,,,,,
contact_info_stored,subjectparticipant_contact_information,,yesno,"[DEPRECATED] I want my contact information to be kept in a repository for this study which can be used to contact me to ask me to enroll in further studies or return important results. My information will not be shared with third parties.",,,,,,,,,,,,,
eligible_studies,subjectparticipant_eligible_studies,"Eligible Studies",checkbox,"Eligible Studies","1, Voice Disorders | 2, Neurological and Neurodegenerative Disorders | 3, Mood and Psychiatric Disorders | 4, Respiratory Disorders | age_2_4, Pediatric Disorders - Ages [2-4) | age_4_6, Pediatric Disorders - Ages [4-6) | age_6_10, Pediatric Disorders - Ages [6-10) | age_10_plus, Pediatric Disorders - Ages 10+",,,,,,,y,,,,,
is_control_participant,subjectparticipant_eligible_studies,,radio,"Is Control Participant?","yes, Yes | no, No",,,,,,,y,,,,,
cond_sel_prompt,subjectparticipant_eligible_studies,"Do you have any of these conditions, diagnosed by a clinician?",descriptive,"(Check all that apply if you currently have the condition)",,,,,,,,,,,,,
glottic_insufficiency,subjectparticipant_eligible_studies,"Voice Disorders",radio,"Glottic Insufficiency / Presbyphonia","0, Unchecked | 1, Checked",,,,,,,y,,,voice_disorders,,
laryng_cancer,subjectparticipant_eligible_studies,,radio,"Laryngeal Cancer","0, Unchecked | 1, Checked",,,,,,,y,,,voice_disorders,,
laryngitis,subjectparticipant_eligible_studies,,radio,Laryngitis,"0, Unchecked | 1, Checked",,,,,,,y,,,voice_disorders,,
benign_cord_lesion,subjectparticipant_eligible_studies,,radio,"Lesions of the vocal cord (nodule, polyp, cyst)","0, Unchecked | 1, Checked",,,,,,,y,,,voice_disorders,,
mtd,subjectparticipant_eligible_studies,,radio,"Muscle Tension Dysphonia (MTD)","0, Unchecked | 1, Checked",,,,,,,y,,,voice_disorders,,
rrp,subjectparticipant_eligible_studies,,radio,"Recurrent Laryngeal Papilloma (RRP)","0, Unchecked | 1, Checked",,,,,,,y,,,voice_disorders,,
spas_dys,subjectparticipant_eligible_studies,,radio,"Spasmodic Dysphonia / Laryngeal Tremor","0, Unchecked | 1, Checked",,,,,,,y,,,voice_disorders,,
voc_fold_paralysis,subjectparticipant_eligible_studies,,radio,"Unilateral Vocal Fold Paralysis","0, Unchecked | 1, Checked",,,,,,,y,,,voice_disorders,,
alz_dementia_mci,subjectparticipant_eligible_studies,"Neurological and Neurodegenerative Disorders",radio,"Alzheimer's, Dementia, or Mild Cognitive Impairment","0, Unchecked | 1, Checked",,,,,,,y,,,neuro_neurodeg_dis,,
als,subjectparticipant_eligible_studies,,radio,"Amyotrophic Lateral Sclerosis (ALS)","0, Unchecked | 1, Checked",,,,,,,y,,,neuro_neurodeg_dis,,
neuro_ataxia,subjectparticipant_eligible_studies,,radio,Ataxia,"0, Unchecked | 1, Checked",,,,,,,y,,,neuro_neurodeg_dis,,
essential_tremor,subjectparticipant_eligible_studies,,radio,"Essential Tremor","0, Unchecked | 1, Checked",,,,,,,y,,,neuro_neurodeg_dis,,
huntingtons,subjectparticipant_eligible_studies,,radio,"Huntington's Disease","0, Unchecked | 1, Checked",,,,,,,y,,,neuro_neurodeg_dis,,
parkinsons,subjectparticipant_eligible_studies,,radio,"Parkinson's disease","0, Unchecked | 1, Checked",,,,,,,y,,,neuro_neurodeg_dis,,
alcohol_subst_abuse,subjectparticipant_eligible_studies,"Mood and Psychiatric Disorders",radio,"Alcohol or Substance Use Disorder","0, Unchecked | 1, Checked",,,,,,,y,,,mood_psych_dis,,
gad,subjectparticipant_eligible_studies,,radio,"Anxiety Disorder","0, Unchecked | 1, Checked",,,,,,,y,,,mood_psych_dis,,
add_adhd,subjectparticipant_eligible_studies,,radio,"Attention-Deficit / Hyperactivity Disorder (ADHD)","0, Unchecked | 1, Checked",,,,,,,y,,,mood_psych_dis,,
asd,subjectparticipant_eligible_studies,,radio,"Autism Spectrum Disorder (ASD)","0, Unchecked | 1, Checked",,,,,,,y,,,mood_psych_dis,,
bipolar,subjectparticipant_eligible_studies,,radio,"Bipolar Disorder","0, Unchecked | 1, Checked",,,,,,,y,,,mood_psych_dis,,
bpd,subjectparticipant_eligible_studies,,radio,"Borderline Personality Disorder (BPD)","0, Unchecked | 1, Checked",,,,,,,y,,,mood_psych_dis,,
depression,subjectparticipant_eligible_studies,,radio,"Depression or Major Depressive Disorder","0, Unchecked | 1, Checked",,,,,,,y,,,mood_psych_dis,,
ed,subjectparticipant_eligible_studies,,radio,"Eating Disorder (ED)","0, Unchecked | 1, Checked",,,,,,,y,,,mood_psych_dis,,
insomnia,subjectparticipant_eligible_studies,,radio,"Insomnia / Sleep Disorder","0, Unchecked | 1, Checked",,,,,,,y,,,mood_psych_dis,,
ocd,subjectparticipant_eligible_studies,,radio,"Obsessive-Compulsive Disorder (OCD)","0, Unchecked | 1, Checked",,,,,,,y,,,mood_psych_dis,,
panic,subjectparticipant_eligible_studies,,radio,"Panic Disorder","0, Unchecked | 1, Checked",,,,,,,y,,,mood_psych_dis,,
ptsd,subjectparticipant_eligible_studies,,radio,"Post-Traumatic Stress Disorder (PTSD)","0, Unchecked | 1, Checked",,,,,,,y,,,mood_psych_dis,,
schizophrenia,subjectparticipant_eligible_studies,,radio,Schizophrenia,"0, Unchecked | 1, Checked",,,,,,,y,,,mood_psych_dis,,
soc_anx_dis,subjectparticipant_eligible_studies,,radio,"Social Anxiety Disorder","0, Unchecked | 1, Checked",,,,,,,y,,,mood_psych_dis,,
other_psych,subjectparticipant_eligible_studies,,radio,"Other Psychiatric Disorder","0, Unchecked | 1, Checked",,,,,,,y,,,mood_psych_dis,,
asthma,subjectparticipant_eligible_studies,"Respiratory disorders",radio,Asthma,"0, Unchecked | 1, Checked",,,,,,,y,,,resp_dis,,
airway_stenosis,subjectparticipant_eligible_studies,,radio,"Airway Stenosis (for example: bilateral vocal fold paralysis; laryngeal stenosis)","0, Unchecked | 1, Checked",,,,,,,y,,,resp_dis,,
chronic_cough,subjectparticipant_eligible_studies,,radio,"Chronic Cough","0, Unchecked | 1, Checked",,,,,,,y,,,resp_dis,,
copd,subjectparticipant_eligible_studies,,radio,COPD,"0, Unchecked | 1, Checked",,,,,,,y,,,resp_dis,,
osa,subjectparticipant_eligible_studies,,radio,"Obstructive Sleep Apnea (OSA)","0, Unchecked | 1, Checked",,,,,,,y,,,resp_dis,,
autism,subjectparticipant_eligible_studies,"Pediatric disorders
",radio,"Autism Spectrum Disorder (ASD)","0, Unchecked | 1, Checked",,,,,,,y,,,peds_dis,,
speech_delay,subjectparticipant_eligible_studies,,radio,"Speech Delay","0, Unchecked | 1, Checked",,,,,,,y,,,peds_dis,,
exclude_participant,data_dissemination,,radio,"Exclude Participant and their data from Bridge2AI Data Dissemination?","yes, Yes | no, No",,,,,,,y,,,,,
exclude_reason,data_dissemination,,checkbox,"Check all that apply","missing_consent, Re-consent required | incomplete_data_collection_acoustic_tasks, Incomplete Data Collection - Acoustic Tasks | incomplete_data_collection_questionnaire_tasks, Incomplete Data Collection - Questionnaire Tasks | missing_diagnosis, Missing Diagnosis | participant_lost_to_follow_up, Participant lost to follow up | participant_withdrew, Participant withdrew from Study | participant_removed_from_eligibility, Participant removed from Eligibility | feasibility_participant, Feasibility Participant | other, Other",,,,,,"[exclude_participant] = 'yes'",y,,,,,
exclude_reason_other,data_dissemination,,text,"Please specify:",,,,,,,"[exclude_reason(other)] = '1'",y,,,,,
exclusion_date,data_dissemination,,text,"Date Data Exclusion was requested",,,date_mdy,,,,"[exclude_participant] = 'yes'",y,,,,,
inclusion_date,data_dissemination,,text,"Date Data Inclusion was requested",,,date_mdy,,,,"[exclude_participant] = 'no'",y,,,,,
ef_select_language,enrollment_form,"Select a language",radio,"Select a language","1, English | 2, Français | 3, Español",,,,,,,y,,,,,
ef_any_vision_related_req,enrollment_form,"Let's customize your experience",yesno,"This application requires you to read text to answer questions. Do you have any vision-related requirements we can assist with?",,,,,,,,y,,,,,
ef_vision_a11y_options,enrollment_form,,checkbox,"Yes, I would like to use some of the accessibility features of the app","1, I would like to change the font size | 2, I would like to change the font color (high contrast mode) | 3, I would like to use a screen reader | 4, I would like a person to read the text to me",,,,,,"[ef_any_vision_related_req] = '1'",,,,,,
ef_any_hearing_related_req,enrollment_form,,yesno,"This application may present some sound files for you to listen to. Do you have any hearing-related requirements we can assist with?",,,,,,,,y,,,,,
ef_hearing_a11y_options,enrollment_form,,checkbox,"Yes, I would like to use some of the accessibility features of the app","1, I would like to turn up the volume | 2, I would like to turn on closed captions | 3, I would like to use haptic feedback (vibrations) instead of audio cues",,,,,,"[ef_any_hearing_related_req] = '1'",,,,,,
ef_any_physical_challenges,enrollment_form,,yesno,"This application requires you to navigate through the questions using a touch screen. Do you have any physical challenges we can accommodate?",,,,,,,,y,,,,,
ef_physical_a11y_options,enrollment_form,,checkbox,"Yes, I would like to use some of the accessibility features of the app","1, I would like to increase the size of the buttons | 2, I have an alternative keyboard I'd like to connect instead | 3, I would like to navigate the survey using voice commands instead of the touch screen",,,,,,"[ef_any_physical_challenges] = '1'",,,,,,
ef_any_cognitive_challeges,enrollment_form,,yesno,"This application requires you to read text, answer questions, and follow directions. Do you have any cognitive challenges, including difficulty reading, that we can assist with?",,,,,,,,y,,,,,
ef_cognitive_a11y_options,enrollment_form,,checkbox,"Yes, I would like to use some of the accessibility features of the app","1, I would like the questions to be read to me using text-to-speech | 2, I would like a person to read the text to me | 3, I would like to speak my answers instead of typing them",,,,,,"[ef_any_cognitive_challeges] = '1'",,,,,,
ef_completed_by,enrollment_form,"Who is participating in completing this survey?
[Deprecated in Protocol v4]",checkbox,"Check all that apply","1, Self | 2, Assistant | 3, Parent/Caregiver",,,,,,,,,,,,
ef_primary_language,enrollment_form,"Tell us about yourself",radio,"What is your primary language?","1, English | 2, French | 3, Spanish | 4, Other (Please specify below)",,,,,,,y,,,,,
ef_primary_language_other,enrollment_form,,text,"If primary language is ""other"", please specify:",,,,,,,"[ef_primary_language] = '4'",,,,,,
ef_fluent_languages,enrollment_form,,checkbox,"Do you speak any additional language(s) fluently (similar to a native speaker)?","1, None | 2, English | 3, French | 4, Spanish | 5, Other (please specify below)",,,,,,,y,,,,,
ef_fluent_language_other,enrollment_form,,text,"If you speak any other languages fluently, please specify:",,,,,,,"[ef_fluent_languages(5)] = '1'",,,,,,
ef_dob,enrollment_form,,text,"What is your date of birth?",,,date_ymd,,,y,,y,,,,,
ef_cond_prompt,enrollment_form,"Do you have any of these conditions, diagnosed by a clinician?",descriptive,"(Check all that apply if you currently have the condition)",,,,,,,,,,,,,
ef_glottic_insufficiency,enrollment_form,"Voice Disorders",radio,"Glottic Insufficiency / Presbyphonia","0, Unchecked | 1, Checked",,,,,,,y,,,ef_voice_disorders,,
ef_laryng_cancer,enrollment_form,,radio,"Laryngeal Cancer","0, Unchecked | 1, Checked",,,,,,,y,,,ef_voice_disorders,,
ef_laryngitis,enrollment_form,,radio,Laryngitis,"0, Unchecked | 1, Checked",,,,,,,y,,,ef_voice_disorders,,
ef_benign_cord_lesion,enrollment_form,,radio,"Lesions of the vocal cord (nodule, polyp, cyst)","0, Unchecked | 1, Checked",,,,,,,y,,,ef_voice_disorders,,
ef_mtd,enrollment_form,,radio,"Muscle Tension Dysphonia (MTD)","0, Unchecked | 1, Checked",,,,,,,y,,,ef_voice_disorders,,
ef_rrp,enrollment_form,,radio,"Recurrent Laryngeal Papilloma (RRP)","0, Unchecked | 1, Checked",,,,,,,y,,,ef_voice_disorders,,
ef_spas_dys,enrollment_form,,radio,"Spasmodic Dysphonia / Laryngeal Tremor","0, Unchecked | 1, Checked",,,,,,,y,,,ef_voice_disorders,,
ef_voc_fold_paralysis,enrollment_form,,radio,"Unilateral Vocal Fold Paralysis","0, Unchecked | 1, Checked",,,,,,,y,,,ef_voice_disorders,,
ef_alz_dementia_mci,enrollment_form,"Neurological and Neurodegenerative Disorders",radio,"Alzheimer's, Dementia, or Mild Cognitive Impairment","0, Unchecked | 1, Checked",,,,,,,y,,,ef_neuro_neurodeg_dis,,
ef_als,enrollment_form,,radio,"Amyotrophic Lateral Sclerosis (ALS)","0, Unchecked | 1, Checked",,,,,,,y,,,ef_neuro_neurodeg_dis,,
ef_ataxia,enrollment_form,,radio,Ataxia,"0, Unchecked | 1, Checked",,,,,,,y,,,ef_neuro_neurodeg_dis,,
ef_essential_tremor,enrollment_form,,radio,"Essential Tremor","0, Unchecked | 1, Checked",,,,,,,y,,,ef_neuro_neurodeg_dis,,
ef_huntingtons,enrollment_form,,radio,"Huntington's Disease","0, Unchecked | 1, Checked",,,,,,,y,,,ef_neuro_neurodeg_dis,,
ef_parkinsons,enrollment_form,,radio,"Parkinson's disease","0, Unchecked | 1, Checked",,,,,,,y,,,ef_neuro_neurodeg_dis,,
ef_alcohol_subst_abuse,enrollment_form,"Mood and Psychiatric Disorders",radio,"Alcohol or Substance Use Disorder","0, Unchecked | 1, Checked",,,,,,,y,,,ef_mood_psych_dis,,
ef_gad,enrollment_form,,radio,"Anxiety Disorder","0, Unchecked | 1, Checked",,,,,,,y,,,ef_mood_psych_dis,,
ef_add_adhd,enrollment_form,,radio,"Attention-Deficit / Hyperactivity Disorder (ADHD)","0, Unchecked | 1, Checked",,,,,,,y,,,ef_mood_psych_dis,,
ef_asd,enrollment_form,,radio,"Autism Spectrum Disorder (ASD)","0, Unchecked | 1, Checked",,,,,,,y,,,ef_mood_psych_dis,,
ef_bipolar,enrollment_form,,radio,"Bipolar Disorder","0, Unchecked | 1, Checked",,,,,,,y,,,ef_mood_psych_dis,,
ef_bpd,enrollment_form,,radio,"Borderline Personality Disorder (BPD)","0, Unchecked | 1, Checked",,,,,,,y,,,ef_mood_psych_dis,,
ef_depression,enrollment_form,,radio,"Depression or Major Depressive Disorder","0, Unchecked | 1, Checked",,,,,,,y,,,ef_mood_psych_dis,,
ef_ed,enrollment_form,,radio,"Eating Disorder (ED)","0, Unchecked | 1, Checked",,,,,,,y,,,ef_mood_psych_dis,,
ef_insomnia,enrollment_form,,radio,"Insomnia / Sleep Disorder","0, Unchecked | 1, Checked",,,,,,,y,,,ef_mood_psych_dis,,
ef_ocd,enrollment_form,,radio,"Obsessive-Compulsive Disorder (OCD)","0, Unchecked | 1, Checked",,,,,,,y,,,ef_mood_psych_dis,,
ef_panic,enrollment_form,,radio,"Panic Disorder","0, Unchecked | 1, Checked",,,,,,,y,,,ef_mood_psych_dis,,
ef_ptsd,enrollment_form,,radio,"Post-Traumatic Stress Disorder (PTSD)","0, Unchecked | 1, Checked",,,,,,,y,,,ef_mood_psych_dis,,
ef_schizophrenia,enrollment_form,,radio,Schizophrenia,"0, Unchecked | 1, Checked",,,,,,,y,,,ef_mood_psych_dis,,
ef_soc_anx_dis,enrollment_form,,radio,"Social Anxiety Disorder","0, Unchecked | 1, Checked",,,,,,,y,,,ef_mood_psych_dis,,
ef_other_psych,enrollment_form,,radio,"Other Psychiatric Disorder","0, Unchecked | 1, Checked",,,,,,,y,,,ef_mood_psych_dis,,
ef_asthma,enrollment_form,"Respiratory Disorders",radio,Asthma,"0, Unchecked | 1, Checked",,,,,,,y,,,ef_resp_dis,,
ef_airway_stenosis,enrollment_form,,radio,"Airway Stenosis (for example: bilateral vocal fold paralysis; laryngeal stenosis)","0, Unchecked | 1, Checked",,,,,,,y,,,ef_resp_dis,,
ef_chronic_cough,enrollment_form,,radio,"Chronic Cough","0, Unchecked | 1, Checked",,,,,,,y,,,ef_resp_dis,,
ef_copd,enrollment_form,,radio,COPD,"0, Unchecked | 1, Checked",,,,,,,y,,,ef_resp_dis,,
ef_osa,enrollment_form,,radio,"Obstructive Sleep Apnea (OSA)","0, Unchecked | 1, Checked",,,,,,,y,,,ef_resp_dis,,
ef_autism,enrollment_form,"Pediatric Disorders",radio,"Autism Spectrum Disorder (ASD)","0, Unchecked | 1, Checked",,,,,,,y,,,ef_peds_dis,,
ef_speech_delay,enrollment_form,,radio,"Speech Delay","0, Unchecked | 1, Checked",,,,,,,y,,,ef_peds_dis,,
ef_eligible_studies,enrollment_form,"Eligible Studies",checkbox,"Eligible Studies","1, Voice Disorders | 2, Neurological and Neurodegenerative Disorders | 3, Mood and Psychiatric Disorders | 4, Respiratory Disorders | 5, Pediatric Disorders",,,,,,,y,,,,,
ef_learn_about_this_study,enrollment_form,"How did you learn about this study?",radio,"How did you learn about this study?","physician, Through my physician/provider | flyer, A flyer | social_media, Social Media | bridge2ai_website, Bridge2AI Website | event, At an event | other, Other",,,,,,,,,,,,
ef_learn_about_this_study_event,enrollment_form,,text,"If ""At an event"", please specify:",,,,,,,"[ef_learn_about_this_study] = 'event'",,,,,,
ef_learn_about_this_study_other,enrollment_form,,text,"If ""Other"", please specify:",,,,,,,"[ef_learn_about_this_study] = 'other'",,,,,,
ef_participant_study_id,enrollment_form,"Contact Information",text,"Participant Study ID",,,,,,y,,,,,,,
ef_first_name,enrollment_form,,text,"First Name",,,,,,y,,,,,,,
ef_last_name,enrollment_form,,text,"Last Name",,,,,,y,,,,,,,
ef_phone_number,enrollment_form,,text,"Phone Number",,###-###-####,phone,,,y,,,,,,,
ef_email,enrollment_form,,text,Email,,,email,,,y,,,,,,,
ef_contact_info_stored,enrollment_form,,yesno,"[DEPRECATED] I want my contact information to be kept in a repository for this study which can be used to contact me to ask me to enroll in further studies or return important results. My information will not be shared with third parties.",,,,,,,,,,,,,
ef_enrollment,enrollment_form,"Review and Enroll",radio,"Please review your answers reading all the way through the bottom and select an option. If you have any questions, you can still proceed with enrollment and ask or make changes at a later time.","Enroll, Enroll | Decline, Decline",,,,,,,y,,,,,
ef_remote_collection_agreement_terms,enrollment_form,,checkbox,"I acknowledge that:","ef_confirmed_clinical_diagnosis, I have a confirmed clinical diagnosis and proof of a disorder that qualifies me to participate in this study. | ef_agree_video_camera, I will need to have a video camera turned on during any interactions with the research team.",,,,,,,,,,,," @READONLY"
ef_is_control_participant,enrollment_form,,radio,"Is Control Participant?","yes, Yes | no, No",,,,,,,y,,,,,
ef_reason_decline_enroll,enrollment_form,,radio,"Please select a reason for declining","1, I am not interested in having my voice recorded | 2, I do not have enough time today and want to be contacted later | 3, I do not have enough time and do not want to be contacted later | 4, I prefer not to share any health information for research | 5, Other (Please specify)",,,,,,"[ef_enrollment]=""Decline""",y,,,,,
ef_other_reason_decline,enrollment_form,,text,"If ""Other"" reason for declining enrollment, please specify:",,,,,,y,"[ef_reason_decline_enroll]=""5""",,,,,,
ef_enrollment_institution,enrollment_form,,radio,"Enrollment Institution","mit, MIT | mt_sinai, Mt. Sinai | sickkids, SickKids | usf, USF | vumc, VUMC | wcm, WCM",,,,,,,,,,,,
ef_researcher_email,enrollment_form,,text,"Researcher Email",,,email,,,y,,,,,,,
ef_enrollment_origin,enrollment_form,,radio,"Enrollment Origin","app, Bridge2AI App | website, Bridge2AI Web App | reproschema, Bridge2AI Reproschema",,,,,,,y,,,,,
ef_enrollment_via,enrollment_form,,radio,"Enrollment via","dataCollector, Data Collector | participant, Participant",,,,,,,y,,,,,
ef_started_at,enrollment_form,"Enrollment Form - Metadata",text,"Enrollment Form Started At",,,,,,y,,,,,,," @READONLY"
ef_completed_at,enrollment_form,,text,"Enrollment Form Completed At",,,,,,y,,,,,,," @READONLY"
ef_duration,enrollment_form,,text,"Enrollment Form Duration (seconds)",,,number,0,,,,,,,,," @READONLY"
is_prolific,prolific_information,"Prolific Details",radio,"Is Prolific:","yes, Yes | no, No",,,,,,,,,,,,
prolific_id,prolific_information,,text,"Prolific Id:",,,,,,,,,,,,,
show_prolific_study_id,prolific_information,,radio,"Show Prolific Study Id:","yes, Yes | no, No",,,,,,,,,,,,
paper_consent_notes,bridge2ai_paper_consent_all_sites_english,"Paper Consent Form for all Sites",descriptive,"Fill out Instructions
1. Upload the .pdf of the paper consent.
2. Select the Enrollment Institution.
3. Paper Consent Uploaded By is automatically calculated
4. Once all the fields are entered mark this form as ""Complete""

If uploading a paper consent form instead of eConsent, navigate to Form ""Subject/Participant - Basic Information"" and update Consent Status to ""Consented""",,,,,,,,,,,,,
paper_consent_pdf_all_sites,bridge2ai_paper_consent_all_sites_english,,file,"Paper Consent PDF - All Sites",,,,,,y,,y,,,,,
paper_consent_enrollment_institution,bridge2ai_paper_consent_all_sites_english,,dropdown,"Enrollment Institution","bch, BCH | mit, MIT | mt_sinai, Mt. Sinai | sickkids, SickKids | usf, USF | vumc, VUMC | wcm, WCM",,,,,,,y,,,,,
paper_consent_uploaded_by,bridge2ai_paper_consent_all_sites_english,,text,"Paper Consent Uploaded By",,,,,,y,,y,,,,," @USERNAME
@READONLY"
usf_icf_p1_en,bridge2ai_econsent_usf_english," ",descriptive,,,,,,,,,,,,,,
usf_icf_p2_en,bridge2ai_econsent_usf_english,,descriptive,,,,,,,,,,,,,,
usf_icf_p3_en,bridge2ai_econsent_usf_english,,descriptive,,,,,,,,,,,,,,
usf_icf_p4_en,bridge2ai_econsent_usf_english,,descriptive,,,,,,,,,,,,,,
usf_icf_p5_en,bridge2ai_econsent_usf_english,,descriptive,,,,,,,,,,,,,,
usf_icf_p6_en,bridge2ai_econsent_usf_english,,descriptive,,,,,,,,,,,,,,
usf_icf_p7_en,bridge2ai_econsent_usf_english,,descriptive,,,,,,,,,,,,,,
usf_icf_p8_en,bridge2ai_econsent_usf_english,,descriptive,,,,,,,,,,,,,,
usf_icf_question_en,bridge2ai_econsent_usf_english,,radio,"<div class=""rich-text-field-label""><p>Consent to Take Part in Research</p> <p class=""p1""><span style=""font-weight: normal;"">I freely give my consent to take part in this study. I understand that by signing this form I am agreeing </span><span style=""font-weight: normal;"">to take part in research. I have received a copy of this form to take with me. I understand that by signing </span><span style=""font-weight: normal;"">below, I am consenting for my contact information to be kept in a repository for this study, and that this </span><span style=""font-weight: normal;"">information may be used to contact me in the future for further data collection if long-term follow-up is </span><span style=""font-weight: normal;"">required as part of an eventual extension of this grant after the expected 4-year duration, or to be invited </span><span style=""font-weight: normal;"">to participate in future research studies. My information will not be shared with third parties.</span></p> <p class=""p1""><span style=""font-weight: normal;"">I consent to having all data I submit shared with the researchers of this study and to having my audio </span><span style=""font-weight: normal;"">recordings, written responses, and other coded research data shared with other qualified researchers as </span><span style=""font-weight: normal;"">described in this consent form. I further consent to the public sharing of my de-identified and aggregated </span><span style=""font-weight: normal;"">study data.</span></p> <p class=""p1""><span style=""font-weight: normal;"">I would like to be informed of incidental findings, should the study report this type of information.</span></p></div>","yes, Yes | no, No",,,,,y,,y,LV,,,,
usf_icf_signature_en,bridge2ai_econsent_usf_english,,file,"Signature of Person Taking Part in Study
[Authorization]


",,,signature,,,y,,y,,,,," @READONLY-FORM"
usf_icf_date_en,bridge2ai_econsent_usf_english,,text,Date,,,date_ymd,,,y,,y,,,,," @READONLY-FORM"
usf_icf_name_en,bridge2ai_econsent_usf_english,,text,"Printed Name of Person Taking Part in Study",,,,,,y,,y,,,,," @READONLY-FORM"
usf_icf_hipaa_en_p1,bridge2ai_econsent_usf_english," ",descriptive,,,,,,,,,,,,,,
usf_icf_hipaa_en_p2,bridge2ai_econsent_usf_english,,descriptive,,,,,,,,,,,,,,
usf_icf_hipaa_en_p3,bridge2ai_econsent_usf_english,,descriptive,,,,,,,,,,,,,,
usf_icf_hipaa_signature_en,bridge2ai_econsent_usf_english,,file,"Signature of Person Taking Part in Study  (or Their Parent)
[Authorization]


",,,signature,,,y,,y,,,,," @READONLY-FORM"
usf_icf_hipaa_date_en,bridge2ai_econsent_usf_english,,text,Date,,,date_ymd,,,y,,y,,,,," @READONLY-FORM"
usf_icf_hipaa_name_en,bridge2ai_econsent_usf_english,,text,"Printed Name of Person Taking Part in Study (or Their Parent)",,,,,,y,,y,,,,," @READONLY-FORM"
usf_icf_p1_en_v3,bridge2ai_econsent_usf_english_version_3," ",descriptive,,,,,,,,,,,,,,
usf_icf_p2_en_v3,bridge2ai_econsent_usf_english_version_3,,descriptive,,,,,,,,,,,,,,
usf_icf_p3_en_v3,bridge2ai_econsent_usf_english_version_3,,descriptive,,,,,,,,,,,,,,
usf_icf_p4_en_v3,bridge2ai_econsent_usf_english_version_3,,descriptive,,,,,,,,,,,,,,
usf_icf_p5_en_v3,bridge2ai_econsent_usf_english_version_3,,descriptive,,,,,,,,,,,,,,
usf_icf_p6_en_v3,bridge2ai_econsent_usf_english_version_3,,descriptive,,,,,,,,,,,,,,
usf_icf_p7_en_v3,bridge2ai_econsent_usf_english_version_3,,descriptive,,,,,,,,,,,,,,
usf_icf_p8_en_v3,bridge2ai_econsent_usf_english_version_3,,descriptive,,,,,,,,,,,,,,
usf_icf_p9_en_v3,bridge2ai_econsent_usf_english_version_3,,descriptive,,,,,,,,,,,,,,
usf_icf_question_en_v3,bridge2ai_econsent_usf_english_version_3,,radio,"<div class=""rich-text-field-label""><p>Consent to Take Part in Research</p> <p class=""p1""><span style=""font-weight: normal;"">By signing below, I freely give my consent to take part in this study. I understand that by signing this</span><br><span style=""font-weight: normal;"">form I am agreeing to take part in research. I have received a copy of this form to take with me. I</span><br><span style=""font-weight: normal;"">understand that by signing below, I am consenting for my contact information to be kept in a repository</span><br><span style=""font-weight: normal;"">for this study, and that this information may be used to contact me in the future for further data collection</span><br><span style=""font-weight: normal;"">if long-term follow-up is required as part of an eventual extension of this grant after the expected 4-year</span><br><span style=""font-weight: normal;"">duration, or to be invited to participate in future research studies. My information will not be shared with</span><br><span style=""font-weight: normal;"">third parties.</span></p> <p class=""p1""><span style=""font-weight: normal;"">By signing below, I consent to having all data I submit shared with the researchers of this study and to</span><br><span style=""font-weight: normal;"">having my audio recordings, written responses, and other coded research data shared with other qualified</span><br><span style=""font-weight: normal;"">researchers as described in this consent form. I further consent to the public sharing of my de-identified</span><br><span style=""font-weight: normal;"">and aggregated study data.</span></p> <p class=""p1""><span style=""font-weight: normal;"">I would like to be informed of incidental findings, should the study report this type of information.</span></p></div>","yes, Yes | no, No",,,,,y,,y,LV,,,,
usf_icf_signature_en_v3,bridge2ai_econsent_usf_english_version_3,,file,"Signature of Person Taking Part in Study
[Authorization]


",,,signature,,,y,,y,,,,," @READONLY-FORM"
usf_icf_date_en_v3,bridge2ai_econsent_usf_english_version_3,,text,Date,,,date_ymd,,,y,,y,,,,," @READONLY-FORM"
usf_icf_name_en_v3,bridge2ai_econsent_usf_english_version_3,,text,"Printed Name of Person Taking Part in Study",,,,,,y,,y,,,,," @READONLY-FORM"
usf_icf_hipaa_en_p1_v3,bridge2ai_econsent_usf_english_version_3," ",descriptive,,,,,,,,,,,,,,
usf_icf_hipaa_en_p2_v3,bridge2ai_econsent_usf_english_version_3,,descriptive,,,,,,,,,,,,,,
usf_icf_hipaa_en_p3_v3,bridge2ai_econsent_usf_english_version_3,,descriptive,,,,,,,,,,,,,,
usf_icf_hipaa_signature_en_v3,bridge2ai_econsent_usf_english_version_3,,file,"Signature of Person Taking Part in Study  (or Their Parent)
[Authorization]


",,,signature,,,y,,y,,,,," @READONLY-FORM"
usf_icf_hipaa_date_en_v3,bridge2ai_econsent_usf_english_version_3,,text,Date,,,date_ymd,,,y,,y,,,,," @READONLY-FORM"
usf_icf_hipaa_name_en_v3,bridge2ai_econsent_usf_english_version_3,,text,"Printed Name of Person Taking Part in Study (or Their Parent)",,,,,,y,,y,,,,," @READONLY-FORM"
usf_icf_p1_es,bridge2ai_econsent_usf_spanish," ",descriptive,,,,,,,,,,,,,,
usf_icf_p2_es,bridge2ai_econsent_usf_spanish,,descriptive,,,,,,,,,,,,,,
usf_icf_p3_es,bridge2ai_econsent_usf_spanish,,descriptive,,,,,,,,,,,,,,
usf_icf_p4_es,bridge2ai_econsent_usf_spanish,,descriptive,,,,,,,,,,,,,,
usf_icf_p5_es,bridge2ai_econsent_usf_spanish,,descriptive,,,,,,,,,,,,,,
usf_icf_p6_es,bridge2ai_econsent_usf_spanish,,descriptive,,,,,,,,,,,,,,
usf_icf_p7_es,bridge2ai_econsent_usf_spanish,,descriptive,,,,,,,,,,,,,,
usf_icf_p8_es,bridge2ai_econsent_usf_spanish,,descriptive,,,,,,,,,,,,,,
usf_icf_p9_es,bridge2ai_econsent_usf_spanish,,descriptive,,,,,,,,,,,,,,
usf_icf_question_es,bridge2ai_econsent_usf_spanish,,radio,"<div class=""rich-text-field-label""><p class=""p1"">Consentimiento para Participar en la Investigación</p> <p class=""p1""><span style=""font-weight: normal;"">Doy mi consentimiento libremente para participar en este estudio. Entiendo que al firmar este formulario </span><span style=""font-weight: normal;"">estoy aceptando participar en la investigación. He recibido una copia de este formulario para llevar </span><span style=""font-weight: normal;"">conmigo. Entiendo que al firmar a continuación, estoy dando mi consentimiento para que mi información </span><span style=""font-weight: normal;"">de contacto se mantenga en un repositorio para este estudio, y que esta información pueda ser utilizada </span><span style=""font-weight: normal;"">para contactarme en el futuro para una mayor recopilación de datos si se requiere un seguimiento a largo </span><span style=""font-weight: normal;"">plazo como parte de una eventual extensión de esta subvención después de la duración esperada de 4 </span><span style=""font-weight: normal;"">años, o para ser invitado a participar en futuros estudios de investigación. Mi información no será </span><span style=""font-weight: normal;"">compartida con terceros.</span></p> <p class=""p1""><span style=""font-weight: normal;"">Doy mi consentimiento para que todos los datos que envíe sean compartidos con los investigadores de </span><span style=""font-weight: normal;"">este estudio y para que mis grabaciones de audio, respuestas escritas y otros datos de investigación </span><span style=""font-weight: normal;"">codificados sean compartidos con otros investigadores calificados según se describe en este formulario </span><span style=""font-weight: normal;"">de consentimiento. Además, doy mi consentimiento para el intercambio público de mis datos del estudio </span><span style=""font-weight: normal;"">desidentificados y agregados.</span></p> <p class=""p1""><span style=""font-weight: normal;"">Me gustaría ser informado de hallazgos incidentales, en caso de que el estudio informe este tipo de </span><span style=""font-weight: normal;"">información.</span></p></div>","yes, Sí | no, No",,,,,y,,y,LV,,,,
usf_icf_signature_es,bridge2ai_econsent_usf_spanish,,file,"Firma de la Persona que Participa en el Estudio
[Autorización]",,,signature,,,y,,y,,,,," @READONLY-FORM"
usf_icf_date_es,bridge2ai_econsent_usf_spanish,,text,Fecha,,,date_ymd,,,y,,y,,,,," @READONLY-FORM"
usf_icf_name_es,bridge2ai_econsent_usf_spanish,,text,"Nombre Impreso de la Persona que Participa en el Estudio",,,,,,y,,y,,,,," @READONLY-FORM"
usf_icf_hipaa_p1_es,bridge2ai_econsent_usf_spanish," ",descriptive,,,,,,,,,,,,,,
usf_icf_hipaa_p2_es,bridge2ai_econsent_usf_spanish,,descriptive,,,,,,,,,,,,,,
usf_icf_hipaa_p3_es,bridge2ai_econsent_usf_spanish,,descriptive,,,,,,,,,,,,,,
usf_icf_signature_hipaa_es,bridge2ai_econsent_usf_spanish,,file,"Firma de la Persona que Participa en el Estudio
[Autorización]",,,signature,,,y,,y,,,,," @READONLY-FORM"
usf_icf_date_hipaa_es,bridge2ai_econsent_usf_spanish,,text,Fecha,,,date_ymd,,,y,,y,,,,," @READONLY-FORM"
usf_icf_name_hipaa_es,bridge2ai_econsent_usf_spanish,,text,"Nombre Impreso de la Persona que Participa en el Estudio",,,,,,y,,y,,,,," @READONLY-FORM"
usf_icf_p1_es_v3,bridge2ai_econsent_usf_spanish_version_3," ",descriptive,,,,,,,,,,,,,,
usf_icf_p2_es_v3,bridge2ai_econsent_usf_spanish_version_3,,descriptive,,,,,,,,,,,,,,
usf_icf_p3_es_v3,bridge2ai_econsent_usf_spanish_version_3,,descriptive,,,,,,,,,,,,,,
usf_icf_p4_es_v3,bridge2ai_econsent_usf_spanish_version_3,,descriptive,,,,,,,,,,,,,,
usf_icf_p5_es_v3,bridge2ai_econsent_usf_spanish_version_3,,descriptive,,,,,,,,,,,,,,
usf_icf_p6_es_v3,bridge2ai_econsent_usf_spanish_version_3,,descriptive,,,,,,,,,,,,,,
usf_icf_p7_es_v3,bridge2ai_econsent_usf_spanish_version_3,,descriptive,,,,,,,,,,,,,,
usf_icf_p8_es_v3,bridge2ai_econsent_usf_spanish_version_3,,descriptive,,,,,,,,,,,,,,
usf_icf_p9_es_v3,bridge2ai_econsent_usf_spanish_version_3,,descriptive,,,,,,,,,,,,,,
usf_icf_question_es_v3,bridge2ai_econsent_usf_spanish_version_3,,radio,"<div class=""rich-text-field-label""><p class=""p1"">Consentimiento para Participar en la Investigación</p> <p class=""p1""><span style=""font-weight: normal;"">Al firmar abajo, doy mi consentimiento libremente para participar en este estudio. Entiendo que al firmar</span><br><span style=""font-weight: normal;"">este formulario estoy aceptando participar en la investigación. He recibido una copia de este formulario</span><br><span style=""font-weight: normal;"">para llevar conmigo. Entiendo que al firmar a continuación, estoy dando mi consentimiento para que mi</span><br><span style=""font-weight: normal;"">información de contacto se mantenga en un repositorio para este estudio, y que esta información pueda</span><br><span style=""font-weight: normal;"">ser utilizada para contactarme en el futuro para una mayor recopilación de datos si se requiere un</span><br><span style=""font-weight: normal;"">seguimiento a largo plazo como parte de una eventual extensión de esta subvención después de la</span><br><span style=""font-weight: normal;"">duración esperada de 4 años, o para ser invitado a participar en futuros estudios de investigación. Mi</span><br><span style=""font-weight: normal;"">información no será compartida con terceros.</span></p> <p class=""p1""><br><span style=""font-weight: normal;"">Al firmar abajo, doy mi consentimiento para que todos los datos que envíe sean compartidos con los</span><br><span style=""font-weight: normal;"">investigadores de este estudio y para que mis grabaciones de audio, respuestas escritas y otros datos de</span><br><span style=""font-weight: normal;"">investigación codificados sean compartidos con otros investigadores calificados según se describe en</span><br><span style=""font-weight: normal;"">este formulario de consentimiento. Además, doy mi consentimiento para el intercambio público de mis</span><br><span style=""font-weight: normal;"">datos del estudio desidentificados y agregados.</span></p> <p class=""p1""><span style=""font-weight: normal;"">Me gustaría ser informado de hallazgos incidentales, en caso de que el estudio informe este tipo de información.</span></p></div>","yes, Sí | no, No",,,,,y,,y,LV,,,,
usf_icf_signature_es_v3,bridge2ai_econsent_usf_spanish_version_3,,file,"Firma de la Persona que Participa en el Estudio
[Autorización]",,,signature,,,y,,y,,,,," @READONLY-FORM"
usf_icf_date_es_v3,bridge2ai_econsent_usf_spanish_version_3,,text,Fecha,,,date_ymd,,,y,,y,,,,," @READONLY-FORM"
usf_icf_name_es_v3,bridge2ai_econsent_usf_spanish_version_3,,text,"Nombre Impreso de la Persona que Participa en el Estudio",,,,,,y,,y,,,,," @READONLY-FORM"
usf_icf_hipaa_p1_es_v3,bridge2ai_econsent_usf_spanish_version_3," ",descriptive,,,,,,,,,,,,,,
usf_icf_hipaa_p2_es_v3,bridge2ai_econsent_usf_spanish_version_3,,descriptive,,,,,,,,,,,,,,
usf_icf_hipaa_p3_es_v3,bridge2ai_econsent_usf_spanish_version_3,,descriptive,,,,,,,,,,,,,,
usf_icf_signature_hipaa_es_v3,bridge2ai_econsent_usf_spanish_version_3,,file,"Firma de la Persona que Participa en el Estudio
[Autorización]",,,signature,,,y,,y,,,,," @READONLY-FORM"
usf_icf_date_hipaa_es_v3,bridge2ai_econsent_usf_spanish_version_3,,text,Fecha,,,date_ymd,,,y,,y,,,,," @READONLY-FORM"
usf_icf_name_hipaa_es_v3,bridge2ai_econsent_usf_spanish_version_3,,text,"Nombre Impreso de la Persona que Participa en el Estudio",,,,,,y,,y,,,,," @READONLY-FORM"
mit_icf_p1_en,bridge2ai_econsent_mit_english," ",descriptive,,,,,,,,,,,,,,
mit_icf_p2_en,bridge2ai_econsent_mit_english,,descriptive,,,,,,,,,,,,,,
mit_icf_p3_en,bridge2ai_econsent_mit_english,,descriptive,,,,,,,,,,,,,,
mit_icf_p4_en,bridge2ai_econsent_mit_english,,descriptive,,,,,,,,,,,,,,
mit_icf_p5_en,bridge2ai_econsent_mit_english,,descriptive,,,,,,,,,,,,,,
mit_icf_p6_en,bridge2ai_econsent_mit_english,,descriptive,,,,,,,,,,,,,,
mit_icf_p7_en,bridge2ai_econsent_mit_english,,descriptive,,,,,,,,,,,,,,
mit_icf_p8_en,bridge2ai_econsent_mit_english,,descriptive,,,,,,,,,,,,,,
mit_icf_question_en,bridge2ai_econsent_mit_english,,radio,"<div class=""rich-text-field-label""><p>Consent to Take Part in Research</p> <p class=""p1""><span style=""font-weight: normal;"">I freely give my consent to take part in this study. I understand that by signing this form I am agreeing </span><span style=""font-weight: normal;"">to take part in research. I have received a copy of this form to take with me. I understand that by signing </span><span style=""font-weight: normal;"">below, I am consenting for my contact information to be kept in a repository for this study, and that this </span><span style=""font-weight: normal;"">information may be used to contact me in the future for further data collection if long-term follow-up is </span><span style=""font-weight: normal;"">required as part of an eventual extension of this grant after the expected 4-year duration, or to be invited </span><span style=""font-weight: normal;"">to participate in future research studies. My information will not be shared with third parties.</span></p> <p class=""p1""><span style=""font-weight: normal;"">I consent to having all data I submit shared with the researchers of this study and to having my audio </span><span style=""font-weight: normal;"">recordings, written responses, and other coded research data shared with other qualified researchers as </span><span style=""font-weight: normal;"">described in this consent form. I further consent to the public sharing of my de-identified and aggregated </span><span style=""font-weight: normal;"">study data.</span></p> <p class=""p1""><span style=""font-weight: normal;"">I would like to be informed of incidental findings, should the study report this type of information.</span></p></div>","yes, Yes | no, No",,,,,y,,y,LV,,,,
mit_icf_signature_en,bridge2ai_econsent_mit_english,,file,"Signature of Person Taking Part in Study
[Authorization]


",,,signature,,,y,,y,,,,," @READONLY-FORM"
mit_icf_date_en,bridge2ai_econsent_mit_english,,text,Date,,,date_ymd,,,y,,y,,,,," @READONLY-FORM"
mit_icf_name_en,bridge2ai_econsent_mit_english,,text,"Printed Name of Person Taking Part in Study",,,,,,y,,y,,,,," @READONLY-FORM"
consent_mit_p1,bridge2ai_econsent_mit_english," ",descriptive,,,,,,,,,,,,,,
mit_icf_p1_en_v2,bridge2ai_econsent_mit_english_version_2," ",descriptive,,,,,,,,,,,,,,
mit_icf_p2_en_v2,bridge2ai_econsent_mit_english_version_2,,descriptive,,,,,,,,,,,,,,
mit_icf_p3_en_v2,bridge2ai_econsent_mit_english_version_2,,descriptive,,,,,,,,,,,,,,
mit_icf_p4_en_v2,bridge2ai_econsent_mit_english_version_2,,descriptive,,,,,,,,,,,,,,
mit_icf_p5_en_v2,bridge2ai_econsent_mit_english_version_2,,descriptive,,,,,,,,,,,,,,
mit_icf_p6_en_v2,bridge2ai_econsent_mit_english_version_2,,descriptive,,,,,,,,,,,,,,
mit_icf_p7_en_v2,bridge2ai_econsent_mit_english_version_2,,descriptive,,,,,,,,,,,,,,
mit_icf_p8_en_v2,bridge2ai_econsent_mit_english_version_2,,descriptive,,,,,,,,,,,,,,
mit_icf_p9_en_v2,bridge2ai_econsent_mit_english_version_2,,descriptive,,,,,,,,,,,,,,
mit_icf_question_en_v2,bridge2ai_econsent_mit_english_version_2,,radio,"<div class=""rich-text-field-label""><p>Consent to Take Part in Research</p> <p class=""p1""><span style=""font-weight: normal;"">By signing below, I freely give my consent to take part in this study. I understand that by signing this</span><br><span style=""font-weight: normal;"">form I am agreeing to take part in research. I have received a copy of this form to take with me. I</span><br><span style=""font-weight: normal;"">understand that by signing below, I am consenting for my contact information to be kept in a repository</span><br><span style=""font-weight: normal;"">for this study, and that this information may be used to contact me in the future for further data collection</span><br><span style=""font-weight: normal;"">if long-term follow-up is required as part of an eventual extension of this grant after the expected 4-year</span><br><span style=""font-weight: normal;"">duration, or to be invited to participate in future research studies. My information will not be shared with</span><br><span style=""font-weight: normal;"">third parties.</span></p> <p class=""p1""><span style=""font-weight: normal;"">By signing below, I consent to having all data I submit shared with the researchers of this study and to</span><br><span style=""font-weight: normal;"">having my audio recordings, written responses, and other coded research data shared with other qualified</span><br><span style=""font-weight: normal;"">researchers as described in this consent form. I further consent to the public sharing of my de-identified</span><br><span style=""font-weight: normal;"">and aggregated study data.</span></p> <p class=""p1""><span style=""font-weight: normal;"">I would like to be informed of incidental findings, should the study report this type of information.</span></p></div>","yes, Yes | no, No",,,,,y,,y,LV,,,,
mit_icf_signature_en_v2,bridge2ai_econsent_mit_english_version_2,,file,"Signature of Person Taking Part in Study
[Authorization]


",,,signature,,,y,,y,,,,," @READONLY-FORM"
mit_icf_date_en_v2,bridge2ai_econsent_mit_english_version_2,,text,Date,,,date_ymd,,,y,,y,,,,," @READONLY-FORM"
mit_icf_name_en_v2,bridge2ai_econsent_mit_english_version_2,,text,"Printed Name of Person Taking Part in Study",,,,,,y,,y,,,,," @READONLY-FORM"
consent_mit_p1_en_v2,bridge2ai_econsent_mit_english_version_2," ",descriptive,,,,,,,,,,,,,,
consent_mit_p2_en_v2,bridge2ai_econsent_mit_english_version_2,,descriptive,,,,,,,,,,,,,,
consent_mit_p3_en_v2,bridge2ai_econsent_mit_english_version_2,,descriptive,,,,,,,,,,,,,,
consent_mit_signature_en_v2,bridge2ai_econsent_mit_english_version_2,,file,"Signature of Person Taking Part in Study (or Their Parent)
[Authorization]


",,,signature,,,y,,y,,,,," @READONLY-FORM"
consent_mit_date_en_v2,bridge2ai_econsent_mit_english_version_2,,text,Date,,,date_ymd,,,y,,y,,,,," @READONLY-FORM"
consent_mit_name_en_v2,bridge2ai_econsent_mit_english_version_2,,text,"Printed Name of Person Taking Part in Study (or Their Parent)",,,,,,y,,y,,,,," @READONLY-FORM"
mit_icf_p1_es_v2,bridge2ai_econsent_mit_spanish_version_2," ",descriptive,,,,,,,,,,,,,,
mit_icf_p2_es_v2,bridge2ai_econsent_mit_spanish_version_2,,descriptive,,,,,,,,,,,,,,
mit_icf_p3_es_v2,bridge2ai_econsent_mit_spanish_version_2,,descriptive,,,,,,,,,,,,,,
mit_icf_p4_es_v2,bridge2ai_econsent_mit_spanish_version_2,,descriptive,,,,,,,,,,,,,,
mit_icf_p5_es_v2,bridge2ai_econsent_mit_spanish_version_2,,descriptive,,,,,,,,,,,,,,
mit_icf_p6_es_v2,bridge2ai_econsent_mit_spanish_version_2,,descriptive,,,,,,,,,,,,,,
mit_icf_p7_es_v2,bridge2ai_econsent_mit_spanish_version_2,,descriptive,,,,,,,,,,,,,,
mit_icf_p8_es_v2,bridge2ai_econsent_mit_spanish_version_2,,descriptive,,,,,,,,,,,,,,
mit_icf_p9_es_v2,bridge2ai_econsent_mit_spanish_version_2,,descriptive,,,,,,,,,,,,,,
mit_icf_question_es_v2,bridge2ai_econsent_mit_spanish_version_2,,radio,"<div class=""rich-text-field-label""><p class=""p1"">Consentimiento para Participar en la Investigación</p> <p class=""p1""><span style=""font-weight: normal;"">Al firmar abajo, doy mi consentimiento libremente para participar en este estudio. Entiendo que al firmar</span><br><span style=""font-weight: normal;"">este formulario estoy aceptando participar en la investigación. He recibido una copia de este formulario</span><br><span style=""font-weight: normal;"">para llevar conmigo. Entiendo que al firmar a continuación, estoy dando mi consentimiento para que mi</span><br><span style=""font-weight: normal;"">información de contacto se mantenga en un repositorio para este estudio, y que esta información pueda</span><br><span style=""font-weight: normal;"">ser utilizada para contactarme en el futuro para una mayor recopilación de datos si se requiere un</span><br><span style=""font-weight: normal;"">seguimiento a largo plazo como parte de una eventual extensión de esta subvención después de la</span><br><span style=""font-weight: normal;"">duración esperada de 4 años, o para ser invitado a participar en futuros estudios de investigación. Mi</span><br><span style=""font-weight: normal;"">información no será compartida con terceros.</span></p> <p class=""p1""><br><span style=""font-weight: normal;"">Al firmar abajo, doy mi consentimiento para que todos los datos que envíe sean compartidos con los</span><br><span style=""font-weight: normal;"">investigadores de este estudio y para que mis grabaciones de audio, respuestas escritas y otros datos de</span><br><span style=""font-weight: normal;"">investigación codificados sean compartidos con otros investigadores calificados según se describe en</span><br><span style=""font-weight: normal;"">este formulario de consentimiento. Además, doy mi consentimiento para el intercambio público de mis</span><br><span style=""font-weight: normal;"">datos del estudio desidentificados y agregados.</span></p> <p class=""p1""><span style=""font-weight: normal;"">Me gustaría ser informado de hallazgos incidentales, en caso de que el estudio informe este tipo de información.</span></p></div>","yes, Sí | no, No",,,,,y,,y,LV,,,,
mit_icf_signature_es_v2,bridge2ai_econsent_mit_spanish_version_2,,file,"Firma de la Persona que Participa en el Estudio
[Autorización]",,,signature,,,y,,y,,,,," @READONLY-FORM"
mit_icf_date_es_v2,bridge2ai_econsent_mit_spanish_version_2,,text,Fecha,,,date_ymd,,,y,,y,,,,," @READONLY-FORM"
mit_icf_name_es_v2,bridge2ai_econsent_mit_spanish_version_2,,text,"Nombre Impreso de la Persona que Participa en el Estudio",,,,,,y,,y,,,,," @READONLY-FORM"
consent_mit_p1_es_v2,bridge2ai_econsent_mit_spanish_version_2," ",descriptive,,,,,,,,,,,,,,
consent_mit_p2_es_v2,bridge2ai_econsent_mit_spanish_version_2,,descriptive,,,,,,,,,,,,,,
consent_mit_p3_es_v2,bridge2ai_econsent_mit_spanish_version_2,,descriptive,,,,,,,,,,,,,,
consent_mit_p4_es_v2,bridge2ai_econsent_mit_spanish_version_2,,descriptive,,,,,,,,,,,,,,
mit_consent_signature_es_v2,bridge2ai_econsent_mit_spanish_version_2,,file,"Firma de la Persona que Participa en el Estudio (o su Padre/Madre)
[Autorización]",,,signature,,,y,,y,,,,," @READONLY-FORM"
usf_icf_date_hipaa_es_v2,bridge2ai_econsent_mit_spanish_version_2,,text,Fecha,,,date_ymd,,,y,,y,,,,," @READONLY-FORM"
mit_consent_name_es_v2,bridge2ai_econsent_mit_spanish_version_2,,text,"Nombre Impreso de la Persona que Participa en el Estudio (o su Padre/Madre)",,,,,,y,,y,,,,," @READONLY-FORM"
wcm_icf_p1_en,bridge2ai_econsent_wcm_english," ",descriptive,,,,,,,,,,,,,,
wcm_icf_p2_en,bridge2ai_econsent_wcm_english,,descriptive,,,,,,,,,,,,,,
wcm_icf_p3_en,bridge2ai_econsent_wcm_english,,descriptive,,,,,,,,,,,,,,
wcm_icf_p4_en,bridge2ai_econsent_wcm_english,,descriptive,,,,,,,,,,,,,,
wcm_icf_p5_en,bridge2ai_econsent_wcm_english,,descriptive,,,,,,,,,,,,,,
wcm_icf_p6_en,bridge2ai_econsent_wcm_english,,descriptive,,,,,,,,,,,,,,
wcm_icf_p7_en,bridge2ai_econsent_wcm_english,,descriptive,,,,,,,,,,,,,,
wcm_icf_p8_en,bridge2ai_econsent_wcm_english,,descriptive,,,,,,,,,,,,,,
wcm_icf_p9_en,bridge2ai_econsent_wcm_english,,descriptive,,,,,,,,,,,,,,
wcm_icf_question_en_2,bridge2ai_econsent_wcm_english,,radio,"<div class=""rich-text-field-label""><p>Consent to Take Part in Research</p> <p class=""p1""><span style=""font-weight: normal;"">By signing below, I freely give my consent to take part in this study. I understand that by signing this<br>form I am agreeing to take part in research. I have received a copy of this form to take with me. I<br>understand that by signing below, I am consenting for my contact information to be kept in a repository<br>for this study, and that this information may be used to contact me in the future for further data collection<br>if long-term follow-up is required as part of an eventual extension of this grant after the expected 4-year<br>duration, or to be invited to participate in future research studies. My information will not be shared with<br>third parties.</span></p> <p class=""p1""><span style=""font-weight: normal;"">By signing below, I consent to having all data I submit shared with the researchers of this study and to<br>having my audio recordings, written responses, and other coded research data shared with other qualified<br>researchers as described in this consent form. I further consent to the public sharing of my de-identified<br>and aggregated study data.</span></p> <p class=""p1""><span style=""font-weight: normal;"">I would like to be informed of incidental findings, should the study report this type of information.</span></p></div>","yes, Yes | no, No",,,,,y,,y,LV,,,,
wcm_icf_signature_en,bridge2ai_econsent_wcm_english,,file,"Signature of Person Taking Part in Study
[Authorization]


",,,signature,,,y,,y,,,,," @READONLY-FORM"
wcm_icf_date_en,bridge2ai_econsent_wcm_english,,text,Date,,,date_ymd,,,y,,y,,,,," @READONLY-FORM"
wcm_icf_name_en,bridge2ai_econsent_wcm_english,,text,"Printed Name of Person Taking Part in Study",,,,,,y,,y,,,,," @READONLY-FORM"
site_consent_wcm_p1_en,bridge2ai_econsent_wcm_english," ",descriptive,,,,,,,,,,,,,,
site_consent_wcm_p2_en,bridge2ai_econsent_wcm_english,,descriptive,,,,,,,,,,,,,,
site_consent_wcm_p3_en,bridge2ai_econsent_wcm_english,,descriptive,,,,,,,,,,,,,,
site_consent_wcm_p4_en,bridge2ai_econsent_wcm_english,,descriptive,,,,,,,,,,,,,,
site_consent_wcm_p5_en,bridge2ai_econsent_wcm_english,,descriptive,,,,,,,,,,,,,,
site_consent_wcm_yes_en_v1,bridge2ai_econsent_wcm_english,,radio,"<div class=""rich-text-field-label""><p class=""p1"">YES, <span style=""font-weight: normal;"">I give permission for my voice, speech, and respiratory sound data, demographic data,</span><br><span style=""font-weight: normal;"">previously completed imaging data, and survey and/or validated questionnaire answers to be</span><br><span style=""font-weight: normal;"">stored for future research. I understand that the data and/or samples will be stored indefinitely</span></p></div>","yes, Yes | no, No",,,,,,,y,LV,,,,
site_consent_wcm_signature_en_v1,bridge2ai_econsent_wcm_english,,file,"Signature of Person Taking Part in Study
[Authorization]


",,,signature,,,y,,y,,,,," @READONLY-FORM"
site_consent_wcm_date_en_v1,bridge2ai_econsent_wcm_english,,text,Date,,,date_ymd,,,y,,y,,,,," @READONLY-FORM"
site_consent_wcm_name_en_v1,bridge2ai_econsent_wcm_english,,text,"Printed Name of Person Taking Part in Study",,,,,,y,,y,,,,," @READONLY-FORM"
site_consent_wcm_best_contact_method_en_v1,bridge2ai_econsent_wcm_english,,text,"Best form of contact for future voice data collection (leave blank if you do not want to be contacted)",,,,,,y,,,,,,," @READONLY-FORM"
wcm_icf_p1_es_v1,bridge2ai_econsent_wcm_spanish_version_1," ",descriptive,,,,,,,,,,,,,,
wcm_icf_p2_es_v1,bridge2ai_econsent_wcm_spanish_version_1,,descriptive,,,,,,,,,,,,,,
wcm_icf_p3_es_v1,bridge2ai_econsent_wcm_spanish_version_1,,descriptive,,,,,,,,,,,,,,
wcm_icf_p4_es_v1,bridge2ai_econsent_wcm_spanish_version_1,,descriptive,,,,,,,,,,,,,,
wcm_icf_p5_es_v1,bridge2ai_econsent_wcm_spanish_version_1,,descriptive,,,,,,,,,,,,,,
wcm_icf_p6_es_v1,bridge2ai_econsent_wcm_spanish_version_1,,descriptive,,,,,,,,,,,,,,
wcm_icf_p7_es_v1,bridge2ai_econsent_wcm_spanish_version_1,,descriptive,,,,,,,,,,,,,,
wcm_icf_p8_es_v1,bridge2ai_econsent_wcm_spanish_version_1,,descriptive,,,,,,,,,,,,,,
wcm_icf_p9_es_v1,bridge2ai_econsent_wcm_spanish_version_1,,descriptive,,,,,,,,,,,,,,
wcm_icf_question_es_v1,bridge2ai_econsent_wcm_spanish_version_1,,radio,"<div class=""rich-text-field-label""><p class=""p1"">Consentimiento para Participar en la Investigación</p> <p class=""p1""><span style=""font-weight: normal;"">Al firmar abajo, doy mi consentimiento libremente para participar en este estudio. Entiendo que al firmar</span><br><span style=""font-weight: normal;"">este formulario estoy aceptando participar en la investigación. He recibido una copia de este formulario</span><br><span style=""font-weight: normal;"">para llevar conmigo. Entiendo que al firmar a continuación, estoy dando mi consentimiento para que mi</span><br><span style=""font-weight: normal;"">información de contacto se mantenga en un repositorio para este estudio, y que esta información pueda</span><br><span style=""font-weight: normal;"">ser utilizada para contactarme en el futuro para una mayor recopilación de datos si se requiere un</span><br><span style=""font-weight: normal;"">seguimiento a largo plazo como parte de una eventual extensión de esta subvención después de la</span><br><span style=""font-weight: normal;"">duración esperada de 4 años, o para ser invitado a participar en futuros estudios de investigación. Mi</span><br><span style=""font-weight: normal;"">información no será compartida con terceros.</span></p> <p class=""p1""><br><span style=""font-weight: normal;"">Al firmar abajo, doy mi consentimiento para que todos los datos que envíe sean compartidos con los</span><br><span style=""font-weight: normal;"">investigadores de este estudio y para que mis grabaciones de audio, respuestas escritas y otros datos de</span><br><span style=""font-weight: normal;"">investigación codificados sean compartidos con otros investigadores calificados según se describe en</span><br><span style=""font-weight: normal;"">este formulario de consentimiento. Además, doy mi consentimiento para el intercambio público de mis</span><br><span style=""font-weight: normal;"">datos del estudio desidentificados y agregados.</span></p> <p class=""p1""><span style=""font-weight: normal;"">Me gustaría ser informado de hallazgos incidentales, en caso de que el estudio informe este tipo de </span><span style=""font-weight: normal;"">información.</span></p></div>","yes, Sí | no, No",,,,,y,,y,LV,,,,
wcm_icf_signature_es_v1,bridge2ai_econsent_wcm_spanish_version_1,,file,"Firma de la Persona que Participa en el Estudio
[Autorización]",,,signature,,,y,,y,,,,," @READONLY-FORM"
wcm_icf_date_es_v1,bridge2ai_econsent_wcm_spanish_version_1,,text,Fecha,,,date_ymd,,,y,,y,,,,," @READONLY-FORM"
wcm_icf_name_es_v1,bridge2ai_econsent_wcm_spanish_version_1,,text,"Nombre Impreso de la Persona que Participa en el Estudio",,,,,,y,,y,,,,," @READONLY-FORM"
consent_wcm_p1_es_v1,bridge2ai_econsent_wcm_spanish_version_1," ",descriptive,,,,,,,,,,,,,,
consent_wcm_p2_es_v1,bridge2ai_econsent_wcm_spanish_version_1,,descriptive,,,,,,,,,,,,,,
consent_wcm_p3_es_v1,bridge2ai_econsent_wcm_spanish_version_1,,descriptive,,,,,,,,,,,,,,
consent_wcm_p4_es_v1,bridge2ai_econsent_wcm_spanish_version_1,,descriptive,,,,,,,,,,,,,,
consent_wcm_p5_es_v1,bridge2ai_econsent_wcm_spanish_version_1,,descriptive,,,,,,,,,,,,,,
site_consent_wcm_yes_es_v1,bridge2ai_econsent_wcm_spanish_version_1,,radio,"SÍ, doy mi consentimiento para que mis datos de voz, habla y sonidos respiratorios, datos
demográficos, imágenes previamente realizadas, y respuestas a encuestas y/o cuestionarios
validados sean almacenados para investigaciones futuras . Entiendo que los datos y/o muestras
se almacenarán indefinidamente. ","yes, Sí | no, No",,,,,,,y,,,,,
wcm_consent_signature_es_v1,bridge2ai_econsent_wcm_spanish_version_1,,file,"Firma de la Persona que Participa en el Estudio
[Autorización]",,,signature,,,y,,y,,,,," @READONLY-FORM"
wcm_consent_date_es_v1,bridge2ai_econsent_wcm_spanish_version_1,,text,"Fecha [Autorización]",,,date_ymd,,,y,,y,,,,," @READONLY-FORM"
wcm_consent_name_es_v1,bridge2ai_econsent_wcm_spanish_version_1,,text,"Nombre en Letra de Molde de la Persona que Participa en el Estudio",,,,,,y,,y,,,,," @READONLY-FORM"
site_consent_wcm_best_contact_method_es_v1,bridge2ai_econsent_wcm_spanish_version_1,,text,"Mejor forma de contacto para futuras recolecciones de datos de voz (dejar en blanco si no desea ser contactado)",,,,,,y,,,,,,," @READONLY-FORM"
diagnosis_c_ac,d_control,,radio,"Based on the assessment you made of the participant, and by hearing their voice, do you think this participant has any condition affecting their speech or voice?","yes, Yes | no, No | notCertain, Not certain",,,,,,,y,,,,,
diagnosis_c_ac_specified,d_control,,text,"Please specify:",,,,,,,"[diagnosis_c_ac] = 'yes'",,,,,,
diagnois_gi_gsd,d_voice_glottic_insufficiency_presbyphonia,"1. Gold Standard Diagnosis",radio,"Does the participant have glottic insufficiency confirmed by laryngoscopy/stroboscopy?","yes, Yes | no, No | notCertain, Not certain",,,,,,,y,,,,,
diagnosis_gi_d,d_voice_glottic_insufficiency_presbyphonia,"2. Disease Subtype/etiology",radio,"What is the glottic insufficiency diagnosis?","vocalFoldAtrophyRelatedToAging, Vocal fold atrophy related to aging (Presbyphonia) | vocalFoldAtrophyRelatedToOtherCause, Vocal fold atrophy related to other cause | bilateralSulcus, Bilateral sulcus | other, Other",,,,,,,y,,,,,
diagnosis_gi_d_other,d_voice_glottic_insufficiency_presbyphonia,,text,"Please specify",,,,,,,"[diagnosis_gi_d]=""other""",,,,,,
diagnosis_gi_d_aoc,d_voice_glottic_insufficiency_presbyphonia,,radio,"What is the glottic insufficiency diagnosis?","severeIllness, Severe illness | rapidWeightLoss, Rapid weight loss | hormonalChanges, Hormonal changes | other, Other",,,,,,"[diagnosis_gi_d]=""vocalFoldAtrophyRelatedToOtherCause""",y,,,,,
diagnosis_gi_d_aoc_other,d_voice_glottic_insufficiency_presbyphonia,,text,"Please specify",,,,,,,"[diagnosis_gi_d_aoc]=""other""",,,,,,
diagnosis_gi_dogg,d_voice_glottic_insufficiency_presbyphonia,"3. Disease Severity",radio,"Please assess degree of glottic gap:","small, Small | moderate, Moderate | large, Large",,,,,,,y,,,,,
diagnosis_gi_slogg,d_voice_glottic_insufficiency_presbyphonia,,checkbox,"Please assess shape/location of glottic gap. Choose all that apply.","spindle_shaped, Spindle shaped | anterior_glottic_gap, Anterior Glottic gap | posterior_glottic_gap, Posterior glottic gap | asymmetric, Asymmetric",,,,,,,y,,,,,
diagnosis_gi_degree_text,d_voice_glottic_insufficiency_presbyphonia,,descriptive,"Degree of dysphonia

CAPE-V scale",,,,,,,,,,,,,
diagnosis_gi_degree_legend,d_voice_glottic_insufficiency_presbyphonia,,descriptive,"<div class=""rich-text-field-label""><p>Legend<span style=""font-weight: normal;"">: C- Sonsistent I = Intermittent</span><br><span style=""font-weight: normal;"">                MI = Mildly Deviant</span><br><span style=""font-weight: normal;"">                MO = Moderately Deviant</span><br><span style=""font-weight: normal;"">                SE = Severely Deviant</span></p></div>",,,,,,,,,,,,,
diagnosis_gi_degree_os_1,d_voice_glottic_insufficiency_presbyphonia,,slider,"Overall Severity","MI | MO | SE",,number,0,100,,,,RH,,,,
diagnosis_gi_degree_os_2,d_voice_glottic_insufficiency_presbyphonia,,radio,"Overall Severity","consistent, Consistent | intermittent, Intermittent",,,,,,,,RH,,,,
diagnosis_gi_degree_r_1,d_voice_glottic_insufficiency_presbyphonia,,slider,Roughness,"MI | MO | SE",,number,0,100,,,,RH,,,,
diagnosis_gi_degree_r_2,d_voice_glottic_insufficiency_presbyphonia,,radio,Roughness,"consistent, Consistent | intermittent, Intermittent",,,,,,,,RH,,,,
diagnosis_gi_degree_b_1,d_voice_glottic_insufficiency_presbyphonia,,slider,Breathiness,"MI | MO | SE",,number,0,100,,,,RH,,,,
diagnosis_gi_degree_b_2,d_voice_glottic_insufficiency_presbyphonia,,radio,Breathiness,"consistent, Consistent | intermittent, Intermittent",,,,,,,,RH,,,,
diagnosis_gi_degree_s_1,d_voice_glottic_insufficiency_presbyphonia,,slider,Strain,"MI | MO | SE",,number,0,100,,,,RH,,,,
diagnosis_gi_degree_s_2,d_voice_glottic_insufficiency_presbyphonia,,radio,Strain,"consistent, Consistent | intermittent, Intermittent",,,,,,,,RH,,,,
diagnosis_gi_degree_p_1,d_voice_glottic_insufficiency_presbyphonia,,slider,Pitch,"MI | MO | SE",,number,0,100,,,,RH,,,,
diagnosis_gi_degree_p_nature,d_voice_glottic_insufficiency_presbyphonia,,text,"Pitch
(Indicate the nature of the abnormality):",,,,,,,"[diagnosis_gi_degree_p_1] > 0",,RH,,,,
diagnosis_gi_degree_p_2,d_voice_glottic_insufficiency_presbyphonia,,radio,Pitch,"consistent, Consistent | intermittent, Intermittent",,,,,,,,RH,,,,
diagnosis_gi_degree_l_1,d_voice_glottic_insufficiency_presbyphonia,,slider,Loudness,"MI | MO | SE",,number,0,100,,,,RH,,,,
diagnosis_gi_degree_l_nature,d_voice_glottic_insufficiency_presbyphonia,,text,"Loudness
(Indicate the nature of the abnormality):",,,,,,,"[diagnosis_gi_degree_l_1] > 0",,RH,,,,
diagnosis_gi_degree_l_2,d_voice_glottic_insufficiency_presbyphonia,,radio,Loudness,"consistent, Consistent | intermittent, Intermittent",,,,,,,,RH,,,,
diagnosis_gi_degree_comments,d_voice_glottic_insufficiency_presbyphonia,,radio,"Comments about resonance","normal, Normal | other, Other",,,,,,,,RH,,,,
diagnosis_gi_degree_comments_other,d_voice_glottic_insufficiency_presbyphonia,,text,"Please specify",,,,,,,[diagnosis_gi_degree_comments]='other',,,,,,
diagnosis_gi_degree_comments_other_2,d_voice_glottic_insufficiency_presbyphonia,,text,"Additional Features
(for example, diplophonia, fry, falsetto, asthenia, aphonia, pitch instability, tremor, wet/gurgly, or other relevant terms):",,,,,,,,,,,,,
diagnosis_gi_treatment,d_voice_glottic_insufficiency_presbyphonia,"4. Treatment obtained",radio,"Has the participant undergone any treatment for their condition?","yes, Yes | no, No",,,,,,,y,,,,,
diagnosis_gi_treatment_select,d_voice_glottic_insufficiency_presbyphonia,,checkbox,"Select all that apply:","voice_or_speech_therapy, Voice/speech therapy | injection_laryngoplasty, Injection laryngoplasty | bilateral_medialization_thyroplasty, Bilateral medialization thyroplasty | other, Other",,,,,,"[diagnosis_gi_treatment]=""yes""",y,,,,,
diagnosis_gi_treatment_other,d_voice_glottic_insufficiency_presbyphonia,,text,"Other, please specify",,,,,,,"[diagnosis_gi_treatment_select(other)]=""1""",y,,,,,
diagnois_bl_gsd,d_voice_benign_lesions,"1. Gold Standard Diagnosis",radio,"Does the participant have a benign lesion confirmed by laryngoscopy/stroboscopy?","yes, Yes | no, No | notCertain, Not certain",,,,,,,y,,,,,
diagnosis_bl_ds,d_voice_benign_lesions,"2. Disease Subtype",radio,"What is the benign lesion diagnosis?","anteriorGlotticWeb, Anterior glottic web | fibrousMasses, Fibrous masse (s) | recurrentRespiratoryPapilloma, Recurrent respiratory papilloma | reinkesEdema, Reinke's edema | rheumatoidNodules, Rheumatoid nodules | vocalFoldCyst, Vocal fold cyst | vocalFoldNodules, Vocal fold nodules | vocalFoldPolyp, Vocal fold polyp | vocalFoldScarring, Vocal fold scarring | vocalFoldUlcers, Vocal fold ulcers | other, Other",,,,,,,y,,,,,
diagnosis_bl_ds_other,d_voice_benign_lesions,,text,"Please specify",,,,,,,"[diagnosis_bl_ds]=""other""",,,,,,
diagnosis_bl_etiology,d_voice_benign_lesions,"3. Etiology",radio,"What is the etiology?","phonotrauma, Phonotrauma | rrp, HPV virus (RRP) | other, Other",,,,,,,y,,,,,
diagnosis_bl_etiology_other,d_voice_benign_lesions,,text,"Please specify",,,,,,,"[diagnosis_bl_etiology]=""other""",,,,,,
diagnosis_bl_ds_ll,d_voice_benign_lesions,"4. Disease Severity",radio,"Location of lesion(s)","rightVocalFold, Right vocal fold | leftVocalFold, Left vocal fold | bothVocalFolds, Both vocal folds",,,,,,,y,,,,,
diagnosis_bl_degree_text,d_voice_benign_lesions,,descriptive,"Degree of dysphonia

CAPE-V scale",,,,,,,,,,,,,
diagnosis_bl_degree_legend,d_voice_benign_lesions,,descriptive,"<div class=""rich-text-field-label""><p>Legend<span style=""font-weight: normal;"">: C- Sonsistent I = Intermittent</span><br><span style=""font-weight: normal;"">                MI = Mildly Deviant</span><br><span style=""font-weight: normal;"">                MO = Moderately Deviant</span><br><span style=""font-weight: normal;"">                SE = Severely Deviant</span></p></div>",,,,,,,,,,,,,
diagnosis_bl_degree_os_1,d_voice_benign_lesions,,slider,"Overall Severity","MI | MO | SE",,number,0,100,,,,RH,,,,
diagnosis_bl_degree_os_2,d_voice_benign_lesions,,radio,"Overall Severity","consistent, Consistent | intermittent, Intermittent",,,,,,,,RH,,,,
diagnosis_bl_degree_r_1,d_voice_benign_lesions,,slider,Roughness,"MI | MO | SE",,number,0,100,,,,RH,,,,
diagnosis_bl_degree_r_2,d_voice_benign_lesions,,radio,Roughness,"consistent, Consistent | intermittent, Intermittent",,,,,,,,RH,,,,
diagnosis_bl_degree_b_1,d_voice_benign_lesions,,slider,Breathiness,"MI | MO | SE",,number,0,100,,,,RH,,,,
diagnosis_bl_degree_b_2,d_voice_benign_lesions,,radio,Breathiness,"consistent, Consistent | intermittent, Intermittent",,,,,,,,RH,,,,
diagnosis_bl_degree_s_1,d_voice_benign_lesions,,slider,Strain,"MI | MO | SE",,number,0,100,,,,RH,,,,
diagnosis_bl_degree_s_2,d_voice_benign_lesions,,radio,Strain,"consistent, Consistent | intermittent, Intermittent",,,,,,,,RH,,,,
diagnosis_bl_degree_p_1,d_voice_benign_lesions,,slider,Pitch,"MI | MO | SE",,number,0,100,,,,RH,,,,
diagnosis_bl_degree_p_nature,d_voice_benign_lesions,,text,"Pitch
(Indicate the nature of the abnormality):",,,,,,,"[diagnosis_bl_degree_p_1] > 0",,RH,,,,
diagnosis_bl_degree_p_2,d_voice_benign_lesions,,radio,Pitch,"consistent, Consistent | intermittent, Intermittent",,,,,,,,RH,,,,
diagnosis_bl_degree_l_1,d_voice_benign_lesions,,slider,Loudness,"MI | MO | SE",,number,0,100,,,,RH,,,,
diagnosis_bl_degree_l_nature,d_voice_benign_lesions,,text,"Loudness
(Indicate the nature of the abnormality):",,,,,,,"[diagnosis_bl_degree_l_1] > 0",,RH,,,,
diagnosis_bl_degree_l_2,d_voice_benign_lesions,,radio,Loudness,"consistent, Consistent | intermittent, Intermittent",,,,,,,,RH,,,,
diagnosis_bl_degree_comments,d_voice_benign_lesions,,radio,"Comments about resonance","normal, Normal | other, Other",,,,,,,,RH,,,,
diagnosis_bl_degree_comments_other,d_voice_benign_lesions,,text,"Please specify",,,,,,,[diagnosis_bl_degree_comments]='other',,,,,,
diagnosis_bl_degree_comments_other_2,d_voice_benign_lesions,,text,"Additional Features
(for example, diplophonia, fry, falsetto, asthenia, aphonia, pitch instability, tremor, wet/gurgly, or other relevant terms):",,,,,,,,,,,,,
diagnosis_bl_treatment,d_voice_benign_lesions,"5. Treatment obtained",radio,"Has the participant undergone any treatment for this condition?","yes, Yes | no, No",,,,,,,y,,,,,
diagnosis_bl_treatment_select,d_voice_benign_lesions,,checkbox,"Select all that apply:","voice_or_speech_therapy, Voice/speech therapy | laryngeal_microsurgery, Laryngeal microsurgery | voice_rest, Voice rest | other, Other",,,,,,"[diagnosis_bl_treatment]=""yes""",y,,,,,
diagnosis_bl_treatment_other,d_voice_benign_lesions,,text,"Other, please specify",,,,,,,"[diagnosis_bl_treatment_select(other)]=""1""",y,,,,,
diagnosis_bl_treatment_lm,d_voice_benign_lesions,,radio,"Laryngeal microsurgery","withLaser, With laser | withoutLaser, Without laser",,,,,,"[diagnosis_bl_treatment_select(laryngeal_microsurgery)]=""1""",y,,,,,
diagnosis_lc_gsd,d_voice_laryngeal_cancer,"1. Gold Standard Diagnosis",radio,"Does the participant have Laryngeal Cancer? ","yes, Yes | no, No | notCertain, Not certain",,,,,,,y,,,,,
diagnosis_lc_gsd_confirmation_method,d_voice_laryngeal_cancer,,checkbox,"How was this confirmed? Check all that apply","laryngoscopy_stroboscopy, Laryngoscopy/Stroboscopy | biopsy_pathology, Biopsy/Pathology Report",,,,,,[diagnosis_lc_gsd]='yes',y,,,,,
diagnosis_lc_gsd_uots,d_voice_laryngeal_cancer,,checkbox,"Did the participant undergo other types of scans?
(Select all that apply).","ct_neck, CT of the neck | ct_chest, CT of the chest | mri_neck, MRI of the neck | pet_ct, PET-CT | ultrasound_neck, Ultrasound of the neck",,,,,,,,,,,,
diagnosis_lc_ds,d_voice_laryngeal_cancer,"2. Disease Subtype",checkbox,"Which laryngeal structures are/were involved?
(Select all that apply).","right_vocal_fold, Right vocal fold | left_vocal_fold, Left vocal fold | both_vocal_folds, Both vocal folds | anterior_commissure, Anterior commissure | ventricular_folds, Ventricular folds (right or left) | subglottal_areas, Subglottal areas",,,,,,,,,,,,
diagnosis_lc_etiology,d_voice_laryngeal_cancer,"3. Etiology",checkbox,"Check any risk factors of this participant in relation to their laryngeal cancer.
(Select all that apply).","smoking, Smoking | alcohol, Alcohol | family_history, Family history | hpv, Human Papilloma Virus (HPV) | exposure_other_harmful_substances, Exposure to other harmful substances",,,,,,,,,,,,
diagnosis_lc_etiology_other,d_voice_laryngeal_cancer,,text,"Please specify:",,,,,,,"[diagnosis_lc_etiology(exposure_other_harmful_substances)]=""1""",,,,,,
diagnosis_lc_ds_t_stage,d_voice_laryngeal_cancer,"4. Disease Severity",radio,"What is the T stage of the cancer based on the AJCC Classification?","tis, Tis (carcinoma in situ) | t1a, T1a | t1b, T1b | t2, T2 | t3, T3 | t4a, T4a | t4b, T4b | unknownYet, Unknown yet",,,,,,,y,,,,,
diagnosis_lc_ds_t_ref,d_voice_laryngeal_cancer,,descriptive,"Please see the table for reference:",,,,,,,,,,,,,
diagnosis_lc_ds_n_stage,d_voice_laryngeal_cancer,,radio,"What is the N stage of the cancer based on the AJCC Classification?","n0, N0 | n1, N1 | n2a, N2a | n2b, N2b | n2c, N2c | n3, N3 | unknownYet, Unknown yet",,,,,,,y,,,,,
diagnosis_lc_ds_n_ref,d_voice_laryngeal_cancer,,descriptive,"Please see Table for reference:",,,,,,,,,,,,,
diagnosis_lc_ds_m_stage,d_voice_laryngeal_cancer,,radio,"What is the M stage of the cancer based on the AJCC Classification?","m0, M0: no distant metastasis | m1, M1: Any distant metastasis",,,,,,,y,,,,,
diagnosis_lc_degree_text,d_voice_laryngeal_cancer,,descriptive,"What is the degree of dysphonia?

Clinician places slider between 0 and 100; indicates C or I. ""Indicate the nature.."" and Additional
features responses are free text. Comments about resonance: Indicate normal or Other, if other then free text",,,,,,,,,,,,,
diagnosis_lc_degree_legend,d_voice_laryngeal_cancer,,descriptive,"<div class=""rich-text-field-label""><p>Legend<span style=""font-weight: normal;"">: C- Sonsistent I = Intermittent</span><br><span style=""font-weight: normal;"">                MI = Mildly Deviant</span><br><span style=""font-weight: normal;"">                MO = Moderately Deviant</span><br><span style=""font-weight: normal;"">                SE = Severely Deviant</span></p></div>",,,,,,,,,,,,,
diagnosis_lc_degree_os_1,d_voice_laryngeal_cancer,,slider,"Overall Severity","MI | MO | SE",,number,0,100,,,,RH,,,,
diagnosis_lc_degree_os_2,d_voice_laryngeal_cancer,,radio,"Overall Severity","consistent, Consistent | intermittent, Intermittent",,,,,,,,RH,,,,
diagnosis_lc_degree_r_1,d_voice_laryngeal_cancer,,slider,Roughness,"MI | MO | SE",,number,0,100,,,,RH,,,,
diagnosis_lc_degree_r_2,d_voice_laryngeal_cancer,,radio,Roughness,"consistent, Consistent | intermittent, Intermittent",,,,,,,,RH,,,,
diagnosis_lc_degree_b_1,d_voice_laryngeal_cancer,,slider,Breathiness,"MI | MO | SE",,number,0,100,,,,RH,,,,
diagnosis_lc_degree_b_2,d_voice_laryngeal_cancer,,radio,Breathiness,"consistent, Consistent | intermittent, Intermittent",,,,,,,,RH,,,,
diagnosis_lc_degree_s_1,d_voice_laryngeal_cancer,,slider,Strain,"MI | MO | SE",,number,0,100,,,,RH,,,,
diagnosis_lc_degree_s_2,d_voice_laryngeal_cancer,,radio,Strain,"consistent, Consistent | intermittent, Intermittent",,,,,,,,RH,,,,
diagnosis_lc_degree_p_1,d_voice_laryngeal_cancer,,slider,Pitch,"MI | MO | SE",,number,0,100,,,,RH,,,,
diagnosis_lc_degree_p_nature,d_voice_laryngeal_cancer,,text,"Pitch
(Indicate the nature of the abnormality):",,,,,,,"[diagnosis_lc_degree_p_1] > 0",,,,,,
diagnosis_lc_degree_p_2,d_voice_laryngeal_cancer,,radio,Pitch,"consistent, Consistent | intermittent, Intermittent",,,,,,,,RH,,,,
diagnosis_lc_degree_l_1,d_voice_laryngeal_cancer,,slider,Loudness,"MI | MO | SE",,number,0,100,,,,RH,,,,
diagnosis_lc_degree_l_nature,d_voice_laryngeal_cancer,,text,"Loudness
(Indicate the nature of the abnormality):",,,,,,,"[diagnosis_lc_degree_l_1] > 0",,,,,,
diagnosis_lc_degree_l_2,d_voice_laryngeal_cancer,,radio,Loudness,"consistent, Consistent | intermittent, Intermittent",,,,,,,,RH,,,,
diagnosis_lc_degree_comments,d_voice_laryngeal_cancer,,radio,"Comments about resonance","normal, Normal | other, Other",,,,,,,,RH,,,,
diagnosis_lc_degree_comments_other,d_voice_laryngeal_cancer,,text,"Please specify",,,,,,,[diagnosis_lc_degree_comments]='other',,RH,,,,
diagnosis_lc_degree_comments_other_2,d_voice_laryngeal_cancer,,text,"Additional Features
(for example, diplophonia, fry, falsetto, asthenia, aphonia, pitch instability, tremor, wet/gurgly, or other relevant terms):",,,,,,,,,RH,,,,
diagnosis_as_ds_ccsr,d_voice_laryngeal_cancer,,radio,"Is the cancer causing stridor at rest?","noStridor, No, the patient does not have stridor | mildStridor, Yes, mild stridor | moderateStridor, Yes, moderate stridor | severeStridor, Yes, severe stridor",,,,,,,y,,,,,
diagnosis_lc_treatment,d_voice_laryngeal_cancer,"5. Treatment obtained",radio,"Has the participant undergone any treatment for their condition?","yes, Yes | no, No",,,,,,,y,,,,,
diagnosis_lc_treatment_select,d_voice_laryngeal_cancer,,checkbox,"Select all that apply:","radiation, Radiation | chemotherapy, Chemotherapy | immunotherapy, Immunotherapy | surgery, Surgery | voice_or_speech_therapy, Voice/Speech therapy | other, Other",,,,,,"[diagnosis_lc_treatment]=""yes""",y,,,,,
diagnosis_lc_treatment_s,d_voice_laryngeal_cancer,,checkbox,Surgery,"endoscopic_laser, Endoscopic laser | partial_laryngectomy, Partial laryngectomy",,,,,,"[diagnosis_lc_treatment_select(surgery)]=""1""",y,,,,,
diagnosis_lc_treatment_other,d_voice_laryngeal_cancer,,text,"Other, please specify",,,,,,,"[diagnosis_lc_treatment_select(other)]=""1""",,,,,,
diagnosis_lc_gsd_bpr,d_voice_laryngeal_cancer,"Deprecated Fields",radio,"[DEPRECATED]
Does the participant have laryngeal cancer confirmed by biopsy/pathology report?","yes, Yes | no, No | notCertain, Not certain",,,,,,,,,,,," @HIDDEN"
diagnois_lc_gsd_sll,d_voice_laryngeal_cancer,,radio,"[DEPRECATED]
Did the participant get a laryngoscopy/stroboscopy confirming the presence of a suspicious laryngeal lesion?","yes, Yes | no, No | notCertain, Not certain",,,,,,,,,,,," @HIDDEN"
diagnosis_ld_gsd,d_voice_laryngeal_dystonia,"1. Gold Standard Diagnosis",radio,"Does the participant have laryngeal dystonia as determined by qualitative expert team evaluation?","yes, Yes | no, No | notCertain, Not certain",,,,,,,y,,,,,
diagnosis_ld_assessment,d_voice_laryngeal_dystonia,,checkbox,"Did the participant have the following assessment?
(Select all that apply).","aural_perceptual_evaluation, Aural-perceptual evaluation | laryngoscopy_or_stroboscopy, Laryngoscopy or stroboscopy | neurological_evaluation, Neurological evaluation",,,,,,,y,,,,,
diagnosis_ld_ds,d_voice_laryngeal_dystonia,"2. Disease Subtype",checkbox,"Disease Subtypes:
(Select all that apply)","adld, Adductor laryngeal dystonia (ADLD) | abld, Abductor laryngeal dystonia (ABLD) | vocal_tremor, Vocal Tremor | mixed_laryngeal_dystonia, Mixed laryngeal dystonia | sld, Singer's laryngeal dystonia (SLD) | arld, Adductor laryngeal spasms during inspiration (ARLD)",,,,,,,y,,,,,
diagnosis_ld_etiology,d_voice_laryngeal_dystonia,"3. Etiology",radio,"What is the etiology?","idiopathic, Idiopathic | familial, Familial | trauma, Trauma | unknown, Unknown | other, Other",,,,,,,y,,,,,
diagnosis_ld_etiology_other,d_voice_laryngeal_dystonia,,text,"Please specify",,,,,,,"[diagnosis_ld_etiology] = 'other'",y,,,,,
diagnosis_ld_etiology_cc,d_voice_laryngeal_dystonia,,checkbox,"Does the participant have any of the following concomitant conditions?
(Select all that apply).","essential_tremor_of_the_hands, Essential Tremor of the hands | essential_tremor_of_the_head, Essential tremor of the head | jaw_tremor, Jaw tremor | dystonia_of_the_head_and_neck, Dystonia of the head and neck | other_type_of_dystonia, Other type of dystonia",,,,,,,,,,,,
diagnosis_ld_etiology_cc_other,d_voice_laryngeal_dystonia,,text,"Other type of dystonia",,,,,,,"[diagnosis_ld_etiology_cc(other_type_of_dystonia)]=""1""",y,,,,,
diagnosis_ld_degree_text,d_voice_laryngeal_dystonia,"4. Disease Severity",descriptive,"Degree of dysphonia

CAPE-V scale",,,,,,,,,,,,,
diagnosis_ld_degree_legend,d_voice_laryngeal_dystonia,,descriptive,"<div class=""rich-text-field-label""><p>Legend: <span style=""font-weight: normal;"">C- Sonsistent I = Intermittent</span><br><span style=""font-weight: normal;"">                MI = Mildly Deviant</span><br><span style=""font-weight: normal;"">                MO = Moderately Deviant</span><br><span style=""font-weight: normal;"">                SE = Severely Deviant</span></p></div>",,,,,,,,,,,,,
diagnosis_ld_degree_os_1,d_voice_laryngeal_dystonia,,slider,"Overall Severity","MI | MO | SE",,number,0,100,,,,RH,,,,
diagnosis_ld_degree_os_2,d_voice_laryngeal_dystonia,,radio,"Overall Severity","consistent, Consistent | intermittent, Intermittent",,,,,,,,RH,,,,
diagnosis_ld_degree_r_1,d_voice_laryngeal_dystonia,,slider,Roughness,"MI | MO | SE",,number,0,100,,,,RH,,,,
diagnosis_ld_degree_r_2,d_voice_laryngeal_dystonia,,radio,Roughness,"consistent, Consistent | intermittent, Intermittent",,,,,,,,RH,,,,
diagnosis_ld_degree_b_1,d_voice_laryngeal_dystonia,,slider,Breathiness,"MI | MO | SE",,number,0,100,,,,RH,,,,
diagnosis_ld_degree_b_2,d_voice_laryngeal_dystonia,,radio,Breathiness,"consistent, Consistent | intermittent, Intermittent",,,,,,,,RH,,,,
diagnosis_ld_degree_s_1,d_voice_laryngeal_dystonia,,slider,Strain,"MI | MO | SE",,number,0,100,,,,RH,,,,
diagnosis_ld_degree_s_2,d_voice_laryngeal_dystonia,,radio,Strain,"consistent, Consistent | intermittent, Intermittent",,,,,,,,RH,,,,
diagnosis_ld_degree_p_1,d_voice_laryngeal_dystonia,,slider,Pitch,"MI | MO | SE",,number,0,100,,,,RH,,,,
diagnosis_ld_degree_p_nature,d_voice_laryngeal_dystonia,,text,"Pitch
(Indicate the nature of the abnormality):",,,,,,,"[diagnosis_ld_degree_p_1] > 0",,RH,,,,
diagnosis_ld_degree_p_2,d_voice_laryngeal_dystonia,,radio,Pitch,"consistent, Consistent | intermittent, Intermittent",,,,,,,,RH,,,,
diagnosis_ld_degree_l_1,d_voice_laryngeal_dystonia,,slider,Loudness,"MI | MO | SE",,number,0,100,,,,RH,,,,
diagnosis_ld_degree_l_nature,d_voice_laryngeal_dystonia,,text,"Loudness
(Indicate the nature of the abnormality):",,,,,,,"[diagnosis_ld_degree_l_1] > 0",,RH,,,,
diagnosis_ld_degree_l_2,d_voice_laryngeal_dystonia,,radio,Loudness,"consistent, Consistent | intermittent, Intermittent",,,,,,,,RH,,,,
diagnosis_ld_degree_comments,d_voice_laryngeal_dystonia,,radio,"Comments about resonance","normal, Normal | other, Other",,,,,,,,RH,,,,
diagnosis_ld_degree_comments_other,d_voice_laryngeal_dystonia,,text,"Please specify",,,,,,,"[diagnosis_ld_degree_comments] = 'other'",,RH,,,,
diagnosis_ld_degree_comments_other_2,d_voice_laryngeal_dystonia,,text,"Additional Features
(for example, diplophonia, fry, falsetto, asthenia, aphonia, pitch instability, tremor, wet/gurgly, or other relevant terms):",,,,,,,,,RH,,,,
diagnosis_ld_treatment,d_voice_laryngeal_dystonia,"5. Treatment obtained",radio,"Has the participant undergone any treatment for this condition?","yes, Yes | no, No",,,,,,,y,,,,,
diagnosis_ld_treatment_select,d_voice_laryngeal_dystonia,,checkbox,"What treatments did the participant undergo? (Select all that apply):","botox_injections, Botox injections | voice_or_speech_therapy, Voice/speech therapy | vibrotactile_stimulation, Vibrotactile stimulation | deep_brain_stimulation, Deep brain stimulation | mrgfus, Magnetic resonance imaging-guided focused ultrasound (MRgFUS) | other, Other",,,,,,"[diagnosis_ld_treatment]=""yes""",y,,,,,
diagnosis_ld_treatment_bi_li,d_voice_laryngeal_dystonia,,text,"When was the last injection?",,"weeks ago",number,,,,"[diagnosis_ld_treatment_select(botox_injections)]=""1""",y,,,,,
diagnosis_ld_treatment_other,d_voice_laryngeal_dystonia,,text,"Other, please specify",,,,,,,"[diagnosis_ld_treatment_select(other)]=""1""",y,,,,,
diagnosis_ld_qete,d_voice_laryngeal_dystonia,"Deprecated Fields",checkbox,"[DEPRECATED]
Does the participant have laryngeal dystonia as determined by qualitative expert team evaluation?
(Select all that apply).","laryngologist, Laryngologist | speech_language_pathology, Speech-Language Pathology | neurologist_specializing_disorders, Neurologist specializing in movement disorders",,,,,,,,,,,," @HIDDEN"
diagnosis_l_gsd,d_voice_laryngitis,"1. Gold Standard Diagnosis",radio,"Does the participant have Laryngitis confirmed by laryngoscopy/stroboscopy?","yes, Yes | no, No | notCertain, Not certain",,,,,,,y,,,,,
diagnosis_l_determined_by,d_voice_laryngitis,,checkbox,"Determined by (Select all that apply):","laryngologist, Laryngologist | otolaryngologist, Otolaryngologist | other, Other",,,,,,"[diagnosis_l_gsd] = ""yes""",y,,,,,
diagnosis_l_determined_by_other,d_voice_laryngitis,,text,"Please specify",,,,,,,"[diagnosis_l_determined_by(other)] = ""1""",y,,,,,
diagnosis_l_sd_known,d_voice_laryngitis,"2. Disease Subtype",radio,"Do you know how long (in weeks) have symptoms been present?","yes, Yes | notCertain, Not certain",,,,,,,y,,,,,
diagnosis_l_sd,d_voice_laryngitis,,text,"For how long (in weeks) have symptoms been present?",,,integer,,,,"[diagnosis_l_sd_known] = ""yes""",,,,,,
diagnosis_l_acute_or_chronic,d_voice_laryngitis,,radio,"Is it acute or chronic laryngitis?","acute, Acute Laryngitis (symptoms for less than 3 weeks) | chronic, Chronic Laryngitis (symptoms for more than 3 weeks)",,,,,,,y,,,,,
diagnosis_l_etiology,d_voice_laryngitis,"3. Etiology",checkbox,"What is the etiology?","infection, Infection | environmental_irritants, Environmental irritants | vocal_misuse_and_abuse, Vocal misuse and abuse | other, Other",,,,,,,y,,,,,
diagnosis_l_etiology_other,d_voice_laryngitis,,text,"Please specify",,,,,,,"[diagnosis_l_etiology(other)]=""1""",y,,,,,
diagnosis_l_etiology_infection,d_voice_laryngitis,,checkbox,"Infection:
(Select all that apply).","viral, Viral | bacterial, Bacterial | fungal, Fungal | unknown, Unknown",,,,,,"[diagnosis_l_etiology(infection)]=""1""",y,,,,,
diagnosis_l_etiology_ei,d_voice_laryngitis,,checkbox,"Environmental irritants:
(Select all that apply).","smoker, Smoker's laryngitis | other_inhaled, Other inhaled irritants",,,,,,"[diagnosis_l_etiology(environmental_irritants)] = ""1""",y,,,,,
diagnosis_l_etiology_ei_oi,d_voice_laryngitis,,text,"Please specify",,,,,,,"[diagnosis_l_etiology_ei(other_inhaled)] = ""1""",y,,,,,
diagnosis_l_degree_text,d_voice_laryngitis,"4. Disease Severity",descriptive,"Degree of dysphonia

CAPE-V scale",,,,,,,,,,,,,
diagnosis_l_degree_legend,d_voice_laryngitis,,descriptive,"<div class=""rich-text-field-label""><p>Legend: <span style=""font-weight: normal;"">C- Sonsistent I = Intermittent</span><br><span style=""font-weight: normal;"">                MI = Mildly Deviant</span><br><span style=""font-weight: normal;"">                MO = Moderately Deviant</span><br><span style=""font-weight: normal;"">                SE = Severely Deviant</span></p></div>",,,,,,,,,,,,,
diagnosis_l_degree_os_1,d_voice_laryngitis,,slider,"Overall Severity","MI | MO | SE",,number,0,100,,,,RH,,,,
diagnosis_l_degree_os_2,d_voice_laryngitis,,radio,"Overall Severity","consistent, Consistent | intermittent, Intermittent",,,,,,,,RH,,,,
diagnosis_l_degree_r_1,d_voice_laryngitis,,slider,Roughness,"MI | MO | SE",,number,0,100,,,,RH,,,,
diagnosis_l_degree_r_2,d_voice_laryngitis,,radio,Roughness,"consistent, Consistent | intermittent, Intermittent",,,,,,,,RH,,,,
diagnosis_l_degree_b_1,d_voice_laryngitis,,slider,Breathiness,"MI | MO | SE",,number,0,100,,,,RH,,,,
diagnosis_l_degree_b_2,d_voice_laryngitis,,radio,Breathiness,"consistent, Consistent | intermittent, Intermittent",,,,,,,,RH,,,,
diagnosis_l_degree_s_1,d_voice_laryngitis,,slider,Strain,"MI | MO | SE",,number,0,100,,,,RH,,,,
diagnosis_l_degree_s_2,d_voice_laryngitis,,radio,Strain,"consistent, Consistent | intermittent, Intermittent",,,,,,,,RH,,,,
diagnosis_l_degree_p_1,d_voice_laryngitis,,slider,Pitch,"MI | MO | SE",,number,0,100,,,,RH,,,,
diagnosis_l_degree_p_nature,d_voice_laryngitis,,text,"Pitch
(Indicate the nature of the abnormality):",,,,,,,"[diagnosis_l_degree_p_1] > 0",,RH,,,,
diagnosis_l_degree_p_2,d_voice_laryngitis,,radio,Pitch,"consistent, Consistent | intermittent, Intermittent",,,,,,,,RH,,,,
diagnosis_l_degree_l_1,d_voice_laryngitis,,slider,Loudness,"MI | MO | SE",,number,0,100,,,,RH,,,,
diagnosis_l_degree_l_nature,d_voice_laryngitis,,text,"Loudness
(Indicate the nature of the abnormality):",,,,,,,"[diagnosis_l_degree_l_1] > 0",,RH,,,,
diagnosis_l_degree_l_2,d_voice_laryngitis,,radio,Loudness,"consistent, Consistent | intermittent, Intermittent",,,,,,,,RH,,,,
diagnosis_l_degree_comments,d_voice_laryngitis,,radio,"Comments about resonance","normal, Normal | other, Other",,,,,,,,RH,,,,
diagnosis_l_degree_comments_other,d_voice_laryngitis,,text,"Please specify",,,,,,,"[diagnosis_l_degree_comments] = 'other'",,RH,,,,
diagnosis_l_degree_comments_other_2,d_voice_laryngitis,,text,"Additional Features
(for example, diplophonia, fry, falsetto, asthenia, aphonia, pitch instability, tremor, wet/gurgly, or other relevant terms):",,,,,,,,,RH,,,,
diagnosis_l_treatment,d_voice_laryngitis,"5. Treatment obtained",radio,"Has the participant undergone any treatment for this condition?","yes, Yes | no, No",,,,,,,y,,,,,
diagnosis_l_treatment_select,d_voice_laryngitis,,checkbox,"Select all that apply:","medical_treatment, Medical treatment | vocal_hygiene_and_patient_education, Vocal hygiene and patient education | voice_or_speech_therapy, Voice/Speech therapy",,,,,,"[diagnosis_l_treatment]=""yes""",y,,,,,
diagnosis_l_treatment_mt,d_voice_laryngitis,,checkbox,"Medical treatment
(Select all that apply)","antibiotics, Antibiotics | antifungals, Antifungals | steroids_po, Steroids PO | inhaled_steroids, Inhaled steroids | other, Other","weeks ago",,,,,"[diagnosis_l_treatment_select(medical_treatment)]=""1""",y,,,,,
diagnosis_l_treatment_mt_other,d_voice_laryngitis,,text,"Other, please specify",,,,,,,"[diagnosis_l_treatment_mt(other)]=""1""",y,,,,,
diagnosis_mtd_gsd,d_voice_muscle_tension_dysphonia_mtd,"1. Gold Standard Diagnosis",radio,"Does the participant have Muscle Tension Dysphonia (MTD)?","yes, Yes | no, No | notCertain, Not certain",,,,,,,y,,,,,
diagnosis_mtd_gsd_evaluations_2,d_voice_muscle_tension_dysphonia_mtd,,checkbox,"How was this confirmed? Select all that apply:","laryngoscopy_stroboscopy, Laryngoscopy/Stroboscopy | voice_evaluation, Voice Evaluation",,,,,,[diagnosis_mtd_gsd]='yes',y,,,,,
diagnosis_mtd_gsd_assessments,d_voice_muscle_tension_dysphonia_mtd,,checkbox,"Did the participant have any of the following assessments? (Select all that apply)","detailed_case_history, Detailed case history | aural_perceptual_evaluation, Aural-perceptual evaluation | flexible_rigid_laryngoscopy, Flexible/Rigid laryngoscopy | voice_speech_evaluation, Voice/speech evaluation",,,,,,,y,,,,,
diagnosis_mtd_ds,d_voice_muscle_tension_dysphonia_mtd,"2. Disease Subtype",radio,,"primaryMTD, Primary MTD - neck muscles are tense with no abnormality in the larynx | secondaryMTD, Secondary MTD - abnormality in larynx causes the patient to overuse other muscles involved in voice production",,,,,,,y,,,,,
diagnosis_mtd_etiology,d_voice_muscle_tension_dysphonia_mtd,"3. Etiology",checkbox,"What is the etiology? (Select all that apply)","psychological_personality_factors, Psychological and/or personality factors | environmental_irritants, Environmental irritants | vocal_misuse_abuse, Vocal misuse and abuse | compensation_underlying_disease, Compensation for underlying disease | other, Other",,,,,,,,,,,,
diagnosis_mtd_etiology_other,d_voice_muscle_tension_dysphonia_mtd,,text,"Please specify",,,,,,,"[diagnosis_mtd_etiology(other)]=""1""",,,,,,
diagnosis_mtd_degree_text,d_voice_muscle_tension_dysphonia_mtd,"4. Disease Severity",descriptive,"<div class=""rich-text-field-label""><p>Degree of dysphonia<br><br>CAPE-V scale</p></div>",,,,,,,,,,,,,
diagnosis_mtd_degree_legend,d_voice_muscle_tension_dysphonia_mtd,,descriptive,"<div class=""rich-text-field-label""><p>Legend<span style=""font-weight: normal;"">: C- Sonsistent I = Intermittent</span><br><span style=""font-weight: normal;"">                MI = Mildly Deviant</span><br><span style=""font-weight: normal;"">                MO = Moderately Deviant</span><br><span style=""font-weight: normal;"">                SE = Severely Deviant</span></p></div>",,,,,,,,,,,,,
diagnosis_mtd_degree_os_1,d_voice_muscle_tension_dysphonia_mtd,,slider,"Overall Severity","MI | MO | SE",,number,0,100,,,,RH,,,,
diagnosis_mtd_degree_os_2,d_voice_muscle_tension_dysphonia_mtd,,radio,"Overall Severity","consistent, Consistent | intermittent, Intermittent",,,,,,,,RH,,,,
diagnosis_mtd_degree_r_1,d_voice_muscle_tension_dysphonia_mtd,,slider,Roughness,"MI | MO | SE",,number,0,100,,,,RH,,,,
diagnosis_mtd_degree_r_2,d_voice_muscle_tension_dysphonia_mtd,,radio,Roughness,"consistent, Consistent | intermittent, Intermittent",,,,,,,,RH,,,,
diagnosis_mtd_degree_b_1,d_voice_muscle_tension_dysphonia_mtd,,slider,Breathiness,"MI | MO | SE",,number,0,100,,,,RH,,,,
diagnosis_mtd_degree_b_2,d_voice_muscle_tension_dysphonia_mtd,,radio,Breathiness,"consistent, Consistent | intermittent, Intermittent",,,,,,,,RH,,,,
diagnosis_mtd_degree_s_1,d_voice_muscle_tension_dysphonia_mtd,,slider,Strain,"MI | MO | SE",,number,0,100,,,,RH,,,,
diagnosis_mtd_degree_s_2,d_voice_muscle_tension_dysphonia_mtd,,radio,Strain,"consistent, Consistent | intermittent, Intermittent",,,,,,,,RH,,,,
diagnosis_mtd_degree_p_1,d_voice_muscle_tension_dysphonia_mtd,,slider,Pitch,"MI | MO | SE",,number,0,100,,,,RH,,,,
diagnosis_mtd_degree_p_nature,d_voice_muscle_tension_dysphonia_mtd,,text,"Pitch
(Indicate the nature of the abnormality):",,,,,,,"[diagnosis_mtd_degree_p_1] > 0",,RH,,,,
diagnosis_mtd_degree_p_2,d_voice_muscle_tension_dysphonia_mtd,,radio,Pitch,"consistent, Consistent | intermittent, Intermittent",,,,,,,,RH,,,,
diagnosis_mtd_degree_l_1,d_voice_muscle_tension_dysphonia_mtd,,slider,Loudness,"MI | MO | SE",,number,0,100,,,,RH,,,,
diagnosis_mtd_degree_l_nature,d_voice_muscle_tension_dysphonia_mtd,,text,"Loudness
(Indicate the nature of the abnormality):",,,,,,,"[diagnosis_mtd_degree_l_1] > 0",,RH,,,,
diagnosis_mtd_degree_l_2,d_voice_muscle_tension_dysphonia_mtd,,radio,Pitch,"consistent, Consistent | intermittent, Intermittent",,,,,,,,RH,,,,
diagnosis_mtd_degree_comments,d_voice_muscle_tension_dysphonia_mtd,,radio,"Comments about resonance","normal, Normal | other, Other",,,,,,,,RH,,,,
diagnosis_mtd_degree_comments_other,d_voice_muscle_tension_dysphonia_mtd,,text,"Please specify",,,,,,,"[diagnosis_mtd_degree_comments] = 'other'",,RH,,,,
diagnosis_mtd_degree_comments_other_2,d_voice_muscle_tension_dysphonia_mtd,,text,"Additional Features
(for example, diplophonia, fry, falsetto, asthenia, aphonia, pitch instability, tremor, wet/gurgly, or other relevant terms):",,,,,,,,,RH,,,,
diagnosis_mtd_treatment,d_voice_muscle_tension_dysphonia_mtd,"5. Treatment obtained",radio,"Has the participant undergone any treatment for this condition?","yes, Yes | no, No",,,,,,,y,,,,,
diagnosis_mtd_treatment_select,d_voice_muscle_tension_dysphonia_mtd,,checkbox,"Select all that apply:","vocal_hygiene_and_patient_education, Vocal hygiene and patient education | voice_or_speech_therapy, Voice/speech therapy | circumlaryngeal_manual_therapy, Circumlaryngeal manual therapy | surgery_for_secondary_organic_lesions, Surgery for secondary organic lesions | other, Other medical treatment",,,,,,"[diagnosis_mtd_treatment]=""yes""",,,,,,
diagnosis_mtd_treatment_other,d_voice_muscle_tension_dysphonia_mtd,,text,"Please specify",,,,,,,"[diagnosis_mtd_treatment_select(other)]=""1""",,,,,,
diagnosis_mtd_gsd_evaluations,d_voice_muscle_tension_dysphonia_mtd,"Deprecated Fields",checkbox,"[DEPRECATED]
Determined by (Select all that apply):","laryngologist, Laryngologist | speech_language_pathology, Speech-Language Pathology",,,,,,,,,,,," @HIDDEN"
diagnosis_pl_gsd,d_voice_precancerous_lesions,"1. Gold Standard Diagnosis",radio,"Does the participant have a precancerous vocal fold lesion?","yes, Yes | no, No | notCertain, Not certain",,,,,,,y,,,,,
diagnosis_pl_gsd_confirmation_method,d_voice_precancerous_lesions,,checkbox,"How was this confirmed? Select all that apply:","laryngoscopy_stroboscopy, Laryngoscopy/Stroboscopy | biopsy_pathology, Biopsy/Pathology Report",,,,,,[diagnosis_pl_gsd]='yes',,,,,,
diagnosis_pl_ds,d_voice_precancerous_lesions,"2. Disease Subtype",checkbox,"What is the diagnosis?
(Select all that apply).","keratosis, Keratosis | leukoplakia, Leukoplakia | erythroplakia, Erythroplakia | other, Other",,,,,,,y,,,,,
diagnosis_pl_ds_k,d_voice_precancerous_lesions,,radio,Keratosis,"withDysplasia, With dysplasia | withoutDysplasia, Without dysplasia",,,,,,"[diagnosis_pl_ds(keratosis)]=""1""",y,,,,,
diagnosis_pl_ds_k_wd_g,d_voice_precancerous_lesions,,radio,"Keratosis with dysplasia","lowGrade, Low grade | moderateGrade, Moderate grade | highGrade, High grade",,,,,,"[diagnosis_pl_ds_k]=""withDysplasia""",y,,,,,
diagnosis_pl_ds_l,d_voice_precancerous_lesions,,radio,Leukoplakia,"withDysplasia, With dysplasia | withoutDysplasia, Without dysplasia",,,,,,"[diagnosis_pl_ds(leukoplakia)]=""1""",y,,,,,
diagnosis_pl_ds_l_wd_g,d_voice_precancerous_lesions,,radio,"Leukoplakia with dysplasia","lowGrade, Low grade | moderateGrade, Moderate grade | highGrade, High grade",,,,,,"[diagnosis_pl_ds_l]=""withDysplasia""",y,,,,,
diagnosis_pl_ds_e,d_voice_precancerous_lesions,,radio,Erythroplakia,"withDysplasia, With dysplasia | withoutDysplasia, Without dysplasia",,,,,,"[diagnosis_pl_ds(erythroplakia)]=""1""",y,,,,,
diagnosis_pl_ds_e_wd_g,d_voice_precancerous_lesions,,radio,"Erythroplakia with dysplasia","lowGrade, Low grade | moderateGrade, Moderate grade | highGrade, High grade",,,,,,"[diagnosis_pl_ds_e]=""withDysplasia""",y,,,,,
diagnosis_pl_ds_other,d_voice_precancerous_lesions,,text,"Other, please specify",,,,,,,"[diagnosis_pl_ds(other)]=""1""",y,,,,,
diagnosis_pl_etiology,d_voice_precancerous_lesions,"3. Etiology",checkbox,"Does the participant have the following risk factors?
(Select all that apply).","past_or_present_smoking, Past or present smoking | laryngopharyngeal_reflux, Laryngopharyngeal reflux | other_irritants, Other irritants",,,,,,,y,,,,,
diagnosis_pl_etiology_other,d_voice_precancerous_lesions,,text,"Other irritants",,,,,,,"[diagnosis_pl_etiology(other_irritants)]=""1""",y,,,,,
diagnosis_pl_ds_ll,d_voice_precancerous_lesions,"4. Disease Severity",checkbox,"Location of lesion(s)
(Select all that apply).","right_vocal_fold, Right vocal fold | left_vocal_fold, Left vocal fold | both_vocal_folds, Both vocal folds | ventricular_folds, Ventricular folds (right or left) | subglottal_areas, Subglottal areas",,,,,,,y,,,,,
diagnosis_pl_degree_text,d_voice_precancerous_lesions,,descriptive,"Degree of dysphonia

Clinician places slider between 0 and 100; indicates C or I. ""Indicate the nature.."" and Additional features responses are free text. Comments about resonance: Indicate normal or Other, if other then free text",,,,,,,,,,,,,
diagnosis_pl_degree_legend,d_voice_precancerous_lesions,,descriptive,"<div class=""rich-text-field-label""><p>Legend: <span style=""font-weight: normal;"">C- Sonsistent I = Intermittent</span><br><span style=""font-weight: normal;"">                MI = Mildly Deviant</span><br><span style=""font-weight: normal;"">                MO = Moderately Deviant</span><br><span style=""font-weight: normal;"">                SE = Severely Deviant</span></p></div>",,,,,,,,,,,,,
diagnosis_pl_degree_os_1,d_voice_precancerous_lesions,,slider,"Overall Severity","MI | MO | SE",,number,0,100,,,,RH,,,,
diagnosis_pl_degree_os_2,d_voice_precancerous_lesions,,radio,"Overall Severity","consistent, Consistent | intermittent, Intermittent",,,,,,,,RH,,,,
diagnosis_pl_degree_r_1,d_voice_precancerous_lesions,,slider,Roughness,"MI | MO | SE",,number,0,100,,,,RH,,,,
diagnosis_pl_degree_r_2,d_voice_precancerous_lesions,,radio,Roughness,"consistent, Consistent | intermittent, Intermittent",,,,,,,,RH,,,,
diagnosis_pl_degree_b_1,d_voice_precancerous_lesions,,slider,Breathiness,"MI | MO | SE",,number,0,100,,,,RH,,,,
diagnosis_pl_degree_b_2,d_voice_precancerous_lesions,,radio,Breathiness,"consistent, Consistent | intermittent, Intermittent",,,,,,,,RH,,,,
diagnosis_pl_degree_s_1,d_voice_precancerous_lesions,,slider,Strain,"MI | MO | SE",,number,0,100,,,,RH,,,,
diagnosis_pl_degree_s_2,d_voice_precancerous_lesions,,radio,Strain,"consistent, Consistent | intermittent, Intermittent",,,,,,,,RH,,,,
diagnosis_pl_degree_p_1,d_voice_precancerous_lesions,,slider,Pitch,"MI | MO | SE",,number,0,100,,,,RH,,,,
diagnosis_pl_degree_p_nature,d_voice_precancerous_lesions,,text,"Pitch
(Indicate the nature of the abnormality):",,,,,,,"[diagnosis_pl_degree_p_1] > 0",,RH,,,,
diagnosis_pl_degree_p_2,d_voice_precancerous_lesions,,radio,Pitch,"consistent, Consistent | intermittent, Intermittent",,,,,,,,RH,,,,
diagnosis_pl_degree_l_1,d_voice_precancerous_lesions,,slider,Loudness,"MI | MO | SE",,number,0,100,,,,RH,,,,
diagnosis_pl_degree_l_nature,d_voice_precancerous_lesions,,text,"Loudness
(Indicate the nature of the abnormality):",,,,,,,"[diagnosis_pl_degree_l_1] > 0",,RH,,,,
diagnosis_pl_degree_l_2,d_voice_precancerous_lesions,,radio,Loudness,"consistent, Consistent | intermittent, Intermittent",,,,,,,,RH,,,,
diagnosis_pl_degree_comments,d_voice_precancerous_lesions,,radio,"Comments about resonance","normal, Normal | other, Other",,,,,,,,RH,,,,
diagnosis_pl_degree_comments_other,d_voice_precancerous_lesions,,text,"Please specify",,,,,,,"[diagnosis_pl_degree_comments]=""other""",,RH,,,,
diagnosis_pl_degree_comments_other_2,d_voice_precancerous_lesions,,text,"Additional Features
(for example, diplophonia, fry, falsetto, asthenia, aphonia, pitch instability, tremor, wet/gurgly, or other relevant terms):",,,,,,,,,RH,,,,
diagnosis_pl_treatment,d_voice_precancerous_lesions,"5. Treatment obtained",radio,"Has the participant undergone any treatment for this condition?","yes, Yes | no, No",,,,,,,y,,,,,
diagnosis_pl_treatment_select,d_voice_precancerous_lesions,,checkbox,"What treatments did the participant undergo? (Select all that apply):","surveillance_only, Surveillance only (previous diagnosis) | laser_resection, Laser resection | laser_ablation, Laser ablation | microlaryngeal_surgery_without_laser, Microlaryngeal surgery without laser | radiotherapy_persistent_or_recurrent_lesions, Radiotherapy for persistent or recurrent lesions | voice_or_speech_therapy, Voice/speech therapy | other, Other",,,,,,"[diagnosis_pl_treatment]=""yes""",y,,,,,
diagnosis_pl_treatment_other,d_voice_precancerous_lesions,,text,"Other, please specify",,,,,,,"[diagnosis_pl_treatment_select(other)]=""1""",y,,,,,
diagnois_pl_gsd_ls,d_voice_precancerous_lesions,"Deprecated Fields",radio,"[DEPRECATED]
Does the participant have a precancerous vocal fold lesion confirmed by laryngoscopy/stroboscopy?","yes, Yes | no, No | notCertain, Not certain",,,,,,,,,,,," @HIDDEN"
diagnois_pl_gsd_bp,d_voice_precancerous_lesions,,radio,"[DEPRECATED]
Does the participant have a precancerous vocal fold lesion confirmed by biopsy/pathology?","yes, Yes | no, No | notCertain, Not certain",,,,,,,,,,,," @HIDDEN"
diagnosis_vfp_gsd,d_voice_unilateral_vocal_fold_paralysis,"1. Gold Standard Diagnosis",radio,"Does the participant have Unilateral Vocal Fold Paralysis (UVFP) confirmed by laryngoscopy/stroboscopy?","yes, Yes | no, No | notCertain, Not Certain",,,,,,,y,,,,,
diagnosis_uvfp_ds,d_voice_unilateral_vocal_fold_paralysis,"2. Disease Subtype",radio,"On which side is the paralysis?","left, Left | right, Right",,,,,,,y,,,,,
diagnosis_vfp_etiology,d_voice_unilateral_vocal_fold_paralysis,"3. Etiology",radio,"What is the etiology?","1, Idiopathic | 2, Iatrogenic (surgery/intubation) | 3, Tumor invading RLN | 4, Radiation | 5, Other",,,,,,,y,,,,,
diagnosis_uvfp_etiology_other,d_voice_unilateral_vocal_fold_paralysis,,text,"Please specify",,,,,,,"[diagnosis_vfp_etiology] = 5",,,,,,
diagnosis_vfp_iatrogenic,d_voice_unilateral_vocal_fold_paralysis,,radio,"Iatrogenic (surgery/intubation) subcategory","1, Thyroidectomy | 2, ACDF | 3, Lung surgery | 4, Heart Surgery | 5, Intubation | 6, Brain Surgery | 7, Other",,,,,,"[diagnosis_vfp_etiology] = 2",y,,,,,
diagnosis_uvfp_latrogenic_other,d_voice_unilateral_vocal_fold_paralysis,,text,"Please specify",,,,,,,[diagnosis_vfp_iatrogenic]=7,,,,,,
diagnosis_vfp_tumor,d_voice_unilateral_vocal_fold_paralysis,,radio,"Tumor invading RLN - Subcategory","1, Brain | 2, Chest | 3, Neck",,,,,,"[diagnosis_vfp_etiology] = 3",y,,,,,
diagnosis_vfp_dse,d_voice_unilateral_vocal_fold_paralysis,"4. Disease Severity",radio,"Degree of Glottic Gap","4, No glottic gap | 1, Small | 2, Moderate | 3, Large",,,,,,,y,,,,,
diagnosis_vfp_degree_text,d_voice_unilateral_vocal_fold_paralysis,,descriptive,"Degree of dysphonia

CAPE-V scale",,,,,,,,,,,,,
diagnosis_vfp_degree_legend,d_voice_unilateral_vocal_fold_paralysis,,descriptive,"<div class=""rich-text-field-label""><table style=""border-collapse: collapse; width: 100%;"" border=""1""> <tbody> <tr> <td style=""width: 98.3993%;""> <p>Legend: <span style=""font-weight: normal;"">C- Sonsistent I = Intermittent<br /></span><span style=""font-weight: normal;"">                MI = Mildly Deviant<br /></span><span style=""font-weight: normal;"">                MO = Moderately Deviant<br /></span><span style=""font-weight: normal;"">                SE = Severely Deviant</span></p> </td> </tr> </tbody> </table></div>",,,,,,,,,,,,,
diagnosis_degree_os,d_voice_unilateral_vocal_fold_paralysis,,slider,"Overall Severity","MI | MO | SE",,number,0,100,,,,RH,,,,
diagnosis_degree_os_2,d_voice_unilateral_vocal_fold_paralysis,,radio,"Overall Severity","1, Consistent | 2, Intermittent",,,,,,,,RH,,,,
diagnosis_degree_r,d_voice_unilateral_vocal_fold_paralysis,,slider,Roughness,"MI | MO | SE",,number,0,100,,,,RH,,,,
diagnosis_degree_r_2,d_voice_unilateral_vocal_fold_paralysis,,radio,Roughness,"1, Consistent | 2, Intermittent",,,,,,,,RH,,,,
diagnosis_degree_b,d_voice_unilateral_vocal_fold_paralysis,,slider,Breathiness,"MI | MO | SE",,number,0,100,,,,RH,,,,
diagnosis_degree_b_2,d_voice_unilateral_vocal_fold_paralysis,,radio,Breathiness,"1, Consistent | 2, Intermittent",,,,,,,,RH,,,,
diagnosis_degree_s,d_voice_unilateral_vocal_fold_paralysis,,slider,Strain,"MI | MO | SE",,number,0,100,,,,RH,,,,
diagnosis_degree_s_2,d_voice_unilateral_vocal_fold_paralysis,,radio,Strain,"1, Consistent | 2, Intermittent",,,,,,,,RH,,,,
diagnosis_degree_p,d_voice_unilateral_vocal_fold_paralysis,,slider,Pitch,"MI | MO | SE",,number,0,100,,,,RH,,,,
diagnosis_degree_p_nature,d_voice_unilateral_vocal_fold_paralysis,,text,"Pitch
(Indicate the nature of the abnormality):",,,,,,,"[diagnosis_degree_p] > 0",,RH,,,,
diagnosis_degree_p_2,d_voice_unilateral_vocal_fold_paralysis,,radio,Pitch,"1, Consistent | 2, Intermittent",,,,,,,,RH,,,,
diagnosis_degree_l,d_voice_unilateral_vocal_fold_paralysis,,slider,Loudness,"MI | MO | SE",,number,0,100,,,,RH,,,,
diagnosis_degree_l_nature,d_voice_unilateral_vocal_fold_paralysis,,text,"Loudness
(Indicate the nature of the abnormality):",,,,,,,"[diagnosis_degree_l] > 0",,RH,,,,
diagnosis_degree_l_2,d_voice_unilateral_vocal_fold_paralysis,,radio,Loudness,"1, Consistent | 2, Intermittent",,,,,,,,RH,,,,
diagnosis_degree_comments,d_voice_unilateral_vocal_fold_paralysis,,radio,"Comments about resonance","1, Normal | 2, Other",,,,,,,,RH,,,,
diagnosis_degree_comments_other,d_voice_unilateral_vocal_fold_paralysis,,text,"Please specify",,,,,,,"[diagnosis_degree_comments] = 2",,RH,,,,
diagnosis_degree_comments_other_2,d_voice_unilateral_vocal_fold_paralysis,,text,"Additional Features
(for example, diplophonia, fry, falsetto, asthenia, aphonia, pitch instability, tremor, wet/gurgly, or other relevant terms):",,,,,,,,,RH,,,,
diagnosis_uvfp_treatment,d_voice_unilateral_vocal_fold_paralysis,"5. Treatment obtained",radio,"Has the participant undergone any treatment for this condition?","yes, Yes | no, No",,,,,,,y,,,,,
diagnosis_uvfp_treatment_select,d_voice_unilateral_vocal_fold_paralysis,,checkbox,"What treatments did the participant undergo? (Select all that apply):","surgery, Surgery / Procedure | speech_therapy, Speech therapy | other, Other",,,,,,"[diagnosis_uvfp_treatment]=""yes""",,,,,,
diagnosis_uvfp_treatment_other,d_voice_unilateral_vocal_fold_paralysis,,text,"Other treatment, please specify",,,,,,,"[diagnosis_uvfp_treatment_select(other)]=""1""",,,,,,
diagnosis_uvfp_treatment_surgery,d_voice_unilateral_vocal_fold_paralysis,,checkbox,"Surgery / Procedure","thyroplasty, Thyroplasty | vocal_fold_injection_augmentation, Vocal fold injection augmentation | arytenoid_adduction, Arytenoid adduction | other, Other",,,,,,"[diagnosis_uvfp_treatment_select(surgery)]=""1""",y,,,,,
diagnosis_uvfp_treatment_surgery_other,d_voice_unilateral_vocal_fold_paralysis,,text,"Other Surgery / Procedure, please specify",,,,,,,"[diagnosis_uvfp_treatment_surgery(other)]=""1""",,,,,,
diagnosis_uvfp_treatment_surgery_thyroplasty,d_voice_unilateral_vocal_fold_paralysis,,checkbox,"Thyroplasty - Subcategory","goretex, Gore-Tex | silastic, Silastic",,,,,,"[diagnosis_uvfp_treatment_surgery(thyroplasty)]=""1""",y,,,,,
diagnosis_uvfp_treatment_surgery_vfia,d_voice_unilateral_vocal_fold_paralysis,,checkbox,"Vocal fold injection augmentation - Subcategory","caha, CaHA | gel, Gel | hyaluronic_acid_augmentation, Hyaluronic acid augmentation | fat_injection, Fat injection",,,,,,"[diagnosis_uvfp_treatment_surgery(vocal_fold_injection_augmentation)]=""1""",y,,,,,
mbd_diagnosed_bm,d_mood_bipolar_disorder,"1. Gold Standard Diagnosis",radio,"Have you been diagnosed with Bipolar Disorder?","yes, Yes | no, No",,,,,,,y,,,,,
mbd_diagnosed_bm_selection,d_mood_bipolar_disorder,,radio,"Bipolar I and II Disorders","6A60, 6A60 Bipolar type I disorder | 6A61, 6A61 Bipolar type II disorder | 6A62, 6A62 Cyclothymic disorder | 6A6Y, 6A6Y Other specified bipolar or related disorders | 6A6Z, 6A6Z Bipolar or related disorders, unspecified",,,,,,[mbd_diagnosed_bm]='yes',y,,,,,
mbd_diagnosed_bipolar_i_ii_other,d_mood_bipolar_disorder,,radio,"Were you diagnosed with Bipolar I, Bipolar II, or Other/unspecified?","bipolar_1, Bipolar I | bipolar_2, Bipolar II | other, Other/unspecified",,,,,,,,,,,,
mbd_diagnosed_other,d_mood_bipolar_disorder,,text,"Please specify",,,,,,,"[mbd_diagnosed_bipolar_i_ii_other]=""other""",,,,,,
mbd_ever_seen_heard,d_mood_bipolar_disorder,,radio,"Have you ever seen things other people can't see or heard things other people can't hear?","yes, Yes | no, No",,,,,,,,,,,,
mbd_had_manic_episode,d_mood_bipolar_disorder,,radio,"Have you ever had a manic episode (i.e., While not under the influence of substances, a distinct period of abnormally and persistently elevated, expansive, or irritable mood and abnormally and persistently goal-directed behavior or energy, lasting at least 1 week and present most of the day, nearly every day)?","yes, Yes | no, No",,,,,,,,,,,,
mbd_last_depressive_episode,d_mood_bipolar_disorder,"2. Bipolar History",text,"When was your last depressive episode (feeling down and depressed more days than not over two weeks)?",,,date_ymd,,,y,,,,,,,
mbd_many_depressive_episodes,d_mood_bipolar_disorder,,radio,"Approximately how many depressive episodes have you had in your life (feeling down and depressed more days than not over two weeks)?","none, None | moreThanTwo, More than two | moreThanFive, More than five | notSure, Not sure",,,,,,,,,,,,
mbd_last_manic_episode,d_mood_bipolar_disorder,,text,"When was your last manic episode?",,,date_ymd,,,y,,,,,,,
mbd_many_manic_episodes,d_mood_bipolar_disorder,,radio,"Approximately how many manic episodes have you had in your life?","none, None | moreThanTwo, More than two | moreThanFive, More than five | notSure, Not sure",,,,,,,,,,,,
diagnosis_bipolar_gsd,d_mood_bipolar_disorder,"Deprecated Fields",radio,"[DEPRECATED]
Diagnosis","bipolar_1, Bipolar I disorder | bipolar_2, Bipolar II disorder | cyclothymia, Cyclothymic disorder (cyclothymia) | other, Other specified and unspecified bipolar and related disorders",,,,,,,,,,,," @HIDDEN"
diagnosis_bipolar_gsd_interview,d_mood_bipolar_disorder,,yesno,"[DEPRECATED]
Was a structured clinical interview done?",,,,,,,,,,,,," @HIDDEN"
diagnosis_bipolar_gsd_oqu,d_mood_bipolar_disorder,,yesno,"[DEPRECATED]
Was an objective questionnaire used?",,,,,,,,,,,,," @HIDDEN"
diagnosis_bipolar_gsd_oquw,d_mood_bipolar_disorder,,radio,"[DEPRECATED]
Which objective questionnaire was used?","phq9, Patient Health Questionnaire (PHQ-9) | hamD, HAM-D | bdi, Beck Depression Inventory (BDI) | other, Other",,,,,,"[diagnosis_bipolar_gsd_oqu]=""1""",,,,,," @HIDDEN"
diagnosis_bipolar_gsd_oqu_other,d_mood_bipolar_disorder,,text,"[DEPRECATED]
Please specify",,,,,,,"[diagnosis_bipolar_gsd_oquw]=""other""",,,,,," @HIDDEN"
mbd_active_psy_med_problems,d_mood_bipolar_disorder,,checkbox,"[DEPRECATED]
Please select any active psychiatric problems and medical problems (select all that apply).

MOVED IT TO ""Q - Mood - Participant History""","adhd, ADHD | anxiety, Anxiety | ocd, OCD | stroke, Stroke | epilepsy, Epilepsy | laryngeal_cancer, Laryngeal cancer | seasonal_allergies, Seasonal allergies | other, Other",,,,,,,,,,,," @HIDDEN"
mbd_active_psy_med_prob_other,d_mood_bipolar_disorder,,text,"[DEPRECATED]
Please specify

MOVED IT TO ""Q - Mood - Participant History""",,,,,,,"[mbd_active_psy_med_problems(other)]=""1""",,,,,," @HIDDEN"
mbd_hist_psy_med_problems,d_mood_bipolar_disorder,,checkbox,"[DEPRECATED]
Please select any historical psychiatric problems and medical problems (select all that apply).

MOVED IT TO ""Q - Mood - Participant History""","adhd, ADHD | anxiety, Anxiety | ocd, OCD | stroke, Stroke | epilepsy, Epilepsy | laryngeal_cancer, Laryngeal cancer | seasonal_allergies, Seasonal allergies | other, Other",,,,,,,,,,,," @HIDDEN"
mbd_hist_psy_med_prob_other,d_mood_bipolar_disorder,,text,"[DEPRECATED]
Please specify

MOVED IT TO ""Q - Mood - Participant History""",,,,,,,"[mbd_hist_psy_med_problems(other)]=""1""",,,,,," @HIDDEN"
diagnosis_bipolar_active_problems,d_mood_bipolar_disorder,,text,"[DEPRECATED]
Enter list of active problems",,,,,,,,,,,,," @HIDDEN"
diagnosis_bipolar_history_problems,d_mood_bipolar_disorder,,text,"[DEPRECATED]
Enter any history of problems",,,,,,,,,,,,," @HIDDEN"
diagnosis_bipolar_subtype_active,d_mood_bipolar_disorder,,radio,"[DEPRECATED]
Disease Subtype","active, Active | recurrent, Recurrent",,,,,,,,,,,," @HIDDEN"
diagnosis_bipolar_psychotic,d_mood_bipolar_disorder,,radio,"[DEPRECATED]
Psychotic Symptoms","with, With | without, Without",,,,,,,,,,,," @HIDDEN"
diagnosis_bipolar_etiology,d_mood_bipolar_disorder,,text,"[DEPRECATED]
Describe life events that may relate to the diagnosis",,,,,,,,,,,,," @HIDDEN"
diagnosis_bipolar_severity,d_mood_bipolar_disorder,,radio,"[DEPRECATED]
Disease Severity","mild, Mild | moderate, Moderate | severe, Severe",,,,,,,y,,,,," @HIDDEN"
mbd_prescribed_medication,d_mood_bipolar_disorder,,radio,"[DEPRECATED]
Have you ever been prescribed medication for mental or emotional problems (e.g., antidepressants, anxiolytics, antipsychotics, mood stabilizers, etc.)?

MOVED IT TO ""Q - Mood - Participant History""","yes, Yes | no, No",,,,,,,,,,,," @HIDDEN"
mbd_current_medication,d_mood_bipolar_disorder,,notes,"[DEPRECATED]
Please list any current psychiatric medications (to the best of your recollection), including medication names, dosage, and how many times per day.

MOVED IT TO ""Q - Mood - Participant History""",,,,,,,"[mbd_prescribed_medication]=""yes""",,,,,," @HIDDEN"
mbd_previous_medication,d_mood_bipolar_disorder,,notes,"[DEPRECATED]
Please list any previous psychiatric medications (to the best of your recollection), including medication names,
approximate dates you were taking them, and why they were discontinued.

MOVED IT TO ""Q - Mood - Participant History""",,,,,,,"[mbd_prescribed_medication]=""yes""",,,,,," @HIDDEN"
mbd_see_mental_health_professional,d_mood_bipolar_disorder,,radio,"[DEPRECATED]
Have you ever seen a mental health professional for talk therapy (could include social workers, psychiatrists, etc.)?

MOVED IT TO ""Q - Mood - Participant History""","yes, Yes | no, No",,,,,,,,,,,," @HIDDEN"
mbd_describe_psychotherapy,d_mood_bipolar_disorder,,notes,"[DEPRECATED]
Please briefly describe your psychotherapy history (e.g.,
dates, reasons for seeking therapy, etc.).

MOVED IT TO ""Q - Mood - Participant History""",,,,,,,"[mbd_see_mental_health_professional]=""yes""",,,,,," @HIDDEN"
diagnosis_bipolar_current_med_therapies,d_mood_bipolar_disorder,,text,"[DEPRECATED]
List any current medications/therapies",,,,,,,,,,,,," @HIDDEN"
diagnosis_bipolar_former_med_therapies,d_mood_bipolar_disorder,,text,"[DEPRECATED]
List any former medications/therapies",,,,,,,,,,,,," @HIDDEN"
dmdd_diagnosed_dd,d_mood_depression_or_major_depressive_disorder,"1. Gold Standard Diagnosis",radio,"Have you been diagnosed with a depressive disorder?","yes, Yes | no, No",,,,,,,y,,,,,
dmdd_diagnosed_dd_selection,d_mood_depression_or_major_depressive_disorder,,radio,"Major Depressive Disorder","6A70, 6A70 Single episode depressive disorder | 6A71, 6A71 Recurrent depressive disorder | 6A72, 6A72 Dysthymic disorder | 6A73, 6A73 Mixed depressive and anxiety disorder | GA34.41, GA34.41 Premenstrual dysphoric disorder | 6A7Y, 6A7Y Other specified depressive disorders | 6A7Z, 6A7Z Depressive disorders, unspecified",,,,,,[dmdd_diagnosed_dd]='yes',y,,,,,
dmdd_last_depressive_episode,d_mood_depression_or_major_depressive_disorder,"2. Depression History",text,"When was your last depressive episode (feeling depressed more days than not over
two weeks)?",,,date_ymd,,,,,,,,,,
dmdd_how_many_depressive_episodes,d_mood_depression_or_major_depressive_disorder,,radio,"Approximately how many depressive episodes have you had in your life (feeling down and depressed more days than not over two weeks)?","none, None | moreThanTwo, More than two | moreThanFive, More than five | notSure, Not sure",,,,,,,,,,,,
diagnosis_depression_gsd,d_mood_depression_or_major_depressive_disorder,"Deprecated Fields",radio,"[DEPRECATED]
Diagnosis","clinical_depression, Clinical depression (major depressive disorder) | pdd, Persistent depressive disorder (PDD) | dmdd, Disruptive mood dysregulation disorder (DMDD) | pmdd, Premenstrual dysphoric disorder (PMDD) | other, Depressive disorder due to another medical condition",,,,,,,,,,,," @HIDDEN"
diagnosis_depression_clinical_subcategory,d_mood_depression_or_major_depressive_disorder,,radio,"[DEPRECATED]
Clinical depression (major depressive disorder) Subcategory","seasonal_depression, Seasonal affective disorder (seasonal depression) | prenatal_postpartum_depression, Prenatal depression and postpartum depression | atypical_depression, Atypical depression",,,,,,"[diagnosis_depression_gsd] = ""clinical_depression""",,,,,," @HIDDEN"
diagnosis_depression_gsd_interview,d_mood_depression_or_major_depressive_disorder,,yesno,"[DEPRECATED]
Was a structured clinical interview done?",,,,,,,,y,,,,," @HIDDEN"
diagnosis_depression_gsd_oqu,d_mood_depression_or_major_depressive_disorder,,yesno,"[DEPRECATED]
Was an objective questionnaire used?",,,,,,,,,,,,," @HIDDEN"
diagnosis_depression_gsd_oquw,d_mood_depression_or_major_depressive_disorder,,radio,"[DEPRECATED]
Which objective questionnaire was used?","phq9, Patient Health Questionnaire (PHQ-9) | hamD, HAM-D | bdi, Beck Depression Inventory (BDI) | other, Other",,,,,,"[diagnosis_depression_gsd_oqu]=""1""",,,,,," @HIDDEN"
diagnosis_depression_gsd_oqu_other,d_mood_depression_or_major_depressive_disorder,,text,"[DEPRECATED]
Please specify",,,,,,,"[diagnosis_depression_gsd_oquw]=""other""",,,,,," @HIDDEN"
dmdd_active_psy_med_problems,d_mood_depression_or_major_depressive_disorder,,checkbox,"[DEPRECATED]
Please select any active psychiatric problems and medical problems (select all that apply).

MOVED IT TO ""Q - Mood - Participant History""","adhd, ADHD | anxiety, Anxiety | ocd, OCD | stroke, Stroke | epilepsy, Epilepsy | laryngeal_cancer, Laryngeal cancer | seasonal_allergies, Seasonal allergies | other, Other",,,,,,,,,,,," @HIDDEN"
dmdd_active_psy_med_prob_other,d_mood_depression_or_major_depressive_disorder,,text,"[DEPRECATED]
Please specify

MOVED IT TO ""Q - Mood - Participant History""",,,,,,,"[dmdd_active_psy_med_problems(other)]=""1""",,,,,," @HIDDEN"
dmdd_hist_psy_med_problems,d_mood_depression_or_major_depressive_disorder,,checkbox,"[DEPRECATED]
Please select any historical psychiatric problems and medical problems (select all that apply).

MOVED IT TO ""Q - Mood - Participant History""","adhd, ADHD | anxiety, Anxiety | ocd, OCD | stroke, Stroke | epilepsy, Epilepsy | laryngeal_cancer, Laryngeal cancer | seasonal_allergies, Seasonal allergies | other, Other",,,,,,,,,,,," @HIDDEN"
dmdd_hist_psy_med_prob_other,d_mood_depression_or_major_depressive_disorder,,text,"[DEPRECATED]
Please specify

MOVED IT TO ""Q - Mood - Participant History""",,,,,,,"[dmdd_hist_psy_med_problems(other)]=""1""",,,,,," @HIDDEN"
diagnosis_bipolar_active_problems_depression,d_mood_depression_or_major_depressive_disorder,,text,"[DEPRECATED]
Enter list of active problems",,,,,,,,,,,,," @HIDDEN"
diagnosis_bipolar_history_problems_depression,d_mood_depression_or_major_depressive_disorder,,text,"[DEPRECATED]
Enter any history of problems",,,,,,,,,,,,," @HIDDEN"
diagnosis_bipolar_subtype_active_depression,d_mood_depression_or_major_depressive_disorder,,radio,"[DEPRECATED]
Disease Subtype","active, Active | recurrent, Recurrent",,,,,,,,,,,," @HIDDEN"
diagnosis_bipolar_psychotic_depression,d_mood_depression_or_major_depressive_disorder,,radio,"[DEPRECATED]
Psychotic Symptoms","with, With | without, Without",,,,,,,,,,,," @HIDDEN"
diagnosis_bipolar_etiology_depression,d_mood_depression_or_major_depressive_disorder,,text,"[DEPRECATED]
Describe life events that may relate to the diagnosis",,,,,,,,,,,,," @HIDDEN"
diagnosis_bipolar_severity_depression,d_mood_depression_or_major_depressive_disorder,,radio,"[DEPRECATED]
Disease Severity","mild, Mild | moderate, Moderate | severe, Severe",,,,,,,,,,,," @HIDDEN"
dmdd_prescribed_medication,d_mood_depression_or_major_depressive_disorder,,radio,"[DEPRECATED]
Have you ever been prescribed medication for mental or emotional problems (e.g., antidepressants, anxiolytics, antipsychotics, mood stabilizers, etc.)?

MOVED IT TO ""Q - Mood - Participant History""","yes, Yes | no, No",,,,,,,,,,,," @HIDDEN"
dmdd_current_medication,d_mood_depression_or_major_depressive_disorder,,notes,"[DEPRECATED]
Please list any current psychiatric medications (to the best of your recollection), including medication names, dosage,
and how many times per day.

MOVED IT TO ""Q - Mood - Participant History""",,,,,,,"[dmdd_prescribed_medication]=""yes""",,,,,," @HIDDEN"
dmdd_previous_medication,d_mood_depression_or_major_depressive_disorder,,notes,"[DEPRECATED]
Please list any previous psychiatric medications (to the best of your recollection), including medication names,
approximate dates you were taking them, and why they were discontinued.

MOVED IT TO ""Q - Mood - Participant History""",,,,,,,"[dmdd_prescribed_medication]=""yes""",,,,,," @HIDDEN"
dmdd_see_mental_health_professional,d_mood_depression_or_major_depressive_disorder,,radio,"[DEPRECATED]
Have you ever seen a mental health professional for talk therapy (could include social workers, psychiatrists, etc.)?

MOVED IT TO ""Q - Mood - Participant History""","yes, Yes | no, No",,,,,,,,,,,," @HIDDEN"
dmdd_describe_psychotherapy,d_mood_depression_or_major_depressive_disorder,,notes,"[DEPRECATED]
Please briefly describe your psychotherapy history (e.g.,
dates, reasons for seeking therapy, etc.).

MOVED IT TO ""Q - Mood - Participant History""",,,,,,,"[dmdd_see_mental_health_professional]=""yes""",,,,,," @HIDDEN"
diagnosis_bipolar_current_med_therapies_depression,d_mood_depression_or_major_depressive_disorder,,text,"[DEPRECATED]
List any current medications/therapies",,,,,,,,,,,,," @HIDDEN"
diagnosis_bipolar_former_med_therapies_depression,d_mood_depression_or_major_depressive_disorder,,text,"[DEPRECATED]
List any former medications/therapies",,,,,,,,,,,,," @HIDDEN"
diagnosis_diagnosed_ad,d_mood_anxiety_disorder,"1. Gold Standard Diagnosis",radio,"Have you been diagnosed with an anxiety disorder?","yes, Yes | no, No",,,,,,,y,,,,,
diagnosis_diagnosed_ad_selection,d_mood_anxiety_disorder,,radio,"Anxiety Disorder","6B00, 6B00 Generalized Anxiety Disorder | 6B01, 6B01 Panic Disorder | 6B02, 6B02 Agoraphobia | 6B04, 6B04 Social Anxiety Disorder | 6B05, 6B05 Separation Anxiety Disorder | 6B06, 6B06 Selective Mutism | 6B0Y, 6B0Y Other Specified Anxiety or Fear-Related Disorders | 6B0Z, 6B0Z Anxiety or fear-related disorders, unspecified",,,,,,[diagnosis_diagnosed_ad]='yes',y,,,,,
diagnosis_ad_last_anxious_episode,d_mood_anxiety_disorder,"2. Anxiety History",text,"When was your last anxious episode (feeling anxious more days than not over
two weeks)?",,,date_ymd,,,,,,,,,,
diagnosis_ad_active_psy_med_problems,d_mood_anxiety_disorder,"Deprecated Fields",checkbox,"[DEPRECATED]
Please select any active psychiatric problems and medical problems (select all that apply).

MOVED IT TO ""Q - Mood - Participant History""","adhd, ADHD | anxiety, Anxiety | ocd, OCD | stroke, Stroke | epilepsy, Epilepsy | laryngeal_cancer, Laryngeal cancer | seasonal_allergies, Seasonal allergies | other, Other",,,,,,,,,,,," @HIDDEN"
diagnosis_ad_active_psy_med_prob_other,d_mood_anxiety_disorder,,text,"[DEPRECATED]
Please specify

MOVED IT TO ""Q - Mood - Participant History""",,,,,,,"[diagnosis_ad_active_psy_med_problems(other)]=""1""",,,,,," @HIDDEN"
diagnosis_ad_hist_psy_med_problems,d_mood_anxiety_disorder,,checkbox,"[DEPRECATED]
Please select any historical psychiatric problems and medical problems (select all that apply).

MOVED IT TO ""Q - Mood - Participant History""","adhd, ADHD | anxiety, Anxiety | ocd, OCD | stroke, Stroke | epilepsy, Epilepsy | laryngeal_cancer, Laryngeal cancer | seasonal_allergies, Seasonal allergies | other, Other",,,,,,,,,,,," @HIDDEN"
diagnosis_ad_hist_psy_med_prob_other,d_mood_anxiety_disorder,,text,"[DEPRECATED]
Please specify

MOVED IT TO ""Q - Mood - Participant History""",,,,,,,"[diagnosis_ad_hist_psy_med_problems(other)]=""1""",,,,,," @HIDDEN"
diagnosis_ad_prescribed_medication,d_mood_anxiety_disorder,,radio,"[DEPRECATED]
Have you ever been prescribed medication for mental or emotional problems (e.g., antidepressants, anxiolytics, antipsychotics, mood stabilizers, etc.)?

MOVED IT TO ""Q - Mood - Participant History""","yes, Yes | no, No",,,,,,,,,,,," @HIDDEN"
diagnosis_ad_current_medication,d_mood_anxiety_disorder,,notes,"[DEPRECATED]
Please list any current psychiatric medications (to the best of your recollection), including medication names, dosage,
and how many times per day.


MOVED IT TO ""Q - Mood - Participant History""",,,,,,,"[diagnosis_ad_prescribed_medication]=""yes""",,,,,," @HIDDEN"
diagnosis_ad_previous_medication,d_mood_anxiety_disorder,,notes,"[DEPRECATED]
Please list any previous psychiatric medications (to the best of your recollection), including medication names,
approximate dates you were taking them, and why they were discontinued.

MOVED IT TO ""Q - Mood - Participant History""",,,,,,,"[diagnosis_ad_prescribed_medication]=""yes""",,,,,," @HIDDEN"
diagnosis_ad_see_mental_health_professional,d_mood_anxiety_disorder,,radio,"[DEPRECATED]
Have you ever seen a mental health professional for talk therapy (could include social workers, psychiatrists, etc.)?

MOVED IT TO ""Q - Mood - Participant History""","yes, Yes | no, No",,,,,,,,,,,," @HIDDEN"
diagnosis_ad_describe_psychotherapy,d_mood_anxiety_disorder,,notes,"[DEPRECATED]
Please briefly describe your psychotherapy history (e.g.,
dates, reasons for seeking therapy, etc.).

MOVED IT TO ""Q - Mood - Participant History""",,,,,,,"[diagnosis_ad_see_mental_health_professional]=""yes""",,,,,," @HIDDEN"
diagnosis_as_gsd,d_resp_airway_stenosis,"1. Gold Standard Diagnosis",radio,"Does the participant have airway stenosis confirmed by a laryngoscopy, bronchoscopy or CT imaging?","yes, Yes | no, No | notCertain, Not certain",,,,,,,y,,,,,
diagnosis_as_gsd_yes,d_resp_airway_stenosis,,checkbox,"Confirmed by","bronchoscopy, Confirmed by bronchoscopy or laryngoscopy | ct, Confirmed by CT imaging",,,,,,"[diagnosis_as_gsd] = ""yes""",y,,,,,
diagnosis_as_pft,d_resp_airway_stenosis,,radio,"Has the participant had pulmonary function testing within the past 3 months?","yes, Yes | no, No | notCertain, Not certain",,,,,,,y,,,,,
diagnosis_as_pft_document,d_resp_airway_stenosis,,file,"Please upload the PFT document",,,,,,,"[diagnosis_as_pft] = ""yes""",,,,,,
diagnosis_as_ds,d_resp_airway_stenosis,"2. Disease Subtype",radio,"Disease Subtype","subglotticStenosis, Subglottic Stenosis | bilateralVocalFoldImmobilityGlotticStenosis, Bilateral Vocal fold immobility or Glottic Stenosis | supraglotticStenosis, Supraglottic Stenosis | trachealStenosis, Tracheal Stenosis | multilevelUpperAirwayStenosis, Multi-Level Upper Airway Stenosis",,,,,,,y,,,,,
diagnosis_as_ds_bvfi_gs,d_resp_airway_stenosis,,radio,"Bilateral Vocal fold immobility or Glottic Stenosis Subtype","posteriorGlotticStenosis, Posterior Glottic Stenosis | bilateralVocalFoldParalysis, Bilateral Vocal Fold Paralysis | anteriorGlotticWeb, Anterior glottic Web | tbd, Not certain or TBD | other, Other",,,,,,"[diagnosis_as_ds] = 'bilateralVocalFoldImmobilityGlotticStenosis'",y,,,,,
diagnosis_as_ds_bvfi_gs_other,d_resp_airway_stenosis,,text,"Other, Please specify",,,,,,,"[diagnosis_as_ds_bvfi_gs] = 'other'",,,,,,
diagnosis_as_etiology,d_resp_airway_stenosis,"3. Etiology",radio,"What is the etiology?","tbd, Not certain or TBD | iatrogenic, Iatrogenic (surgery or intubation) | idiopathic, Idiopathic | autoImmune, Auto-immune or granulomatous disease | radiation, Radiation | gerd, GERD | causticInjuryInhalationInjury, Caustic Injury or Inhalation Injury | infectious, Infectious (Diphtheria, TB, Bacterial Tracheitis, other) | other, Other",,,,,,,y,,,,,
diagnosis_as_etiology_other,d_resp_airway_stenosis,,text,"Other, Please specify",,,,,,,"[diagnosis_as_etiology] = 'other'",y,,,,,
diagnosis_as_etiology_auto_immune,d_resp_airway_stenosis,,radio,"Auto-immune or granulomatous disease Subcategory","gpa, Granulomatosis with polyangiitis (GPA) (Formerly known as Wegner's disease) | relapsingPolychondritis, Relapsing Polychondritis | other, Other",,,,,,"[diagnosis_as_etiology] = 'autoImmune'",y,,,,,
diagnosis_as_ds_mcg,d_resp_airway_stenosis,"4. Disease Severity",radio,"Degree of Stenosis (Myer-Cotton Grade)","gradeI, Grade I | gradeII, Grade II | gradeIII, Grade III | gradeIV, Grade IV",,,,,,"[diagnosis_as_ds] = 'subglotticStenosis' or [diagnosis_as_ds] = 'trachealStenosis'",y,,,,,
diagnosis_as_ds_mcg_ref,d_resp_airway_stenosis,,descriptive,"Degree of Stenosis (Myer-Cotton Grade) 
Picture for reference",,,,,,,"[diagnosis_as_ds] = 'subglotticStenosis' or [diagnosis_as_ds] = 'trachealStenosis'",,,,,,
diagnosis_as_ds_bc,d_resp_airway_stenosis,,radio,"Degree of Stenosis (Bogdasarian Classification)","class1, (a) Class 1 | class2, (b) Class 2 | class3, (c) Class 3 | class4, (d) Class 4",,,,,,"[diagnosis_as_ds_bvfi_gs] = 'posteriorGlotticStenosis'",y,,,,,
diagnosis_as_ds_bc_ref,d_resp_airway_stenosis,,descriptive,"Degree of Stenosis (Bogdasarian Classification)
Picture for reference",,,,,,,"[diagnosis_as_ds_bvfi_gs] = 'posteriorGlotticStenosis'",,,,,,
diagnosis_as_ds_agw,d_resp_airway_stenosis,,radio,"Anterior Glottic Web classification (Cohen)","grade1, Grade 1 (0-35% obstruction) | grade2, Grade 2 (35-50% obstruction) | grade3, Grade 3 (51-75% obstruction) | grade4, Grade 4 (76-100% obstruction)",,,,,,"[diagnosis_as_ds_bvfi_gs]=""anteriorGlotticWeb""",,,,,,
diagnosis_as_ds_cc_ref,d_resp_airway_stenosis,,descriptive,"Anterior Glottic Web classification (Cohen)
Picture for reference",,,,,,,"[diagnosis_as_ds_bvfi_gs]=""anteriorGlotticWeb""",,,,,,
diagnosis_as_ds_ac,d_resp_airway_stenosis,,radio,"Grade of Stenosis (Aziz Classification of Supraglottic Stenosis)","grade1, Grade 1 | grade2, Grade 2 | grade3, Grade 3 | grade4, Grade 4 | unsure, Unsure",,,,,,"[diagnosis_as_ds] = 'supraglotticStenosis'",y,,,,,
diagnosis_as_ds_ac_grade_4,d_resp_airway_stenosis,,radio,"Grade of Stenosis (Aziz Classification of Supraglottic Stenosis)","grade4t, Grade 4T | grade4g, Grade 4G | grade4tg, Grade 4TG",,,,,,"[diagnosis_as_ds_ac] = 'grade4'",y,,,,,
diagnosis_as_ds_ac_ref,d_resp_airway_stenosis,,descriptive,"Grade of Stenosis (Aziz Classification of Supraglottic Stenosis)
Picture for reference",,,,,,,"[diagnosis_as_ds] = 'supraglotticStenosis'",,,,,,
diagnosis_as_ds_eps,d_resp_airway_stenosis,,slider,"How would you subjectively estimate the percent of stenosis from 0 to 100?","0 |  | 100",,number,0,100,,,,RH,,,,
diagnosis_as_ds_ods,d_resp_airway_stenosis,,radio,"How would you subjectively classify the overall degree of stenosis?","mild, Mild | moderate, Moderate | severe, Severe",,,,,,,y,,,,,
diagnosis_as_as,d_resp_airway_stenosis,,radio,"Does this participant have audible stridor at rest or when talking?","no, No | yes, Yes | notCertain, Not certain",,,,,,,y,,,,,
diagnosis_as_as_s,d_resp_airway_stenosis,,radio,"Can you subjectively classify the severity of the stridor?","mild, Mild | moderate, Moderate | severe, Severe",,,,,,"[diagnosis_as_as] = 'yes'",y,,,,,
diagnosis_as_as_c,d_resp_airway_stenosis,,radio,"Is the stridor:","inspiratory, Inspiratory | expiratory, Expiratory | biphasic, Biphasic",,,,,,"[diagnosis_as_as] = 'yes'",y,,,,,
diagnosis_as_ds_mluas,d_resp_airway_stenosis,,notes,"Please describe levels and severity of stenosis involved",,,,,,,[diagnosis_as_ds]='multilevelUpperAirwayStenosis',,RH,,,,
diagnosis_as_treatment,d_resp_airway_stenosis,"5. Treatment obtained",checkbox,"What treatment has the participant undergone for their stenosis?","no_treatment, No treatment | surgery, Surgery | in_office_treatment, In-office treatment",,,,,,,y,,,,,
diagnosis_as_treatment_surgery,d_resp_airway_stenosis,,checkbox,"Surgery options","endoscopic_intervention, Endoscopic intervention with Laser and Balloon dilation and steroid injection | endoscopic_excision, Endoscopic laser wedge excision with balloon dilation and steroid injection | laryngotracheal_reconstruction, Open Laryngotracheal reconstruction | laryngotracheoplasty, Laryngotracheoplasty (Maddern procedure) | tracheostomy, Tracheostomy | other, Other",,,,,,"[diagnosis_as_treatment(surgery)] = ""1""",y,,,,,
diagnosis_as_treatment_surgery_other,d_resp_airway_stenosis,,text,"Other Surgery option, Please Specify",,,,,,,"[diagnosis_as_treatment_surgery(other)]=""1""",,,,,,
diagnosis_as_treatment_in_office,d_resp_airway_stenosis,,checkbox,"In-office/awake treatment options","steroid_injections_sole, Awake Steroid injection(s) as sole treatment | steroid_injections_adjunct, Awake Steroid injection(s) as adjunct treatment | dilation, In-office or awake dilation | laser, In-office or awake laser",,,,,,"[diagnosis_as_treatment(in_office_treatment)] = ""1""",y,,,,,
diagnosis_ca_copd_asthma,d_resp_copd_and_asthma,,radio,"Does the participant have COPD, asthma, or both?","copd, COPD only | asthma, Asthma only | bothCopdAsthma, Both COPD and asthma | neitherCopdAsthma, Neither COPD nor asthma | notCertain, Not Certain",,,,,,,,,,,,
diagnosis_ca_spirometry_test,d_resp_copd_and_asthma,,radio,"Has the participant had a spirometry test? ","yes, Yes | no, No",,,,,,,,,,,,
diagnosis_ca_spirometry_ce,d_resp_copd_and_asthma,"1. Spirometry and diagnosis",radio,"Does the participant have clinical evidence of obstruction as diagnosed by spirometry?
","yes, Yes | no, No",,,,,,[diagnosis_ca_spirometry_test]='yes',,,,,,
diagnosis_ca_spirometry_verification,d_resp_copd_and_asthma,,radio,"Please select one of the two options below for verification of the spirometry test. 

If both are available, please select ATS/ERS","atsErs, ATS/ERS criteria reported: FEV1/FVC < 5th percentile OR z score ≤ -1.65 | goldCriteria, GOLD criteria reported: FEV1/FVC < 0.7 (postbronchodilator, or prebronchodilator if postbronchodilator not available)",,,,,,[diagnosis_ca_spirometry_ce]='yes',,,,,,
diagnosis_ca_fev1,d_resp_copd_and_asthma,,slider,"What is the FEV1 (percent predicted) (if known)?","0 |  | 150",,number,0,150,,"[diagnosis_ca_spirometry_verification]='atsErs' or [diagnosis_ca_spirometry_verification]='goldCriteria'",,LH,,,,
diagnosis_ca_ats_ers_criteria_fev1,d_resp_copd_and_asthma,,radio,"FEV1/FVC < 5th percentile OR z score ≤ -1.65 ?","yes, Yes | no, No",,,,,,[diagnosis_ca_spirometry_verification]='atsErs',,,,,,
diagnosis_ca_ats_ers_criteria_fvc,d_resp_copd_and_asthma,,radio,"FVC < 0.7 OR z score ≤ -1.65 ?","yes, Yes | no, No",,,,,,[diagnosis_ca_spirometry_verification]='atsErs',,,,,,
diagnosis_ca_pft_lung,d_resp_copd_and_asthma,,radio,"Is there a full PFT including lung volumes?","yes, Yes | no, No",,,,,,[diagnosis_ca_spirometry_test]='yes',,,,,,
diagnosis_ca_restrictive,d_resp_copd_and_asthma,,radio,"Is there evidence of restrictive ventilatory defect (TLC < 5th percentile or z score ≤ -1.65)?","yes, Yes | no, No",,,,,,"[diagnosis_ca_spirometry_ce]='yes' and [diagnosis_ca_pft_lung]='yes'",,,,,,
diagnosis_ca_responsiveness_criteria,d_resp_copd_and_asthma,,radio,"Did the participant meet the criteria for responsiveness on bronchodilator testing?

(Increase in FEV1 or FVC by 200ml and 12 % from baseline with bronchodilators)?
","yes, Yes | no, No | notCertain, Not Certain",,,,,,"[diagnosis_ca_spirometry_verification]='goldCriteria' or [diagnosis_ca_ats_ers_criteria_fev1]='no'",,,,,,
diagnosis_ca_asthma,d_resp_copd_and_asthma,,radio,"Does the participant have a history of confirmed expiratory airflow variability?

(Increase in FEV1 or FVC by ≥200ml and ≥12 % from baseline with bronchodilators or ICS after 4 weeks therapy; or positive bronchial challenge testing)?","yes, Yes | no, No | notCertain, Not Certain",,,,,,"([diagnosis_ca_copd_asthma]='asthma' or [diagnosis_ca_copd_asthma]='bothCopdAsthma' or ([diagnosis_ca_copd_asthma]='neitherCopdAsthma') and [diagnosis_ca_spirometry_ce]='yes')",,,,,,
diagnosis_ca_copd,d_resp_copd_and_asthma,"2. Disease Subtype",radio,"Does the participant have disease subtype for COPD?","yes, Yes | no, No | notCertain, Not Certain",,,,,,"[diagnosis_ca_copd_asthma]='copd' or [diagnosis_ca_copd_asthma]='bothCopdAsthma' or [diagnosis_ca_spirometry_ce]='yes'",,,,,,
diagnosis_ca_copd_subtype,d_resp_copd_and_asthma,,checkbox,"Please select all that apply:","chronic_bronchitis, Chronic bronchitis | emphysema, Emphysema | eosinophilic, Eosinophilic (Type2high COPD) | aatd, Alpha-1 AntitrypsinDeficiency (AATD)",,,,,,[diagnosis_ca_copd]='yes',,,,,,
diagnosis_ca_mmrc_grade_score,d_resp_copd_and_asthma,,text,"What is the mMRC grade score?",,,integer,0,4,,"[diagnosis_ca_copd_asthma]='copd' or [diagnosis_ca_copd_asthma]='bothCopdAsthma' or [diagnosis_ca_spirometry_ce]='yes'",,,,,,
diagnosis_ca_cat_score,d_resp_copd_and_asthma,,text,"What is the CAT score?",,,integer,0,40,,"[diagnosis_ca_copd_asthma]='copd' or [diagnosis_ca_copd_asthma]='bothCopdAsthma' or [diagnosis_ca_spirometry_ce]='yes'",,,,,,
diagnosis_ca_gold_group,d_resp_copd_and_asthma,,radio,"What is the GOLD Group? (A/B/E)","a, A | b, B | e, E",,,,,,"[diagnosis_ca_copd_asthma]='copd' or [diagnosis_ca_copd_asthma]='bothCopdAsthma' or [diagnosis_ca_spirometry_ce]='yes'",,,,,,
diagnosis_ca_asthma_probability,d_resp_copd_and_asthma,,radio,"Is the clinical probability of asthma high (e.g. allergic or eosinophilic phenotype, variable respiratory symptoms including wheezing, cough, chest tightness, dyspnea, etc)?","yes, Yes | no, No",,,,,,"[diagnosis_ca_copd_asthma]='asthma' or [diagnosis_ca_copd_asthma]='bothCopdAsthma'",,,,,,
diagnosis_ca_asthma_has_subtype,d_resp_copd_and_asthma,,radio,"Does the participant have disease subtype for asthma?","yes, Yes | no, No | notCertain, Not Certain",,,,,,"[diagnosis_ca_copd_asthma]='asthma' or [diagnosis_ca_copd_asthma]='bothCopdAsthma'",,,,,,
diagnosis_ca_asthma_subtype,d_resp_copd_and_asthma,,checkbox,"Please select all that apply:","allergic, Allergic | eosinophilic, Eosinophilic | type_2_low, Type 2 low | obese, Obese | other, Other",,,,,,[diagnosis_ca_asthma_has_subtype]='yes',,,,,,
diagnosis_ca_asthma_subtype_other,d_resp_copd_and_asthma,,text,"Please specify:",,,,,,,"[diagnosis_ca_asthma_subtype(other)]=""1""",,,,,,
diagnosis_ca_feno_within_12_months,d_resp_copd_and_asthma,,radio,"Is the FeNO value available within last 12 months?","yes, Yes | no, No",,,,,,"[diagnosis_ca_copd_asthma]='asthma' or [diagnosis_ca_copd_asthma]='bothCopdAsthma'",,,,,,
diagnosis_ca_feno_value,d_resp_copd_and_asthma,,text,"Provide value (ppb)",,ppb,number,0,,,[diagnosis_ca_feno_within_12_months]='yes',,RH,,,,
part_asthmaeosinop_hil,d_resp_copd_and_asthma,,text,"[DEPRECATED]
Absolute eosinophil count in last 12 months (highest value - cells per microliter (µL)?",,"cells per microliter (µL)",number,0,,,"[diagnosis_ca_copd_asthma]='copd' or [diagnosis_ca_copd_asthma]='asthma' or [diagnosis_ca_copd_asthma]='bothCopdAsthma'",,RH,,,," @HIDDEN"
diagnosis_ca_absolute_eosinophil_count,d_resp_copd_and_asthma,,text,"Absolute eosinophil count in last 12 months (highest value - cells per microliter (µL)?",,"cells per microliter (µL)",number,0,,,"[diagnosis_ca_copd_asthma]='copd' or [diagnosis_ca_copd_asthma]='asthma' or [diagnosis_ca_copd_asthma]='bothCopdAsthma'",,RH,,,,
diagnosis_ca_act_score,d_resp_copd_and_asthma,,radio,"What is the ACT score on the most recent visit?","controlled, Controlled (>20) | notControlled, Not controlled (15-19) | poorlyControlled, Poorly controlled (< 15) | notCertain, Not Certain",,,,,,"[diagnosis_ca_copd_asthma]='asthma' or [diagnosis_ca_copd_asthma]='bothCopdAsthma'",,,,,,
diagnosis_ca_pft_within_6_months,d_resp_copd_and_asthma,,radio,"Has the participant had PFT within the past 6 months?","yes, Yes | no, No",,,,,,,,,,,,
diagnosis_ca_pft_file,d_resp_copd_and_asthma,,file,"Please upload results",,,,,,y,[diagnosis_ca_pft_within_6_months]='yes',,RH,,,,
diagnosis_ca_moderate_exacerbations_count,d_resp_copd_and_asthma,,text,"How many moderate (requiring OCS course) exacerbations in prior 12 months?",,,integer,,,,"[diagnosis_ca_copd_asthma]='copd' or [diagnosis_ca_copd_asthma]='asthma' or [diagnosis_ca_copd_asthma]='bothCopdAsthma' or [diagnosis_ca_spirometry_ce]='yes'",,,,,,
diagnosis_ca_severe_exacerbations_count,d_resp_copd_and_asthma,,text,"How many severe (requiring hospitalization) exacerbations in prior 12 months ?",,,integer,,,,"[diagnosis_ca_copd_asthma]='copd' or [diagnosis_ca_copd_asthma]='asthma' or [diagnosis_ca_copd_asthma]='bothCopdAsthma' or [diagnosis_ca_spirometry_ce]='yes'",,,,,,
diagnosis_ca_pulmonary_symptoms,d_resp_copd_and_asthma,"3. Current symptoms and participant history",checkbox,"Does the participant have any of the following pulmonary symptoms? (Check all that apply)","dyspnea, Dyspnea | chronic_cough, Chronic Cough | sputum_production, Sputum production | wheezing, Wheezing",,,,,,,,,,,,
part_copd,d_resp_copd_and_asthma,,checkbox,"Check all that are present:","chest_ct, Chest CT - with emphysema changes, air trapping, or bronchiectasis | cxr, CXR: with hyperlucency or hyperinflation or flattened diaphragms | chrf, Chronic hypercapnic respiratory failure | hypoxia, Pulse oximetry with hypoxia/oxygen dependent | ild, Interstitial Lung Disease | pulmonary_hypertension, Pulmonary Hypertension | resp_failure_intubation, Respiratory failure requiring intubation within the last 12 months | resp_failure_nippv, Respiratory failure requiring NIPPV within the last 12 months | pneumonia, Pneumonia within the last 12 months | pneumothorax, Pneumothorax within the last 12 months | pleural_effusion, Pleural effusion within the last 12 months | prior_history, Prior history of thoracic or pleural space surgery (example: lobectomy, pleurodesis, etc)",,,,,,,,,,,,
diagnosis_ca_current_smoker,d_resp_copd_and_asthma,,radio,"Is participant a current smoker?","yes, Yes | no, No | notCertain, Not Certain",,,,,,,,,,,,
diagnosis_ca_10_pack_year_tobacco_cigarette,d_resp_copd_and_asthma,,radio,"Does the participant have at least a 10 pack year tobacco cigarette history?","yes, Yes | no, No | notCertain, Not Certain",,,,,,,,,,,,
diagnosis_ca_significant_inhalation_exposure_history,d_resp_copd_and_asthma,,radio,"Does the participant have any other significant inhalation exposure history?","yes, Yes | no, No | notCertain, Not Certain",,,,,,,,,,,,
diagnosis_ca_significant_inhalation_exposure_history_explanation,d_resp_copd_and_asthma,,checkbox,"Please select all that apply (optional):","secondhand_smoke, Secondhand smoke | biomass_fuels, Biomass fuels | other, Other",,,,,,"[diagnosis_ca_significant_inhalation_exposure_history]=""yes""",,,,,,
diagnosis_ca_significant_inhalation_exposure_history_explanation_other,d_resp_copd_and_asthma,,text,"Please specify:",,,,,,,"[diagnosis_ca_significant_inhalation_exposure_history_explanation(other)]=""1""",,,,,,
diagnosis_ca_environmental_allergy_history,d_resp_copd_and_asthma,,radio,"Does the participant have a strong environmental allergy history?","yes, Yes | no, No | notCertain, Not Certain",,,,,,,,,,,,
diagnosis_ca_pharmacologic_treatment,d_resp_copd_and_asthma,"4. Treatment obtained",checkbox,"What pharmacologic treatment is the participant currently receiving? (Select all that apply)","laba, LABA | lama, LAMA | saba, SABA | sama, SAMA | ics, ICS | pde4, PDE 4 inhibitor | methylxanthines, Methylxanthines | biologics, Biologics | systemic_steroids, Systemic steroids | antibiotics, Antibiotics | mucolytics, Mucolytics | pde3, PDE 3 and Inhibitor | leukotriene_inhibitors, Leukotriene Inhibitors | others, Others",,,,,,,,,,,,
diagnosis_ca_ics_dosage,d_resp_copd_and_asthma,,radio,"Is the participant on low, medium or high dose ICS?","low, Low dose | medium, Medium dose | high, High dose | notCertain, Not Certain",,,,,,[diagnosis_ca_pharmacologic_treatment(ics)]='1',,,,,,
diagnosis_ucc_persisted,d_resp_unexplained_chronic_cough,"1. Initial screening criteria",radio,"Does the participant have Unxeplained Chronic Cough for  longer than eight weeks?","yes, Yes | no, No | notCertain, Not certain",,,,,,,y,,,,,
diagnosis_ucc_hsoe,d_resp_unexplained_chronic_cough,,radio,"Does the participant have a history of smoking or occupational exposures?","yes, Yes | no, No | notCertain, Not certain",,,,,,,y,,,,,
diagnosis_ucc_hspd,d_resp_unexplained_chronic_cough,,checkbox,"Does the participant have a history of pulmonary disease? (Select all that apply)","lung_cancer, Lung cancer | copd, COPD | asthma, Asthma | tb_infection, TB infection | bronchiectasis, Bronchiectasis | pulmonary_granuloma, Pulmonary granuloma | idiopathic_pulmonary_fibrosis, Idiopathic pulmonary fibrosis | other, Other",,,,,,,,,,,,
diagnosis_ucc_cuae,d_resp_unexplained_chronic_cough,,radio,"Has the chronic cough remained unexplained after evaluation and therapeutic intervention?","yes, Yes | no, No | notCertain, Not certain",,,,,,,y,,,,,
diagnosis_ucc_hcxob,d_resp_unexplained_chronic_cough,,radio,"Has the participant had a chest x-ray, CT chest or bronchoscopy?","yes, Yes | no, No | notCertain, Not certain",,,,,,,y,,,,,
diagnosis_ucc_cxcob,d_resp_unexplained_chronic_cough,,checkbox,"Select all that apply","chest_xray, Chest X-ray | ct_chest, CT Chest | bronchoscopy, Bronchoscopy",,,,,,"[diagnosis_ucc_hcxob] = ""yes""",y,,,,,
diagnosis_ucc_huse,d_resp_unexplained_chronic_cough,,radio,"Has the participant undergone spirometry evaluation (pulmonary function tests)?","yes, Yes | no, No | notCertain, Not certain",,,,,,,y,,,,,
diagnosis_ucc_oai,d_resp_unexplained_chronic_cough,,radio,"Is the participant on ACE-inhibitors (example: lisinopril; captopril)?","yes, Yes | no, No | notCertain, Not certain",,,,,,,y,,,,,
diagnosis_ucc_pdapc,d_resp_unexplained_chronic_cough,,radio,"Has postnasal drainage been addressed as a potential cause of the cough (through nasal sprays and antihistamines)?","yes, Yes | no, No | notCertain, Not certain",,,,,,,y,,,,,
diagnosis_ucc_gediapc,d_resp_unexplained_chronic_cough,,radio,"Has gastro-esophageal disease been investigated as a possible cause of the cough?","yes, Yes | no, No | notCertain, Not certain",,,,,,,y,,,,,
diagnosis_ucc_atot,d_resp_unexplained_chronic_cough,,checkbox,"How was it investigated? (Select all that apply)","trial_of_proton_pump_inhibitor, Trial of proton pump inhibitor | phimpedance_probe_or_bravo_probe, pH-impedance probe or Bravo probe | egd_or_tne, EGD/TNE | other, Other (H2-blocker, lifestyle change, alginates)",,,,,,"[diagnosis_ucc_gediapc] = ""yes""",y,,,,,
diagnosis_ucc_huatot,d_resp_unexplained_chronic_cough,,radio,"Has the participant undergone allergy testing or allergy therapy?","yes, Yes | no, No | notCertain, Not certain",,,,,,,y,,,,,
diagnosis_ucc_hurada,d_resp_unexplained_chronic_cough,,radio,"Has the participant undergone assessment that includes bronchial hyperresponsiveness and eosinophilic bronchitis (sputum eosinophilia or exhaled nitric oxide), or a therapeutic corticosteroid trial?","yes, Yes | no, No | notCertain, Not certain",,,,,,,y,,,,,
diagnosis_ucc_rada,d_resp_unexplained_chronic_cough,,radio,Result,"positive, Positive for reactive airway disease | negative, Negative for reactive airway disease",,,,,,"[diagnosis_ucc_hurada] = ""yes""",y,,,,,
diagnosis_ucc_at,d_resp_unexplained_chronic_cough,"2. Treatment obtained",radio,"Has the participant undergone any treatment for this condition?","yes, Yes | no, No | notCertain, Not Certain",,,,,,,y,,,,,
diagnosis_ucc_at_s,d_resp_unexplained_chronic_cough,,checkbox,"Select all that apply","multimodality_speech_pathology_therapy, Therapeutic trial of multimodality speech pathology therapy | neuromodulator, Therapeutic trial of gabapentin/amitriptyline or other neuromodulator | superior_laryngeal_nerve_block, Unilateral or bilateral superior laryngeal nerve block | other, Other",,,,,,"[diagnosis_ucc_at] = ""yes""",y,,,,,
diagnosis_ucc_at_s_other,d_resp_unexplained_chronic_cough,,text,"Please Specify",,,,,,,"[diagnosis_ucc_at_s(other)]=""1""",,,,,,
diagnosis_alz_dementia_mci_gsd,d_neuro_alzheimers_disease_mild_cognitive_impairme,"1. Gold Standard Diagnosis",radio,"Does the participant have Major Neurocognitive Disorder - Alzheimer's Type, Mild Cognitive Impairment or other types of dementia?","yes, Yes | no, No | notCertain, Not certain",,,,,,,y,,,,,
diagnosis_alz_dementia_mci_gsd_confirmation_method,d_neuro_alzheimers_disease_mild_cognitive_impairme,,checkbox,"How was this diagnosis confirmed? (Check all that apply)","clinical_history, Clinical History | functional_inventory, Functional Inventory | cognitive_testing, Cognitive Testing | blood_biomarkers, Blood Biomarkers | other, Other",,,,,,[diagnosis_alz_dementia_mci_gsd]='yes',y,,,,,
diagnosis_alz_dementia_mci_gsd_confirmation_method_other,d_neuro_alzheimers_disease_mild_cognitive_impairme,,text,"Please specify:",,,,,,,[diagnosis_alz_dementia_mci_gsd_confirmation_method(other)]='1',y,,,,,
diagnosis_alz_dementia_mci_gsd_clinical_history,d_neuro_alzheimers_disease_mild_cognitive_impairme,"Does the participant have Major Neurocognitive Disorder - Alzheimer's Type, Mild Cognitive Impairment or other types of dementia confirmed by going through
(must fill at least one):",text,"Clinical history:",,,,,,,,,,,,,
diagnosis_alz_dementia_mci_gsd_functional_inventory,d_neuro_alzheimers_disease_mild_cognitive_impairme,,text,"Functional Inventory:",,,,,,,,,,,,,
diagnosis_alz_dementia_mci_gsd_cognitive_testing,d_neuro_alzheimers_disease_mild_cognitive_impairme,,text,"Cognitive Testing:",,,,,,,,,,,,,
diagnosis_alz_dementia_mci_gsd_other_investigations,d_neuro_alzheimers_disease_mild_cognitive_impairme,,text,"Other investigations:",,,,,,,,,,,,,
diagnosis_alz_dementia_mci_causes,d_neuro_alzheimers_disease_mild_cognitive_impairme,,radio,"Have you excluded other causes of cognitive/functional changes (and/or other subtypes)?","yes, Yes | no, No | notCertain, Not certain",,,,,,,y,,,,,
diagnosis_alz_dementia_mci_dt,d_neuro_alzheimers_disease_mild_cognitive_impairme,"2. Disease Type",radio,"Specify the disease type in the participant:","mci, Mild Cognitive Impairment (MCI) | ad, Typical Alzheimer's Disease (AD) | ftd, Frontotemporal Dementia (FTD) | lbd, Lewy Body Dementia (LBD) | vad, Vascular Dementia (VaD) | mixed, Mixed Dementia (e.g., AD and VaD) | other, Other",,,,,,,y,,,,,
diagnosis_alz_dementia_mci_dt_other,d_neuro_alzheimers_disease_mild_cognitive_impairme,,text,"If you selected ""other"", please specify:",,,,,,,"[diagnosis_alz_dementia_mci_dt] = 'other'",y,,,,,
diagnosis_alz_dementia_mci_etiology,d_neuro_alzheimers_disease_mild_cognitive_impairme,"3. Etiology",checkbox,"What is the suspected or known etiology in the participant?","genetic_factors, Genetic factors | age_related_changes, Age-related changes | other_medical_conditions, Other medical conditions (e.g., vascular factors, traumatic brain injury) | substance_related, Substance-related (e.g., alcohol-induced cognitive impairment) | other, Other",,,,,,,y,,,,,
diagnosis_alz_dementia_mci_etiology_gf,d_neuro_alzheimers_disease_mild_cognitive_impairme,,checkbox,"Genetic Factors Subcategory","familial_alzheimers_disease, Familial Alzheimer's disease (e.g., mutations in APP, PSEN1, PSEN2 genes) | apolipoprotein_e, Apolipoprotein E (APOE) ε4 allele | other_genetic_factors, Other genetic factors",,,,,,"[diagnosis_alz_dementia_mci_etiology(genetic_factors)] = 1",y,,,,,
diagnosis_alz_dementia_mci_etiology_gf_other,d_neuro_alzheimers_disease_mild_cognitive_impairme,,text,"If you selected ""Other genetic factors"", please specify:",,,,,,,"[diagnosis_alz_dementia_mci_etiology_gf(other_genetic_factors)] = 1",y,,,,,
diagnosis_alz_dementia_mci_etiology_other_medical_conditions,d_neuro_alzheimers_disease_mild_cognitive_impairme,,text,"If you selected ""other medical conditions"", please specify:",,,,,,,"[diagnosis_alz_dementia_mci_etiology(other_medical_conditions)] = 1",y,,,,,
diagnosis_alz_dementia_mci_etiology_other,d_neuro_alzheimers_disease_mild_cognitive_impairme,,text,"If you selected ""other"", please specify:",,,,,,,"[diagnosis_alz_dementia_mci_etiology(other)] = 1",y,,,,,
diagnosis_alz_dementia_mci_ds,d_neuro_alzheimers_disease_mild_cognitive_impairme,"4. Disease Severity",checkbox,"What is the current stage/severity of cognitive impairment or dementia in the participant?","mci, Mild cognitive impairment (MCI) | cdr, Clinical dementia rating (CDR) staging",,,,,,,y,,,,,
diagnosis_alz_dementia_mci_ds_cdr,d_neuro_alzheimers_disease_mild_cognitive_impairme,,radio,"Clinical dementia rating (CDR) staging subcategory:","cdr0_5, CDR 0.5 (Very mild impairment) | cdr1, CDR 1 (Mild impairment) | cdr2, CDR 2 (Moderate impairment) | cdr3, CDR 3 (Severe impairment)",,,,,,"[diagnosis_alz_dementia_mci_ds(cdr)] = 1",y,,,,,
diagnosis_alz_dementia_mci_ca_rudas_score,d_neuro_alzheimers_disease_mild_cognitive_impairme,"5. Cognitive Assessment
(must fill at least one)",text,"Rowland Universal Dementia Assessment Scale (RUDAS) score:",,,,,,,,,,,,,
diagnosis_alz_dementia_mci_ca_mmse_score,d_neuro_alzheimers_disease_mild_cognitive_impairme,,text,"Mini-Mental State Examination (MMSE) score:",,,,,,,,,,,,,
diagnosis_alz_dementia_mci_ca_moca_score,d_neuro_alzheimers_disease_mild_cognitive_impairme,,text,"Montreal Cognitive Assessment (MoCA) score:",,,,,,,,,,,,,
diagnosis_alz_dementia_mci_ca_adas_cog_score,d_neuro_alzheimers_disease_mild_cognitive_impairme,,text,"Alzheimer's Disease Assessment Scale-Cognitive Subscale (ADAS-Cog) score:",,,,,,,,,,,,,
diagnosis_alz_dementia_mci_ca_other,d_neuro_alzheimers_disease_mild_cognitive_impairme,,text,"Other cognitive assessment tool (Please Specify):",,,,,,,,,,,,,
diagnosis_alz_dementia_mci_ca_other_score,d_neuro_alzheimers_disease_mild_cognitive_impairme,,text,"Other cognitive assessment tool score:",,,,,,,,,,,,,
diagnosis_alz_dementia_mci_treatment_obtained,d_neuro_alzheimers_disease_mild_cognitive_impairme,"6. Treatment Obtained",radio,"Has the participant undergone any treatment for Alzheimer's disease or cognitive impairment or other types of dementia?","yes, Yes | no, No",,,,,,,y,,,,,
diagnosis_alz_dementia_mci_treatment_obtained_yes,d_neuro_alzheimers_disease_mild_cognitive_impairme,,checkbox,Yes,"medications, Medications | npi, Non-pharmacological interventions",,,,,,"[diagnosis_alz_dementia_mci_treatment_obtained] = 'yes'",y,,,,,
diagnosis_alz_dementia_mci_treatment_obtained_yes_medications,d_neuro_alzheimers_disease_mild_cognitive_impairme,,checkbox,Medications:,"cholinesterase_inhibitors, Cholinesterase inhibitors (e.g., Donepezil, Rivastigmine, Galantamine) | nmda_receptor_antagonist, NMDA receptor antagonist (e.g., Memantine) | other, Other",,,,,,"[diagnosis_alz_dementia_mci_treatment_obtained] = 'yes' and [diagnosis_alz_dementia_mci_treatment_obtained_yes(medications)] = 1",y,,,,,
diagnosis_alz_dementia_mci_treatment_obtained_yes_medications_other,d_neuro_alzheimers_disease_mild_cognitive_impairme,,text,"If you selected ""Other"", please specify:",,,,,,,"[diagnosis_alz_dementia_mci_treatment_obtained] = 'yes' and [diagnosis_alz_dementia_mci_treatment_obtained_yes(medications)] = 1 and [diagnosis_alz_dementia_mci_treatment_obtained_yes_medications(other)] = 1",y,,,,,
diagnosis_alz_dementia_mci_treatment_obtained_yes_npi,d_neuro_alzheimers_disease_mild_cognitive_impairme,,checkbox,"Non-pharmacological interventions:","day_program, Day program | cognitive_simulation_therapy, Cognitive stimulation therapy | reality_orientation_therapy, Reality orientation therapy | reminiscence_therapy, Reminiscence therapy | physical_exercise_program, Physical exercise program | dietary_modifications, Dietary modifications | other, Other",,,,,,"[diagnosis_alz_dementia_mci_treatment_obtained] = 'yes' and [diagnosis_alz_dementia_mci_treatment_obtained_yes(npi)] = 1",y,,,,,
diagnosis_alz_dementia_mci_treatment_obtained_yes_npi_other,d_neuro_alzheimers_disease_mild_cognitive_impairme,,text,"If you selected ""Other"", please specify:",,,,,,,"[diagnosis_alz_dementia_mci_treatment_obtained] = 'yes' and [diagnosis_alz_dementia_mci_treatment_obtained_yes(npi)] = 1 and [diagnosis_alz_dementia_mci_treatment_obtained_yes_npi(other)] = 1",y,,,,,
diagnosis_als_gsd,d_neuro_amyotrophic_lateral_sclerosis_als,"1. Gold Standard Diagnosis",radio,"Does the participant have Amyotrophic Lateral Sclerosis (ALS)?","yes, Yes | no, No | notCertain, Not certain",,,,,,,y,,,,,
diagnosis_als_gsd_confirmation_method,d_neuro_amyotrophic_lateral_sclerosis_als,,checkbox,"How was this diagnosis confirmed? (Check all that apply) ","progressive_motor_impairment, Progressive motor impairment documented by history or repeated clinical assessment, preceded by normal motor function | presence_of_umn_lmn_signs, Presence of UMN and LMN signs in at least 1 body region (with UMN and LMN dysfunction noted in the same body region if only one body region is involved) or LMN dysfunction in at least 2 body regions | investigations_excluding_disease_processes, Investigations excluding other disease processes",,,,,,[diagnosis_als_gsd]='yes',y,,,,,
diagnosis_als_gsd_category_1,d_neuro_amyotrophic_lateral_sclerosis_als,"Does the participant meet the diagnostic criteria for Amyotrophic Lateral Sclerosis (ALS) based on:",radio,"(1) Progressive motor impairment documented by history or repeated clinical assessment, preceded by normal motor function;","yes, Yes | no, No | notCertain, Not certain",,,,,,,y,,,,,
diagnosis_als_gsd_category_2,d_neuro_amyotrophic_lateral_sclerosis_als,,radio,"(2) presence of UMN and LMN signs in at least 1 body region (with UMN and LMN dysfunction noted in the same body region if only one body region is involved) or LMN dysfunction in at least 2 body regions;  ","yes, Yes | no, No | notCertain, Not certain",,,,,,,y,,,,,
diagnosis_als_gsd_category_3,d_neuro_amyotrophic_lateral_sclerosis_als,,radio,"(3) investigations excluding other disease processes.","yes, Yes | no, No | notCertain, Not certain",,,,,,,y,,,,,
diagnosis_als_gsd_calculation,d_neuro_amyotrophic_lateral_sclerosis_als,,text,"Does the participant meet the diagnostic criteria for Amyotrophic Lateral Sclerosis (ALS) based on the criteria above?",,,,,,,,,,,,," @CALCTEXT(if([diagnosis_als_gsd_category_1] = 'yes' && [diagnosis_als_gsd_category_2] = 'yes' && [diagnosis_als_gsd_category_3] = 'yes' , 'Yes', 'No'))"
diagnosis_als_disease_subtype,d_neuro_amyotrophic_lateral_sclerosis_als,"2. Type of ALS",radio,"Specify the type of ALS in the participant:","sporadicAls, Sporadic ALS | familialAls, Familial ALS | spinalAls, Spinal/limb-onset ALS | bulbarAls, Bulbar-onset ALS",,,,,,,y,,,,,
diagnosis_als_disease_subtype_familial,d_neuro_amyotrophic_lateral_sclerosis_als,,text,"If you selected ""Familial ALS"", please specify the genetic mutation if known:",,,,,,,"[diagnosis_als_disease_subtype] = 'familialAls'",,,,,,
diagnosis_als_etiology,d_neuro_amyotrophic_lateral_sclerosis_als,"3. Etiology",checkbox,"What is the suspected or known etiology of ALS in the participant?","genetic_factors, Genetic factors | environmental_factors, Environmental factors",,,,,,,y,,,,,
diagnosis_als_etiology_genetic_factors,d_neuro_amyotrophic_lateral_sclerosis_als,,checkbox,"Genetic Factors","c9orf72, C9orf72 mutation | sod1, SOD1 mutation | other, Other genetic factors",,,,,,"[diagnosis_als_etiology(genetic_factors)] = 1",y,,,,,
diagnosis_als_etiology_genetic_factors_other,d_neuro_amyotrophic_lateral_sclerosis_als,,text,"If you selected ""Other genetic factors"", please specify:",,,,,,,"[diagnosis_als_etiology_genetic_factors(other)] = 1",y,,,,,
diagnosis_als_etiology_environmental_factors,d_neuro_amyotrophic_lateral_sclerosis_als,,text,"If you selected ""Environmental factors"", please specify:",,,,,,,"[diagnosis_als_etiology(environmental_factors)] = 1",y,,,,,
diagnosis_als_cp,d_neuro_amyotrophic_lateral_sclerosis_als,"4. Clinical Presentation",checkbox,"Describe the clinical features and symptoms of ALS in the participant:","upper_motor_neuron, Upper Motor Neuron Signs (e.g., spasticity, hyperreflexia) | lower_motor_neuron, Lower Motor Neuron Signs (e.g., muscle weakness, atrophy, fasciculations) | bulbar_symptoms, Bulbar Symptoms (e.g., dysarthria, dysphagia) | respiratory_involvement, Respiratory Involvement",,,,,,,y,,,,,
diagnosis_als_dp,d_neuro_amyotrophic_lateral_sclerosis_als,"5. Disease Progression",radio,"Please provide information on the current stage and progression of ALS:","earlyStage, Early Stage | intermediateStage, Intermediate Stage | advancedStage, Advanced Stage",,,,,,,y,,,,,
diagnosis_als_na_alsfrs_r_score,d_neuro_amyotrophic_lateral_sclerosis_als,"6. Neurological Assessment
Please provide results from relevant neurological assessments:",text,"Revised ALS Functional Rating Scale (ALSFRS-R) score:",,,,,,,,,,,,,
diagnosis_als_na_fvc_percentage,d_neuro_amyotrophic_lateral_sclerosis_als,,text,"Forced Vital Capacity (FVC) percentage (if measured):",,,,,,,,,,,,,
diagnosis_als_na_other,d_neuro_amyotrophic_lateral_sclerosis_als,,text,"Other neurological assessment (please specify):",,,,,,,,,,,,,
diagnosis_als_idt_emg_ncs,d_neuro_amyotrophic_lateral_sclerosis_als,"7. Imaging and Diagnostic Tests",text,"Electromyography (EMG) and Nerve Conduction Studies (NCS):",,,,,,,,,,,,,
diagnosis_als_idt_mri,d_neuro_amyotrophic_lateral_sclerosis_als,,file,"Magnetic Resonance Imaging (MRI) of the brain and spinal cord:",,,,,,,,,,,,,
diagnosis_als_idt_lumbar_puncture,d_neuro_amyotrophic_lateral_sclerosis_als,,text,"Lumbar Puncture (if performed, specify findings):",,,,,,,,,,,,,
diagnosis_als_idt_genetic_testing,d_neuro_amyotrophic_lateral_sclerosis_als,,text,"Genetic testing (if applicable, specify results):",,,,,,,,,,,,,
diagnosis_als_idt_other,d_neuro_amyotrophic_lateral_sclerosis_als,,text,"Other diagnostic tests (please specify):",,,,,,,,,,,,,
diagnosis_als_treatment_and_management,d_neuro_amyotrophic_lateral_sclerosis_als,"8. Treatment and Management",radio,"Has the participant undergone any treatment or interventions for ALS?","yes, Yes | no, No",,,,,,,y,,,,,
diagnosis_als_treatment_and_management_yes,d_neuro_amyotrophic_lateral_sclerosis_als,,checkbox,Yes,"medications, Medications | supportive_care, Supportive Care",,,,,,"[diagnosis_als_treatment_and_management] = 'yes'",y,,,,,
diagnosis_als_treatment_and_management_yes_medications,d_neuro_amyotrophic_lateral_sclerosis_als,,checkbox,"Medications (if applicable):","riluzole, Riluzole | edaravone, Edaravone | sodium, Sodium phenylbutyrate/taurursodiol | tofersen, Tofersen | symptomatic_treatment, Symptomatic treatment (e.g., for spasticity, pain) | other, Other",,,,,,"[diagnosis_als_treatment_and_management] = 'yes' and [diagnosis_als_treatment_and_management_yes(medications)] = 1",y,,,,,
diagnosis_als_treatment_and_management_yes_medications_other,d_neuro_amyotrophic_lateral_sclerosis_als,,text,"If you selected ""Other"", please specify:",,,,,,,"[diagnosis_als_treatment_and_management] = 'yes' and [diagnosis_als_treatment_and_management_yes(medications)] = 1 and [diagnosis_als_treatment_and_management_yes_medications(other)] = 1",y,,,,,
diagnosis_als_treatment_and_management_yes_supportive_care,d_neuro_amyotrophic_lateral_sclerosis_als,,checkbox,"Supportive Care:","physical_therapy, Physical therapy | occupational_therapy, Occupational therapy | speech_therapy, Speech therapy | respiratory_support, Respiratory support (e.g., non-invasive ventilation) | nutrition_support, Nutrition and swallowing support | psychotherapy, Psychotherapy | other, Other",,,,,,"[diagnosis_als_treatment_and_management] = 'yes' and [diagnosis_als_treatment_and_management_yes(supportive_care)] = 1",y,,,,,
diagnosis_als_treatment_and_management_yes_supportive_care_other,d_neuro_amyotrophic_lateral_sclerosis_als,,text,"If you selected ""Other"", please specify:",,,,,,,"[diagnosis_als_treatment_and_management] = 'yes' and [diagnosis_als_treatment_and_management_yes(supportive_care)] = 1 and [diagnosis_als_treatment_and_management_yes_supportive_care(other)] = 1",y,,,,,
diagnosis_ataxia_gsd,d_neuro_ataxia,"1. Gold Standard Diagnosis",radio,"Does the participant have ataxia?
","yes, Yes | no, No | notCertain, Not certain",,,,,,,y,,,,,
ataxia_type,d_neuro_ataxia,"2. Ataxia Type",radio,"What is the predominant ataxia type?

","cerebellar, Cerebellar (central) | sensory, Sensory (proprioceptive loss predominant) | vestibular, Vestibular (balance or vertigo predominant) | mixedOrUnclear, Mixed or unclear | other, Other | unknown, Unknown",,,,,,"[diagnosis_ataxia_gsd]=""yes"" or [diagnosis_ataxia_gsd]=""notCertain""",y,,,,,
ataxia_type_other,d_neuro_ataxia,,text,"Other

Please specify:",,,,,,,"[ataxia_type]=""other""",y,,,,,
diagnosis_ataxia_gsd_confirmation_method,d_neuro_ataxia,,checkbox,"How was this diagnosis confirmed? Select all that apply.","neurologist, Neurologist | movement_disorders_specialist, Movement disorders specialist | other_specialist, Other specialist | hospital_discharge_summary, Hospital discharge summary | problem_list_or_icd_code, Problem list or ICD code | participant_self_report, Participant self-report | unknown, Unknown",,,,,,"[diagnosis_ataxia_gsd]=""yes"" or [diagnosis_ataxia_gsd]=""notCertain""",y,,,,,
ataxia_neurologist_recent_date_supporting,d_neuro_ataxia,,text,"Neurologist

Date of most recent documentation supporting ataxia:",,,date_ymd,,,y,[diagnosis_ataxia_gsd_confirmation_method(neurologist)]=1,,,,,,
ataxia_mds_recent_date_supporting,d_neuro_ataxia,,text,"Movement disorders specialist

Date of most recent documentation supporting ataxia:",,,date_ymd,,,y,[diagnosis_ataxia_gsd_confirmation_method(movement_disorders_specialist)]=1,,,,,,
ataxia_other_specialist_selected,d_neuro_ataxia,,text,"Other specialist

Please specify:",,,,,,,[diagnosis_ataxia_gsd_confirmation_method(other_specialist)]=1,y,,,,,
ataxia_supported_confirmed,d_neuro_ataxia,,checkbox,"How was ataxia supported or confirmed? Select all that apply.
","history_or_repeated_exam_documents_gait_truncal_limb_incoordination, History or repeated exam documents gait, truncal, or limb incoordination | neurological_exam_shows_signs_consistent_with_ataxia, Objective neurological exam signs are consistent with ataxia (examples: dysmetria, dysdiadochokinesia, dysarthria, nystagmus) | reasonable_evaluation_exclude_major_alternative_explanations, Reasonable evaluation was done to exclude major alternative explanations (examples: sensory loss, weakness or spasticity, intoxication or medication effect) or to classify the type with supporting findings | severity_standardized_ataxia_scale, Severity quantified using a standardized ataxia scale (examples: SARA, ICARS, or FARS) | supporting_testing_performed, Supporting testing performed (examples: MRI findings consistent with cerebellar pathology, or relevant labs or genetic testing depending on suspected cause) | unknown, Unknown",,,,,,,y,,,,,
ataxia_calculated_validated_result,d_neuro_ataxia,,text,"Validated Ataxia Result",,,,,,,,,,,,," @HIDDEN-SURVEY
@CALCTEXT(if([ataxia_supported_confirmed(history_or_repeated_exam_documents_gait_truncal_limb_incoordination)]=1 and [ataxia_supported_confirmed(neurological_exam_shows_signs_consistent_with_ataxia)]=1 and [ataxia_supported_confirmed(reasonable_evaluation_exclude_major_alternative_explanations)]=1,'Validated Yes', 'Validated No'))"
ataxia_etiology,d_neuro_ataxia,"3. Etiology",checkbox,"What is the etiology? Select all that apply.","genetic_or_hereditary, Genetic or hereditary | degenerative_non_hereditary, Degenerative, non-hereditary | sporadic_onset_ataxia, Sporadic onset ataxia | vascular, Vascular (example: stroke or hemorrhage) | autoimmune_or_paraneoplastic, Autoimmune or paraneoplastic | toxic_medication_induced_or_alcohol_related, Toxic, medication-induced, or alcohol-related | metabolic_or_nutritional, Metabolic or nutritional | infectious_or_post_infectious, Infectious or post-infectious | structural_lesion, Structural lesion (example: tumor or malformation) | other, Other | unknown, Unknown",,,,,,,y,,,,,
ataxia_etiology_genetic_hereditary_list_gene_mutation,d_neuro_ataxia,,text,"Genetic or hereditary

List gene or mutation if known:",,,,,,,[ataxia_etiology(genetic_or_hereditary)]=1,,,,,,
ataxia_etiology_other_specify,d_neuro_ataxia,,text,"Other

Please specify:",,,,,,,[ataxia_etiology(other)]=1,y,,,,,
ataxia_course_pattern,d_neuro_ataxia,"4. Presentation and severity",radio,"Course pattern:
","acute, Acute (hours to days) | subacute, Subacute (days to weeks) | chronicOrProgressive, Chronic or progressive (months to years) | unknown, Unknown",,,,,,,y,,,,,
ataxia_present_episodic_chronic,d_neuro_ataxia,,checkbox,"Does ataxia present as episodic or chronic? (Choose all that apply)
","episodic, Episodic | chronic, Chronic | no, No | unknown, Unknown",,,,,,"[ataxia_type]=""cerebellar"" or [ataxia_type]=""mixedOrUnclear"" or [ataxia_type]=""other"" or [ataxia_type]=""unknown""",y,,,,,
ataxia_clinical_presentation,d_neuro_ataxia,,checkbox,"Clinical presentation (select all that apply):
","gait_imbalance_or_wide_based_gait, Gait imbalance or wide-based gait | limb_incoordination, Limb incoordination (e.g. dysmetria on target testing, dysdiadochokinesia) | changes_in_speech, Changes in speech (e.g. dysarthria) | truncal_instability, Truncal instability | dysphagia, Dysphagia | oculomotor_abnormalities, Oculomotor abnormalities (nystagmus, abnormal pursuit, saccadic dysmetria) | prominent_sensory_loss_or_proprioceptive_impairment, Prominent sensory loss or proprioceptive impairment | prominent_vertigo_or_dizziness, Prominent vertigo or dizziness | other, Other | unknown, Unknown",,,,,,,y,,,,,
ataxia_clinical_presentation_other,d_neuro_ataxia,,text,"Other

Please specify:",,,,,,,[ataxia_clinical_presentation(other)]=1,y,,,,,
ataxia_scores_standardized_scales,d_neuro_ataxia,,checkbox,"Please provide scores or results from standardized ataxia scales (select all that apply).
","sara_score, SARA score available | icars_score, ICARS score available | fars_score, FARS score available | functional_mobility_stage, Functional mobility stage available | other_scale, Other scale | not_available, Not available",,,,,,[ataxia_supported_confirmed(severity_standardized_ataxia_scale)]=1,y,,,,,
ataxia_sara_score_option,d_neuro_ataxia,,text,"SARA score available

SARA total score (0 to 40): ",,,number,0,40,,[ataxia_scores_standardized_scales(sara_score)]=1,y,,,,,
ataxia_icars_score_option,d_neuro_ataxia,,text,"ICARS score available

ICARS total score (0 to 100):",,,number,0,100,,[ataxia_scores_standardized_scales(icars_score)]=1,y,,,,,
ataxia_fars_score_option,d_neuro_ataxia,,text,"FARS score available

FARS total score (0 to 125):",,,number,0,125,,[ataxia_scores_standardized_scales(fars_score)]=1,y,,,,,
ataxia_aother_scale_option_label,d_neuro_ataxia,,descriptive,"Other scale",,,,,,,[ataxia_scores_standardized_scales(other_scale)]=1,,,,,,
ataxia_other_scale_identify_scale,d_neuro_ataxia,,text,"Identify scale:",,,,,,,[ataxia_scores_standardized_scales(other_scale)]=1,y,,,,,
ataxia_other_scale_total_score,d_neuro_ataxia,,text,"Total score:",,,,,,,[ataxia_scores_standardized_scales(other_scale)]=1,y,,,,,
ataxia_functional_mobility_stage,d_neuro_ataxia,,radio,"Functional mobility stage:
","ambulatoryWithoutAid, Ambulatory without aid | ambulatoryWithAid, Ambulatory with aid (cane or walker) | wheelchairDependent, Wheelchair-dependent | bedboundOrTotalAssistance, Bedbound or total assistance",,,,,,[ataxia_scores_standardized_scales(functional_mobility_stage)]=1,,,,,,
ataxia_emg_or_ncs_performed,d_neuro_ataxia,"5. Imaging and diagnostic tests",radio,"EMG or NCS performed?","yes, Yes | no, No | unknown, Unknown",,,,,,"[ataxia_supported_confirmed(supporting_testing_performed)]=1 and [ataxia_type]=""sensory""",y,,,,,
ataxia_emg_or_ncs_specify_test,d_neuro_ataxia,,radio,"Please specify test
","emg, EMG | ncs, NCS",,,,,,"[ataxia_emg_or_ncs_performed]=""yes""",y,,,,,
ataxia_emg_or_ncs_test_results,d_neuro_ataxia,,radio,"Test results:","normal, Normal | abnormal, Abnormal | unknown, Unknown",,,,,,"[ataxia_emg_or_ncs_performed]=""yes""",y,,,,,
ataxia_emg_or_ncs_key_findings,d_neuro_ataxia,,text,"Key findings (optional):",,,,,,,"[ataxia_emg_or_ncs_performed]=""yes""",,,,,,
ataxia_vestibular_testing_performed,d_neuro_ataxia,,radio,"Vestibular testing performed?
","yes, Yes | no, No | unknown, Unknown",,,,,,"[ataxia_supported_confirmed(supporting_testing_performed)]=1 and [ataxia_type]=""vestibular""",y,,,,,
ataxia_vestibular_test_results,d_neuro_ataxia,,radio,"Test results:
","normal, Normal | abnormal, Abnormal | unknown, Unknown",,,,,,"[ataxia_vestibular_testing_performed]=""yes""",y,,,,,
ataxia_vestibular_key_findings,d_neuro_ataxia,,text,"Key findings (optional):",,,,,,,"[ataxia_vestibular_testing_performed]=""yes""",,,,,,
ataxia_tests_performed,d_neuro_ataxia,,checkbox,"Tests performed (select all that apply)
","brain_mri, Brain MRI | genetic_testing, Genetic testing | acquired_ataxia_workup, Acquired ataxia workup | relevant_labs_performed, Relevant labs performed (metabolic, nutritional, autoimmune, blood, CSF, or serum) | other_testing, Other testing",,,,,,[ataxia_supported_confirmed(supporting_testing_performed)]=1,y,,,,,
ataxia_brain_mri_results,d_neuro_ataxia,,radio,"Brain MRI results:
","normal, Normal | abnormal, Abnormal | unknown, Unknown",,,,,,[ataxia_tests_performed(brain_mri)]=1,y,,,,,
ataxia_brain_mri_results_abnormal,d_neuro_ataxia,,radio,"Abnormal
","cerebellarAtrophy, Cerebellar atrophy | brainStemAtrophy, Brain stem atrophy | otherAbnormalities, Other abnormalities",,,,,,"[ataxia_tests_performed(brain_mri)]=1 and [ataxia_brain_mri_results]=""abnormal""",y,,,,,
ataxia_brain_mri_results_other_abnormalities,d_neuro_ataxia,,text,"Other abnormalities

Please specify:",,,,,,,"[ataxia_tests_performed(brain_mri)]=1 and [ataxia_brain_mri_results_abnormal]=""otherAbnormalities""",y,,,,,
ataxia_brain_mri_results_key_findings,d_neuro_ataxia,,text,"Key findings (optional)",,,,,,,[ataxia_tests_performed(brain_mri)]=1,,,,,,
ataxia_genetic_testing_label,d_neuro_ataxia,,descriptive,"Genetic testing",,,,,,,[ataxia_tests_performed(genetic_testing)]=1,,,,,,
ataxia_genetic_testing_specify,d_neuro_ataxia,,text,"Please specify test",,,,,,,[ataxia_tests_performed(genetic_testing)]=1,y,,,,,
ataxia_genetic_testing_results,d_neuro_ataxia,,radio,"Genetic testing results:","normal, Normal | abnormal, Abnormal | unknown, Unknown",,,,,,[ataxia_tests_performed(genetic_testing)]=1,y,,,,,
ataxia_genetic_testing_results_key_findings,d_neuro_ataxia,,text,"Key findings (optional)",,,,,,,[ataxia_tests_performed(genetic_testing)]=1,,,,,,
ataxia_acquired_ataxia_workup_label,d_neuro_ataxia,,descriptive,"Acquired ataxia workup",,,,,,,[ataxia_tests_performed(acquired_ataxia_workup)]=1,,,,,,
ataxia_acquired_ataxia_workup_specify,d_neuro_ataxia,,text,"Please specify test",,,,,,,[ataxia_tests_performed(acquired_ataxia_workup)]=1,y,,,,,
ataxia_workup_results,d_neuro_ataxia,,radio,"Ataxia workup results:","normal, Normal | abnormal, Abnormal | unknown, Unknown",,,,,,[ataxia_tests_performed(acquired_ataxia_workup)]=1,y,,,,,
ataxia_workup_results_key_findings,d_neuro_ataxia,,text,"Key findings (optional)",,,,,,,[ataxia_tests_performed(acquired_ataxia_workup)]=1,,,,,,
ataxia_arelevant_labs_label,d_neuro_ataxia,,descriptive,"Relevant labs performed (metabolic, nutritional, autoimmune, blood, CSF, or serum)",,,,,,,[ataxia_tests_performed(relevant_labs_performed)]=1,,,,,,
ataxia_relevant_labs_selection,d_neuro_ataxia,,checkbox,"Relevant labs (select all that apply):","metabolic, Metabolic | nutritional, Nutritional | autoimmune, Autoimmune | blood, Blood | csf, CSF | serum, Serum | other, Other",,,,,,[ataxia_tests_performed(relevant_labs_performed)]=1,y,,,,,
ataxia_relevant_labs_performed_metabolic_option,d_neuro_ataxia,,text,"Metabolic

Identify key results:",,,,,,,"[ataxia_tests_performed(relevant_labs_performed)]=1 and [ataxia_relevant_labs_selection(metabolic)]=1",y,,,,,
ataxia_relevant_labs_performed_nutritional_option,d_neuro_ataxia,,text,"Nutritional

Identify key results:",,,,,,,"[ataxia_tests_performed(relevant_labs_performed)]=1 and [ataxia_relevant_labs_selection(nutritional)]=1",y,,,,,
ataxia_relevant_labs_performed_autoimmune_option,d_neuro_ataxia,,text,"Autoimmune

Identify key results:",,,,,,,"[ataxia_tests_performed(relevant_labs_performed)]=1 and [ataxia_relevant_labs_selection(autoimmune)]=1",y,,,,,
ataxia_relevant_labs_performed_blood_option,d_neuro_ataxia,,text,"Blood

Identify key results:",,,,,,,"[ataxia_tests_performed(relevant_labs_performed)]=1 and [ataxia_relevant_labs_selection(blood)]=1",y,,,,,
ataxia_relevant_labs_performed_csf_option,d_neuro_ataxia,,text,"CSF

Identify key results:",,,,,,,"[ataxia_tests_performed(relevant_labs_performed)]=1 and [ataxia_relevant_labs_selection(csf)]=1",y,,,,,
ataxia_relevant_labs_performed_serum_option,d_neuro_ataxia,,text,"Serum

Identify key results:",,,,,,,"[ataxia_tests_performed(relevant_labs_performed)]=1 and [ataxia_relevant_labs_selection(serum)]=1",y,,,,,
ataxia_relevant_labs_performed_other_option_label,d_neuro_ataxia,,descriptive,Other,,,,,,,"[ataxia_tests_performed(relevant_labs_performed)]=1 and [ataxia_relevant_labs_selection(other)]=1",,,,,,
ataxia_relevant_labs_performed_other_option_specify,d_neuro_ataxia,,text,"Please specify test:",,,,,,,"[ataxia_tests_performed(relevant_labs_performed)]=1 and [ataxia_relevant_labs_selection(other)]=1",y,,,,,
ataxia_relevant_labs_performed_other_option_key_results,d_neuro_ataxia,,text,"Identify key results:",,,,,,,"[ataxia_tests_performed(relevant_labs_performed)]=1 and [ataxia_relevant_labs_selection(other)]=1",y,,,,,
ataxia_other_testing_label,d_neuro_ataxia,,descriptive,"Other testing",,,,,,,[ataxia_tests_performed(other_testing)]=1,,,,,,
ataxia_other_testing_specify,d_neuro_ataxia,,text,"Please specify test:",,,,,,,[ataxia_tests_performed(other_testing)]=1,y,,,,,
ataxia_other_testing_results,d_neuro_ataxia,,radio,"Other testing results:","normal, Normal | abnormal, Abnormal | unknown, Unknown",,,,,,[ataxia_tests_performed(other_testing)]=1,y,,,,,
ataxia_other_testing_key_findings,d_neuro_ataxia,,text,"Key findings (optional):",,,,,,,[ataxia_tests_performed(other_testing)]=1,,,,,,
ataxia_treatment_or_therapy,d_neuro_ataxia,"6. Treatment",radio,"Has the participant received any treatment or therapy for ataxia?","yes, Yes | no, No | unknown, Unknown",,,,,,,y,,,,,
ataxia_treatment_types_selection,d_neuro_ataxia,,checkbox,"Select all treatment types that apply:
","rehabilitation_therapies, Rehabilitation therapies (PT, OT, speech therapy) | assistive_devices, Assistive devices (cane, walker, wheelchair) | etiology_targeted_treatment, Etiology-targeted treatment (if applicable) | other, Other",,,,,,"[ataxia_treatment_or_therapy]=""yes""",y,,,,,
ataxia_etiology_targeted_treatment,d_neuro_ataxia,,text,"Etiology-targeted treatment (if applicable)

Please specify :",,,,,,,[ataxia_treatment_types_selection(etiology_targeted_treatment)]=1,y,,,,,
ataxia_other_treatment,d_neuro_ataxia,,text,"Other

Please specify :",,,,,,,[ataxia_treatment_types_selection(other)]=1,y,,,,,
diagnosis_et_gsd,d_neuro_essential_tremor,"1. Gold Standard Diagnosis:",radio,"Does the participant have essential tremor?","yes, Yes | no, No | notCertain, Not certain",,,,,,,y,,,,,
diagnosis_et_gsd_confirmation_method,d_neuro_essential_tremor,,checkbox,"How was this diagnosis confirmed? Select all that apply.","neurologist, Neurologist | movement_disorders_specialist, Movement disorders specialist | other_specialist, Other specialist | hospital_discharge_summary, Hospital discharge summary | problem_list_or_icd_code, Problem list or ICD code | diagnostic_testing, Diagnostic testing | participant_self_report, Participant self-report | unknown, Unknown",,,,,,"[diagnosis_et_gsd]=""yes"" or [diagnosis_et_gsd]=""notCertain""",y,,,,,
et_neurologist_recent_date_supporting,d_neuro_essential_tremor,,text,"Neurologist

Date of most recent documentation supporting essential tremor:",,,date_ymd,,,y,[diagnosis_et_gsd_confirmation_method(neurologist)]=1,,,,,,
et_mds_recent_date_supporting,d_neuro_essential_tremor,,text,"Movement disorders specialist

Date of most recent documentation supporting essential tremor:",,,date_ymd,,,y,[diagnosis_et_gsd_confirmation_method(movement_disorders_specialist)]=1,,,,,,
et_other_specialist_selected,d_neuro_essential_tremor,,text,"Other specialist

Please specify: ",,,,,,,[diagnosis_et_gsd_confirmation_method(other_specialist)]=1,y,,,,,
et_action_tremor_history_exam,d_neuro_essential_tremor,"Validation Criteria Checks",radio,"Evidence of bilateral upper-limb action tremor documented by history or exam","yes, Yes | no, No | notCertain, Not certain",,,,,,,y,,,,,
et_tremor_duration_3yrs,d_neuro_essential_tremor,,radio,"Tremor duration is at least three years","yes, Yes | no, No | notCertain, Not certain",,,,,,,y,,,,,
et_no_alternative_dx_documented,d_neuro_essential_tremor,,radio,"No better alternative diagnosis is documented
(Examples: Parkinsonian, dystonic, cerebellar, functional, or medication-induced tremor)","yes, Yes | no, No | notCertain, Not certain",,,,,,,y,,,,,
et_calculated_validated_result,d_neuro_essential_tremor,,text,"Validated Essential Tremor Result",,,,,,,,,,,,," @HIDDEN-SURVEY
@CALCTEXT(if([et_action_tremor_history_exam] = 'yes' and [et_tremor_duration_3yrs] = 'yes' and [et_no_alternative_dx_documented] = 'yes', ""Validated Yes"", ""Validated No""))"
et_tremor_distribution,d_neuro_essential_tremor,"2. Disease type",checkbox,"Tremor distribution (select all that apply)
","head, Head | voice, Voice | jaw, Jaw | lower_limbs, Lower limbs | none_of_the_above, None of the above | unknown, Unknown",,,,,,,y,,,,,
et_tremor_postural_or_kinetic,d_neuro_essential_tremor,,radio,"Is the tremor postural or kinetic?","yes, Yes | no, No | notCertain, Not certain",,,,,,,y,,,,,
et_rest_tremor_documented,d_neuro_essential_tremor,,radio,"Is rest tremor also documented?","yes, Yes | no, No | notCertain, Not certain",,,,,,,y,,,,,
et_supportive_clinical_features,d_neuro_essential_tremor,,checkbox,"Supportive clinical features (select all that apply)
","family_history_of_tremor, Family history of tremor | tremor_improves_with_alcohol, Tremor improves with alcohol | tetras_performance_adl_ftmtrs_scores_available, TETRAS performance, ADL, or Fahn-Tolosa-Marin scores available | handwriting_or_spiral_abnormality_documented, Handwriting or spiral abnormality documented | difficulty_eating_drinking_writing_dressing_due_to_tremor, Difficulty eating, drinking, writing, or dressing due to tremor | social_or_quality_of_life_impact_documented, Social or quality-of-life impact documented | unknown_or_not_documented, Unknown or not documented",,,,,,,y,,,,,
et_participant_have_any_other_condition,d_neuro_essential_tremor,,checkbox,"Does the participant have signs of any other condition? (select all that apply)
","ataxia_or_dysmetria, Ataxia or dysmetria | parkinsonism, Parkinsonism | medication_or_substance_related_tremor, Medication or substance-related tremor | dystonia, Dystonia | cerebellar_signs, Cerebellar signs | functional_tremor, Functional tremor | thyroid_or_metabolic_condition, Thyroid or metabolic condition | not_evaluated_or_documented, Not evaluated or documented",,,,,,"[et_no_alternative_dx_documented]=""yes"" or [et_no_alternative_dx_documented]=""notCertain""",y,,,,,
et_scores_or_results_tremor_assessment_scales,d_neuro_essential_tremor,"3. Assessment",checkbox,"Please provide scores or results from tremor rating assessment scales (select all that apply).","tetras_performance_score, TETRAS performance score available | adl_score, ADL score available | ftmtrs_total_score, Fahn-Tolosa-Marin (FTMTRS) total score available | other_scale, Other scale",,,,,,[et_supportive_clinical_features(tetras_performance_adl_ftmtrs_scores_available)]=1,y,,,,,
et_tetras_performance_score,d_neuro_essential_tremor,,text,"TETRAS performance score available

TETRAS performance score (0 to 64):",,,number,0,64,,"[et_supportive_clinical_features(tetras_performance_adl_ftmtrs_scores_available)]=1 and [et_scores_or_results_tremor_assessment_scales(tetras_performance_score)]=1",y,RH,,,,
et_adl_score_available_label,d_neuro_essential_tremor,,descriptive,"ADL score available",,,,,,,"[et_supportive_clinical_features(tetras_performance_adl_ftmtrs_scores_available)]=1 and [et_scores_or_results_tremor_assessment_scales(adl_score)]=1",,,,,,
et_adl_scale_used,d_neuro_essential_tremor,,text,"ADL scale used: ",,,,,,,"[et_supportive_clinical_features(tetras_performance_adl_ftmtrs_scores_available)]=1 and [et_scores_or_results_tremor_assessment_scales(adl_score)]=1",y,,,,,
et_adl_total_score,d_neuro_essential_tremor,,text,"ADL total score:",,,number,,,,"[et_supportive_clinical_features(tetras_performance_adl_ftmtrs_scores_available)]=1 and [et_scores_or_results_tremor_assessment_scales(adl_score)]=1",y,,,,,
et_ftmtrs_total_score,d_neuro_essential_tremor,,text,"Fahn-Tolosa-Marin (FTMTRS) total score available

FTMTRS total score (0 to 144):",,,number,0,144,,"[et_supportive_clinical_features(tetras_performance_adl_ftmtrs_scores_available)]=1  and [et_scores_or_results_tremor_assessment_scales(ftmtrs_total_score)]=1",y,,,,,
et_other_scale_label,d_neuro_essential_tremor,,descriptive,"Other scale",,,,,,,"[et_supportive_clinical_features(tetras_performance_adl_ftmtrs_scores_available)]=1 and [et_scores_or_results_tremor_assessment_scales(other_scale)]=1",,,,,,
et_other_scale_identify_scale,d_neuro_essential_tremor,,text,"Identify scale:",,,,,,,"[et_supportive_clinical_features(tetras_performance_adl_ftmtrs_scores_available)]=1 and [et_scores_or_results_tremor_assessment_scales(other_scale)]=1",y,,,,,
et_other_scale_total_score,d_neuro_essential_tremor,,text,"Total score:",,,,,,,"[et_supportive_clinical_features(tetras_performance_adl_ftmtrs_scores_available)]=1 and [et_scores_or_results_tremor_assessment_scales(other_scale)]=1",y,,,,,
et_tests_analyses_performed,d_neuro_essential_tremor,"4. Imaging and diagnostic tests",checkbox,"Tests and analyses performed (select all that apply).
","brain_mri, Brain MRI | datscan_or_dopaminergic_evaluation, DaTscan or dopaminergic evaluation performed | electrophysiologic_tremor_analysis, Electrophysiologic tremor analysis performed | relevant_labs, Relevant labs performed (metabolic, nutritional, autoimmune, blood, CSF, or serum) | other_testing, Other testing",,,,,,[diagnosis_et_gsd_confirmation_method(diagnostic_testing)]=1,y,,,,,
et_brain_mri_label,d_neuro_essential_tremor,,descriptive,"Brain MRI",,,,,,,[et_tests_analyses_performed(brain_mri)]=1,,,,,,
et_brain_mri_results,d_neuro_essential_tremor,,radio,"Brain MRI results:","normal, Normal | abnormal, Abnormal | unknown, Unknown",,,,,,[et_tests_analyses_performed(brain_mri)]=1,y,,,,,
et_brain_mri_results_abnormal,d_neuro_essential_tremor,,radio,Abnormal,"cerebellarAtrophy, Cerebellar atrophy | brainStemAtrophy, Brain stem atrophy | otherAbnormalities, Other abnormalities",,,,,,"[et_tests_analyses_performed(brain_mri)]=1 and [et_brain_mri_results]=""abnormal""",y,,,,,
et_brain_mri_other_abnormalities,d_neuro_essential_tremor,,text,"Other abnormalities

Please specify:",,,,,,,"[et_tests_analyses_performed(brain_mri)]=1 and [et_brain_mri_results_abnormal]=""otherAbnormalities""",y,,,,,
et_brain_mri_key_findings,d_neuro_essential_tremor,,text,"Key findings (optional):",,,,,,,[et_tests_analyses_performed(brain_mri)]=1,,,,,,
et_datscan_label,d_neuro_essential_tremor,,descriptive,"DaTscan or dopaminergic evaluation performed",,,,,,,[et_tests_analyses_performed(datscan_or_dopaminergic_evaluation)]=1,,,,,,
et_datscan_specify_test,d_neuro_essential_tremor,,text,"Please specify test:",,,,,,,[et_tests_analyses_performed(datscan_or_dopaminergic_evaluation)]=1,y,,,,,
et_datscan_dopaminergic_evaluation_results,d_neuro_essential_tremor,,radio,"DaTscan or dopaminergic evaluation results:
","normal, Normal | abnormal, Abnormal | unknown, Unknown",,,,,,[et_tests_analyses_performed(datscan_or_dopaminergic_evaluation)]=1,y,,,,,
et_datscan_dopaminergic_evaluation_performed_key_findings,d_neuro_essential_tremor,,text,"Key findings (optional):",,,,,,,[et_tests_analyses_performed(datscan_or_dopaminergic_evaluation)]=1,,,,,,
et_electrophysiologic_tremor_analysis_performed_label,d_neuro_essential_tremor,,descriptive,"Electrophysiologic tremor analysis performed",,,,,,,[et_tests_analyses_performed(electrophysiologic_tremor_analysis)]=1,,,,,,
et_electrophysiologic_tremor_analysis_performed,d_neuro_essential_tremor,,radio,"Electrophysiologic tremor analysis results:","normal, Normal | abnormal, Abnormal | unknown, Unknown",,,,,,[et_tests_analyses_performed(electrophysiologic_tremor_analysis)]=1,y,,,,,
et_electrophysiologic_tremor_analysis_performed_key_findings,d_neuro_essential_tremor,,text,"Key findings (optional):",,,,,,,[et_tests_analyses_performed(electrophysiologic_tremor_analysis)]=1,,,,,,
et_relevant_labs_performed_label,d_neuro_essential_tremor,,descriptive,"Relevant labs performed (metabolic, nutritional, autoimmune, blood, CSF, or serum)",,,,,,,[et_tests_analyses_performed(relevant_labs)]=1,,,,,,
et_relevant_labs_selection,d_neuro_essential_tremor,,checkbox,"Relevant labs (select all that apply):","metabolic, Metabolic | nutritional, Nutritional | autoimmune, Autoimmune | blood, Blood | csf, CSF | serum, Serum | other, Other",,,,,,[et_tests_analyses_performed(relevant_labs)]=1,y,,,,,
et_relevant_labs_performed_metabolic_option,d_neuro_essential_tremor,,text,"Metabolic

Identify key results:",,,,,,,"[et_tests_analyses_performed(relevant_labs)]=1 and [et_relevant_labs_selection(metabolic)]=1",y,,,,,
et_relevant_labs_performed_nutritional_option,d_neuro_essential_tremor,,text,"Nutritional

Identify key results:",,,,,,,"[et_tests_analyses_performed(relevant_labs)]=1 and [et_relevant_labs_selection(nutritional)]=1",y,,,,,
et_relevant_labs_performed_autoimmune_option,d_neuro_essential_tremor,,text,"Autoimmune

Identify key results:",,,,,,,"[et_tests_analyses_performed(relevant_labs)]=1 and [et_relevant_labs_selection(autoimmune)]=1",y,,,,,
et_relevant_labs_performed_blood_option,d_neuro_essential_tremor,,text,"Blood

Identify key results:",,,,,,,"[et_tests_analyses_performed(relevant_labs)]=1 and [et_relevant_labs_selection(blood)]=1",y,,,,,
et_relevant_labs_performed_csf_option,d_neuro_essential_tremor,,text,"CSF

Identify key results:",,,,,,,"[et_tests_analyses_performed(relevant_labs)]=1 and [et_relevant_labs_selection(csf)]=1",y,,,,,
et_relevant_labs_performed_serum_option,d_neuro_essential_tremor,,text,"Serum

Identify key results:",,,,,,,"[et_tests_analyses_performed(relevant_labs)]=1 and [et_relevant_labs_selection(serum)]=1",y,,,,,
et_relevant_labs_performed_other_option_label,d_neuro_essential_tremor,,descriptive,Other,,,,,,,"[et_tests_analyses_performed(relevant_labs)]=1 and [et_relevant_labs_selection(other)]=1",,,,,,
et_relevant_labs_performed_other_option_specify_test,d_neuro_essential_tremor,,text,"Please specify test:",,,,,,,"[et_tests_analyses_performed(relevant_labs)]=1 and [et_relevant_labs_selection(other)]=1",y,,,,,
et_relevant_labs_performed_other_option_identify_key_results,d_neuro_essential_tremor,,text,"Identify key results:",,,,,,,"[et_tests_analyses_performed(relevant_labs)]=1 and [et_relevant_labs_selection(other)]=1",y,,,,,
et_other_testing_specify_test,d_neuro_essential_tremor,,text,"Please specify test:",,,,,,,[et_tests_analyses_performed(other_testing)]=1,y,,,,,
et_other_testing_label,d_neuro_essential_tremor,,descriptive,"Other testing",,,,,,,[et_tests_analyses_performed(other_testing)]=1,,,,,,
et_other_testing_results,d_neuro_essential_tremor,,radio,"Other testing results:
","normal, Normal | abnormal, Abnormal | unknown, Unknown",,,,,,[et_tests_analyses_performed(other_testing)]=1,y,,,,,
et_other_testing_key_findings,d_neuro_essential_tremor,,text,"Key findings (optional):",,,,,,,[et_tests_analyses_performed(other_testing)]=1,,,,,,
et_treatment_obtained,d_neuro_essential_tremor,"5. Treatment obtained",radio,"Has the participant ever had deep brain stimulation, focused ultrasound, or
surgery as treatment for essential tremor?","yes, Yes | no, No | unknown, Unknown",,,,,,,y,,,,,
et_past_intervention_selection,d_neuro_essential_tremor,,checkbox,"Past intervention (select all that apply)","deep_brain_stimulation, Deep Brain Stimulation | focused_ultrasound, Focused ultrasound | surgery, Surgery",,,,,,"[et_treatment_obtained]=""yes""",y,,,,,
et_receiving_any_treatment_or_therapy,d_neuro_essential_tremor,,radio,"Is the participant currently receiving any treatment or therapy for essential tremor?","yes, Yes | no, No | unknown, Unknown",,,,,,,y,,,,,
et_treatment_types_selection,d_neuro_essential_tremor,,checkbox,"Select all treatment types that apply:
","medications, Medications | non_pharmacological_interventions, Non-pharmacological interventions",,,,,,"[et_receiving_any_treatment_or_therapy]=""yes""",y,,,,,
et_medications_selection,d_neuro_essential_tremor,,checkbox,"Medications (select all that apply)
","propranolol, Propranolol | primidone, Primidone | topiramate, Topiramate | gabapentin, Gabapentin | botulinum_toxin, Botulinum toxin | benzodiazepines, Benzodiazepines (i.e. clonazepam) | other, Other",,,,,,[et_treatment_types_selection(medications)]=1,y,,,,,
et_medications_other_specify,d_neuro_essential_tremor,,text,"Other 

Please specify:",,,,,,,"[et_treatment_types_selection(medications)]=1 and [et_medications_selection(other)]=1",y,,,,,
et_non_pharmacological_interventions_selection,d_neuro_essential_tremor,,checkbox,"Non-pharmacological interventions (select all that apply)
","physical_therapy, Physical therapy | occupational_therapy, Occupational therapy | speech_therapy, Speech therapy | deep_brain_stimulation, Deep Brain Stimulation (DBS) | focused_ultrasound, Focused ultrasound | other, Other",,,,,,[et_treatment_types_selection(non_pharmacological_interventions)]=1,y,,,,,
et_non_pharmacological_interventions_other_specify,d_neuro_essential_tremor,,text,"Other 

Please specify:",,,,,,,"[et_treatment_types_selection(non_pharmacological_interventions)]=1 and [et_non_pharmacological_interventions_selection(other)]=1",y,,,,,
diagnosis_parkinsons_gsd,d_neuro_parkinsons_disease,"1. Gold Standard Diagnosis",radio,"Does the participant have Parkinson's Disease (Parkinsonism)?","yes, Yes | no, No | notCertain, Not certain",,,,,,,,,,,,
diagnosis_parkinsons_gsd_category_1,d_neuro_parkinsons_disease,"Has the participant met the diagnostic criteria for Parkinson's Disease (Parkinsonism) based on presence of:",checkbox,"Category 1 - Parkinsonism","bradykinesia, Bradykinesia | tremor, Tremor | rigidity, Rigidity",,,,,,,y,,,,,
diagnosis_parkinsons_gsd_category_1_calculation,d_neuro_parkinsons_disease,,text,"Category 1 Criteria Met",,,,,,,,,,,,," @CALCTEXT(if(([diagnosis_parkinsons_gsd_category_1(bradykinesia)] && ([diagnosis_parkinsons_gsd_category_1(tremor)] || [diagnosis_parkinsons_gsd_category_1(rigidity)])), 'Yes', 'No'))"
diagnosis_parkinsons_gsd_category_2,d_neuro_parkinsons_disease,,checkbox,"Category 2 - Exclusion criteria","cerebellar_abnormalities, Cerebellar abnormalities | supranuclear_gaze_palsy, Supranuclear gaze palsy | bvf_ftd_ppa, Diagnosis of behavioral variant of frontotemporal dementia or primary progressive aphasia within 5 years of disease onset | lower_limbs, Parkinsonian features restricted to the lower limbs for more than 3 years | dopamine_treatment, Treatment with a dopamine receptor blocker or dopamine depleting agent consistent with drug-induced parkinsonism | absence_of_response, Absence of a response to high-dose levodopa despite at least moderate disease severity | cortical_sensory_loss, Cortical sensory loss, clear limb ideomotor apraxia, or progressive aphasia | dat_scan, Normal functional imaging of the dopaminergic system (""DAT scan"") | alternative_condition, Diagnosis of alternative condition causing parkinsonism which could be causing the symptoms",,,,,,,,,,,,
diagnosis_parkinsons_gsd_category_2_calculation,d_neuro_parkinsons_disease,,text,"Category 2 Criteria Met",,,,,,,,,,,,," @CALCTEXT(if(([diagnosis_parkinsons_gsd_category_2(cerebellar_abnormalities)] || [diagnosis_parkinsons_gsd_category_2(supranuclear_gaze_palsy)] || [diagnosis_parkinsons_gsd_category_2(bvf_ftd_ppa)] || [diagnosis_parkinsons_gsd_category_2(lower_limbs)] || [diagnosis_parkinsons_gsd_category_2(dopamine_treatment)] || [diagnosis_parkinsons_gsd_category_2(absence_of_response)] || [diagnosis_parkinsons_gsd_category_2(cortical_sensory_loss)] || [diagnosis_parkinsons_gsd_category_2(dat_scan)] || [diagnosis_parkinsons_gsd_category_2(alternative_condition)]), 'No', 'Yes'))"
diagnosis_parkinsons_gsd_category_3,d_neuro_parkinsons_disease,,checkbox,"Category 3 - Supportive criteria","response_dopaminergic_therapy, Clear beneficial response to dopaminergic therapy | levodopa_induced_dyskinesia, Presence of levodopa-induced dyskinesia | rest_tremor, Rest tremor of a limb | mibg, The presence of either olfactory loss or cardiac sympathetic denervation on MIBG scintigraphy (although the latter is rarely done in current practice)",,,,,,,y,,,,,
diagnosis_parkinsons_gsd_category_3_calculation,d_neuro_parkinsons_disease,,text,"Category 3 Criteria Met",,,,,,,,,,,,," @CALCTEXT(if([diagnosis_parkinsons_gsd_category_3(response_dopaminergic_therapy)] + [diagnosis_parkinsons_gsd_category_3(levodopa_induced_dyskinesia)] + [diagnosis_parkinsons_gsd_category_3(rest_tremor)] + [diagnosis_parkinsons_gsd_category_3(mibg)] > 1, 'Yes', 'No'))"
diagnosis_parkinsons_gsd_calculation,d_neuro_parkinsons_disease,,text,"Does the participant meet the diagnostic criteria for Parkinson's Disease (Parkinsonism) based on the criteria above?",,,,,,,,,,,,," @CALCTEXT(if([diagnosis_parkinsons_gsd_category_1_calculation] = 'Yes' && [diagnosis_parkinsons_gsd_category_2_calculation] = 'Yes' && [diagnosis_parkinsons_gsd_category_3_calculation] = 'Yes' , 'Yes', 'No'))"
diagnosis_parkinsons_disease_subtype,d_neuro_parkinsons_disease,"2. Disease Type",radio,"Specify the subtype of Parkinson's Disease in the participant:","ipd, Idiopathic Parkinson's Disease (IPD) | msa, Multiple System Atrophy (MSA) | psp, Progressive Supranuclear Palsy (PSP) | cbd, Corticobasal Degeneration (CBD) | dlb, Dementia with Lewy Bodies (DLB) | other, Other Parkinsonism or Atypical Parkinsonism | notSure, Not Sure / Undetermined",,,,,,,y,,,,,
diagnosis_parkinsons_disease_subtype_other,d_neuro_parkinsons_disease,,text,"If you selected ""Other Parkinsonism or Atypical Parkinsonism"", please specify:",,,,,,,"[diagnosis_parkinsons_disease_subtype] = 'other'",y,,,,,
diagnosis_parkinsons_etiology,d_neuro_parkinsons_disease,"3. Etiology",radio,"What is the suspected or known etiology of Parkinson's disease in the participant?","idiopathic, Idiopathic (unknown cause) | familialParkinsonsDisease, Familial Parkinson's Disease | environmentalFactors, Environmental factors",,,,,,,y,,,,,
diagnosis_parkinsons_etiology_fpd,d_neuro_parkinsons_disease,,text,"If you selected ""Familial Parkinson's Disease"", please specify the genetic mutation if known:",,,,,,,"[diagnosis_parkinsons_etiology] = 'familialParkinsonsDisease'",,,,,,
diagnosis_parkinsons_etiology_ef,d_neuro_parkinsons_disease,,text,"If you selected ""Environmental Factors"", please specify if known:",,,,,,,"[diagnosis_parkinsons_etiology] = 'environmentalFactors'",,,,,,
diagnosis_parkinsons_ds,d_neuro_parkinsons_disease,"4. Disease Severity",radio,"What is the current stage/severity of Parkinson's disease in the participant?
•	Hoehn and Yahr Scale:","stage1, Stage 1 (Unilateral involvement only) | stage2, Stage 2 (Bilateral involvement without impairment of balance) | stage3, Stage 3 (Bilateral involvement with mild to moderate impairment of balance) | stage4, Stage 4 (Severe disability but still able to walk or stand unassisted) | stage5, Stage 5 (Wheelchair-bound or bedridden unless aided)",,,,,,,y,,,,,
diagnosis_parkinsons_ma,d_neuro_parkinsons_disease,"5. Motor Assessment",checkbox,"Please provide scores or results from validated cognitive assessment tools:","updrs, Unified Parkinson's Disease Rating Scale (UPDRS) | other, Other motor assessment tool",,,,,,,y,,,,,
diagnosis_parkinsons_ma_uprds,d_neuro_parkinsons_disease,,radio,"Unified Parkinson's Disease Rating Scale (UPDRS)","partI, Part I (Intellectual function, mood, behavior) score | partII, Part II (Activities of daily living) score | partIII, Part III (Motor Examination) score | partIV, Part IV (Motor complications) score",,,,,,"[diagnosis_parkinsons_ma(updrs)] = 1",y,,,,,
diagnosis_parkinsons_ma_updrs_part_i_score,d_neuro_parkinsons_disease,,text,"Part I (Intellectual function, mood, behavior) score:",,,,,,,"[diagnosis_parkinsons_ma_uprds] = 'partI'",y,,,,,
diagnosis_parkinsons_ma_updrs_part_ii_score,d_neuro_parkinsons_disease,,text,"Part II (Activities of daily living) score:",,,,,,,"[diagnosis_parkinsons_ma_uprds] = 'partII'",y,,,,,
diagnosis_parkinsons_ma_updrs_part_iii_score,d_neuro_parkinsons_disease,,text,"Part III (Motor Examination) score:",,,,,,,"[diagnosis_parkinsons_ma_uprds] = 'partIII'",y,,,,,
diagnosis_parkinsons_ma_updrs_part_iv_score,d_neuro_parkinsons_disease,,text,"Part IV (Motor complications) score:",,,,,,,"[diagnosis_parkinsons_ma_uprds] = 'partIV'",y,,,,,
diagnosis_parkinsons_ma_other,d_neuro_parkinsons_disease,,text,"If you selected ""Other motor assessment tool"", please specify:",,,,,,,"[diagnosis_parkinsons_ma(other)] = 1",y,,,,,
diagnosis_parkinsons_non_motor_symptoms,d_neuro_parkinsons_disease,"6. Non-Motor Symptoms",radio,"Are there significant non-motor symptoms associated with Parkinson's disease in the participant?","yes, Yes | no, No",,,,,,,y,,,,,
diagnosis_parkinsons_non_motor_symptoms_yes,d_neuro_parkinsons_disease,,text,"If you selected ""Yes"", please specify:",,,,,,,"[diagnosis_parkinsons_non_motor_symptoms] = 'yes'",y,,,,,
diagnosis_parkinsons_current_treatment_obtained,d_neuro_parkinsons_disease,"7. Treatment Obtained",radio,"Is the participant currently undergoing any treatment for Parkinson's disease?","yes, Yes | no, No",,,,,,,y,,,,,
diagnosis_parkinsons_current_treatment_obtained_yes,d_neuro_parkinsons_disease,,checkbox,Yes,"medications, Medications | npi, Non-pharmacological interventions",,,,,,"[diagnosis_parkinsons_current_treatment_obtained] = 'yes'",y,,,,,
diagnosis_parkinsons_current_treatment_obtained_yes_medications,d_neuro_parkinsons_disease,,checkbox,Medications:,"levodopa, Levodopa | dopamine_agonists, Dopamine agonists | mao_b, MAO-B inhibitors | amantadine, Amantadine | other, Other",,,,,,"[diagnosis_parkinsons_current_treatment_obtained] = 'yes' and [diagnosis_parkinsons_current_treatment_obtained_yes(medications)] = 1",y,,,,,
diagnosis_parkinsons_current_treatment_obtained_yes_medications_other,d_neuro_parkinsons_disease,,text,"If you selected ""Other"", please specify:",,,,,,,"[diagnosis_parkinsons_current_treatment_obtained] = 'yes' and [diagnosis_parkinsons_current_treatment_obtained_yes(medications)] = 1 and [diagnosis_parkinsons_current_treatment_obtained_yes_medications(other)] = 1",y,,,,,
diagnosis_parkinsons_current_treatment_obtained_yes_npi,d_neuro_parkinsons_disease,,checkbox,"Non-pharmacological interventions:","physical_therapy, Physical therapy | occupational_therapy, Occupational therapy | speech_therapy, Speech therapy | dbs, Deep Brain Stimulation (DBS) therapy | focused_ultrasound, Focused ultrasound | other, Other",,,,,,"[diagnosis_parkinsons_current_treatment_obtained] = 'yes' and [diagnosis_parkinsons_current_treatment_obtained_yes(npi)] = 1",y,,,,,
diagnosis_parkinsons_current_treatment_obtained_yes_npi_other,d_neuro_parkinsons_disease,,text,"If you selected ""Other"", please specify:",,,,,,,"[diagnosis_parkinsons_current_treatment_obtained] = 'yes' and [diagnosis_parkinsons_current_treatment_obtained_yes(npi)] = 1 and [diagnosis_parkinsons_current_treatment_obtained_yes_npi(other)] = 1",y,,,,,
diagnosis_parkinsons_current_treatment_obtained_yes_npi_dbs,d_neuro_parkinsons_disease,,checkbox,"What targets?","left_stn, Left STN (sub-thalamic nucleus) | right_stn, Right STN (sub-thalamic nucleus) | left_gpi, Left GPI (globus pallidus internus) | right_gpi, Right GPI (globus pallidus internus) | other, Other",,,,,,"[diagnosis_parkinsons_current_treatment_obtained] = 'yes' and [diagnosis_parkinsons_current_treatment_obtained_yes(npi)] = 1 and [diagnosis_parkinsons_current_treatment_obtained_yes_npi(dbs)] = 1",y,,,,,
diagnosis_parkinsons_current_treatment_obtained_yes_npi_dbs_other,d_neuro_parkinsons_disease,,text,"If you selected ""Other"", please specify:",,,,,,,"[diagnosis_parkinsons_current_treatment_obtained] = 'yes' and [diagnosis_parkinsons_current_treatment_obtained_yes(npi)] = 1 and [diagnosis_parkinsons_current_treatment_obtained_yes_npi(dbs)] = 1 and [diagnosis_parkinsons_current_treatment_obtained_yes_npi_dbs(other)] = 1",y,,,,,
diagnosis_parkinsons_treatment_obtained,d_neuro_parkinsons_disease,"Deprecated Fields",radio,"[DEPRECATED]
Has the participant undergone any treatment for Parkinson's disease?","yes, Yes | no, No",,,,,,,y,,,,," @HIDDEN"
diagnosis_parkinsons_treatment_obtained_yes,d_neuro_parkinsons_disease,,checkbox,"[DEPRECATED]
Yes","medications, Medications | npi, Non-pharmacological interventions",,,,,,"[diagnosis_parkinsons_treatment_obtained] = 'yes'",y,,,,," @HIDDEN"
diagnosis_parkinsons_treatment_obtained_yes_medications,d_neuro_parkinsons_disease,,checkbox,"[DEPRECATED]
Medications:","levodopa, Levodopa | dopamine_agonists, Dopamine agonists | mao_b, MAO-B inhibitors | amantadine, Amantadine | other, Other",,,,,,"[diagnosis_parkinsons_treatment_obtained] = 'yes' and [diagnosis_parkinsons_treatment_obtained_yes(medications)] = 1",y,,,,," @HIDDEN"
diagnosis_parkinsons_treatment_obtained_yes_medications_other,d_neuro_parkinsons_disease,,text,"[DEPRECATED]
If you selected ""Other"", please specify:",,,,,,,"[diagnosis_parkinsons_treatment_obtained] = 'yes' and [diagnosis_parkinsons_treatment_obtained_yes(medications)] = 1 and [diagnosis_parkinsons_treatment_obtained_yes_medications(other)] = 1",y,,,,," @HIDDEN"
diagnosis_parkinsons_treatment_obtained_yes_npi,d_neuro_parkinsons_disease,,checkbox,"[DEPRECATED]
Non-pharmacological interventions:","physical_therapy, Physical therapy | occupational_therapy, Occupational therapy | speech_therapy, Speech therapy | dbs, Deep Brain Stimulation (DBS) therapy | other, Other",,,,,,"[diagnosis_parkinsons_treatment_obtained] = 'yes' and [diagnosis_parkinsons_treatment_obtained_yes(npi)] = 1",y,,,,," @HIDDEN"
diagnosis_parkinsons_treatment_obtained_yes_npi_other,d_neuro_parkinsons_disease,,text,"[DEPRECATED]
If you selected ""Other"", please specify:",,,,,,,"[diagnosis_parkinsons_treatment_obtained] = 'yes' and [diagnosis_parkinsons_treatment_obtained_yes(npi)] = 1 and [diagnosis_parkinsons_treatment_obtained_yes_npi(other)] = 1",y,,,,," @HIDDEN"
diagnosis_hd_gsd,d_neuro_huntingtons_disease,"1. Gold Standard Diagnosis:",radio,"Does the participant have Huntington's Disease (HD)? ","yes, Yes | no, No | notCertain, Not certain",,,,,,,y,,,,,
diagnosis_hd_gsd_confirmation_method,d_neuro_huntingtons_disease,,checkbox,"How was this confirmed? Check all that apply","genetic_testing, Genetic Testing | consistent_clinical_presentation, Consistent clinical presentation with genetically confirmed family history",,,,,,[diagnosis_hd_gsd]='yes',y,,,,,
hd_cag_repeat_length_known,d_neuro_huntingtons_disease,,radio,"Is the CAG repeat length known?","yes, Yes | no, No",,,,,,[diagnosis_hd_gsd_confirmation_method(genetic_testing)]='1',y,,,,,
hd_cag_repeat_length,d_neuro_huntingtons_disease,,text,"What is the CAG repeat length?",,,number,,,,[hd_cag_repeat_length_known]='yes',,,,,,
hd_disease_subtype,d_neuro_huntingtons_disease,"2. Disease Subtype",radio,"Disease Subtype","pediatricOnset, Pediatric Onset | juvenileOnset, Juvenile Onset | adultOnset, Adult Onset | lateOnset, Late Onset | unknown, Unknown",,,,,,,y,,,,,
hd_motor_exam,d_neuro_huntingtons_disease,"3. Disease Severity",descriptive,"Motor Exam",,,,,,,,,,,,,
hd_uhdrs_total_motor_score,d_neuro_huntingtons_disease,,text,"UHDRS total motor score",,,number,,,,,y,,,,,
hd_uhdrs_speech_training,d_neuro_huntingtons_disease,,text,"UHDRS speech training",,,number,,,,,y,,,,,
hd_uhdrs_total_chorea_score,d_neuro_huntingtons_disease,,text,"UHDRS total chorea score",,,number,,,,,y,,,,,
hd_dcl,d_neuro_huntingtons_disease,,text,"DCL (Diagnostic Confidence Level)",,,number,,,,,y,,,,,
hd_total_func_cap_rating_scale,d_neuro_huntingtons_disease,,descriptive,"HD Total Functional Capacity Rating Scale",,,,,,,,,,,,,
hd_occupation,d_neuro_huntingtons_disease,,radio,Occupation,"unable, 0 = unable | marginalWorkOnly, 1 = marginal work only | reducedCapacityForUsualJob, 2 = reduced capacity for usual job | normal, 3 = normal",,,,,,,y,,,,,
hd_finances,d_neuro_huntingtons_disease,,radio,Finances:,"unable, 0 = unable | majorAssistance, 1 = major assistance | slightAssistance, 2 = slight assistance | normal, 3 = normal",,,,,,,y,,,,,
hd_domestic_chores,d_neuro_huntingtons_disease,,radio,"Domestic chores:","unable, 0 = unable | impaired, 1 = impaired | normal, 2 = normal",,,,,,,y,,,,,
hd_activities_of_daily_living,d_neuro_huntingtons_disease,,radio,"Activities of daily living:","totalCare, 0 = total care | grossTasksOnly, 1 = gross tasks only | minimalImpairment, 2 = minimal impairment | normal, 3 = normal",,,,,,,y,,,,,
hd_care_level,d_neuro_huntingtons_disease,,radio,"Care level:","fullTimeSkilledNursing, 0 = full time skilled nursing | homeOrChronicCare, 1 = home or chronic care | home, 2 = home",,,,,,,y,,,,,
hd_total,d_neuro_huntingtons_disease,,calc,Total:,"sum( if( [hd_occupation]=""unable"", 0, 
     if( [hd_occupation]=""marginalWorkOnly"", 1,
     if( [hd_occupation]=""reducedCapacityForUsualJob"", 2,
     if( [hd_occupation]=""normal"", 3, 0)))),
     if( [hd_finances]= ""unable"", 0,
     if( [hd_finances]= ""majorAssistance"", 1,
     if( [hd_finances]= ""slightAssistance"", 2,
     if( [hd_finances]= ""normal"", 3, 0)))),
     if( [hd_domestic_chores]=""unable"", 0,
     if( [hd_domestic_chores]=""impaired"", 1,
     if( [hd_domestic_chores]=""normal"", 2, 0))),
     if( [hd_activities_of_daily_living]=""totalCare"", 0,
     if( [hd_activities_of_daily_living]=""grossTasksOnly"", 1,
     if( [hd_activities_of_daily_living]=""minimalImpairment"", 2,
     if( [hd_activities_of_daily_living]=""normal"", 3, 0)))), 
     if( [hd_care_level]=""fullTimeSkilledNursing"", 0,
     if( [hd_care_level]=""homeOrChronicCare"", 1,
     if( [hd_care_level]=""home"", 2, 0))))",,,,,,,,,,,,
hd_any_treatment,d_neuro_huntingtons_disease,"4. Treatment obtained",radio,"Has the participant undergone any treatment for Huntington's disease?","yes, Yes | no, No | notCertain, Not certain",,,,,,,y,,,,,
hd_type_of_treatment,d_neuro_huntingtons_disease,,checkbox,"Please select the type of treatment:","medications, Medications | slp_therapy, Prior or current SLP therapy",,,,,,"[hd_any_treatment]=""yes""",,,,,,
hd_medications_selection,d_neuro_huntingtons_disease,,checkbox,"Please select all that apply and provide further details if available","neuroleptic, Neuroleptic | vmat2_inhibitor, VMAT2 inhibitor | antidepressant, Antidepressant | benzodiazepine, Benzodiazepine",,,,,,"[hd_type_of_treatment(medications)]=""1""",,,,,,
hd_neuroleptic_specify,d_neuro_huntingtons_disease,,text,"Neuroleptic selected. Please specify",,,,,,,"[hd_medications_selection(neuroleptic)]=""1""",y,,,,,
hd_vmat2_inhibitor_specify,d_neuro_huntingtons_disease,,text,"VMAT2 inhibitor selected. Please specify",,,,,,,"[hd_medications_selection(vmat2_inhibitor)]=""1""",y,,,,,
hd_antidepressant_specify,d_neuro_huntingtons_disease,,text,"Antidepressant selected. Please specify",,,,,,,"[hd_medications_selection(antidepressant)]=""1""",y,,,,,
hd_slp_therapy_selection,d_neuro_huntingtons_disease,,checkbox,"Prior or current SLP therapy selected. Please select all that apply:","prior, Prior | current, Current",,,,,,"[hd_type_of_treatment(slp_therapy)]=""1""",,,,,,
hd_confirmed_by_genetic_testing,d_neuro_huntingtons_disease,"Deprecated Fields",radio,"[DEPRECATED]
Does the participant have Huntington's disease (HD) confirmed by genetic testing? ","yes, Yes | no, No | notCertain, Not certain",,,,,,,,,,,," @HIDDEN"
hd_confirmed_by_consistent_clinical_presentation,d_neuro_huntingtons_disease,,radio,"[DEPRECATED]
Does the participant have Huntington's disease confirmed by consistent clinical presentation with genetically
confirmed family history?","yes, Yes | no, No | notCertain, Not certain",,,,,,"[hd_confirmed_by_genetic_testing]='no' || [hd_confirmed_by_genetic_testing]='notCertain'",,,,,," @HIDDEN"
session_id,session,,text,"Session ID",,,,,,,,y,,,,," @READONLY"
session_record_id,session,,text,"Record ID",,,,,,,,y,,,,," @READONLY"
session_status,session,,radio,"Session Status","1, In Progress | 2, Completed",,,,,,,y,,,,,
session_started_at,session,,text,"Session Started At",,,,,,y,,,,,,," @READONLY"
session_is_control_participant,session,,radio,"Is Control Participant?","yes, Yes | no, No",,,,,,,y,,,,,
session_completed_at,session,,text,"Session Completed At",,,,,,y,,,,,,," @READONLY"
session_duration,session,,text,"Session Duration (seconds)",,,number,0,,,,,,,,," @READONLY"
session_site,session,,radio,"Session Site?","mit, MIT | mt_sinai, Mt. Sinai | sickkids, SickKids | usf, USF | vumc, VUMC | wcm, WCM",,,,,,,y,,,,,
session_completed_by,session,,checkbox,"Who helped you answer the questions today? For example, did someone help you remember your medication list or how tired you are? This isn't the person who helps you understand the question, but the one who helps you provide the answers","just_me, Just me | someone_else, Someone else helped me answer the questions",,,,,,,,,,,," @READONLY"
session_assigned_tasks,session,,text,"Session Assigned Tasks",,,,,,,,,,,,," @READONLY"
session_language,session,,radio,"Session - Language","1, English | 3, Spanish",,,,,,,y,,,,," @READONLY"
acoustic_task_id,acoustic_task,,text,"Acoustic Task ID",,,,,,,,y,,,,," @READONLY"
acoustic_task_session_id,acoustic_task,,text,"Session ID",,,,,,,,y,,,,," @READONLY"
acoustic_task_name,acoustic_task,,text,"Acoustic Task Name",,,,,,,,y,,,,," @READONLY"
acoustic_task_cohort,acoustic_task,,text,"Acoustic Task Cohort",,,,,,,,y,,,,," @READONLY"
acoustic_task_status,acoustic_task,,radio,"Acoustic Task Status","1, Skipped | 2, Completed",,,,,,,,,,,," @READONLY"
acoustic_task_started_at,acoustic_task,,text,"Acoustic Task Started At",,,,,,y,,,,,,," @READONLY"
acoustic_task_completed_at,acoustic_task,,text,"Acoustic Task Completed At",,,,,,y,,,,,,," @READONLY"
acoustic_task_duration,acoustic_task,,text,"Acoustic Task Duration (seconds)",,,number,0,,,,,,,,," @READONLY"
acoustic_task_origin,acoustic_task,,radio,"Acoustic Task - origin","app, Bridge2AI App | website, Bridge2AI Web App | reproschema, Bridge2AI Reproschema",,,,,,,y,,,,," @READONLY"
acoustic_task_via,acoustic_task,,radio,"Acoustic Task - via","dataCollector, Data Collector | participant, Participant",,,,,,,y,,,,," @READONLY"
acoustic_task_language,acoustic_task,,radio,"Acoustic Task - Language","1, English | 3, Spanish",,,,,,,y,,,,," @READONLY"
recording_id,recording,,text,"Recording ID",,,,,,,,y,,,,," @READONLY"
recording_acoustic_task_id,recording,,text,"Acoustic Task ID",,,,,,,,y,,,,," @READONLY"
recording_session_id,recording,,text,"Session ID",,,,,,,,y,,,,," @READONLY"
recording_name,recording,,text,"Recording Name",,,,,,,,y,,,,," @READONLY"
recording_filepath,recording,,text,"Recording Filepath",,,,,,y,,y,,,,," @READONLY"
recording_storage_account,recording,,text,"Storage Account",,,,,,y,,y,,,,," @READONLY"
recording_file_share,recording,,text,"File Share",,,,,,y,,y,,,,," @READONLY"
recording_duration,recording,,text,"Duration (Seconds)",,,,,,,,y,,,,," @READONLY"
recording_size,recording,,text,"Recording Size (KiB)",,,,,,,,y,,,,," @READONLY"
recording_created_at,recording,,text,"File Created At",,,,,,y,,,,,,," @READONLY"
recording_profile_name,recording,,radio,"Recording Profile Name","speech, Speech | breathe, Breathe | cough, Cough",,,,,,,y,,,,," @READONLY"
recording_profile_version,recording,,radio,"Recording Profile Version","1, v1.0.0",,,,,,,y,,,,," @READONLY"
recording_input_gain,recording,,text,"Recording Input Gain",,,,,,,,y,,,,," @READONLY"
recording_microphone,recording,,text,"Recording Microphone",,,,,,,,y,,,,," @READONLY"
recording_origin,recording,,radio,"Recording - origin","app, Bridge2AI App | website, Bridge2AI Web App | reproschema, Bridge2AI Reproschema",,,,,,,y,,,,," @READONLY"
recording_via,recording,,radio,"Recording - via","dataCollector, Data Collector | participant, Participant",,,,,,,y,,,,," @READONLY"
recording_language,recording,,radio,"Recording - Language","1, English | 3, Spanish",,,,,,,y,,,,," @READONLY"
recording_platform,recording,"Device Metadata",text,"Recording - Platform",,,,,,,,y,,,,," @READONLY"
recording_platform_version,recording,,text,"Recording - Platform Version",,,,,,,,y,,,,," @READONLY"
recording_platform_architecture,recording,,text,"Recording - Platform Architecture",,,,,,,,y,,,,," @READONLY"
recording_browser,recording,,text,"Recording - Browser",,,,,,,,y,,,,," @READONLY"
recording_browser_version,recording,,text,"Recording - Browser Version",,,,,,,,y,,,,," @READONLY"
recording_screen_resolution,recording,,text,"Recording - Screen Resolution",,,,,,,,y,,,,," @READONLY"
recording_window_resolution,recording,,text,"Recording - Window Resolution",,,,,,,,y,,,,," @READONLY"
recording_device_info,recording,,text,"Recording - Device Info",,,,,,,,y,,,,," @READONLY"
recording_device_type,recording,,text,"Recording - Device Type",,,,,,,,y,,,,," @READONLY"
recording_touch_screen,recording,,radio,"Recording - Touch Screen","yes, Yes | no, No | notCertain, Not certain",,,,,,,y,,,,," @READONLY"
demographics_session_id,q_generic_demographics,"Questionnaire - Metadata",text,"Session ID",,,,,,,,y,,,,," @READONLY"
demographics_started_at,q_generic_demographics,,text,"Questionnaire Started At",,,,,,y,,,,,,," @READONLY"
demographics_completed_at,q_generic_demographics,,text,"Questionnaire Completed At",,,,,,y,,,,,,," @READONLY"
demographics_duration,q_generic_demographics,,text,"Questionnaire Duration (seconds)",,,number,0,,,,,,,,," @READONLY"
demographics_origin,q_generic_demographics,,radio,"Demographics - origin","app, Bridge2AI App | website, Bridge2AI Web App",,,,,,,y,,,,," @READONLY"
demographics_via,q_generic_demographics,,radio,"Demographics - via","dataCollector, Data Collector | participant, Participant",,,,,,,y,,,,," @READONLY"
demographics_language,q_generic_demographics,,radio,"Demographics - Language","1, English | 3, Spanish",,,,,,,y,,,,," @READONLY"
zipcode,q_generic_demographics,"Address Information",text,Zipcode,,"5 Digit for USA and 3 Digit for Canada",,,,y,,,,,,,
country,q_generic_demographics,,dropdown,Country,"1, USA | 2, Canada",,,,,,,y,,,,,
gender_identity,q_generic_demographics,"Patient Demographics",radio,"What is your gender identity?","female, Female gender identity | male, Male gender identity | nonBinary, Non-binary or genderqueer gender identity | other, Other | noAnswer, Prefer not to answer",,,,,,,y,,,,,
other_gender_identity,q_generic_demographics,,text,"If you selected ""other"" for gender identity, please specify:",,,,,,,[gender_identity]='other',,,,,,
specify_gender_identity,q_generic_demographics,,radio,"Please specify gender identity","cis, Cis: same gender as the sex assigned at birth | trans, Trans",,,,,,"[gender_identity]=""female"" or [gender_identity]=""male""",,,,,,
sex_assigned_at_birth,q_generic_demographics,,radio,"What was your sex assigned at birth?","female, Female | male, Male | intersex, Intersex | unknown, Unknown | noAnswer, Prefer not to answer",,,,,,,y,,,,,
sexual_orientation,q_generic_demographics,,radio,"What is your sexual orientation?","bisexual, Bisexual | heterosexual, Heterosexual (straight) | homosexual, Homosexual (e.g. gay, lesbian) | other, Other (Please specify) | noAnswer, Prefer not to answer",,,,,,,y,,,,,
other_sex_orientation,q_generic_demographics,,text,"If you selected ""other"" for sexual orientation, please specify:",,,,,,,[sexual_orientation]='other',,,,,,
race,q_generic_demographics,,checkbox,"Which race category best describes you? Choose all that apply","1, American Indian or Alaska Native | 2, Asian | 3, Black or African American | 4, Native Hawaiian or other Pacific Islander | 5, White | 6, Canadian Indigenous or Aboriginal | 7, Other | 8, Prefer not to answer",,,,,,,,,,,,
native_american_race,q_generic_demographics,,checkbox,"American Indian or Alaska Native","1004_1, American Indian | 1735_0, Alaska Native",,,,,,"[race(1)] = ""1""",,,,,,
asian_race,q_generic_demographics,,checkbox,Asian,"2029_7, Asian Indian | 2030_5, Bangladeshi | 2031_3, Bhutanese | 2032_1, Burmese | 2033_9, Cambodian | 2034_7, Chinese | 2035_4, Taiwanese | 2036_2, Filipino | 2037_0, Hmong | 2038_8, Indonesian | 2039_6, Japanese | 2040_4, Korean | 2041_2, Laotian | 2042_0, Malaysian | 2043_8, Okinawan | 2044_6, Pakistani | 2045_3, Sri Lankan | 2046_1, Thai | 2047_9, Vietnamese | 2048_7, Iwo Jiman | 2049_5, Maldivian | 2050_3, Nepalese | 2051_1, Singaporean | 2052_9, Madagascar",,,,,,"[race(2)]=""1""",,,,,,
black_race,q_generic_demographics,,checkbox,"Black or African American","2056_0, Black | 2058_6, African American | 2060_2, African | 2067_7, Bahamian | 2068_5, Barbadian | 2069_3, Dominican | 2070_1, Dominica Islander | 2071_9, Haitian | 2072_7, Jamaican | 2073_5, Tobagoan | 2074_3, Trinidadian | 2075_0, West Indian",,,,,,"[race(3)]=""1""",,,,,,
pacific_islander_race,q_generic_demographics,,checkbox,"Native Hawaiian or other Pacific Islander","2078_4, Polynesian | 2085_9, Micronesian | 2100_6, Melanesian | 2500_7, Other Pacific Islander",,,,,,"[race(4)]=""1""",,,,,,
white_race,q_generic_demographics,,checkbox,White,"2108_9, European | 2118_8, Middle Eastern Or North African | 2129_5, Arab",,,,,,"[race(5)]=""1""",,,,,,
canadian_race,q_generic_demographics,,checkbox,"Canadian Indigenous or Aboriginal","ca_first_nation, First Nation | ca_inuit, Inuk/inuit | ca_metis, Metis",,,,,,"[race(6)]=""1""",,,,,,
other_race_specify,q_generic_demographics,,text,"If race not listed above, please specify:",,,,,,,"[race(7)] = ""1""",,,,,,
ethnicity,q_generic_demographics,,radio,"What is your ethnic or cultural origin?","yes, Hispanic or Latino | no, Not Hispanic or Latino | noAnswer, Prefer not to answer",,,,,,,,,,,,
hispanic_latino_selection,q_generic_demographics,,checkbox,"Check all that apply

NOTE: Once the options completed map to new options, the following options [Deprecated in Protocol v4]
2, Mexican
5, Latin American
6, Puerto Rican
7, Cuban
8, Dominican","1, Spaniard | 2, Mexican | 3, Central American | 4, South American | 5, Latin American | 6, Puerto Rican | 7, Cuban | 8, Dominican | 9, Caribbean",,,,,,"[ethnicity] = ""yes""",,,,,,
edu_level,q_generic_demographics,Education,radio,"What is your highest level of education?","1, No formal education | 2, Some elementary school | 3, Some secondary or high school education | 4, High School or secondary school degree complete | 5, Some college education | 6, Associate's or technical degree complete | 7, College or baccalaureate degree complete | 8, Some post-baccalaureate education | 9, Graduate or professional degree complete | 10, Doctoral or post graduate education | 11, Other | 12, Prefer not to answer",,,,,y,,y,,,,,
other_edu_level,q_generic_demographics,,text,"If you selected ""other"" level of education, please specify:",,,,,,,"[edu_level]=""11""",,,,,,
employ_status,q_generic_demographics,"Employment Status",checkbox,"What is your employment status? Choose all that apply","1, Employed, freelance | 2, Employed, full time | 3, Employed, part time | 4, Employed, multiple part time jobs | 5, Student | 6, Self-employed | 7, Retired | 8, Unemployed | 9, Other | 10, Stay-at-home parent or guardian | 11, Caregiver | 12, Disabled | 13, Between jobs",,,,,,,y,,,,,
other_employ_specify,q_generic_demographics,,notes,"If you selected ""other"" employment status, please specify.",,,,,,,"[employ_status(9)] = ""1""",,,,,,
hearing,q_generic_demographics,,radio,"Are you deaf or do you have serious difficulty hearing?","no, No | yes, Yes | noAnswer, Prefer not to answer",,,,,,,,,,,,
vision,q_generic_demographics,,radio,"Are you blind or do you have serious difficulty seeing, even when wearing glasses?","no, No | yes, Yes | noAnswer, Prefer not to answer",,,,,,,,,,,,
cognition,q_generic_demographics,,radio,"Because of a physical, mental, or emotional condition, do you have serious difficulty concentrating, remembering, or making decisions?","no, No | yes, Yes | noAnswer, Prefer not to answer",,,,,,,,,,,,
mobility,q_generic_demographics,,radio,"Do you have serious difficulty walking or climbing stairs?","no, No | yes, Yes | noAnswer, Prefer not to answer",,,,,,,,,,,,
self_care,q_generic_demographics,,radio,"Do you have difficulty dressing or bathing?","no, No | yes, Yes | noAnswer, Prefer not to answer",,,,,,,,,,,,
independent_living,q_generic_demographics,,radio,"Because of a physical, mental, or emotional condition, do you have difficulty doing errands alone such as visiting a doctor's office or shopping?","no, No | yes, Yes | noAnswer, Prefer not to answer",,,,,,,,,,,,
colorblind,q_generic_demographics,,radio,"Are you colorblind?","yes, Yes | no, No | notCertain, Not certain",,,,,,,y,,,,,
tone_deaf,q_generic_demographics,,radio,"Are you tone deaf?","yes, Yes | no, No | notCertain, Not certain",,,,,,,y,,,,,
occupation,q_generic_demographics,,text,"What do you consider to be or have been your primary occupation?",,,,,,,,,,,,,
veteran,q_generic_demographics,,yesno,"Are you a veteran?",,,,,,,,y,,,,,
household_income_usa,q_generic_demographics,"Demographics - Optional",radio,"What was your total household income last year (USD)? Please include all sources of income, including pensions, dividends, alimony, child support, etc.","1, < $15,000 | 2, $15,000 to $29,999 | 3, $30,000 to $$49,999 | 4, $50,000 to $99,999 | 5, $100,000 to $149,999 | 6, $150,000 to $199,999 | 7, $200,000 to $249,999 | 8, >$250,000 | 9, Prefer not to answer",,,,,,"[country] =""1""",,,,,,
financial_assistance_usa,q_generic_demographics,,radio,"Do you receive a significant portion (>20%) of your income through any of the following federally-funded income assistance programs: SNAP, WIC, or Social Security?
","no, No | yes, Yes | noAnswer, Prefer not to answer",,,,,,"[country] =""1""",,,,,,
household_income_ca,q_generic_demographics,,radio,"What was your total household income last year (CAD)? Please include all sources of income, including pensions, dividends, alimony, child support, etc.","1, < $15,000 | 2, $15,000 to $29,999 | 3, $30,000 to $$49,999 | 4, $50,000 to $99,999 | 5, $100,000 to $149,999 | 6, $150,000 to $199,999 | 7, $200,000 to $249,999 | 8, >$250,000 | 9, Prefer not to answer",,,,,,"[country]=""2""",,,,,,
financial_assistance_ca,q_generic_demographics,,radio,"Do you receive a significant portion (>20%) of your income through the following federally-funded income assistance program(s): Veteran Disability Pension, Employment Insurance Sickness Benefits, or Canada Pension Plan Disability Benefits","no, No | yes, Yes | noAnswer, Prefer not to answer",,,,,,"[country]=""2""",,,,,,
marital_status,q_generic_demographics,,checkbox,"What is your marital status? Choose all that apply","1, Single | 2, Married | 3, In a relationship | 4, Not married | 5, Separated | 6, Divorced | 7, Widowed",,,,,,,,,,,,
housing_status,q_generic_demographics,,radio,"What is your current housing status?","1, Assisted living | 3, Own home | 4, Rent home | 5, Skilled nursing facility/nursing home | 6, Unhoused-temporarily | 7, Unhoused-permanently | 8, Long-term care facility | 9, Retirement community | 10, Live with family",,,,,,,,,,,,
live_by_yourself,q_generic_demographics,,radio,"Do you live by yourself?","yes, Yes | no, No | noAnswer, Prefer not to answer",,,,,,,,,,,,
household_count,q_generic_demographics,,text,"How many people live with you?",,,number,,,,"[live_by_yourself]=""no""",,,,,,
spouse_partner_sig_other,q_generic_demographics,"Who lives with you? Choose all that apply",radio,"Spouse/partner/significant other","1, Yes | 0, No",,,,,,[household_count]>0,,,,live_with_household,,
children,q_generic_demographics,,radio,"One or more children","1, Yes | 0, No",,,,,,[household_count]>0,,,,live_with_household,,
parent,q_generic_demographics,,radio,"One or more parent","1, Yes | 0, No",,,,,,[household_count]>0,,,,live_with_household,,
grandparent,q_generic_demographics,,radio,"One or more grandparent","1, Yes | 0, No",,,,,,[household_count]>0,,,,live_with_household,,
roommate,q_generic_demographics,,radio,Roommate(s),"1, Yes | 0, No",,,,,,[household_count]>0,,,,live_with_household,,
other_live_with,q_generic_demographics,,radio,Other,"1, Yes | 0, No",,,,,,[household_count]>0,,,,live_with_household,,
others_household_specify,q_generic_demographics,,text,"If ""others"" live in your household, please specify:",,,,,,,"[other_live_with]=""1""",,,,,,
transportation,q_generic_demographics,,radio,"Do you have a reliable mode of transportation?","yes, Yes | no, No | noAnswer, Prefer not to answer",,,,,,,,,,,,
primary_transportation,q_generic_demographics,,radio,"What is your primary mode of transportation?","1, Personal vehicle | 2, Shared vehicle | 3, Public transportation | 4, Ride with someone else | 5, Ride service | 6, Bicycle/Motorbike | 7, Walking | 8, Other (Please specify)",,,,,,"[transportation]=""yes""",,,,,,
other_transportation,q_generic_demographics,,text,"If you selected ""other"" transportation, please specify.",,,,,,,"[primary_transportation]=""8""",,,,,,
demographics_completed_by,q_generic_demographics,"Deprecated Fields",checkbox,"[DEPRECATED]
Who is completing this survey?","1, Self | 2, Assistant | 3, Parent/Caregiver",,,,,,,,,,,,
city,q_generic_demographics,,text,"[DEPRECATED]
City ",,,,,,y,,,,,,,
state_province,q_generic_demographics,,text,"[DEPRECATED]
State/Province",,,,,,,,,,,,,
assistance_programs_usa,q_generic_demographics,,checkbox,"[DEPRECATED]
Do you take advantage of any of the following programs? Choose all that apply","1, Supplemental Security Income (SSI) | 2, Supplemental Nutrition Assistance Program (SNAP) | 3, Special Supplemental Nutrition Program for Women, Infants, and Children (WIC) | 4, Temporary Assistance for Needy Families (TANF), including Pass through Child Support | 5, General Assistance (GA)",,,,,,"[country] =""1""",,,,,,
assistance_programs_ca,q_generic_demographics,,checkbox,"[DEPRECATED]
Do you take advantage of any of the following programs? Choose all that apply","1, Supplemental Security Income (SSI) | 2, Supplemental Nutrition Assistance Program (SNAP) | 3, Special Supplemental Nutrition Program for Women, Infants, and Children (WIC) | 4, Temporary Assistance for Needy Families (TANF), including Pass through Child Support | 5, General Assistance (GA)",,,,,,"[country]=""2""",,,,,," @HIDDEN"
citizen,q_generic_demographics,,radio,"[DEPRECATED]
Citizen","1, Citizen | 2, Permanent resident (Green card holder) | 3, Non-citizen US/Canadian national | 4, Refugee | 5, Asylum seeker | 6, Non-immigrant student | 7, Non-immigrant worker | 8, Prefer not to answer",,,,,,,y,,,,," @HIDDEN"
transportation_yn,q_generic_demographics,,yesno,"[DEPRECATED]
Do you have a reliable mode of transportation?",,,,,,,,,,,,," @HIDDEN"
confounders_session_id,q_generic_confounders,"Questionnaire - Metadata",text,"Session ID",,,,,,,,y,,,,," @READONLY"
confounders_started_at,q_generic_confounders,,text,"Questionnaire Started At",,,,,,y,,,,,,," @READONLY"
confounders_completed_at,q_generic_confounders,,text,"Questionnaire Completed At",,,,,,y,,,,,,," @READONLY"
confounders_duration,q_generic_confounders,,text,"Questionnaire Duration (seconds)",,,number,0,,,,,,,,," @READONLY"
confounders_origin,q_generic_confounders,,radio,"Confounders - origin","app, Bridge2AI App | website, Bridge2AI Web App",,,,,,,y,,,,," @READONLY"
confounders_via,q_generic_confounders,,radio,"Confounders - via","dataCollector, Data Collector | participant, Participant",,,,,,,y,,,,," @READONLY"
confounders_language,q_generic_confounders,,radio,"Confounders - Language","1, English | 3, Spanish",,,,,,,y,,,,," @READONLY"
tell_us_about_you_health_header,q_generic_confounders,,descriptive,"<div class=""rich-text-field-label""><div class=""rich-text-field-label""> <div class=""rich-text-field-label""> <p>TELL US ABOUT YOUR HEALTH<span style=""font-weight: normal;""> </span><br><br><span style=""text-decoration: underline;"">MEDICAL HISTORY</span><span style=""font-weight: normal;""> </span><br><span style=""font-weight: normal;"">There are some medical conditions that could have long term effects on your voice. In the following questions you will be asked about your CURRENT conditions as well as those you may have had in the PAST. Please read each set of questions carefully.</span></p> <p style=""line-height: 107%;""><strong>NOTE: </strong><span style=""font-weight: normal;"">[All fields will be pre-populated to NO/NEVER unless the person noted the condition at enrollment. E.g. if the person enrolled with chronic cough, then ""Chronic cough"" will be pre-populated to YES/CURRENT.]</span></p> <p style=""line-height: 107%;""> </p> <p style=""line-height: 107%;""> </p> </div> </div></div>",,,,,,,,,,,,,
chronic_ear_infections,q_generic_confounders,"Have you ever been diagnosed by a doctor with any of the following conditions that affect your EARS, NOSE, or MOUTH? 

To save you time, the responses are pre-set to ""NO"". Please only change the responses that apply to you. If you have never had the condition, you can leave the response as it is.

Condition",radio,"Chronic ear infections","yes, Yes | no, No | noAnswer, Prefer Not to Answer",,,,,,,,,,ear_nose_mouth_condition,,
cleft_lip,q_generic_confounders,,radio,"Cleft lip","yes, Yes | no, No | noAnswer, Prefer Not to Answer",,,,,,,,,,ear_nose_mouth_condition,,
cleft_palate,q_generic_confounders,,radio,"Cleft palate","yes, Yes | no, No | noAnswer, Prefer Not to Answer",,,,,,,,,,ear_nose_mouth_condition,,
craniofacial_trauma,q_generic_confounders,,radio,"Craniofacial trauma","yes, Yes | no, No | noAnswer, Prefer Not to Answer",,,,,,,,,,ear_nose_mouth_condition,,
hearing_loss,q_generic_confounders,,radio,"Hearing loss","yes, Yes | no, No | noAnswer, Prefer Not to Answer",,,,,,,,,,ear_nose_mouth_condition,,
seasonal_allergies_med_hist_enm,q_generic_confounders,,radio,"Seasonal allergies","yes, Yes | no, No | noAnswer, Prefer Not to Answer",,,,,,,,,,ear_nose_mouth_condition,,
sinusitis,q_generic_confounders,,radio,"Sinusitis (rhinitis)","yes, Yes | no, No | noAnswer, Prefer Not to Answer",,,,,,,,,,ear_nose_mouth_condition,,
sjogrens_syndrome,q_generic_confounders,,radio,"Sjögren's syndrome","yes, Yes | no, No | noAnswer, Prefer Not to Answer",,,,,,,,,,ear_nose_mouth_condition,,
velopharyngeal_insufficiency,q_generic_confounders,,radio,"Velopharyngeal insufficiency (e.g. hyponasality, nasal emission, etc.)","yes, Yes | no, No | noAnswer, Prefer Not to Answer",,,,,,,,,,ear_nose_mouth_condition,,
any_dental_condition,q_generic_confounders,,radio,"Do you currently have any dental condition(s) (e.g. tooth loss, dentures, retainer, braces, etc.)?","yes, Yes | no, No | noAnswer, Prefer Not to Answer",,,,,,,,,,,,
any_dental_condition_specify,q_generic_confounders,,text,"Please specify what dental condition(s) you have.",,,,,,,[any_dental_condition]='yes',,,,,,
other_ear_nose_mouth_condition,q_generic_confounders,,radio,"Do you currently have any other condition(s) of your ear, nose, or mouth?","yes, Yes | no, No | noAnswer, Prefer Not to Answer",,,,,,,,,,,,
other_ear_nose_mouth_condition_specify,q_generic_confounders,,text,"Please specify what other condition(s) of your ear, nose, or mouth you have.",,,,,,,[other_ear_nose_mouth_condition]='yes',,,,,,
acid_reflux,q_generic_confounders,"Have you ever been diagnosed by a doctor with any of the following conditions that affect your THROAT? Please check all that apply.

To save you time, the responses are pre-set to ""NEVER"". Please only change the responses that apply to you. If you have never had the condition, you can leave the response as it is.

Condition",checkbox,"Acid reflux (e.g. heart burn, GERD, etc.)","past, Past | current, Current | never, Never | no_answer, Prefer Not To Answer",,,,,,,,,,throat_condition,,
airway_stenosis_med_hist_throat,q_generic_confounders,,checkbox,"Airway stenosis (e.g. glottal, subglottal, tracheal, etc.)","past, Past | current, Current | never, Never | no_answer, Prefer Not To Answer",,,,,,,,,,throat_condition,,
chronic_cough_med_hist_throat,q_generic_confounders,,checkbox,"Chronic cough","past, Past | current, Current | never, Never | no_answer, Prefer Not To Answer",,,,,,,,,,throat_condition,,
glottic_insufficiency_med_hist_throat,q_generic_confounders,,checkbox,"Glottic insufficiency, presbyphonia","past, Past | current, Current | never, Never | no_answer, Prefer Not To Answer",,,,,,,,,,throat_condition,,
laryngitis_med_hist_throat,q_generic_confounders,,checkbox,Laryngitis,"past, Past | current, Current | never, Never | no_answer, Prefer Not To Answer",,,,,,,,,,throat_condition,,
laryngospasm_irritable_larynx,q_generic_confounders,,checkbox,"Laryngospasm, irritable larynx","past, Past | current, Current | never, Never | no_answer, Prefer Not To Answer",,,,,,,,,,throat_condition,,
muscle_tension_dysphonia,q_generic_confounders,,checkbox,"Muscle tension dysphonia","past, Past | current, Current | never, Never | no_answer, Prefer Not To Answer",,,,,,,,,,throat_condition,,
swallowing_disorder,q_generic_confounders,,checkbox,"Swallowing disorder/dysphagia","past, Past | current, Current | never, Never | no_answer, Prefer Not To Answer",,,,,,,,,,throat_condition,,
thyroid_disease,q_generic_confounders,,checkbox,"Thyroid disease (e.g. thyroid polyp, Hashimoto's Grave's disease, hypo/hyperthyroidism, etc.)","past, Past | current, Current | never, Never | no_answer, Prefer Not To Answer",,,,,,,,,,throat_condition,,
vocal_cord_dysfunction,q_generic_confounders,,checkbox,"Vocal cord dysfunction/paradoxical vocal fold motion","past, Past | current, Current | never, Never | no_answer, Prefer Not To Answer",,,,,,,,,,throat_condition,,
vocal_fold_hemorrhage,q_generic_confounders,,checkbox,"Vocal fold hemorrhage or bleed","past, Past | current, Current | never, Never | no_answer, Prefer Not To Answer",,,,,,,,,,throat_condition,,
lesions_vocal_cord,q_generic_confounders,,checkbox,"Lesions of the vocal cord","past, Past | current, Current | never, Never | no_answer, Prefer Not To Answer",,,,,,,,,,throat_condition,,
vfp_bilateral,q_generic_confounders,,checkbox,"Vocal fold paralysis (bilateral)","past, Past | current, Current | never, Never | no_answer, Prefer Not To Answer",,,,,,,,,,throat_condition,,
vfp_unilateral,q_generic_confounders,,checkbox,"Vocal fold paralysis (unilateral)","past, Past | current, Current | never, Never | no_answer, Prefer Not To Answer",,,,,,,,,,throat_condition,,
other_throat_condition,q_generic_confounders,,checkbox,"Other throat condition","past, Past | current, Current | never, Never | no_answer, Prefer Not To Answer",,,,,,,,,,throat_condition,,
other_throat_condition_specify,q_generic_confounders,,text,"Please specify what other throat condition(s) you currently have.",,,,,,,[other_throat_condition(current)]='1',,,,,,
daily_env_pollution_affects_your_breathing_voice,q_generic_confounders,,radio,"Do you feel as though everyday environmental pollution (e.g. smog, smoke, dust, etc) significantly affects your breathing or voice?","yes, Yes | no, No | notCertain, Not certain | noAnswer, Prefer Not to Answer",,,,,,,,,,,,
apraxia_of_speech,q_generic_confounders,"Have you ever been diagnosed by a doctor with any of these other SPEECH conditions?

To save you time, the responses are pre-set to ""NO"". Please only change the responses that apply to you. If you have never had the condition, you can leave the response as it is.
",radio,"Apraxia of speech","yes, Yes | no, No | noAnswer, Prefer Not To Answer",,,,,,,,,,speech_conditions,,
ataxia,q_generic_confounders,,radio,Ataxia,"yes, Yes | no, No | noAnswer, Prefer Not To Answer",,,,,,,,,,speech_conditions,,
dysarthria,q_generic_confounders,,radio,Dysarthria,"yes, Yes | no, No | noAnswer, Prefer Not To Answer",,,,,,,,,,speech_conditions,,
stutter_dysfluency,q_generic_confounders,,radio,Stutter/dysfluency,"yes, Yes | no, No | noAnswer, Prefer Not To Answer",,,,,,,,,,speech_conditions,,
other_speech_condition,q_generic_confounders,,radio,"Other speech condition","yes, Yes | no, No | noAnswer, Prefer Not To Answer",,,,,,,,,,speech_conditions,,
other_speech_conditions_specify,q_generic_confounders,,text,"Please specify what other speech condition(s) you have.",,,,,,,[other_speech_condition]='yes',,,,,,
airway_surgery_reconstruction,q_generic_confounders,"Have you ever had any of the following surgical interventions for your EAR, NOSE, MOUTH, THROAT, or SPEECH condition(s)?

To save you time, the responses are pre-set to ""NO"". Please only change the responses that apply to you. If you have never had the surgical intervention, you can leave the response as it is.

Surgical Intervention",radio,"Airway surgery/reconstruction BELOW the vocal folds (e.g. tracheal reconstruction, balloon dilation, etc.)","yes, Yes | no, No | noAnswer, Prefer Not To Answer",,,,,,"# EARS, NOSE, or MOUTH conditions (yes)
[chronic_ear_infections]=""yes"" or 
    [cleft_lip]=""yes"" or 
    [cleft_palate]=""yes"" or
    [craniofacial_trauma]=""yes"" or 
    [hearing_loss]=""yes""  or
    [seasonal_allergies_med_hist_enm]=""yes"" or  
    [sinusitis]=""yes"" or
    [sjogrens_syndrome]=""yes"" or 
    [velopharyngeal_insufficiency]=""yes"" or
    [any_dental_condition]=""yes"" or
    [other_ear_nose_mouth_condition] =""yes"" or
# THROAT conditions (past, current)
[acid_reflux(past)]=""1"" or [acid_reflux(current)]=""1"" or
    [airway_stenosis_med_hist_throat(past)]=""1"" or
    [airway_stenosis_med_hist_throat(current)]=""1"" or
    [chronic_cough_med_hist_throat(past)]=""1"" or
    [chronic_cough_med_hist_throat(current)]=""1"" or
    [glottic_insufficiency_med_hist_throat(past)]=""1"" or
    [glottic_insufficiency_med_hist_throat(current)]=""1"" or
    [laryngitis_med_hist_throat(past)]=""1"" or 
    [laryngitis_med_hist_throat(current)]=""1"" or
    [laryngospasm_irritable_larynx(past)] or
    [laryngospasm_irritable_larynx(current)] or
    [muscle_tension_dysphonia(past)]=""1"" or 
    [muscle_tension_dysphonia(current)]=""1"" or 
    [swallowing_disorder(past)]=""1"" or 
    [swallowing_disorder(current)]=""1"" or 
    [thyroid_disease(past)]=""1"" or 
    [thyroid_disease(current)]=""1"" or 
    [vocal_cord_dysfunction(past)]=""1"" or 
    [vocal_cord_dysfunction(current)]=""1"" or 
    [vocal_fold_hemorrhage(past)]=""1"" or 
    [vocal_fold_hemorrhage(current)]=""1"" or 
    [lesions_vocal_cord(past)]=""1"" or 
    [lesions_vocal_cord(current)]=""1"" or 
    [vfp_bilateral(past)]=""1"" or [vfp_bilateral(current)]=""1"" or 
    [vfp_unilateral(past)]=""1"" or [vfp_unilateral(current)]=""1"" or
    [other_throat_condition(past)]=""1"" or 
    [other_throat_condition(current)]=""1"" or
# SPEECH conditions (yes)
[apraxia_of_speech]=""yes"" or
    [ataxia]=""yes"" or 
    [dysarthria]=""yes"" or
    [stutter_dysfluency]=""yes"" or
    [other_speech_condition]=""yes""",,,,ear_nose_mouth_throat_speed_condition,,
chronic_ear_surgery,q_generic_confounders,,radio,"Chronic ear surgery (e.g. mastoid surgery, etc.)","yes, Yes | no, No | noAnswer, Prefer Not To Answer",,,,,,"# EARS, NOSE, or MOUTH conditions (yes)
[chronic_ear_infections]=""yes"" or 
    [cleft_lip]=""yes"" or 
    [cleft_palate]=""yes"" or
    [craniofacial_trauma]=""yes"" or 
    [hearing_loss]=""yes""  or
    [seasonal_allergies_med_hist_enm]=""yes"" or  
    [sinusitis]=""yes"" or
    [sjogrens_syndrome]=""yes"" or 
    [velopharyngeal_insufficiency]=""yes"" or
    [any_dental_condition]=""yes"" or
    [other_ear_nose_mouth_condition] =""yes"" or
# THROAT conditions (past, current)
[acid_reflux(past)]=""1"" or [acid_reflux(current)]=""1"" or
    [airway_stenosis_med_hist_throat(past)]=""1"" or
    [airway_stenosis_med_hist_throat(current)]=""1"" or
    [chronic_cough_med_hist_throat(past)]=""1"" or
    [chronic_cough_med_hist_throat(current)]=""1"" or
    [glottic_insufficiency_med_hist_throat(past)]=""1"" or
    [glottic_insufficiency_med_hist_throat(current)]=""1"" or
    [laryngitis_med_hist_throat(past)]=""1"" or 
    [laryngitis_med_hist_throat(current)]=""1"" or
    [laryngospasm_irritable_larynx(past)] or
    [laryngospasm_irritable_larynx(current)] or
    [muscle_tension_dysphonia(past)]=""1"" or 
    [muscle_tension_dysphonia(current)]=""1"" or 
    [swallowing_disorder(past)]=""1"" or 
    [swallowing_disorder(current)]=""1"" or 
    [thyroid_disease(past)]=""1"" or 
    [thyroid_disease(current)]=""1"" or 
    [vocal_cord_dysfunction(past)]=""1"" or 
    [vocal_cord_dysfunction(current)]=""1"" or 
    [vocal_fold_hemorrhage(past)]=""1"" or 
    [vocal_fold_hemorrhage(current)]=""1"" or 
    [lesions_vocal_cord(past)]=""1"" or 
    [lesions_vocal_cord(current)]=""1"" or 
    [vfp_bilateral(past)]=""1"" or [vfp_bilateral(current)]=""1"" or 
    [vfp_unilateral(past)]=""1"" or [vfp_unilateral(current)]=""1"" or
    [other_throat_condition(past)]=""1"" or 
    [other_throat_condition(current)]=""1"" or
# SPEECH conditions (yes)
[apraxia_of_speech]=""yes"" or
    [ataxia]=""yes"" or 
    [dysarthria]=""yes"" or
    [stutter_dysfluency]=""yes"" or
    [other_speech_condition]=""yes""",,,,ear_nose_mouth_throat_speed_condition,,
cochlear_implant,q_generic_confounders,,radio,"Cochlear implant","yes, Yes | no, No | noAnswer, Prefer Not To Answer",,,,,,"# EARS, NOSE, or MOUTH conditions (yes)
[chronic_ear_infections]=""yes"" or 
    [cleft_lip]=""yes"" or 
    [cleft_palate]=""yes"" or
    [craniofacial_trauma]=""yes"" or 
    [hearing_loss]=""yes""  or
    [seasonal_allergies_med_hist_enm]=""yes"" or  
    [sinusitis]=""yes"" or
    [sjogrens_syndrome]=""yes"" or 
    [velopharyngeal_insufficiency]=""yes"" or
    [any_dental_condition]=""yes"" or
    [other_ear_nose_mouth_condition] =""yes"" or
# THROAT conditions (past, current)
[acid_reflux(past)]=""1"" or [acid_reflux(current)]=""1"" or
    [airway_stenosis_med_hist_throat(past)]=""1"" or
    [airway_stenosis_med_hist_throat(current)]=""1"" or
    [chronic_cough_med_hist_throat(past)]=""1"" or
    [chronic_cough_med_hist_throat(current)]=""1"" or
    [glottic_insufficiency_med_hist_throat(past)]=""1"" or
    [glottic_insufficiency_med_hist_throat(current)]=""1"" or
    [laryngitis_med_hist_throat(past)]=""1"" or 
    [laryngitis_med_hist_throat(current)]=""1"" or
    [laryngospasm_irritable_larynx(past)] or
    [laryngospasm_irritable_larynx(current)] or
    [muscle_tension_dysphonia(past)]=""1"" or 
    [muscle_tension_dysphonia(current)]=""1"" or 
    [swallowing_disorder(past)]=""1"" or 
    [swallowing_disorder(current)]=""1"" or 
    [thyroid_disease(past)]=""1"" or 
    [thyroid_disease(current)]=""1"" or 
    [vocal_cord_dysfunction(past)]=""1"" or 
    [vocal_cord_dysfunction(current)]=""1"" or 
    [vocal_fold_hemorrhage(past)]=""1"" or 
    [vocal_fold_hemorrhage(current)]=""1"" or 
    [lesions_vocal_cord(past)]=""1"" or 
    [lesions_vocal_cord(current)]=""1"" or 
    [vfp_bilateral(past)]=""1"" or [vfp_bilateral(current)]=""1"" or 
    [vfp_unilateral(past)]=""1"" or [vfp_unilateral(current)]=""1"" or
    [other_throat_condition(past)]=""1"" or 
    [other_throat_condition(current)]=""1"" or
# SPEECH conditions (yes)
[apraxia_of_speech]=""yes"" or
    [ataxia]=""yes"" or 
    [dysarthria]=""yes"" or
    [stutter_dysfluency]=""yes"" or
    [other_speech_condition]=""yes""",,,,ear_nose_mouth_throat_speed_condition,,
cordotomy_arytenoidectomy_arytenoid_tie_back,q_generic_confounders,,radio,"Cordotomy, arytenoidectomy, arytenoid tie back, etc.","yes, Yes | no, No | noAnswer, Prefer Not To Answer",,,,,,"# EARS, NOSE, or MOUTH conditions (yes)
[chronic_ear_infections]=""yes"" or 
    [cleft_lip]=""yes"" or 
    [cleft_palate]=""yes"" or
    [craniofacial_trauma]=""yes"" or 
    [hearing_loss]=""yes""  or
    [seasonal_allergies_med_hist_enm]=""yes"" or  
    [sinusitis]=""yes"" or
    [sjogrens_syndrome]=""yes"" or 
    [velopharyngeal_insufficiency]=""yes"" or
    [any_dental_condition]=""yes"" or
    [other_ear_nose_mouth_condition] =""yes"" or
# THROAT conditions (past, current)
[acid_reflux(past)]=""1"" or [acid_reflux(current)]=""1"" or
    [airway_stenosis_med_hist_throat(past)]=""1"" or
    [airway_stenosis_med_hist_throat(current)]=""1"" or
    [chronic_cough_med_hist_throat(past)]=""1"" or
    [chronic_cough_med_hist_throat(current)]=""1"" or
    [glottic_insufficiency_med_hist_throat(past)]=""1"" or
    [glottic_insufficiency_med_hist_throat(current)]=""1"" or
    [laryngitis_med_hist_throat(past)]=""1"" or 
    [laryngitis_med_hist_throat(current)]=""1"" or
    [laryngospasm_irritable_larynx(past)] or
    [laryngospasm_irritable_larynx(current)] or
    [muscle_tension_dysphonia(past)]=""1"" or 
    [muscle_tension_dysphonia(current)]=""1"" or 
    [swallowing_disorder(past)]=""1"" or 
    [swallowing_disorder(current)]=""1"" or 
    [thyroid_disease(past)]=""1"" or 
    [thyroid_disease(current)]=""1"" or 
    [vocal_cord_dysfunction(past)]=""1"" or 
    [vocal_cord_dysfunction(current)]=""1"" or 
    [vocal_fold_hemorrhage(past)]=""1"" or 
    [vocal_fold_hemorrhage(current)]=""1"" or 
    [lesions_vocal_cord(past)]=""1"" or 
    [lesions_vocal_cord(current)]=""1"" or 
    [vfp_bilateral(past)]=""1"" or [vfp_bilateral(current)]=""1"" or 
    [vfp_unilateral(past)]=""1"" or [vfp_unilateral(current)]=""1"" or
    [other_throat_condition(past)]=""1"" or 
    [other_throat_condition(current)]=""1"" or
# SPEECH conditions (yes)
[apraxia_of_speech]=""yes"" or
    [ataxia]=""yes"" or 
    [dysarthria]=""yes"" or
    [stutter_dysfluency]=""yes"" or
    [other_speech_condition]=""yes""",,,,ear_nose_mouth_throat_speed_condition,,
ear_tubes,q_generic_confounders,,radio,"Ear tubes","yes, Yes | no, No | noAnswer, Prefer Not To Answer",,,,,,"# EARS, NOSE, or MOUTH conditions (yes)
[chronic_ear_infections]=""yes"" or 
    [cleft_lip]=""yes"" or 
    [cleft_palate]=""yes"" or
    [craniofacial_trauma]=""yes"" or 
    [hearing_loss]=""yes""  or
    [seasonal_allergies_med_hist_enm]=""yes"" or  
    [sinusitis]=""yes"" or
    [sjogrens_syndrome]=""yes"" or 
    [velopharyngeal_insufficiency]=""yes"" or
    [any_dental_condition]=""yes"" or
    [other_ear_nose_mouth_condition] =""yes"" or
# THROAT conditions (past, current)
[acid_reflux(past)]=""1"" or [acid_reflux(current)]=""1"" or
    [airway_stenosis_med_hist_throat(past)]=""1"" or
    [airway_stenosis_med_hist_throat(current)]=""1"" or
    [chronic_cough_med_hist_throat(past)]=""1"" or
    [chronic_cough_med_hist_throat(current)]=""1"" or
    [glottic_insufficiency_med_hist_throat(past)]=""1"" or
    [glottic_insufficiency_med_hist_throat(current)]=""1"" or
    [laryngitis_med_hist_throat(past)]=""1"" or 
    [laryngitis_med_hist_throat(current)]=""1"" or
    [laryngospasm_irritable_larynx(past)] or
    [laryngospasm_irritable_larynx(current)] or
    [muscle_tension_dysphonia(past)]=""1"" or 
    [muscle_tension_dysphonia(current)]=""1"" or 
    [swallowing_disorder(past)]=""1"" or 
    [swallowing_disorder(current)]=""1"" or 
    [thyroid_disease(past)]=""1"" or 
    [thyroid_disease(current)]=""1"" or 
    [vocal_cord_dysfunction(past)]=""1"" or 
    [vocal_cord_dysfunction(current)]=""1"" or 
    [vocal_fold_hemorrhage(past)]=""1"" or 
    [vocal_fold_hemorrhage(current)]=""1"" or 
    [lesions_vocal_cord(past)]=""1"" or 
    [lesions_vocal_cord(current)]=""1"" or 
    [vfp_bilateral(past)]=""1"" or [vfp_bilateral(current)]=""1"" or 
    [vfp_unilateral(past)]=""1"" or [vfp_unilateral(current)]=""1"" or
    [other_throat_condition(past)]=""1"" or 
    [other_throat_condition(current)]=""1"" or
# SPEECH conditions (yes)
[apraxia_of_speech]=""yes"" or
    [ataxia]=""yes"" or 
    [dysarthria]=""yes"" or
    [stutter_dysfluency]=""yes"" or
    [other_speech_condition]=""yes""",,,,ear_nose_mouth_throat_speed_condition,,
esophageal_dilation,q_generic_confounders,,radio,"Esophageal dilation","yes, Yes | no, No | noAnswer, Prefer Not To Answer",,,,,,"# EARS, NOSE, or MOUTH conditions (yes)
[chronic_ear_infections]=""yes"" or 
    [cleft_lip]=""yes"" or 
    [cleft_palate]=""yes"" or
    [craniofacial_trauma]=""yes"" or 
    [hearing_loss]=""yes""  or
    [seasonal_allergies_med_hist_enm]=""yes"" or  
    [sinusitis]=""yes"" or
    [sjogrens_syndrome]=""yes"" or 
    [velopharyngeal_insufficiency]=""yes"" or
    [any_dental_condition]=""yes"" or
    [other_ear_nose_mouth_condition] =""yes"" or
# THROAT conditions (past, current)
[acid_reflux(past)]=""1"" or [acid_reflux(current)]=""1"" or
    [airway_stenosis_med_hist_throat(past)]=""1"" or
    [airway_stenosis_med_hist_throat(current)]=""1"" or
    [chronic_cough_med_hist_throat(past)]=""1"" or
    [chronic_cough_med_hist_throat(current)]=""1"" or
    [glottic_insufficiency_med_hist_throat(past)]=""1"" or
    [glottic_insufficiency_med_hist_throat(current)]=""1"" or
    [laryngitis_med_hist_throat(past)]=""1"" or 
    [laryngitis_med_hist_throat(current)]=""1"" or
    [laryngospasm_irritable_larynx(past)] or
    [laryngospasm_irritable_larynx(current)] or
    [muscle_tension_dysphonia(past)]=""1"" or 
    [muscle_tension_dysphonia(current)]=""1"" or 
    [swallowing_disorder(past)]=""1"" or 
    [swallowing_disorder(current)]=""1"" or 
    [thyroid_disease(past)]=""1"" or 
    [thyroid_disease(current)]=""1"" or 
    [vocal_cord_dysfunction(past)]=""1"" or 
    [vocal_cord_dysfunction(current)]=""1"" or 
    [vocal_fold_hemorrhage(past)]=""1"" or 
    [vocal_fold_hemorrhage(current)]=""1"" or 
    [lesions_vocal_cord(past)]=""1"" or 
    [lesions_vocal_cord(current)]=""1"" or 
    [vfp_bilateral(past)]=""1"" or [vfp_bilateral(current)]=""1"" or 
    [vfp_unilateral(past)]=""1"" or [vfp_unilateral(current)]=""1"" or
    [other_throat_condition(past)]=""1"" or 
    [other_throat_condition(current)]=""1"" or
# SPEECH conditions (yes)
[apraxia_of_speech]=""yes"" or
    [ataxia]=""yes"" or 
    [dysarthria]=""yes"" or
    [stutter_dysfluency]=""yes"" or
    [other_speech_condition]=""yes""",,,,ear_nose_mouth_throat_speed_condition,,
nose_surgery,q_generic_confounders,,radio,"Nose surgery (e.g. septoplasty, rhinoplasty, etc.)","yes, Yes | no, No | noAnswer, Prefer Not To Answer",,,,,,"# EARS, NOSE, or MOUTH conditions (yes)
[chronic_ear_infections]=""yes"" or 
    [cleft_lip]=""yes"" or 
    [cleft_palate]=""yes"" or
    [craniofacial_trauma]=""yes"" or 
    [hearing_loss]=""yes""  or
    [seasonal_allergies_med_hist_enm]=""yes"" or  
    [sinusitis]=""yes"" or
    [sjogrens_syndrome]=""yes"" or 
    [velopharyngeal_insufficiency]=""yes"" or
    [any_dental_condition]=""yes"" or
    [other_ear_nose_mouth_condition] =""yes"" or
# THROAT conditions (past, current)
[acid_reflux(past)]=""1"" or [acid_reflux(current)]=""1"" or
    [airway_stenosis_med_hist_throat(past)]=""1"" or
    [airway_stenosis_med_hist_throat(current)]=""1"" or
    [chronic_cough_med_hist_throat(past)]=""1"" or
    [chronic_cough_med_hist_throat(current)]=""1"" or
    [glottic_insufficiency_med_hist_throat(past)]=""1"" or
    [glottic_insufficiency_med_hist_throat(current)]=""1"" or
    [laryngitis_med_hist_throat(past)]=""1"" or 
    [laryngitis_med_hist_throat(current)]=""1"" or
    [laryngospasm_irritable_larynx(past)] or
    [laryngospasm_irritable_larynx(current)] or
    [muscle_tension_dysphonia(past)]=""1"" or 
    [muscle_tension_dysphonia(current)]=""1"" or 
    [swallowing_disorder(past)]=""1"" or 
    [swallowing_disorder(current)]=""1"" or 
    [thyroid_disease(past)]=""1"" or 
    [thyroid_disease(current)]=""1"" or 
    [vocal_cord_dysfunction(past)]=""1"" or 
    [vocal_cord_dysfunction(current)]=""1"" or 
    [vocal_fold_hemorrhage(past)]=""1"" or 
    [vocal_fold_hemorrhage(current)]=""1"" or 
    [lesions_vocal_cord(past)]=""1"" or 
    [lesions_vocal_cord(current)]=""1"" or 
    [vfp_bilateral(past)]=""1"" or [vfp_bilateral(current)]=""1"" or 
    [vfp_unilateral(past)]=""1"" or [vfp_unilateral(current)]=""1"" or
    [other_throat_condition(past)]=""1"" or 
    [other_throat_condition(current)]=""1"" or
# SPEECH conditions (yes)
[apraxia_of_speech]=""yes"" or
    [ataxia]=""yes"" or 
    [dysarthria]=""yes"" or
    [stutter_dysfluency]=""yes"" or
    [other_speech_condition]=""yes""",,,,ear_nose_mouth_throat_speed_condition,,
sinus_surgery,q_generic_confounders,,radio,"Sinus surgery","yes, Yes | no, No | noAnswer, Prefer Not To Answer",,,,,,"# EARS, NOSE, or MOUTH conditions (yes)
[chronic_ear_infections]=""yes"" or 
    [cleft_lip]=""yes"" or 
    [cleft_palate]=""yes"" or
    [craniofacial_trauma]=""yes"" or 
    [hearing_loss]=""yes""  or
    [seasonal_allergies_med_hist_enm]=""yes"" or  
    [sinusitis]=""yes"" or
    [sjogrens_syndrome]=""yes"" or 
    [velopharyngeal_insufficiency]=""yes"" or
    [any_dental_condition]=""yes"" or
    [other_ear_nose_mouth_condition] =""yes"" or
# THROAT conditions (past, current)
[acid_reflux(past)]=""1"" or [acid_reflux(current)]=""1"" or
    [airway_stenosis_med_hist_throat(past)]=""1"" or
    [airway_stenosis_med_hist_throat(current)]=""1"" or
    [chronic_cough_med_hist_throat(past)]=""1"" or
    [chronic_cough_med_hist_throat(current)]=""1"" or
    [glottic_insufficiency_med_hist_throat(past)]=""1"" or
    [glottic_insufficiency_med_hist_throat(current)]=""1"" or
    [laryngitis_med_hist_throat(past)]=""1"" or 
    [laryngitis_med_hist_throat(current)]=""1"" or
    [laryngospasm_irritable_larynx(past)] or
    [laryngospasm_irritable_larynx(current)] or
    [muscle_tension_dysphonia(past)]=""1"" or 
    [muscle_tension_dysphonia(current)]=""1"" or 
    [swallowing_disorder(past)]=""1"" or 
    [swallowing_disorder(current)]=""1"" or 
    [thyroid_disease(past)]=""1"" or 
    [thyroid_disease(current)]=""1"" or 
    [vocal_cord_dysfunction(past)]=""1"" or 
    [vocal_cord_dysfunction(current)]=""1"" or 
    [vocal_fold_hemorrhage(past)]=""1"" or 
    [vocal_fold_hemorrhage(current)]=""1"" or 
    [lesions_vocal_cord(past)]=""1"" or 
    [lesions_vocal_cord(current)]=""1"" or 
    [vfp_bilateral(past)]=""1"" or [vfp_bilateral(current)]=""1"" or 
    [vfp_unilateral(past)]=""1"" or [vfp_unilateral(current)]=""1"" or
    [other_throat_condition(past)]=""1"" or 
    [other_throat_condition(current)]=""1"" or
# SPEECH conditions (yes)
[apraxia_of_speech]=""yes"" or
    [ataxia]=""yes"" or 
    [dysarthria]=""yes"" or
    [stutter_dysfluency]=""yes"" or
    [other_speech_condition]=""yes""",,,,ear_nose_mouth_throat_speed_condition,,
sleep_surgery,q_generic_confounders,,radio,"Sleep surgery (e.g. implantable device for sleep apnea, etc.)","yes, Yes | no, No | noAnswer, Prefer Not To Answer",,,,,,"# EARS, NOSE, or MOUTH conditions (yes)
[chronic_ear_infections]=""yes"" or 
    [cleft_lip]=""yes"" or 
    [cleft_palate]=""yes"" or
    [craniofacial_trauma]=""yes"" or 
    [hearing_loss]=""yes""  or
    [seasonal_allergies_med_hist_enm]=""yes"" or  
    [sinusitis]=""yes"" or
    [sjogrens_syndrome]=""yes"" or 
    [velopharyngeal_insufficiency]=""yes"" or
    [any_dental_condition]=""yes"" or
    [other_ear_nose_mouth_condition] =""yes"" or
# THROAT conditions (past, current)
[acid_reflux(past)]=""1"" or [acid_reflux(current)]=""1"" or
    [airway_stenosis_med_hist_throat(past)]=""1"" or
    [airway_stenosis_med_hist_throat(current)]=""1"" or
    [chronic_cough_med_hist_throat(past)]=""1"" or
    [chronic_cough_med_hist_throat(current)]=""1"" or
    [glottic_insufficiency_med_hist_throat(past)]=""1"" or
    [glottic_insufficiency_med_hist_throat(current)]=""1"" or
    [laryngitis_med_hist_throat(past)]=""1"" or 
    [laryngitis_med_hist_throat(current)]=""1"" or
    [laryngospasm_irritable_larynx(past)] or
    [laryngospasm_irritable_larynx(current)] or
    [muscle_tension_dysphonia(past)]=""1"" or 
    [muscle_tension_dysphonia(current)]=""1"" or 
    [swallowing_disorder(past)]=""1"" or 
    [swallowing_disorder(current)]=""1"" or 
    [thyroid_disease(past)]=""1"" or 
    [thyroid_disease(current)]=""1"" or 
    [vocal_cord_dysfunction(past)]=""1"" or 
    [vocal_cord_dysfunction(current)]=""1"" or 
    [vocal_fold_hemorrhage(past)]=""1"" or 
    [vocal_fold_hemorrhage(current)]=""1"" or 
    [lesions_vocal_cord(past)]=""1"" or 
    [lesions_vocal_cord(current)]=""1"" or 
    [vfp_bilateral(past)]=""1"" or [vfp_bilateral(current)]=""1"" or 
    [vfp_unilateral(past)]=""1"" or [vfp_unilateral(current)]=""1"" or
    [other_throat_condition(past)]=""1"" or 
    [other_throat_condition(current)]=""1"" or
# SPEECH conditions (yes)
[apraxia_of_speech]=""yes"" or
    [ataxia]=""yes"" or 
    [dysarthria]=""yes"" or
    [stutter_dysfluency]=""yes"" or
    [other_speech_condition]=""yes""",,,,ear_nose_mouth_throat_speed_condition,,
tonsillectomy,q_generic_confounders,,radio,"Tonsillectomy (with or without adenoidectomy)","yes, Yes | no, No | noAnswer, Prefer Not To Answer",,,,,,"# EARS, NOSE, or MOUTH conditions (yes)
[chronic_ear_infections]=""yes"" or 
    [cleft_lip]=""yes"" or 
    [cleft_palate]=""yes"" or
    [craniofacial_trauma]=""yes"" or 
    [hearing_loss]=""yes""  or
    [seasonal_allergies_med_hist_enm]=""yes"" or  
    [sinusitis]=""yes"" or
    [sjogrens_syndrome]=""yes"" or 
    [velopharyngeal_insufficiency]=""yes"" or
    [any_dental_condition]=""yes"" or
    [other_ear_nose_mouth_condition] =""yes"" or
# THROAT conditions (past, current)
[acid_reflux(past)]=""1"" or [acid_reflux(current)]=""1"" or
    [airway_stenosis_med_hist_throat(past)]=""1"" or
    [airway_stenosis_med_hist_throat(current)]=""1"" or
    [chronic_cough_med_hist_throat(past)]=""1"" or
    [chronic_cough_med_hist_throat(current)]=""1"" or
    [glottic_insufficiency_med_hist_throat(past)]=""1"" or
    [glottic_insufficiency_med_hist_throat(current)]=""1"" or
    [laryngitis_med_hist_throat(past)]=""1"" or 
    [laryngitis_med_hist_throat(current)]=""1"" or
    [laryngospasm_irritable_larynx(past)] or
    [laryngospasm_irritable_larynx(current)] or
    [muscle_tension_dysphonia(past)]=""1"" or 
    [muscle_tension_dysphonia(current)]=""1"" or 
    [swallowing_disorder(past)]=""1"" or 
    [swallowing_disorder(current)]=""1"" or 
    [thyroid_disease(past)]=""1"" or 
    [thyroid_disease(current)]=""1"" or 
    [vocal_cord_dysfunction(past)]=""1"" or 
    [vocal_cord_dysfunction(current)]=""1"" or 
    [vocal_fold_hemorrhage(past)]=""1"" or 
    [vocal_fold_hemorrhage(current)]=""1"" or 
    [lesions_vocal_cord(past)]=""1"" or 
    [lesions_vocal_cord(current)]=""1"" or 
    [vfp_bilateral(past)]=""1"" or [vfp_bilateral(current)]=""1"" or 
    [vfp_unilateral(past)]=""1"" or [vfp_unilateral(current)]=""1"" or
    [other_throat_condition(past)]=""1"" or 
    [other_throat_condition(current)]=""1"" or
# SPEECH conditions (yes)
[apraxia_of_speech]=""yes"" or
    [ataxia]=""yes"" or 
    [dysarthria]=""yes"" or
    [stutter_dysfluency]=""yes"" or
    [other_speech_condition]=""yes""",,,,ear_nose_mouth_throat_speed_condition,,
tracheostomy,q_generic_confounders,,radio,Tracheostomy,"yes, Yes | no, No | noAnswer, Prefer Not To Answer",,,,,,"# EARS, NOSE, or MOUTH conditions (yes)
[chronic_ear_infections]=""yes"" or 
    [cleft_lip]=""yes"" or 
    [cleft_palate]=""yes"" or
    [craniofacial_trauma]=""yes"" or 
    [hearing_loss]=""yes""  or
    [seasonal_allergies_med_hist_enm]=""yes"" or  
    [sinusitis]=""yes"" or
    [sjogrens_syndrome]=""yes"" or 
    [velopharyngeal_insufficiency]=""yes"" or
    [any_dental_condition]=""yes"" or
    [other_ear_nose_mouth_condition] =""yes"" or
# THROAT conditions (past, current)
[acid_reflux(past)]=""1"" or [acid_reflux(current)]=""1"" or
    [airway_stenosis_med_hist_throat(past)]=""1"" or
    [airway_stenosis_med_hist_throat(current)]=""1"" or
    [chronic_cough_med_hist_throat(past)]=""1"" or
    [chronic_cough_med_hist_throat(current)]=""1"" or
    [glottic_insufficiency_med_hist_throat(past)]=""1"" or
    [glottic_insufficiency_med_hist_throat(current)]=""1"" or
    [laryngitis_med_hist_throat(past)]=""1"" or 
    [laryngitis_med_hist_throat(current)]=""1"" or
    [laryngospasm_irritable_larynx(past)] or
    [laryngospasm_irritable_larynx(current)] or
    [muscle_tension_dysphonia(past)]=""1"" or 
    [muscle_tension_dysphonia(current)]=""1"" or 
    [swallowing_disorder(past)]=""1"" or 
    [swallowing_disorder(current)]=""1"" or 
    [thyroid_disease(past)]=""1"" or 
    [thyroid_disease(current)]=""1"" or 
    [vocal_cord_dysfunction(past)]=""1"" or 
    [vocal_cord_dysfunction(current)]=""1"" or 
    [vocal_fold_hemorrhage(past)]=""1"" or 
    [vocal_fold_hemorrhage(current)]=""1"" or 
    [lesions_vocal_cord(past)]=""1"" or 
    [lesions_vocal_cord(current)]=""1"" or 
    [vfp_bilateral(past)]=""1"" or [vfp_bilateral(current)]=""1"" or 
    [vfp_unilateral(past)]=""1"" or [vfp_unilateral(current)]=""1"" or
    [other_throat_condition(past)]=""1"" or 
    [other_throat_condition(current)]=""1"" or
# SPEECH conditions (yes)
[apraxia_of_speech]=""yes"" or
    [ataxia]=""yes"" or 
    [dysarthria]=""yes"" or
    [stutter_dysfluency]=""yes"" or
    [other_speech_condition]=""yes""",,,,ear_nose_mouth_throat_speed_condition,,
other_surgical_treatment_enmt_speech_condition,q_generic_confounders,,radio,"Other surgical treatment for an ear, nose, mouth, throat, or speech condition","yes, Yes | no, No | noAnswer, Prefer Not To Answer",,,,,,"# EARS, NOSE, or MOUTH conditions (yes)
[chronic_ear_infections]=""yes"" or 
    [cleft_lip]=""yes"" or 
    [cleft_palate]=""yes"" or
    [craniofacial_trauma]=""yes"" or 
    [hearing_loss]=""yes""  or
    [seasonal_allergies_med_hist_enm]=""yes"" or  
    [sinusitis]=""yes"" or
    [sjogrens_syndrome]=""yes"" or 
    [velopharyngeal_insufficiency]=""yes"" or
    [any_dental_condition]=""yes"" or
    [other_ear_nose_mouth_condition] =""yes"" or
# THROAT conditions (past, current)
[acid_reflux(past)]=""1"" or [acid_reflux(current)]=""1"" or
    [airway_stenosis_med_hist_throat(past)]=""1"" or
    [airway_stenosis_med_hist_throat(current)]=""1"" or
    [chronic_cough_med_hist_throat(past)]=""1"" or
    [chronic_cough_med_hist_throat(current)]=""1"" or
    [glottic_insufficiency_med_hist_throat(past)]=""1"" or
    [glottic_insufficiency_med_hist_throat(current)]=""1"" or
    [laryngitis_med_hist_throat(past)]=""1"" or 
    [laryngitis_med_hist_throat(current)]=""1"" or
    [laryngospasm_irritable_larynx(past)] or
    [laryngospasm_irritable_larynx(current)] or
    [muscle_tension_dysphonia(past)]=""1"" or 
    [muscle_tension_dysphonia(current)]=""1"" or 
    [swallowing_disorder(past)]=""1"" or 
    [swallowing_disorder(current)]=""1"" or 
    [thyroid_disease(past)]=""1"" or 
    [thyroid_disease(current)]=""1"" or 
    [vocal_cord_dysfunction(past)]=""1"" or 
    [vocal_cord_dysfunction(current)]=""1"" or 
    [vocal_fold_hemorrhage(past)]=""1"" or 
    [vocal_fold_hemorrhage(current)]=""1"" or 
    [lesions_vocal_cord(past)]=""1"" or 
    [lesions_vocal_cord(current)]=""1"" or 
    [vfp_bilateral(past)]=""1"" or [vfp_bilateral(current)]=""1"" or 
    [vfp_unilateral(past)]=""1"" or [vfp_unilateral(current)]=""1"" or
    [other_throat_condition(past)]=""1"" or 
    [other_throat_condition(current)]=""1"" or
# SPEECH conditions (yes)
[apraxia_of_speech]=""yes"" or
    [ataxia]=""yes"" or 
    [dysarthria]=""yes"" or
    [stutter_dysfluency]=""yes"" or
    [other_speech_condition]=""yes""",,,,ear_nose_mouth_throat_speed_condition,,
other_surgical_treatment_enmt_speech_cond_specify,q_generic_confounders,,text,"Please specify what other surgical treatment(s) you have received for your ear, nose, mouth, throat, or speech condition(s).",,,,,,,[other_surgical_treatment_enmt_speech_condition]='yes',,,,,,
botox_injections,q_generic_confounders,"Have you ever had any of the following non-surgical interventions for your EAR, NOSE, MOUTH, THROAT, or SPEECH condition(s)? Please check all that apply.

To save you time, the responses are pre-set to ""NEVER"". Please only change the responses that apply to you. If you have never had the intervention, you can leave the response as it is.

Non-surgical Intervention",checkbox,"Botox injections for laryngeal dystonia","past, Past | current, Current | never, Never | no_answer, Prefer Not To Answer",,,,,,"# EARS, NOSE, or MOUTH conditions (yes)
[chronic_ear_infections]=""yes"" or 
    [cleft_lip]=""yes"" or 
    [cleft_palate]=""yes"" or
    [craniofacial_trauma]=""yes"" or 
    [hearing_loss]=""yes""  or
    [seasonal_allergies_med_hist_enm]=""yes"" or  
    [sinusitis]=""yes"" or
    [sjogrens_syndrome]=""yes"" or 
    [velopharyngeal_insufficiency]=""yes"" or
    [any_dental_condition]=""yes"" or
    [other_ear_nose_mouth_condition] =""yes"" or
# THROAT conditions (past, current)
[acid_reflux(past)]=""1"" or [acid_reflux(current)]=""1"" or
    [airway_stenosis_med_hist_throat(past)]=""1"" or
    [airway_stenosis_med_hist_throat(current)]=""1"" or
    [chronic_cough_med_hist_throat(past)]=""1"" or
    [chronic_cough_med_hist_throat(current)]=""1"" or
    [glottic_insufficiency_med_hist_throat(past)]=""1"" or
    [glottic_insufficiency_med_hist_throat(current)]=""1"" or
    [laryngitis_med_hist_throat(past)]=""1"" or 
    [laryngitis_med_hist_throat(current)]=""1"" or
    [laryngospasm_irritable_larynx(past)] or
    [laryngospasm_irritable_larynx(current)] or
    [muscle_tension_dysphonia(past)]=""1"" or 
    [muscle_tension_dysphonia(current)]=""1"" or 
    [swallowing_disorder(past)]=""1"" or 
    [swallowing_disorder(current)]=""1"" or 
    [thyroid_disease(past)]=""1"" or 
    [thyroid_disease(current)]=""1"" or 
    [vocal_cord_dysfunction(past)]=""1"" or 
    [vocal_cord_dysfunction(current)]=""1"" or 
    [vocal_fold_hemorrhage(past)]=""1"" or 
    [vocal_fold_hemorrhage(current)]=""1"" or 
    [lesions_vocal_cord(past)]=""1"" or 
    [lesions_vocal_cord(current)]=""1"" or 
    [vfp_bilateral(past)]=""1"" or [vfp_bilateral(current)]=""1"" or 
    [vfp_unilateral(past)]=""1"" or [vfp_unilateral(current)]=""1"" or
    [other_throat_condition(past)]=""1"" or 
    [other_throat_condition(current)]=""1"" or
# SPEECH conditions (yes)
[apraxia_of_speech]=""yes"" or
    [ataxia]=""yes"" or 
    [dysarthria]=""yes"" or
    [stutter_dysfluency]=""yes"" or
    [other_speech_condition]=""yes""",,,,ear_nose_mouth_throat_condition,,
c_pap,q_generic_confounders,,checkbox,C-Pap,"past, Past | current, Current | never, Never | no_answer, Prefer Not To Answer",,,,,,"# EARS, NOSE, or MOUTH conditions (yes)
[chronic_ear_infections]=""yes"" or 
    [cleft_lip]=""yes"" or 
    [cleft_palate]=""yes"" or
    [craniofacial_trauma]=""yes"" or 
    [hearing_loss]=""yes""  or
    [seasonal_allergies_med_hist_enm]=""yes"" or  
    [sinusitis]=""yes"" or
    [sjogrens_syndrome]=""yes"" or 
    [velopharyngeal_insufficiency]=""yes"" or
    [any_dental_condition]=""yes"" or
    [other_ear_nose_mouth_condition] =""yes"" or
# THROAT conditions (past, current)
[acid_reflux(past)]=""1"" or [acid_reflux(current)]=""1"" or
    [airway_stenosis_med_hist_throat(past)]=""1"" or
    [airway_stenosis_med_hist_throat(current)]=""1"" or
    [chronic_cough_med_hist_throat(past)]=""1"" or
    [chronic_cough_med_hist_throat(current)]=""1"" or
    [glottic_insufficiency_med_hist_throat(past)]=""1"" or
    [glottic_insufficiency_med_hist_throat(current)]=""1"" or
    [laryngitis_med_hist_throat(past)]=""1"" or 
    [laryngitis_med_hist_throat(current)]=""1"" or
    [laryngospasm_irritable_larynx(past)] or
    [laryngospasm_irritable_larynx(current)] or
    [muscle_tension_dysphonia(past)]=""1"" or 
    [muscle_tension_dysphonia(current)]=""1"" or 
    [swallowing_disorder(past)]=""1"" or 
    [swallowing_disorder(current)]=""1"" or 
    [thyroid_disease(past)]=""1"" or 
    [thyroid_disease(current)]=""1"" or 
    [vocal_cord_dysfunction(past)]=""1"" or 
    [vocal_cord_dysfunction(current)]=""1"" or 
    [vocal_fold_hemorrhage(past)]=""1"" or 
    [vocal_fold_hemorrhage(current)]=""1"" or 
    [lesions_vocal_cord(past)]=""1"" or 
    [lesions_vocal_cord(current)]=""1"" or 
    [vfp_bilateral(past)]=""1"" or [vfp_bilateral(current)]=""1"" or 
    [vfp_unilateral(past)]=""1"" or [vfp_unilateral(current)]=""1"" or
    [other_throat_condition(past)]=""1"" or 
    [other_throat_condition(current)]=""1"" or
# SPEECH conditions (yes)
[apraxia_of_speech]=""yes"" or
    [ataxia]=""yes"" or 
    [dysarthria]=""yes"" or
    [stutter_dysfluency]=""yes"" or
    [other_speech_condition]=""yes""",,,,ear_nose_mouth_throat_condition,,
injection_implant_to_vocal_folds,q_generic_confounders,,checkbox,"Injection/implant to the vocal folds","past, Past | current, Current | never, Never | no_answer, Prefer Not To Answer",,,,,,"# EARS, NOSE, or MOUTH conditions (yes)
[chronic_ear_infections]=""yes"" or 
    [cleft_lip]=""yes"" or 
    [cleft_palate]=""yes"" or
    [craniofacial_trauma]=""yes"" or 
    [hearing_loss]=""yes""  or
    [seasonal_allergies_med_hist_enm]=""yes"" or  
    [sinusitis]=""yes"" or
    [sjogrens_syndrome]=""yes"" or 
    [velopharyngeal_insufficiency]=""yes"" or
    [any_dental_condition]=""yes"" or
    [other_ear_nose_mouth_condition] =""yes"" or
# THROAT conditions (past, current)
[acid_reflux(past)]=""1"" or [acid_reflux(current)]=""1"" or
    [airway_stenosis_med_hist_throat(past)]=""1"" or
    [airway_stenosis_med_hist_throat(current)]=""1"" or
    [chronic_cough_med_hist_throat(past)]=""1"" or
    [chronic_cough_med_hist_throat(current)]=""1"" or
    [glottic_insufficiency_med_hist_throat(past)]=""1"" or
    [glottic_insufficiency_med_hist_throat(current)]=""1"" or
    [laryngitis_med_hist_throat(past)]=""1"" or 
    [laryngitis_med_hist_throat(current)]=""1"" or
    [laryngospasm_irritable_larynx(past)] or
    [laryngospasm_irritable_larynx(current)] or
    [muscle_tension_dysphonia(past)]=""1"" or 
    [muscle_tension_dysphonia(current)]=""1"" or 
    [swallowing_disorder(past)]=""1"" or 
    [swallowing_disorder(current)]=""1"" or 
    [thyroid_disease(past)]=""1"" or 
    [thyroid_disease(current)]=""1"" or 
    [vocal_cord_dysfunction(past)]=""1"" or 
    [vocal_cord_dysfunction(current)]=""1"" or 
    [vocal_fold_hemorrhage(past)]=""1"" or 
    [vocal_fold_hemorrhage(current)]=""1"" or 
    [lesions_vocal_cord(past)]=""1"" or 
    [lesions_vocal_cord(current)]=""1"" or 
    [vfp_bilateral(past)]=""1"" or [vfp_bilateral(current)]=""1"" or 
    [vfp_unilateral(past)]=""1"" or [vfp_unilateral(current)]=""1"" or
    [other_throat_condition(past)]=""1"" or 
    [other_throat_condition(current)]=""1"" or
# SPEECH conditions (yes)
[apraxia_of_speech]=""yes"" or
    [ataxia]=""yes"" or 
    [dysarthria]=""yes"" or
    [stutter_dysfluency]=""yes"" or
    [other_speech_condition]=""yes""",,,,ear_nose_mouth_throat_condition,,
medication_enmt,q_generic_confounders,,checkbox,Medication,"past, Past | current, Current | never, Never | no_answer, Prefer Not To Answer",,,,,,"# EARS, NOSE, or MOUTH conditions (yes)
[chronic_ear_infections]=""yes"" or 
    [cleft_lip]=""yes"" or 
    [cleft_palate]=""yes"" or
    [craniofacial_trauma]=""yes"" or 
    [hearing_loss]=""yes""  or
    [seasonal_allergies_med_hist_enm]=""yes"" or  
    [sinusitis]=""yes"" or
    [sjogrens_syndrome]=""yes"" or 
    [velopharyngeal_insufficiency]=""yes"" or
    [any_dental_condition]=""yes"" or
    [other_ear_nose_mouth_condition] =""yes"" or
# THROAT conditions (past, current)
[acid_reflux(past)]=""1"" or [acid_reflux(current)]=""1"" or
    [airway_stenosis_med_hist_throat(past)]=""1"" or
    [airway_stenosis_med_hist_throat(current)]=""1"" or
    [chronic_cough_med_hist_throat(past)]=""1"" or
    [chronic_cough_med_hist_throat(current)]=""1"" or
    [glottic_insufficiency_med_hist_throat(past)]=""1"" or
    [glottic_insufficiency_med_hist_throat(current)]=""1"" or
    [laryngitis_med_hist_throat(past)]=""1"" or 
    [laryngitis_med_hist_throat(current)]=""1"" or
    [laryngospasm_irritable_larynx(past)] or
    [laryngospasm_irritable_larynx(current)] or
    [muscle_tension_dysphonia(past)]=""1"" or 
    [muscle_tension_dysphonia(current)]=""1"" or 
    [swallowing_disorder(past)]=""1"" or 
    [swallowing_disorder(current)]=""1"" or 
    [thyroid_disease(past)]=""1"" or 
    [thyroid_disease(current)]=""1"" or 
    [vocal_cord_dysfunction(past)]=""1"" or 
    [vocal_cord_dysfunction(current)]=""1"" or 
    [vocal_fold_hemorrhage(past)]=""1"" or 
    [vocal_fold_hemorrhage(current)]=""1"" or 
    [lesions_vocal_cord(past)]=""1"" or 
    [lesions_vocal_cord(current)]=""1"" or 
    [vfp_bilateral(past)]=""1"" or [vfp_bilateral(current)]=""1"" or 
    [vfp_unilateral(past)]=""1"" or [vfp_unilateral(current)]=""1"" or
    [other_throat_condition(past)]=""1"" or 
    [other_throat_condition(current)]=""1"" or
# SPEECH conditions (yes)
[apraxia_of_speech]=""yes"" or
    [ataxia]=""yes"" or 
    [dysarthria]=""yes"" or
    [stutter_dysfluency]=""yes"" or
    [other_speech_condition]=""yes""",,,,ear_nose_mouth_throat_condition,,
radiation_to_head_neck,q_generic_confounders,,checkbox,"Radiation to the head or neck","past, Past | current, Current | never, Never | no_answer, Prefer Not To Answer",,,,,,"# EARS, NOSE, or MOUTH conditions (yes)
[chronic_ear_infections]=""yes"" or 
    [cleft_lip]=""yes"" or 
    [cleft_palate]=""yes"" or
    [craniofacial_trauma]=""yes"" or 
    [hearing_loss]=""yes""  or
    [seasonal_allergies_med_hist_enm]=""yes"" or  
    [sinusitis]=""yes"" or
    [sjogrens_syndrome]=""yes"" or 
    [velopharyngeal_insufficiency]=""yes"" or
    [any_dental_condition]=""yes"" or
    [other_ear_nose_mouth_condition] =""yes"" or
# THROAT conditions (past, current)
[acid_reflux(past)]=""1"" or [acid_reflux(current)]=""1"" or
    [airway_stenosis_med_hist_throat(past)]=""1"" or
    [airway_stenosis_med_hist_throat(current)]=""1"" or
    [chronic_cough_med_hist_throat(past)]=""1"" or
    [chronic_cough_med_hist_throat(current)]=""1"" or
    [glottic_insufficiency_med_hist_throat(past)]=""1"" or
    [glottic_insufficiency_med_hist_throat(current)]=""1"" or
    [laryngitis_med_hist_throat(past)]=""1"" or 
    [laryngitis_med_hist_throat(current)]=""1"" or
    [laryngospasm_irritable_larynx(past)] or
    [laryngospasm_irritable_larynx(current)] or
    [muscle_tension_dysphonia(past)]=""1"" or 
    [muscle_tension_dysphonia(current)]=""1"" or 
    [swallowing_disorder(past)]=""1"" or 
    [swallowing_disorder(current)]=""1"" or 
    [thyroid_disease(past)]=""1"" or 
    [thyroid_disease(current)]=""1"" or 
    [vocal_cord_dysfunction(past)]=""1"" or 
    [vocal_cord_dysfunction(current)]=""1"" or 
    [vocal_fold_hemorrhage(past)]=""1"" or 
    [vocal_fold_hemorrhage(current)]=""1"" or 
    [lesions_vocal_cord(past)]=""1"" or 
    [lesions_vocal_cord(current)]=""1"" or 
    [vfp_bilateral(past)]=""1"" or [vfp_bilateral(current)]=""1"" or 
    [vfp_unilateral(past)]=""1"" or [vfp_unilateral(current)]=""1"" or
    [other_throat_condition(past)]=""1"" or 
    [other_throat_condition(current)]=""1"" or
# SPEECH conditions (yes)
[apraxia_of_speech]=""yes"" or
    [ataxia]=""yes"" or 
    [dysarthria]=""yes"" or
    [stutter_dysfluency]=""yes"" or
    [other_speech_condition]=""yes""",,,,ear_nose_mouth_throat_condition,,
speech_voice_swallowing_therapy,q_generic_confounders,,checkbox,"Speech, voice, or swallowing therapy","past, Past | current, Current | never, Never | no_answer, Prefer Not To Answer",,,,,,"# EARS, NOSE, or MOUTH conditions (yes)
[chronic_ear_infections]=""yes"" or 
    [cleft_lip]=""yes"" or 
    [cleft_palate]=""yes"" or
    [craniofacial_trauma]=""yes"" or 
    [hearing_loss]=""yes""  or
    [seasonal_allergies_med_hist_enm]=""yes"" or  
    [sinusitis]=""yes"" or
    [sjogrens_syndrome]=""yes"" or 
    [velopharyngeal_insufficiency]=""yes"" or
    [any_dental_condition]=""yes"" or
    [other_ear_nose_mouth_condition] =""yes"" or
# THROAT conditions (past, current)
[acid_reflux(past)]=""1"" or [acid_reflux(current)]=""1"" or
    [airway_stenosis_med_hist_throat(past)]=""1"" or
    [airway_stenosis_med_hist_throat(current)]=""1"" or
    [chronic_cough_med_hist_throat(past)]=""1"" or
    [chronic_cough_med_hist_throat(current)]=""1"" or
    [glottic_insufficiency_med_hist_throat(past)]=""1"" or
    [glottic_insufficiency_med_hist_throat(current)]=""1"" or
    [laryngitis_med_hist_throat(past)]=""1"" or 
    [laryngitis_med_hist_throat(current)]=""1"" or
    [laryngospasm_irritable_larynx(past)] or
    [laryngospasm_irritable_larynx(current)] or
    [muscle_tension_dysphonia(past)]=""1"" or 
    [muscle_tension_dysphonia(current)]=""1"" or 
    [swallowing_disorder(past)]=""1"" or 
    [swallowing_disorder(current)]=""1"" or 
    [thyroid_disease(past)]=""1"" or 
    [thyroid_disease(current)]=""1"" or 
    [vocal_cord_dysfunction(past)]=""1"" or 
    [vocal_cord_dysfunction(current)]=""1"" or 
    [vocal_fold_hemorrhage(past)]=""1"" or 
    [vocal_fold_hemorrhage(current)]=""1"" or 
    [lesions_vocal_cord(past)]=""1"" or 
    [lesions_vocal_cord(current)]=""1"" or 
    [vfp_bilateral(past)]=""1"" or [vfp_bilateral(current)]=""1"" or 
    [vfp_unilateral(past)]=""1"" or [vfp_unilateral(current)]=""1"" or
    [other_throat_condition(past)]=""1"" or 
    [other_throat_condition(current)]=""1"" or
# SPEECH conditions (yes)
[apraxia_of_speech]=""yes"" or
    [ataxia]=""yes"" or 
    [dysarthria]=""yes"" or
    [stutter_dysfluency]=""yes"" or
    [other_speech_condition]=""yes""",,,,ear_nose_mouth_throat_condition,,
non_surgical_treatment_enmt_speech_cond,q_generic_confounders,,checkbox,"Other non-surgical treatment for an ear, nose, mouth, throat, or speech condition","past, Past | current, Current | never, Never | no_answer, Prefer Not To Answer",,,,,,"# EARS, NOSE, or MOUTH conditions (yes)
[chronic_ear_infections]=""yes"" or 
    [cleft_lip]=""yes"" or 
    [cleft_palate]=""yes"" or
    [craniofacial_trauma]=""yes"" or 
    [hearing_loss]=""yes""  or
    [seasonal_allergies_med_hist_enm]=""yes"" or  
    [sinusitis]=""yes"" or
    [sjogrens_syndrome]=""yes"" or 
    [velopharyngeal_insufficiency]=""yes"" or
    [any_dental_condition]=""yes"" or
    [other_ear_nose_mouth_condition] =""yes"" or
# THROAT conditions (past, current)
[acid_reflux(past)]=""1"" or [acid_reflux(current)]=""1"" or
    [airway_stenosis_med_hist_throat(past)]=""1"" or
    [airway_stenosis_med_hist_throat(current)]=""1"" or
    [chronic_cough_med_hist_throat(past)]=""1"" or
    [chronic_cough_med_hist_throat(current)]=""1"" or
    [glottic_insufficiency_med_hist_throat(past)]=""1"" or
    [glottic_insufficiency_med_hist_throat(current)]=""1"" or
    [laryngitis_med_hist_throat(past)]=""1"" or 
    [laryngitis_med_hist_throat(current)]=""1"" or
    [laryngospasm_irritable_larynx(past)] or
    [laryngospasm_irritable_larynx(current)] or
    [muscle_tension_dysphonia(past)]=""1"" or 
    [muscle_tension_dysphonia(current)]=""1"" or 
    [swallowing_disorder(past)]=""1"" or 
    [swallowing_disorder(current)]=""1"" or 
    [thyroid_disease(past)]=""1"" or 
    [thyroid_disease(current)]=""1"" or 
    [vocal_cord_dysfunction(past)]=""1"" or 
    [vocal_cord_dysfunction(current)]=""1"" or 
    [vocal_fold_hemorrhage(past)]=""1"" or 
    [vocal_fold_hemorrhage(current)]=""1"" or 
    [lesions_vocal_cord(past)]=""1"" or 
    [lesions_vocal_cord(current)]=""1"" or 
    [vfp_bilateral(past)]=""1"" or [vfp_bilateral(current)]=""1"" or 
    [vfp_unilateral(past)]=""1"" or [vfp_unilateral(current)]=""1"" or
    [other_throat_condition(past)]=""1"" or 
    [other_throat_condition(current)]=""1"" or
# SPEECH conditions (yes)
[apraxia_of_speech]=""yes"" or
    [ataxia]=""yes"" or 
    [dysarthria]=""yes"" or
    [stutter_dysfluency]=""yes"" or
    [other_speech_condition]=""yes""",,,,ear_nose_mouth_throat_condition,,
non_surgical_treatment_enmt_speech_cond_specify,q_generic_confounders,,text,"Please specify what other non-surgical treatment(s) you are currently receiving for your ear, nose, mouth, throat, or speech condition(s).",,,,,,,[non_surgical_treatment_enmt_speech_cond(current)]='1',,,,,,
asthma_med_hist_lung,q_generic_confounders,"Have you ever been diagnosed by a doctor with any of the following LUNG conditions?

To save you time, the responses are pre-set to ""NO"". Please only change the responses that apply to you. If you have never had the condition, you can leave the response as it is.

Condition",radio,Asthma,"yes, Yes | no, No | noAnswer, Prefer Not To Answer",,,,,,,,,,lung_conditions,,
bronchiectasis,q_generic_confounders,,radio,Bronchiectasis,"yes, Yes | no, No | noAnswer, Prefer Not To Answer",,,,,,,,,,lung_conditions,,
chest_wall_trauma,q_generic_confounders,,radio,"Chest wall trauma","yes, Yes | no, No | noAnswer, Prefer Not To Answer",,,,,,,,,,lung_conditions,,
copd_med_hist_lung,q_generic_confounders,,radio,"Chronic obstructive pulmonary disease (COPD)","yes, Yes | no, No | noAnswer, Prefer Not To Answer",,,,,,,,,,lung_conditions,,
covid_med_hist_lung,q_generic_confounders,,radio,COVID,"yes, Yes | no, No | noAnswer, Prefer Not To Answer",,,,,,,,,,lung_conditions,,
emphysema,q_generic_confounders,,radio,Emphysema,"yes, Yes | no, No | noAnswer, Prefer Not To Answer",,,,,,,,,,lung_conditions,,
interstitial_lung_disease,q_generic_confounders,,radio,"Interstitial lung disease (e.g. sarcoidosis, pulmonary fibrosis)","yes, Yes | no, No | noAnswer, Prefer Not To Answer",,,,,,,,,,lung_conditions,,
osa_med_hist_lung,q_generic_confounders,,radio,"Obstructive sleep apnea (OSA)","yes, Yes | no, No | noAnswer, Prefer Not To Answer",,,,,,,,,,lung_conditions,,
pneumothorax_atelectasis,q_generic_confounders,,radio,"Pneumothorax or atelectasis (e.g. collapsed lung)","yes, Yes | no, No | noAnswer, Prefer Not To Answer",,,,,,,,,,lung_conditions,,
pulmonary_hypertension,q_generic_confounders,,radio,"Pulmonary hypertension","yes, Yes | no, No | noAnswer, Prefer Not To Answer",,,,,,,,,,lung_conditions,,
recurrent_bronchitis,q_generic_confounders,,radio,"Recurrent bronchitis","yes, Yes | no, No | noAnswer, Prefer Not To Answer",,,,,,,,,,lung_conditions,,
tuberculosis,q_generic_confounders,,radio,Tuberculosis,"yes, Yes | no, No | noAnswer, Prefer Not To Answer",,,,,,,,,,lung_conditions,,
covid_tested_positive_last_10_days,q_generic_confounders,,radio,"Have you tested positive for COVID in the last 10 days?","yes, Yes | no, No | noAnswer, Prefer Not To Answer",,,,,,[covid_med_hist_lung]='yes',,,,,,
other_lung_conditions,q_generic_confounders,,radio,"Do you currently have any other lung condition?","yes, Yes | no, No | noAnswer, Prefer Not To Answer",,,,,,,,,,,,
other_lung_conditions_specify,q_generic_confounders,,text,"Please specify what other lung condition(s) you currently have.",,,,,,,[other_lung_conditions]='yes',,,,,,
chest_surgery,q_generic_confounders,"Have you ever had any of the following interventions for your LUNG condition(s)?

To save you time, the responses are pre-set to ""No"". Please only change the responses that apply to you. If you have never had the intervention, you can leave the response as it is.

Treatment",radio,"Chest surgery (e.g. bronchoscopy, thoracic surgery, etc.)","yes, Yes | no, No | noAnswer, Prefer Not To Answer",,,,,,"[asthma_med_hist_lung]=""yes"" or
[bronchiectasis]=""yes"" or 
[chest_wall_trauma]=""yes"" or
[copd_med_hist_lung]=""yes"" or
[covid_med_hist_lung]=""yes"" or
[emphysema]=""yes"" or
[interstitial_lung_disease]=""yes"" or
[osa_med_hist_lung]=""yes"" or
[pneumothorax_atelectasis]=""yes"" or
[pulmonary_hypertension]=""yes"" or
[recurrent_bronchitis]=""yes"" or
[tuberculosis]=""yes"" or 
[other_lung_conditions]=""yes""",,,,lung_treatment,,
lobectomy,q_generic_confounders,,radio,Lobectomy,"yes, Yes | no, No | noAnswer, Prefer Not To Answer",,,,,,"[asthma_med_hist_lung]=""yes"" or
[bronchiectasis]=""yes"" or 
[chest_wall_trauma]=""yes"" or
[copd_med_hist_lung]=""yes"" or
[covid_med_hist_lung]=""yes"" or
[emphysema]=""yes"" or
[interstitial_lung_disease]=""yes"" or
[osa_med_hist_lung]=""yes"" or
[pneumothorax_atelectasis]=""yes"" or
[pulmonary_hypertension]=""yes"" or
[recurrent_bronchitis]=""yes"" or
[tuberculosis]=""yes"" or 
[other_lung_conditions]=""yes""",,,,lung_treatment,,
medication_med_hist_lung,q_generic_confounders,,radio,Medication,"yes, Yes | no, No | noAnswer, Prefer Not To Answer",,,,,,"[asthma_med_hist_lung]=""yes"" or
[bronchiectasis]=""yes"" or 
[chest_wall_trauma]=""yes"" or
[copd_med_hist_lung]=""yes"" or
[covid_med_hist_lung]=""yes"" or
[emphysema]=""yes"" or
[interstitial_lung_disease]=""yes"" or
[osa_med_hist_lung]=""yes"" or
[pneumothorax_atelectasis]=""yes"" or
[pulmonary_hypertension]=""yes"" or
[recurrent_bronchitis]=""yes"" or
[tuberculosis]=""yes"" or 
[other_lung_conditions]=""yes""",,,,lung_treatment,,
prolonged_intubation,q_generic_confounders,,radio,"Prolonged intubation (more than 7 days)","yes, Yes | no, No | noAnswer, Prefer Not To Answer",,,,,,"[asthma_med_hist_lung]=""yes"" or
[bronchiectasis]=""yes"" or 
[chest_wall_trauma]=""yes"" or
[copd_med_hist_lung]=""yes"" or
[covid_med_hist_lung]=""yes"" or
[emphysema]=""yes"" or
[interstitial_lung_disease]=""yes"" or
[osa_med_hist_lung]=""yes"" or
[pneumothorax_atelectasis]=""yes"" or
[pulmonary_hypertension]=""yes"" or
[recurrent_bronchitis]=""yes"" or
[tuberculosis]=""yes"" or 
[other_lung_conditions]=""yes""",,,,lung_treatment,,
radiation_to_the_chest,q_generic_confounders,,radio,"Radiation to the chest","yes, Yes | no, No | noAnswer, Prefer Not To Answer",,,,,,"[asthma_med_hist_lung]=""yes"" or
[bronchiectasis]=""yes"" or 
[chest_wall_trauma]=""yes"" or
[copd_med_hist_lung]=""yes"" or
[covid_med_hist_lung]=""yes"" or
[emphysema]=""yes"" or
[interstitial_lung_disease]=""yes"" or
[osa_med_hist_lung]=""yes"" or
[pneumothorax_atelectasis]=""yes"" or
[pulmonary_hypertension]=""yes"" or
[recurrent_bronchitis]=""yes"" or
[tuberculosis]=""yes"" or 
[other_lung_conditions]=""yes""",,,,lung_treatment,,
supplemental_oxygen,q_generic_confounders,,radio,"Supplemental oxygen","yes, Yes | no, No | noAnswer, Prefer Not To Answer",,,,,,"[asthma_med_hist_lung]=""yes"" or
[bronchiectasis]=""yes"" or 
[chest_wall_trauma]=""yes"" or
[copd_med_hist_lung]=""yes"" or
[covid_med_hist_lung]=""yes"" or
[emphysema]=""yes"" or
[interstitial_lung_disease]=""yes"" or
[osa_med_hist_lung]=""yes"" or
[pneumothorax_atelectasis]=""yes"" or
[pulmonary_hypertension]=""yes"" or
[recurrent_bronchitis]=""yes"" or
[tuberculosis]=""yes"" or 
[other_lung_conditions]=""yes""",,,,lung_treatment,,
other_lung_treatment,q_generic_confounders,,radio,"Are you currently receiving any other treatment(s) for your lung condition(s)?","yes, Yes | no, No | noAnswer, Prefer Not To Answer",,,,,,"[asthma_med_hist_lung]=""yes"" or
[bronchiectasis]=""yes"" or 
[chest_wall_trauma]=""yes"" or
[copd_med_hist_lung]=""yes"" or
[covid_med_hist_lung]=""yes"" or
[emphysema]=""yes"" or
[interstitial_lung_disease]=""yes"" or
[osa_med_hist_lung]=""yes"" or
[pneumothorax_atelectasis]=""yes"" or
[pulmonary_hypertension]=""yes"" or
[recurrent_bronchitis]=""yes"" or
[tuberculosis]=""yes"" or 
[other_lung_conditions]=""yes""",,,,,,
other_lung_treatment_specify,q_generic_confounders,,text,"Please specify what other treatment(s) you are receiving for your lung condition(s).",,,,,,,[other_lung_treatment]='yes',,,,,,
brain_tumor,q_generic_confounders,"Have you ever been diagnosed by a doctor with any of the following NEUROLOGICAL conditions?

To save you time, the responses are pre-set to ""NO"". Please only change the responses that apply to you. If you have never had the condition, you can leave the response as it is.

Condition",radio,"Brain tumor","yes, Yes | no, No | noAnswer, Prefer Not To Answer",,,,,,,,,,neurological_conditions,,
epilepsy,q_generic_confounders,,radio,Epilepsy,"yes, Yes | no, No | noAnswer, Prefer Not To Answer",,,,,,,,,,neurological_conditions,,
multiple_sclerosis,q_generic_confounders,,radio,"Multiple sclerosis","yes, Yes | no, No | noAnswer, Prefer Not To Answer",,,,,,,,,,neurological_conditions,,
parkinsons_disease,q_generic_confounders,,radio,"Parkinson's Disease","yes, Yes | no, No | noAnswer, Prefer Not To Answer",,,,,,,,,,neurological_conditions,,
stroke,q_generic_confounders,,radio,Stroke/aphasia,"yes, Yes | no, No | noAnswer, Prefer Not To Answer",,,,,,,,,,neurological_conditions,,
traumatic_brain_injury,q_generic_confounders,,radio,"Traumatic brain injury","yes, Yes | no, No | noAnswer, Prefer Not To Answer",,,,,,,,,,neurological_conditions,,
other_neurological_condition,q_generic_confounders,,radio,"Do you currently have any other neurological condition(s)?","yes, Yes | no, No | noAnswer, Prefer Not To Answer",,,,,,,,,,,,
other_neurological_condition_specify,q_generic_confounders,,text,"Please specify what other neurological condition(s) you currently have.",,,,,,,[other_neurological_condition]='yes',,,,,,
deep_brain_stimulator,q_generic_confounders,"Have you ever had any of the following interventions for your NEUROLOGICAL condition(s)? Please check all that apply.

To save you time, the responses are pre-set to ""NEVER"". Please only change the responses that apply to you. If you have never had the intervention, you can leave the response as it is.

Treatment",checkbox,"Deep brain stimulator","past, Past | current, Current | never, Never | no_answer, Prefer Not To Answer",,,,,,"[brain_tumor]=""yes""  or
[epilepsy]=""yes"" or
[multiple_sclerosis]=""yes"" or
[parkinsons_disease]=""yes"" or
[stroke]=""yes"" or
[traumatic_brain_injury]=""yes"" or 
[other_neurological_condition]=""yes""",,,,neurological_treatment,,
medication_med_history_neuro,q_generic_confounders,,checkbox,Medication,"past, Past | current, Current | never, Never | no_answer, Prefer Not To Answer",,,,,,"[brain_tumor]=""yes""  or
[epilepsy]=""yes"" or
[multiple_sclerosis]=""yes"" or
[parkinsons_disease]=""yes"" or
[stroke]=""yes"" or
[traumatic_brain_injury]=""yes"" or 
[other_neurological_condition]=""yes""",,,,neurological_treatment,,
vagal_nerve_stimulator,q_generic_confounders,,checkbox,"Vagal nerve stimulator","past, Past | current, Current | never, Never | no_answer, Prefer Not To Answer",,,,,,"[brain_tumor]=""yes""  or
[epilepsy]=""yes"" or
[multiple_sclerosis]=""yes"" or
[parkinsons_disease]=""yes"" or
[stroke]=""yes"" or
[traumatic_brain_injury]=""yes"" or 
[other_neurological_condition]=""yes""",,,,neurological_treatment,,
other_neurological_treatment,q_generic_confounders,,checkbox,"Other treatment for a neurological condition","past, Past | current, Current | never, Never | no_answer, Prefer Not To Answer",,,,,,"[brain_tumor]=""yes""  or
[epilepsy]=""yes"" or
[multiple_sclerosis]=""yes"" or
[parkinsons_disease]=""yes"" or
[stroke]=""yes"" or
[traumatic_brain_injury]=""yes"" or 
[other_neurological_condition]=""yes""",,,,neurological_treatment,,
other_neurological_treatment_specify,q_generic_confounders,,text,"Please specify what other treatment(s) you are currently receiving for your neurological condition(s).",,,,,,,[other_neurological_treatment(current)]='1',,,,,,
alcohol_substance_use_disorder,q_generic_confounders,"Have you ever been diagnosed by a doctor with any of the following PSYCHOLOGICAL conditions? Please check all that apply.

To save you time, the responses are pre-set to ""NEVER"". Please only change the responses that apply to you. If you have never had the condition, you can leave the response as it is.


Condition",checkbox,"Alcohol or substance use disorder","past, Past | current, Current | never, Never | no_answer, Prefer Not To Answer",,,,,,,,,,psychological_conditions,,
anxiety_disorder,q_generic_confounders,,checkbox,"Anxiety disorder (e.g. generalized or social anxiety disorder)","past, Past | current, Current | never, Never | no_answer, Prefer Not To Answer",,,,,,,,,,psychological_conditions,,
adhd_med_hist_psychological,q_generic_confounders,,checkbox,"Attention deficit/hyperactivity disorder (ADHD)","past, Past | current, Current | never, Never | no_answer, Prefer Not To Answer",,,,,,,,,,psychological_conditions,,
asd_med_hist_psychological,q_generic_confounders,,checkbox,"Autism spectrum disorder (ASD)","past, Past | current, Current | never, Never | no_answer, Prefer Not To Answer",,,,,,,,,,psychological_conditions,,
bipolar_disorder,q_generic_confounders,,checkbox,"Bipolar disorder","past, Past | current, Current | never, Never | no_answer, Prefer Not To Answer",,,,,,,,,,psychological_conditions,,
bpd_med_hist_psychological,q_generic_confounders,,checkbox,"Borderline personality disorder (BPD)","past, Past | current, Current | never, Never | no_answer, Prefer Not To Answer",,,,,,,,,,psychological_conditions,,
depression_major_depressive_disorder,q_generic_confounders,,checkbox,"Depression or major depressive disorder","past, Past | current, Current | never, Never | no_answer, Prefer Not To Answer",,,,,,,,,,psychological_conditions,,
eating_disorder,q_generic_confounders,,checkbox,"Eating disorder (ED)","past, Past | current, Current | never, Never | no_answer, Prefer Not To Answer",,,,,,,,,,psychological_conditions,,
obsessive_compulsive_disorder,q_generic_confounders,,checkbox,"Obsessive compulsive disorder (OCD)","past, Past | current, Current | never, Never | no_answer, Prefer Not To Answer",,,,,,,,,,psychological_conditions,,
panic_disorder,q_generic_confounders,,checkbox,"Panic disorder","past, Past | current, Current | never, Never | no_answer, Prefer Not To Answer",,,,,,,,,,psychological_conditions,,
ptsd_med_hist_psychological,q_generic_confounders,,checkbox,"Post-traumatic stress disorder (PTSD)","past, Past | current, Current | never, Never | no_answer, Prefer Not To Answer",,,,,,,,,,psychological_conditions,,
schizophrenia_med_hist_psychological,q_generic_confounders,,checkbox,Schizophrenia,"past, Past | current, Current | never, Never | no_answer, Prefer Not To Answer",,,,,,,,,,psychological_conditions,,
psychological_condition_other,q_generic_confounders,,checkbox,"Other psychological condition","past, Past | current, Current | never, Never | no_answer, Prefer Not To Answer",,,,,,,,,,psychological_conditions,,
psychological_condition_other_specify,q_generic_confounders,,text,"Please specify what other psychological condition(s) you have.",,,,,,,[psychological_condition_other(current)]='1',,,,,,
talk_therapy_mental_health_prof,q_generic_confounders,"Have you ever had any of the following interventions for your PSYCHOLOGICAL condition(s)? Please check all that apply.

To save you time, the responses are pre-set to ""NEVER"". Please only change the responses that apply to you. If you have never had the condition, you can leave the response as it is.

Treatment",checkbox,"Talk therapy with a mental health professional (e.g. social worker, psychiatrist, etc.)","past, Past | current, Current | never, Never | no_answer, Prefer Not To Answer",,,,,,"[alcohol_substance_use_disorder(past)]=""1"" or 
    [alcohol_substance_use_disorder(current)]=""1"" or 
    [anxiety_disorder(past)]=""1"" or [anxiety_disorder(current)]=""1"" or 
    [adhd_med_hist_psychological(past)]=""1"" or 
    [adhd_med_hist_psychological(current)]=""1"" or 
    [asd_med_hist_psychological(past)]=""1"" or 
    [asd_med_hist_psychological(current)]=""1"" or 
    [bipolar_disorder(past)]=""1"" or [bipolar_disorder(current)]=""1"" or
    [bpd_med_hist_psychological(past)]=""1"" or 
    [bpd_med_hist_psychological(current)]=""1"" or
    [depression_major_depressive_disorder(past)]=""1"" or
    [depression_major_depressive_disorder(current)]=""1"" or 
    [eating_disorder(past)]=""1"" or [eating_disorder(current)]=""1"" or
    [obsessive_compulsive_disorder(past)]=""1"" or
    [obsessive_compulsive_disorder(current)]=""1"" or 
    [panic_disorder(past)]=""1"" or [panic_disorder(current)]=""1"" or
    [ptsd_med_hist_psychological(past)]=""1"" or 
    [ptsd_med_hist_psychological(current)]=""1"" or
    [schizophrenia_med_hist_psychological(past)]=""1"" or
    [schizophrenia_med_hist_psychological(current)]=""1"" or
    [psychological_condition_other(past)]=""1"" or 
    [psychological_condition_other(current)]=""1""",,,,psychological_treatment,,
medication_med_history_psychological,q_generic_confounders,,checkbox,Medication,"past, Past | current, Current | never, Never | no_answer, Prefer Not To Answer",,,,,,"[alcohol_substance_use_disorder(past)]=""1"" or 
    [alcohol_substance_use_disorder(current)]=""1"" or 
    [anxiety_disorder(past)]=""1"" or [anxiety_disorder(current)]=""1"" or 
    [adhd_med_hist_psychological(past)]=""1"" or 
    [adhd_med_hist_psychological(current)]=""1"" or 
    [asd_med_hist_psychological(past)]=""1"" or 
    [asd_med_hist_psychological(current)]=""1"" or 
    [bipolar_disorder(past)]=""1"" or [bipolar_disorder(current)]=""1"" or
    [bpd_med_hist_psychological(past)]=""1"" or 
    [bpd_med_hist_psychological(current)]=""1"" or
    [depression_major_depressive_disorder(past)]=""1"" or
    [depression_major_depressive_disorder(current)]=""1"" or 
    [eating_disorder(past)]=""1"" or [eating_disorder(current)]=""1"" or
    [obsessive_compulsive_disorder(past)]=""1"" or
    [obsessive_compulsive_disorder(current)]=""1"" or 
    [panic_disorder(past)]=""1"" or [panic_disorder(current)]=""1"" or
    [ptsd_med_hist_psychological(past)]=""1"" or 
    [ptsd_med_hist_psychological(current)]=""1"" or
    [schizophrenia_med_hist_psychological(past)]=""1"" or
    [schizophrenia_med_hist_psychological(current)]=""1"" or
    [psychological_condition_other(past)]=""1"" or 
    [psychological_condition_other(current)]=""1""",,,,psychological_treatment,,
mindfulness_meditation,q_generic_confounders,,checkbox,"Mindfulness, meditation","past, Past | current, Current | never, Never | no_answer, Prefer Not To Answer",,,,,,"[alcohol_substance_use_disorder(past)]=""1"" or 
    [alcohol_substance_use_disorder(current)]=""1"" or 
    [anxiety_disorder(past)]=""1"" or [anxiety_disorder(current)]=""1"" or 
    [adhd_med_hist_psychological(past)]=""1"" or 
    [adhd_med_hist_psychological(current)]=""1"" or 
    [asd_med_hist_psychological(past)]=""1"" or 
    [asd_med_hist_psychological(current)]=""1"" or 
    [bipolar_disorder(past)]=""1"" or [bipolar_disorder(current)]=""1"" or
    [bpd_med_hist_psychological(past)]=""1"" or 
    [bpd_med_hist_psychological(current)]=""1"" or
    [depression_major_depressive_disorder(past)]=""1"" or
    [depression_major_depressive_disorder(current)]=""1"" or 
    [eating_disorder(past)]=""1"" or [eating_disorder(current)]=""1"" or
    [obsessive_compulsive_disorder(past)]=""1"" or
    [obsessive_compulsive_disorder(current)]=""1"" or 
    [panic_disorder(past)]=""1"" or [panic_disorder(current)]=""1"" or
    [ptsd_med_hist_psychological(past)]=""1"" or 
    [ptsd_med_hist_psychological(current)]=""1"" or
    [schizophrenia_med_hist_psychological(past)]=""1"" or
    [schizophrenia_med_hist_psychological(current)]=""1"" or
    [psychological_condition_other(past)]=""1"" or 
    [psychological_condition_other(current)]=""1""",,,,psychological_treatment,,
other_treatment_psychological_condition,q_generic_confounders,,checkbox,"Other treatment for a psychological condition","past, Past | current, Current | never, Never | no_answer, Prefer Not To Answer",,,,,,"[alcohol_substance_use_disorder(past)]=""1"" or 
    [alcohol_substance_use_disorder(current)]=""1"" or 
    [anxiety_disorder(past)]=""1"" or [anxiety_disorder(current)]=""1"" or 
    [adhd_med_hist_psychological(past)]=""1"" or 
    [adhd_med_hist_psychological(current)]=""1"" or 
    [asd_med_hist_psychological(past)]=""1"" or 
    [asd_med_hist_psychological(current)]=""1"" or 
    [bipolar_disorder(past)]=""1"" or [bipolar_disorder(current)]=""1"" or
    [bpd_med_hist_psychological(past)]=""1"" or 
    [bpd_med_hist_psychological(current)]=""1"" or
    [depression_major_depressive_disorder(past)]=""1"" or
    [depression_major_depressive_disorder(current)]=""1"" or 
    [eating_disorder(past)]=""1"" or [eating_disorder(current)]=""1"" or
    [obsessive_compulsive_disorder(past)]=""1"" or
    [obsessive_compulsive_disorder(current)]=""1"" or 
    [panic_disorder(past)]=""1"" or [panic_disorder(current)]=""1"" or
    [ptsd_med_hist_psychological(past)]=""1"" or 
    [ptsd_med_hist_psychological(current)]=""1"" or
    [schizophrenia_med_hist_psychological(past)]=""1"" or
    [schizophrenia_med_hist_psychological(current)]=""1"" or
    [psychological_condition_other(past)]=""1"" or 
    [psychological_condition_other(current)]=""1""",,,,psychological_treatment,,
other_treatment_psychological_condition_specify,q_generic_confounders,,text,"Please specify what other treatment(s) you are currently receiving for your psychological condition(s).",,,,,,,[other_treatment_psychological_condition(current)]='1',,,,,,
brain_cancer,q_generic_confounders,"Have you ever been diagnosed by a doctor with any of the following CANCERS? Please check all that apply.

To save you time, the responses are pre-set to ""Never"". Please only change the responses that apply to you. If you have never had the condition, you can leave the response as it is.

Condition",checkbox,"Brain cancer","past, Past | current, Current | never, Never | no_answer, Prefer Not To Answer",,,,,,,,,,cancers_condition,,
ear_cancer,q_generic_confounders,,checkbox,"Ear cancer","past, Past | current, Current | never, Never | no_answer, Prefer Not To Answer",,,,,,,,,,cancers_condition,,
laryngeal_cancer,q_generic_confounders,,checkbox,"Laryngeal cancer (e.g. vocal folds, epiglottis, etc.)","past, Past | current, Current | never, Never | no_answer, Prefer Not To Answer",,,,,,,,,,cancers_condition,,
lung_cancer,q_generic_confounders,,checkbox,"Lung cancer","past, Past | current, Current | never, Never | no_answer, Prefer Not To Answer",,,,,,,,,,cancers_condition,,
oral_cancer,q_generic_confounders,,checkbox,"Oral cancer (e.g. tongue, mouth, gum, tonsil, etc.)","past, Past | current, Current | never, Never | no_answer, Prefer Not To Answer",,,,,,,,,,cancers_condition,,
sinus_cancer,q_generic_confounders,,checkbox,"Sinus cancer","past, Past | current, Current | never, Never | no_answer, Prefer Not To Answer",,,,,,,,,,cancers_condition,,
esophageal_cancer,q_generic_confounders,,checkbox,"Esophageal cancer","past, Past | current, Current | never, Never | no_answer, Prefer Not To Answer",,,,,,,,,,cancers_condition,,
thyroid_cancer,q_generic_confounders,,checkbox,"Thyroid cancer","past, Past | current, Current | never, Never | no_answer, Prefer Not To Answer",,,,,,,,,,cancers_condition,,
other_cancer,q_generic_confounders,,checkbox,"Other cancer","past, Past | current, Current | never, Never | no_answer, Prefer Not To Answer",,,,,,,,,,cancers_condition,,
other_cancer_past_specify,q_generic_confounders,,text,"Please specify what other cancer(s) you have had in the past.",,,,,,,"[other_cancer(past)]=""1""",,,,,,
other_cancer_current_specify,q_generic_confounders,,text,"Please specify what other cancer(s) you have currently.",,,,,,,"[other_cancer(current)]=""1""",,,,,,
chemotherapy,q_generic_confounders,"Have you ever had any of the following interventions for your CANCER(S)? Please check all that apply.

To save you time, the responses are pre-set to ""NEVER"". Please only change the responses that apply to you. If you have never had the intervention, you can leave the response as it is.

Treatment",checkbox,Chemotherapy,"past, Past | current, Current | never, Never | no_answer, Prefer Not To Answer",,,,,,"[brain_cancer(past)]=""1"" or [brain_cancer(current)]=""1"" or 
    [ear_cancer(past)]=""1"" or [ear_cancer(current)]=""1"" or 
    [laryngeal_cancer(past)]=""1"" or [laryngeal_cancer(current)]=""1"" or
    [lung_cancer(past)]=""1"" or [lung_cancer(current)]=""1"" or 
    [oral_cancer(past)]=""1"" or [oral_cancer(current)]=""1"" or 
    [sinus_cancer(past)]=""1"" or [sinus_cancer(current)]=""1"" or 
    [esophageal_cancer(past)]=""1"" or [esophageal_cancer(current)]=""1"" or
    [thyroid_cancer(past)]=""1"" or [thyroid_cancer(current)]=""1"" or
    [other_cancer(past)]=""1"" or [other_cancer(current)]=""1""",,,,cancers_treatment,,
surgery,q_generic_confounders,,checkbox,Surgery,"past, Past | current, Current | never, Never | no_answer, Prefer Not To Answer",,,,,,"[brain_cancer(past)]=""1"" or [brain_cancer(current)]=""1"" or 
    [ear_cancer(past)]=""1"" or [ear_cancer(current)]=""1"" or 
    [laryngeal_cancer(past)]=""1"" or [laryngeal_cancer(current)]=""1"" or
    [lung_cancer(past)]=""1"" or [lung_cancer(current)]=""1"" or 
    [oral_cancer(past)]=""1"" or [oral_cancer(current)]=""1"" or 
    [sinus_cancer(past)]=""1"" or [sinus_cancer(current)]=""1"" or 
    [esophageal_cancer(past)]=""1"" or [esophageal_cancer(current)]=""1"" or
    [thyroid_cancer(past)]=""1"" or [thyroid_cancer(current)]=""1"" or
    [other_cancer(past)]=""1"" or [other_cancer(current)]=""1""",,,,cancers_treatment,,
immunotherapy,q_generic_confounders,,checkbox,Immunotherapy,"past, Past | current, Current | never, Never | no_answer, Prefer Not To Answer",,,,,,"[brain_cancer(past)]=""1"" or [brain_cancer(current)]=""1"" or 
    [ear_cancer(past)]=""1"" or [ear_cancer(current)]=""1"" or 
    [laryngeal_cancer(past)]=""1"" or [laryngeal_cancer(current)]=""1"" or
    [lung_cancer(past)]=""1"" or [lung_cancer(current)]=""1"" or 
    [oral_cancer(past)]=""1"" or [oral_cancer(current)]=""1"" or 
    [sinus_cancer(past)]=""1"" or [sinus_cancer(current)]=""1"" or 
    [esophageal_cancer(past)]=""1"" or [esophageal_cancer(current)]=""1"" or
    [thyroid_cancer(past)]=""1"" or [thyroid_cancer(current)]=""1"" or
    [other_cancer(past)]=""1"" or [other_cancer(current)]=""1""",,,,cancers_treatment,,
radiation,q_generic_confounders,,checkbox,Radiation,"past, Past | current, Current | never, Never | no_answer, Prefer Not To Answer",,,,,,"[brain_cancer(past)]=""1"" or [brain_cancer(current)]=""1"" or 
    [ear_cancer(past)]=""1"" or [ear_cancer(current)]=""1"" or 
    [laryngeal_cancer(past)]=""1"" or [laryngeal_cancer(current)]=""1"" or
    [lung_cancer(past)]=""1"" or [lung_cancer(current)]=""1"" or 
    [oral_cancer(past)]=""1"" or [oral_cancer(current)]=""1"" or 
    [sinus_cancer(past)]=""1"" or [sinus_cancer(current)]=""1"" or 
    [esophageal_cancer(past)]=""1"" or [esophageal_cancer(current)]=""1"" or
    [thyroid_cancer(past)]=""1"" or [thyroid_cancer(current)]=""1"" or
    [other_cancer(past)]=""1"" or [other_cancer(current)]=""1""",,,,cancers_treatment,,
radioactive_iodine,q_generic_confounders,,checkbox,"Radioactive Iodine","past, Past | current, Current | never, Never | no_answer, Prefer Not To Answer",,,,,,"[brain_cancer(past)]=""1"" or [brain_cancer(current)]=""1"" or 
    [ear_cancer(past)]=""1"" or [ear_cancer(current)]=""1"" or 
    [laryngeal_cancer(past)]=""1"" or [laryngeal_cancer(current)]=""1"" or
    [lung_cancer(past)]=""1"" or [lung_cancer(current)]=""1"" or 
    [oral_cancer(past)]=""1"" or [oral_cancer(current)]=""1"" or 
    [sinus_cancer(past)]=""1"" or [sinus_cancer(current)]=""1"" or 
    [esophageal_cancer(past)]=""1"" or [esophageal_cancer(current)]=""1"" or
    [thyroid_cancer(past)]=""1"" or [thyroid_cancer(current)]=""1"" or
    [other_cancer(past)]=""1"" or [other_cancer(current)]=""1""",,,,cancers_treatment,,
medication_med_hist_cancer,q_generic_confounders,,checkbox,Medication,"past, Past | current, Current | never, Never | no_answer, Prefer Not To Answer",,,,,,"[brain_cancer(past)]=""1"" or [brain_cancer(current)]=""1"" or 
    [ear_cancer(past)]=""1"" or [ear_cancer(current)]=""1"" or 
    [laryngeal_cancer(past)]=""1"" or [laryngeal_cancer(current)]=""1"" or
    [lung_cancer(past)]=""1"" or [lung_cancer(current)]=""1"" or 
    [oral_cancer(past)]=""1"" or [oral_cancer(current)]=""1"" or 
    [sinus_cancer(past)]=""1"" or [sinus_cancer(current)]=""1"" or 
    [esophageal_cancer(past)]=""1"" or [esophageal_cancer(current)]=""1"" or
    [thyroid_cancer(past)]=""1"" or [thyroid_cancer(current)]=""1"" or
    [other_cancer(past)]=""1"" or [other_cancer(current)]=""1""",,,,cancers_treatment,,
experimental_treatment,q_generic_confounders,,checkbox,"Experimental treatment / clinical trial","past, Past | current, Current | never, Never | no_answer, Prefer Not To Answer",,,,,,"[brain_cancer(past)]=""1"" or [brain_cancer(current)]=""1"" or 
    [ear_cancer(past)]=""1"" or [ear_cancer(current)]=""1"" or 
    [laryngeal_cancer(past)]=""1"" or [laryngeal_cancer(current)]=""1"" or
    [lung_cancer(past)]=""1"" or [lung_cancer(current)]=""1"" or 
    [oral_cancer(past)]=""1"" or [oral_cancer(current)]=""1"" or 
    [sinus_cancer(past)]=""1"" or [sinus_cancer(current)]=""1"" or 
    [esophageal_cancer(past)]=""1"" or [esophageal_cancer(current)]=""1"" or
    [thyroid_cancer(past)]=""1"" or [thyroid_cancer(current)]=""1"" or
    [other_cancer(past)]=""1"" or [other_cancer(current)]=""1""",,,,cancers_treatment,,
other_cancer_treatment,q_generic_confounders,,checkbox,"Other cancer treatment","past, Past | current, Current | never, Never | no_answer, Prefer Not To Answer",,,,,,"[brain_cancer(past)]=""1"" or [brain_cancer(current)]=""1"" or 
    [ear_cancer(past)]=""1"" or [ear_cancer(current)]=""1"" or 
    [laryngeal_cancer(past)]=""1"" or [laryngeal_cancer(current)]=""1"" or
    [lung_cancer(past)]=""1"" or [lung_cancer(current)]=""1"" or 
    [oral_cancer(past)]=""1"" or [oral_cancer(current)]=""1"" or 
    [sinus_cancer(past)]=""1"" or [sinus_cancer(current)]=""1"" or 
    [esophageal_cancer(past)]=""1"" or [esophageal_cancer(current)]=""1"" or
    [thyroid_cancer(past)]=""1"" or [thyroid_cancer(current)]=""1"" or
    [other_cancer(past)]=""1"" or [other_cancer(current)]=""1""",,,,cancers_treatment,,
experimental_treatment_past_specify,q_generic_confounders,,text,"Please specify what experimental treatment (e.g. clinical trial) you received in the past.",,,,,,,"[experimental_treatment(past)]=""1""",,,,,,
experimental_treatment_current_specify,q_generic_confounders,,text,"Please specify what experimental treatment (e.g. clinical trial) you are currently receiving.",,,,,,,"[experimental_treatment(current)]=""1""",,,,,,
other_cancer_treatment_past_specify,q_generic_confounders,,text,"Please specify what other cancer treatment(s) you have received in the past.",,,,,,,"[other_cancer_treatment(past)]=""1""",,,,,,
other_treatment_cancer_current_specify,q_generic_confounders,,text,"Please specify what other cancer treatment(s) you are currently receiving.",,,,,,,"[other_cancer_treatment(current)]=""1""",,,,,,
atrial_fibrillation,q_generic_confounders,"Have you ever been diagnosed by a doctor with any of these OTHER health conditions?

To save you time, the responses are pre-set to ""NO"". Please only change the responses that apply to you. If you have never had the condition, you can leave the response as it is.

Condition",radio,"Atrial fibrillation","yes, Yes | no, No | noAnswer, Prefer Not To Answer",,,,,,,,,,other_condition,,
chronic_pericarditis,q_generic_confounders,,radio,"Chronic pericarditis","yes, Yes | no, No | noAnswer, Prefer Not To Answer",,,,,,,,,,other_condition,,
congestive_heart_failure,q_generic_confounders,,radio,"Congestive heart failure","yes, Yes | no, No | noAnswer, Prefer Not To Answer",,,,,,,,,,other_condition,,
coronary_heart_disease,q_generic_confounders,,radio,"Coronary heart disease","yes, Yes | no, No | noAnswer, Prefer Not To Answer",,,,,,,,,,other_condition,,
chronic_kidney_disease,q_generic_confounders,,radio,"Chronic kidney disease","yes, Yes | no, No | noAnswer, Prefer Not To Answer",,,,,,,,,,other_condition,,
obesity,q_generic_confounders,,radio,Obesity,"yes, Yes | no, No | noAnswer, Prefer Not To Answer",,,,,,,,,,other_condition,,
scoliosis,q_generic_confounders,,radio,Scoliosis,"yes, Yes | no, No | noAnswer, Prefer Not To Answer",,,,,,,,,,other_condition,,
currently_considered_obese,q_generic_confounders,,radio,"Are you currently considered obese?","yes, Yes | no, No | noAnswer, Prefer Not To Answer",,,,,,[obesity]='yes',,,,,,
currently_have_diabetes,q_generic_confounders,,radio,"Do you currently have diabetes?  ","yes, Yes | no, No | noAnswer, Prefer Not To Answer",,,,,,,,,,,,
diabetes_type,q_generic_confounders,,radio,"Which type of diabetes do you have? ","type1, Type 1 | type2, Type 2 | gestationalDiabetes, Gestational diabetes | ladaType3a, LADA/Type 3a | notCertain, Not certain",,,,,,[currently_have_diabetes]='yes',,,,,,
other_heart_disease,q_generic_confounders,,radio,"Do you currently have any other heart disease(s)?","yes, Yes | no, No | noAnswer, Prefer Not To Answer",,,,,,,,,,,,
other_heart_disease_specify,q_generic_confounders,,text,"Please specify what other heart condition(s) you have.",,,,,,,[other_heart_disease]='yes',,,,,,
any_infectious_disease,q_generic_confounders,,radio,"Do you currently have any infectious disease?","yes, Yes | no, No | noAnswer, Prefer Not To Answer",,,,,,,,,,,,
any_infectious_disease_specify,q_generic_confounders,,text,"Please specify what other infectious disease(s) you have.",,,,,,,[any_infectious_disease]='yes',,,,,,
anti_anxiety_medication,q_generic_confounders,"Do you currently take or use any of these medications or substances to treat ANY condition (e.g. using antidepressant to treat ADHD)?

To save you time, the responses are pre-set to ""No"". Please only change the responses that apply to you. If you are not currently taking the medication, you can leave the response as it is.

Medication",radio,"Anti-anxiety medication","yes, Yes | no, No",,,,,,,,,,medication,,
antibiotics,q_generic_confounders,,radio,Antibiotics,"yes, Yes | no, No",,,,,,,,,,medication,,
anticholergenics,q_generic_confounders,,radio,Anticholergenics,"yes, Yes | no, No",,,,,,,,,,medication,,
antidepressants,q_generic_confounders,,radio,Antidepressants,"yes, Yes | no, No",,,,,,,,,,medication,,
antiepileptics,q_generic_confounders,,radio,Antiepileptics,"yes, Yes | no, No",,,,,,,,,,medication,,
allergy_medications,q_generic_confounders,,radio,"Allergy medications (antihistamines)","yes, Yes | no, No",,,,,,,,,,medication,,
blood_pressure_medications,q_generic_confounders,,radio,"Blood pressure medications (anti-hypertensive)","yes, Yes | no, No",,,,,,,,,,medication,,
pain_medications,q_generic_confounders,,radio,"Pain medications","yes, Yes | no, No",,,,,,,,,,medication,,
decongestants,q_generic_confounders,,radio,Decongestants,"yes, Yes | no, No",,,,,,,,,,medication,,
diuretics,q_generic_confounders,,radio,Diuretics,"yes, Yes | no, No",,,,,,,,,,medication,,
hormones,q_generic_confounders,,radio,Hormones,"yes, Yes | no, No",,,,,,,,,,medication,,
immune_suppressors,q_generic_confounders,,radio,"Immune suppressors","yes, Yes | no, No",,,,,,,,,,medication,,
inhaled_corticosteroids,q_generic_confounders,,radio,"Inhaled corticosteroids","yes, Yes | no, No",,,,,,,,,,medication,,
muscle_relaxants,q_generic_confounders,,radio,"Muscle relaxants","yes, Yes | no, No",,,,,,,,,,medication,,
oral_steroids,q_generic_confounders,,radio,"Oral steroids","yes, Yes | no, No",,,,,,,,,,medication,,
psychotropic_antipsychotic_medications,q_generic_confounders,,radio,"Psychotropic/antipsychotic medications","yes, Yes | no, No",,,,,,,,,,medication,,
reflux_medications,q_generic_confounders,,radio,"Reflux medications","yes, Yes | no, No",,,,,,,,,,medication,,
stimulants_medications,q_generic_confounders,,radio,Stimulants,"yes, Yes | no, No",,,,,,,,,,medication,,
analgesics,q_generic_confounders,"Which Pain Medication(s) do you currently take?

To save you time, the responses are pre-set to ""No"". Please only change the responses that apply to you. If you are not currently taking the medication, you can leave the response as it is.

Medication",radio,Analgesics,"yes, Yes | no, No",,,,,,"[pain_medications]=""yes""",,,,pain_medications,,
nsaids,q_generic_confounders,,radio,NSAIDs,"yes, Yes | no, No",,,,,,"[pain_medications]=""yes""",,,,pain_medications,,
opiates,q_generic_confounders,,radio,Opiates,"yes, Yes | no, No",,,,,,"[pain_medications]=""yes""",,,,pain_medications,,
neuro_modulators,q_generic_confounders,,radio,Neuro-modulators,"yes, Yes | no, No",,,,,,"[pain_medications]=""yes""",,,,pain_medications,,
androgenic_steroids,q_generic_confounders,"Which Hormone(s) do you currently take?

To save you time, the responses are pre-set to ""No"". Please only change the responses that apply to you. If you are not currently taking the medication, you can leave the response as it is.

Medication",radio,"Androgenic steroids","yes, Yes | no, No",,,,,,"[hormones]=""yes""",,,,hormones,,
hrt,q_generic_confounders,,radio,"Hormonal replacement therapy (HRT)","yes, Yes | no, No",,,,,,"[hormones]=""yes""",,,,hormones,,
insulin,q_generic_confounders,,radio,Insulin,"yes, Yes | no, No",,,,,,"[hormones]=""yes""",,,,hormones,,
contraceptive_birth_control,q_generic_confounders,,radio,"Contraceptive, birth control","yes, Yes | no, No",,,,,,"[hormones]=""yes""",,,,hormones,,
thyroid_replacement,q_generic_confounders,,radio,"Thyroid replacement","yes, Yes | no, No",,,,,,"[hormones]=""yes""",,,,hormones,,
other_hormone_replacement,q_generic_confounders,,radio,"Other hormone replacement","yes, Yes | no, No",,,,,,"[hormones]=""yes""",,,,hormones,,
other_hormone_replacement_specify,q_generic_confounders,,text,"What other hormone replacement(s) do you currently take?",,,,,,,"[other_hormone_replacement]=""yes""",,,,,,
anxiety_nervousness,q_generic_confounders,"Are you experiencing any of the following symptoms today? 

To save you time, the responses are pre-set to ""NO"". Please only change the responses that apply to you. If you are not experiencing the symptom, you can leave the response as it is.

Symptom",radio,"Anxiety or nervousness","yes, Yes | no, No",,,,,,,,,,symptoms,,
confusion,q_generic_confounders,,radio,Confusion,"yes, Yes | no, No",,,,,,,,,,symptoms,,
coughing_clearing_throat,q_generic_confounders,,radio,"Coughing or clearing your throat","yes, Yes | no, No",,,,,,,,,,symptoms,,
dizziness,q_generic_confounders,,radio,Dizziness,"yes, Yes | no, No",,,,,,,,,,symptoms,,
headache_migraine,q_generic_confounders,,radio,"Headache or migraine","yes, Yes | no, No",,,,,,,,,,symptoms,,
nasal_congestion_obstruction,q_generic_confounders,,radio,"Nasal congestion or obstruction","yes, Yes | no, No",,,,,,,,,,symptoms,,
scratchy_sore_throat,q_generic_confounders,,radio,"Scratchy or sore throat","yes, Yes | no, No",,,,,,,,,,symptoms,,
shortness_breath,q_generic_confounders,,radio,"Shortness of breath","yes, Yes | no, No",,,,,,,,,,symptoms,,
sleep_disturbance,q_generic_confounders,,radio,"Sleep disturbance","yes, Yes | no, No",,,,,,,,,,symptoms,,
speech_difficulty,q_generic_confounders,,radio,"Speech difficulty","yes, Yes | no, No",,,,,,,,,,symptoms,,
menstruate,q_generic_confounders,Gynecological,radio,"Do you currently have periods (with regular or irregular cycles)?","doesNotApply, Does not apply (i.e. I am a male who has never had a period) | yes, Yes | no, No, but I used to | noAnswer, Prefer not to answer",,,,,,,y,,,,,
menstrual_cycle_status,q_generic_confounders,,radio,"Where in your cycle are you? We ask because this may affect your voice.","menstruating, Menstruating | premenstrual, Premenstrual | postmenstrual, Postmenstrual | notCertain, Not certain | noAnswer, Prefer not to answer",,,,,,[menstruate]='yes',,,,,,
menstruate_no,q_generic_confounders,,radio,"Please explain","pregnant, I am currently pregnant | birthControl, I'm using birth control | iud, I have an IUD [DEPRECATED] | menopause, I have gone through menopause or have had a hysterectomy | hormoneTherapy, I no longer have my period due to hormone therapy | noAnswer, Prefer not to answer | other, Other",,,,,,"[menstruate]=""no""",,,,,,
other_menstruate_specify,q_generic_confounders,,text,"If you selected ""other"" please specify:",,,,,,,"[menstruate_no] = ""other""",,,,,,
currently_pregnant,q_generic_confounders,,radio,"Which trimester of pregnancy are you in?","firstTrimester, First trimester (less than 14 weeks) | secondTrimester, Second trimester (14-28 weeks) | thirdTrimester, Third trimester (more than 28 weeks) | notCertain, Not certain | noAnswer, Prefer not to answer",,,,,,"[menstruate_no]=""pregnant""",,,,,,
unit,q_generic_confounders,"PHYSICAL HEALTH

Some aspects of your physical health can affect the sound of your voice. This section asks questions about some of these factors.


Height and Weight ",dropdown,Unit,"1, Metric | 2, US customary units",,,,,,,,,,,,
height,q_generic_confounders,,text,Height,,inches,number,,,,,,,,,,
weight,q_generic_confounders,,text,Weight,,lbs,number,,,,,,,,,,
ph_standing,q_generic_confounders,"Overall Health

This questionnaire asks about difficulties due to health conditions. Health conditions include diseases or illnesses, other health problems that may be short or long lasting, injuries, mental or emotional problems, and problems with alcohol or drugs. 

Think back over the past 30 days and answer these questions, thinking about how much difficulty you had doing the following activities. For each question, please choose only one response. 

In the past 30 days, how much difficulty did you have in:",radio,"Standing for long periods such as 30 minutes?","none, None | mild, Mild | moderate, Moderate | severe, Severe | extreme, Extreme or cannot do",,,,,,,y,,,physcial_health_group,,
ph_take_care,q_generic_confounders,,radio,"Taking care of your household responsibilities?","none, None | mild, Mild | moderate, Moderate | severe, Severe | extreme, Extreme or cannot do",,,,,,,y,,,physcial_health_group,,
ph_learn_task,q_generic_confounders,,radio,"Learning a new task, for example, learning how to get to a new place?","none, None | mild, Mild | moderate, Moderate | severe, Severe | extreme, Extreme or cannot do",,,,,,,y,,,physcial_health_group,,
ph_problem_join,q_generic_confounders,,radio,"How much of a problem did you have joining in community activities (for example, festivities, religious or other activities) in the same way as anyone else can?","none, None | mild, Mild | moderate, Moderate | severe, Severe | extreme, Extreme or cannot do",,,,,,,y,,,physcial_health_group,,
ph_health_problem,q_generic_confounders,,radio,"How much have you been emotionally affected by your health problems?","none, None | mild, Mild | moderate, Moderate | severe, Severe | extreme, Extreme or cannot do",,,,,,,y,,,physcial_health_group,,
ph_concentrating,q_generic_confounders,,radio,"Concentrating on doing something for ten minutes?","none, None | mild, Mild | moderate, Moderate | severe, Severe | extreme, Extreme or cannot do",,,,,,,y,,,physcial_health_group,,
ph_walking,q_generic_confounders,,radio,"Walking a long distance such as a kilometre [or equivalent]?","none, None | mild, Mild | moderate, Moderate | severe, Severe | extreme, Extreme or cannot do",,,,,,,y,,,physcial_health_group,,
ph_washing,q_generic_confounders,,radio,"Washing your whole body?","none, None | mild, Mild | moderate, Moderate | severe, Severe | extreme, Extreme or cannot do",,,,,,,y,,,physcial_health_group,,
ph_get_dressed,q_generic_confounders,,radio,"Getting dressed?","none, None | mild, Mild | moderate, Moderate | severe, Severe | extreme, Extreme or cannot do",,,,,,,y,,,physcial_health_group,,
ph_dealing_people,q_generic_confounders,,radio,"Dealing with people you do not know?","none, None | mild, Mild | moderate, Moderate | severe, Severe | extreme, Extreme or cannot do",,,,,,,y,,,physcial_health_group,,
ph_friendship,q_generic_confounders,,radio,"Maintaining a friendship?","none, None | mild, Mild | moderate, Moderate | severe, Severe | extreme, Extreme or cannot do",,,,,,,y,,,physcial_health_group,,
ph_day_to_day_work,q_generic_confounders,,radio,"Your day-to-day work?","none, None | mild, Mild | moderate, Moderate | severe, Severe | extreme, Extreme or cannot do",,,,,,,y,,,physcial_health_group,,
physical_health_freq,q_generic_confounders,,text,"Overall, in the past 30 days, how many days were these difficulties present?",,days,integer,,,,,y,RH,,,,
phys_health_impact,q_generic_confounders,,text,"In the past 30 days, for how many days were you totally unable to carry out your usual activities or work because of any health condition?",,days,integer,,,,,y,RH,,,,
phys_health_limited,q_generic_confounders,,text,"In the past 30 days, not counting the days that you were totally unable, for how many days did you cut back or reduce your usual activities or work because of any health condition?",,days,integer,,,,,y,RH,,,,
voice_activity_v2,q_generic_confounders,"DAY TO DAY ACTIVITIES

Things you do on a daily basis (including your job, work environment, hydration, etc.) can affect the sound of your voice OR affect the way you complete the tasks in this study. This section asks questions about some of these factors. 


Voice  Use",checkbox,"Do you do one of these jobs or hobbies that requires using your voice for many hours a day? Check all that apply","administrative_assistant, Administrative assistant | attorney, Attorney | bartender, Bartender | barista, Barista | call_center_worker, Call center worker | cheerleader, Cheerleader | child_care_provider, Child-care provider | exercise_instructor, Exercise instructor | minister_preacher, Minister/Preacher | parent_guardian_caregiver, Parent, guardian, or caregiver | public_speaker, Public Speaker | receptionist, Receptionist | salesperson, Salesperson | singer, Singer | teacher, Teacher | waiter, Waiter | other, Other | none, NONE OF THE ABOVE",,,,,,,,,,,,
other_voice_activity,q_generic_confounders,,text,"Please specify what other job or hobby you have that requires you to use your voice loudly for many hours a day.",,,,,,,"[voice_activity_v2(other)] = ""1""",,RH,,,,
hours_voice_activity,q_generic_confounders,,text,"How many hours per day do you do this activity with a loud voice or in a loud environment that requires elevating your voice (for instance, a noisy bar or a noisy classroom)?",,hours,number,,,,"[voice_activity_v2(administrative_assistant)] = ""1"" or
[voice_activity_v2(attorney)] = ""1"" or
[voice_activity_v2(bartender)] = ""1"" or
[voice_activity_v2(barista)] = ""1"" or
[voice_activity_v2(call_center_worker)] = ""1"" or
[voice_activity_v2(cheerleader)] = ""1"" or
[voice_activity_v2(child_care_provider)] = ""1"" or
[voice_activity_v2(exercise_instructor)] = ""1"" or
[voice_activity_v2(minister_preacher)] = ""1"" or
[voice_activity_v2(parent_guardian_caregiver)] = ""1"" or
[voice_activity_v2(public_speaker)] = ""1"" or
[voice_activity_v2(receptionist)] = ""1"" or
[voice_activity_v2(salesperson)] = ""1"" or
[voice_activity_v2(singer)] = ""1"" or
[voice_activity_v2(teacher)] = ""1"" or
[voice_activity_v2(waiter)] = ""1"" or
[voice_activity_v2(other)] = ""1""",,RH,,,,
reading_aloud,q_generic_confounders,"Reading Ability",radio,"How good do you think you are at reading out loud in [English/Spanish], - that is, reading out loud at a normal rate without making mistakes and understanding what you read?","excellent, Excellent | veryGood, Very good | good, Good | fair, Fair | poor, Poor",,,,,,,y,,,,,
tired_measure,q_generic_confounders,Tiredness,radio,"How tired are you?
0=not tired at all, 10=extremely tired","0, 0 | 1, 1 | 2, 2 | 3, 3 | 4, 4 | 5, 5 | 6, 6 | 7, 7 | 8, 8 | 9, 9 | 10, 10",,,,,,,y,LH,,,,
hydration,q_generic_confounders,Hydration,text,"On a typical day, how many small (8oz or 230mL) cups of water do you drink?",,Number,number,,,,,y,,,,,
hydration_today,q_generic_confounders,,text,"Today, how many small (8oz or 230mL) cups of water have you had?",,Number,number,,,,,,,,,,
typical_day_drink_caffeinated_products,q_generic_confounders,"Caffeine intake",radio,"On a typical day, do you drink coffee or use other caffeinated products?","yes, Yes | no, No | noAnswer, Prefer not to answer",,,,,,,,,,,,
typical_day_consume_caffeinated_products,q_generic_confounders,,checkbox,"What type(s) of caffeinated products do you typically consume?","caffeinated_teas, Caffeinated teas | carbonated_beverages, Carbonated beverages (e.g. soda, pop. Coke, etc.) | coffee, Coffee | energy_drinks, Energy drinks | espresso, Espresso | other, Other",,,,,,"[typical_day_drink_caffeinated_products]=""yes""",,,,,,
typical_day_consume_other_specify,q_generic_confounders,,text,"Please specify",,,,,,,"[typical_day_consume_caffeinated_products(other)]=""1""",,,,,,
caffeine_intake,q_generic_confounders,,text,"On a typical day, how many servings of these caffeinated products do you typically consume? 
One serving is 8 oz or 240 mL of coffee, tea, or energy drinks, 1 oz or 30 mL of espresso, 12 oz or 360 mL of soda 
",,Number,number,0,,,,y,,,,,
today_drink_caffeinated_products,q_generic_confounders,,radio,"Today, have you had coffee or any other caffeinated products?","yes, Yes | no, No",,,,,,,,,,,,
today_consume_caffeinated_products,q_generic_confounders,,checkbox,"What type(s) of caffeinated products have you had today?","caffeinated_teas, Caffeinated teas | carbonated_beverages, Carbonated beverages (e.g. soda, pop. Coke, etc.) | coffee, Coffee | energy_drinks, Energy drinks | espresso, Espresso | other, Other",,,,,,"[today_drink_caffeinated_products]=""yes""",,,,,,
today_consume_other_specify,q_generic_confounders,,text,"Please specify",,,,,,,"[today_consume_caffeinated_products(other)]=""1""",,,,,,
caffeine_intake_today,q_generic_confounders,,text,"How many servings of these caffeinated products have you had today?",,Number,number,0,,,,,,,,,
ever_used_nicotine_products,q_generic_confounders,"Nicotine use",checkbox,"Have you ever used any of the following nicotine (tobacco) products? Please check all that apply.","never_used_nicotine_product, I have never used a nicotine product | cigarette_cigar, Cigarette or cigar | electronic_nicotine_product, Electronic nicotine product (e.g. e-cigarettes, vape pens, hookah pens, personal vaporizers, e-cigars, e-pipes, e-hookahs, etc.) | nicotine_patch, Nicotine patch | nicotine_gum_chew, Nicotine gum or chew | other, Other",,,,,,,,,,,,
ever_used_nicotine_products_specify,q_generic_confounders,,text,"Please specify",,,,,,,"[ever_used_nicotine_products(other)]=""1""",,,,,,
used_nicotine_products_in_entire_life,q_generic_confounders,,radio,"Have you used any nicotine products at least 100 times in your entire life?","yes, Yes | no, No | notCertain, Not certain | noAnswer, Prefer not to answer",,,,,,"[ever_used_nicotine_products(never_used_nicotine_product)]=""0""",,,,,,
current_use_nicotine_products,q_generic_confounders,,radio,"Do you currently use any nicotine products every day, some days, or not at all?","everyDay, Every day | someDays, Some days | notAtAll, Not at all | noAnswer, Prefer not to answer",,,,,,"[used_nicotine_products_in_entire_life]=""yes""",,,,,,
started_using_nicotine_products,q_generic_confounders,,radio,"How old were you when you first started regularly using nicotine products?","age, Age: Enter age | notCertain, Not certain | noAnswer, Prefer not to answer",,,,,,"[used_nicotine_products_in_entire_life]=""yes""",,,,,,
age_started_using_nicotine_products,q_generic_confounders,,text,"Age: Enter age",,Number,number,,,,"[started_using_nicotine_products]=""age""",,,,,,
stopped_using_nicotine_products,q_generic_confounders,,radio,"If you have completely stopped using nicotine, about how old were you when you stopped?","age, Age when you stopped using: Enter age | notCertain, Not certain | noAnswer, Prefer not to answer",,,,,,"[current_use_nicotine_products]=""notAtAll""",,,,,,
age_stopped_using_nicotine_products,q_generic_confounders,,text,"Age when you stopped using: Enter age",,Number,number,,,,"[stopped_using_nicotine_products]=""age""",,,,,,
years_used_nicotine,q_generic_confounders,,radio,"For how many years have you used nicotine?","lessThanOneYear, Less than 1 year | numberOfYears, Number of years : Enter number | notCertain, Not certain | noAnswer, Prefer not to answer",,,,,,"[current_use_nicotine_products]=""notAtAll""",,,,,,
number_years_used_nicotine,q_generic_confounders,,text,"Number of years : Enter number ",,Number,number,,,,"[years_used_nicotine]=""numberOfYears""",,,,,,
times_use_nicotine_per_day,q_generic_confounders,,radio,"On average, how many times do you use nicotine per day now?","lessThanOncePerDay, Less than once per day | numberUses, Number of uses per day: Enter number | notCertain, Not certain | noAnswer, Prefer not to answer",,,,,,"[current_use_nicotine_products]=""everyDay"" or
[current_use_nicotine_products]=""someDays""",,,,,,
number_of_uses_per_day_now,q_generic_confounders,,text,"Number of uses per day",,Number,number,,,,"[times_use_nicotine_per_day]=""numberUses""",,,,,,
average_used_nicotine_over_entire_time,q_generic_confounders,,radio,"On average, over the entire time that you used nicotine, how many times each day did you use nicotine?","lessThanOncePerDay, Less than once per day | numberUses, Number of uses per day: Enter number | notCertain, Not certain | noAnswer, Prefer not to answer",,,,,,"[used_nicotine_products_in_entire_life]=""yes""",,,,,,
average_number_of_uses_each_day,q_generic_confounders,,text,"Number of uses per day: Enter number",,Number,number,,,,"[average_used_nicotine_over_entire_time]=""numberUses""",,,,,,
alcohol_yn,q_generic_confounders,"Alcohol consumption",radio,"Do you drink alcohol?
(Drinks can be beer, wine, shots of liquor, cocktails containing a shot of liquor)","yes, Yes | no, No | notCurrently, Not currently, but I have in the past | noAnswer, Prefer not to answer",,,,,,,y,,,,,
alcohol_freq_v2,q_generic_confounders,,radio,"How often do you have at least one drink containing alcohol?
","monthlyOrLess, Monthly or less | twoToFourMothly, 2 - 4 times a month | twoToThreeWeekly, 2 - 3 times a week | fourOrMoreWeekly, 4 or more times a week | noAnswer, Prefer not to answer",,,,,,"[alcohol_yn]=""yes""",,,,,,
alcohol_amt_v2,q_generic_confounders,,radio,"How many drinks containing alcohol do you have on a typical day when you are drinking?
One drink is 12 oz. or 330 mL of beer, 5 oz. or 150 mL of wine, 1.5 oz. or 45mL (one shot) of liquor
","twoOrFewer, 2 or fewer | threeToFour, 3 - 4 | fiveToSix, 5 - 6 | sevenToNine, 7 - 9 | tenOrMore, 10 or more | noAnswer, Prefer not to answer",,,,,,"[alcohol_yn]=""yes""",,,,,,
alcohol_drinks,q_generic_confounders,,radio,"How often did you have six or more drinks on one occasion in the past year?","neverInThePastYear, Never in the past year | lessThanMonthly, Less than monthly | monthly, Monthly | weekly, Weekly | daily, Daily or almost daily | noAnswer, Prefer not to answer",,,,,,"[alcohol_yn]=""yes""",,,,,,
alcohol_today_v2,q_generic_confounders,,radio,"Have you drunk alcohol today?","yes, Yes | no, No | noAnswer, Prefer not to answer",,,,,,"[alcohol_yn]=""yes""",,,,,,
drinks_today_number,q_generic_confounders,,text,"How many drinks have you had today? ",,Number,number,,,,"[alcohol_today_v2]=""yes""",,,,,,
current_recovery_alcohol_v2,q_generic_confounders,,radio,"Are you currently in recovery for alcohol use?","yes, Yes | no, No | noAnswer, Prefer not to answer",,,,,,"[alcohol_yn]=""yes"" or [alcohol_yn]=""notCurrently""",,,,,,
ever_alcohol_rehab,q_generic_confounders,,radio,"Have you ever been in rehab  or counseling for heavy alcohol use?","yes, Yes | no, No | noAnswer, Prefer not to answer",,,,,,"[alcohol_yn]=""yes"" or [alcohol_yn]=""notCurrently""",,,,,,
used_substance_on_your_own,q_generic_confounders,"Other Substance use ",radio,"Have you ever used medicines ON YOUR OWN without a doctor's prescription, or in greater amounts or longer than prescribed?","no, No | inThePast, Not this year, but I have in the past | oneOrMore, One or more times this year | noAnswer, Prefer not to respond",,,,,,,,,,,,
used_drugs,q_generic_confounders,,radio,"Have you ever used marijuana, cocaine or crack, and/or other drugs?","no, No | inThePast, Not this year, but I have in the past | oneOrMore, One or more times this year | noAnswer, Prefer not to respond",,,,,,,,,,,,
smoked_substance_in_past_three_months,q_generic_confounders,,radio,"In the PAST THREE MONTHS, how often have you  SMOKED marijuana  (e.g. cannabis, pot, grass, hash, weed, etc.) either recreationally or as prescribed by a doctor?","none, None | onceOrTwice, Once or twice | monthly, Monthly | weekly, Weekly | daily, Daily or almost daily | noAnswer, Prefer not to answer",,,,,,"[used_drugs]=""oneOrMore""",,,,,,
edible_substance_in_past_three_months,q_generic_confounders,,radio,"In the PAST THREE MONTHS, how often have you taken marijuana  as an EDIBLE either recreationally or as prescribed by a doctor?","none, None | onceOrTwice, Once or twice | monthly, Monthly | weekly, Weekly | daily, Daily or almost daily | noAnswer, Prefer not to answer",,,,,,"[used_drugs]=""oneOrMore""",,,,,,
painkillers,q_generic_confounders,"During the past TWO (2) WEEKS, about how often did you use any of the following medicines ON YOUR OWN, that is, without a doctor's prescription, in greater amounts or longer than prescribed?",radio,"Painkillers (like Vicodin)","none, Not at all | oneOrTwoDays, One or two days | severalDays, Several days | moreThanHalfTheDays, More than half the days | nearlyEveryDay, Nearly every day",,,,,,"[used_substance_on_your_own]=""oneOrMore""",,,,substance_use_options,,
stimulants,q_generic_confounders,,radio,"Stimulants (like Ritalin, Adderall)","none, Not at all | oneOrTwoDays, One or two days | severalDays, Several days | moreThanHalfTheDays, More than half the days | nearlyEveryDay, Nearly every day",,,,,,"[used_substance_on_your_own]=""oneOrMore""",,,,substance_use_options,,
sedatives,q_generic_confounders,,radio,"Sedatives or tranquilizers (like sleeping pills or Valium)","none, Not at all | oneOrTwoDays, One or two days | severalDays, Several days | moreThanHalfTheDays, More than half the days | nearlyEveryDay, Nearly every day",,,,,,"[used_substance_on_your_own]=""oneOrMore""",,,,substance_use_options,,
marijuana,q_generic_confounders,,radio,Marijuana,"none, Not at all | oneOrTwoDays, One or two days | severalDays, Several days | moreThanHalfTheDays, More than half the days | nearlyEveryDay, Nearly every day",,,,,,"[used_substance_on_your_own]=""oneOrMore""",,,,substance_use_options,,
cocaine,q_generic_confounders,,radio,"Cocaine or crack","none, Not at all | oneOrTwoDays, One or two days | severalDays, Several days | moreThanHalfTheDays, More than half the days | nearlyEveryDay, Nearly every day",,,,,,"[used_substance_on_your_own]=""oneOrMore""",,,,substance_use_options,,
club_drugs,q_generic_confounders,,radio,"Club drugs (like ecstasy)","none, Not at all | oneOrTwoDays, One or two days | severalDays, Several days | moreThanHalfTheDays, More than half the days | nearlyEveryDay, Nearly every day",,,,,,"[used_substance_on_your_own]=""oneOrMore""",,,,substance_use_options,,
hallucinogens,q_generic_confounders,,radio,"Hallucinogens (like LSD)","none, Not at all | oneOrTwoDays, One or two days | severalDays, Several days | moreThanHalfTheDays, More than half the days | nearlyEveryDay, Nearly every day",,,,,,"[used_substance_on_your_own]=""oneOrMore""",,,,substance_use_options,,
heroin,q_generic_confounders,,radio,"Heroin or other opioids, including synthetic opioids like fentanyl","none, Not at all | oneOrTwoDays, One or two days | severalDays, Several days | moreThanHalfTheDays, More than half the days | nearlyEveryDay, Nearly every day",,,,,,"[used_substance_on_your_own]=""oneOrMore""",,,,substance_use_options,,
inhalants,q_generic_confounders,,radio,"Inhalants or solvents (like glue)","none, Not at all | oneOrTwoDays, One or two days | severalDays, Several days | moreThanHalfTheDays, More than half the days | nearlyEveryDay, Nearly every day",,,,,,"[used_substance_on_your_own]=""oneOrMore""",,,,substance_use_options,,
methamphetamine,q_generic_confounders,,radio,"Methamphetamine (like speed)","none, Not at all | oneOrTwoDays, One or two days | severalDays, Several days | moreThanHalfTheDays, More than half the days | nearlyEveryDay, Nearly every day",,,,,,"[used_substance_on_your_own]=""oneOrMore""",,,,substance_use_options,,
current_substance_use_recovery,q_generic_confounders,,radio,"Are you currently in recovery  for substance use? ","yes, Yes | no, No | noAnswer, Prefer not to answer",,,,,,"[used_substance_on_your_own]=""inThePast"" or
[used_substance_on_your_own]=""oneOrMore"" or
[used_drugs]=""inThePast"" or
[used_drugs]=""oneOrMore""",,,,,,
rehab_counseling_substance_use,q_generic_confounders,,radio,"Have you ever been in rehab  or counseling for heavy substance use? ","yes, Yes | no, No | noAnswer, Prefer not to answer",,,,,,"[used_substance_on_your_own]=""inThePast"" or
[used_substance_on_your_own]=""oneOrMore"" or
[used_drugs]=""inThePast"" or
[used_drugs]=""oneOrMore""",,,,,,
hormone_use,q_generic_confounders,"Deprecated Fields",checkbox,"[DEPRECATED]
Hormone use","1, Oral contraceptive | 2, Hormonal replacement therapy (HRT) | 3, Androgenic steroids | 4, Other",,,,,,"[medications(7)]=""1""",,,,,," @HIDDEN"
medications,q_generic_confounders,,checkbox,"[DEPRECATED]
Do you currently take or use any of these medications or substances? Please check all that apply
","1, Antibiotics | 2, Anti-histamines (allergy medications) | 3, Anti-Hypertensive Medications (Blood Pressure Medication) | 4, Diuretics (ex: Lasix) | 5, Decongestants | 6, Muscle relaxants (ex: Baclofen) | 7, Hormone use | 8, Inhaled corticosteroids | 9, Oral steroids | 10, Anti-anxiety medications: (ex: Benzodiazepine) | 11, Chronic Pain medication | 12, Psychotropic/antipsychotic medications (ex: Clozapine) | 13, Antidepressants (ex: amitryptiline) | 14, Immune suppressors (ex: Methotrexate) | 15, Reflux medications (ex: Pantoprazole, Nexium) | 16, Anticholinergics (ex: Ventolin) | 17, Anticoagulants (blood thinners) | 18, Antiepileptic (ex: Phenytoin)",,,,,,,,,,,," @HIDDEN"
pain_medication,q_generic_confounders,,checkbox,"[DEPRECATED]
Chronic Pain medication","1, NSAIDs (ex: Ibuprofen/Advil/Cerebrex) | 2, Morphine/Oxycodone | 3, Neuro-modulators (ex: Gabapentin, Lyrica)",,,,,,"[medications(11)]=""1""",,,,,," @HIDDEN"
symptoms,q_generic_confounders,,checkbox,"[DEPRECATED]
There are some symptoms that can affect your voice. Are you currently experiencing any of these symptoms? Check all that apply.
 ","1, Anxiety or nervousness | 2, Confusion | 3, Dizziness | 4, Frequent or severe headache or migraine | 5, Sleep disturbance | 6, Speech difficulty | 7, Prefer not to answer",,,,,,,,,,,," @HIDDEN"
voice_activity,q_generic_confounders,,checkbox,"[DEPRECATED]
Do you do one of these jobs or hobbies that requires using your voice for many hours a day? Check all that apply","1, Bartender | 2, Waiter, receptionist | 3, Speaking (secretary, call center, attorney, salesperson) | 4, Teacher | 5, Singer | 6, Cheerleading | 7, Other",,,,,,,,,,,," @HIDDEN"
smoking_entire_life,q_generic_confounders,,radio,"[DEPRECATED]
Have you smoked at least 100 cigarettes in your entire life? (There are 20 cigarettes in a pack.)?","yes, Yes | no, No | doNotKnow, Don't know | noAnswer, Prefer not to answer",,,,,,,y,,,,," @HIDDEN"
smoking_occurrence,q_generic_confounders,,radio,"[DEPRECATED]
Do you now smoke cigarettes every day, some days, or not at all?","everyDay, Every day | someDays, Some days | notAtAll, Not at all | doNotKnow, Don't know | noAnswer, Prefer not to answer",,,,,,"[smoking_entire_life]=""yes""",y,,,,," @HIDDEN"
smoking_age_regular_cigarette_smoking,q_generic_confounders,,radio,"[DEPRECATED]
How old were you when you first started regular cigarette smoking?","specify, Specify | doNotKnow, Don't know | noAnswer, Prefer not to answer",,,,,,"[smoking_entire_life]=""yes""",y,,,,," @HIDDEN"
smoking_age_regular_cigarette_smoking_age,q_generic_confounders,,text,"[DEPRECATED]
Age:",,,integer,0,125,,"[smoking_age_regular_cigarette_smoking]=""specify""",y,,,,," @HIDDEN"
smoking_age_stopped,q_generic_confounders,,radio,"[DEPRECATED]
If you have completely stopped smoking cigarettes, about how old were you when you stopped?","specify, Specify | doNotKnow, Don't know | noAnswer, Prefer not to answer",,,,,,"[smoking_occurrence]=""notAtAll""",y,,,,," @HIDDEN"
smoking_age_stopped_age,q_generic_confounders,,text,"[DEPRECATED]
Age when you stopped smoking:",,,integer,0,125,,"[smoking_age_stopped]=""specify""",y,,,,," @HIDDEN"
smoking_years_cigarettes,q_generic_confounders,,radio,"[DEPRECATED]
How many years have you or did you smoke cigarettes?","specify, Specify | doNotKnow, Don't know | noAnswer, Prefer not to answer",,,,,,"[smoking_occurrence]=""notAtAll""",y,,,,," @HIDDEN"
smoking_years_cigarettes_years,q_generic_confounders,,text,"[DEPRECATED]
Number of years:",,,integer,0,125,,"[smoking_years_cigarettes]=""specify""",y,,,,," @HIDDEN"
smoking_cigarettes_day_current_avg,q_generic_confounders,,radio,"[DEPRECATED]
On average, how many cigarettes do you smoke per day now? (There are 20 cigarettes in a pack.)","specify, Specify | doNotKnow, Don't know | noAnswer, Prefer not to answer",,,,,,"[smoking_occurrence]=""everyDay"" or [smoking_occurrence]=""someDays""",y,,,,," @HIDDEN"
smoking_cigarettes_day_current_avg_number,q_generic_confounders,,text," [DEPRECATED]
Number of cigarettes per day:",,,integer,0,1000,,"[smoking_cigarettes_day_current_avg]=""specify""",y,,,,," @HIDDEN"
smoking_cigarettes_day_past_avg,q_generic_confounders,,radio,"[DEPRECATED]
On average, over the entire time that you smoked, how many cigarettes did you smoke each day? (There are 20 cigarettes in a pack.)","specify, Specify | doNotKnow, Don't know | noAnswer, Prefer not to answer",,,,,,"[smoking_entire_life]=""yes""",y,,,,," @HIDDEN"
smoking_cigarettes_day_past_avg_number,q_generic_confounders,,text,"[DEPRECATED]
Number of cigarettes per day:",,,integer,0,1000,,"[smoking_cigarettes_day_past_avg]=""specify""",y,,,,," @HIDDEN"
smoking_marijuana,q_generic_confounders,,radio,"[DEPRECATED]
In the PAST THREE MONTHS, how often have you used marijuana (cannabis, pot, grass, hash, etc.)?","never, Never | onceOrTwice, Once or twice | monthly, Monthly | weekly, Weekly | dailyOrAlmostDaily, Daily or almost daily | noAnswer, Prefer not to answer",,,,,,,y,,,,," @HIDDEN"
smoking_electronic,q_generic_confounders,,radio,"[DEPRECATED]
Have you ever used an electronic nicotine product, even one or two times?
(Electronic nicotine products include e- cigarettes, vape pens, hookah pens, personal vaporizers and mods, e-cigars, e-pipes, and e-hookahs.)","yes, Yes | no, No | doNotKnow, Don't know | noAnswer, Prefer not to answer",,,,,,,y,,,,," @HIDDEN"
smoking_electronic_current_occurence,q_generic_confounders,,radio,"[DEPRECATED]
Do you now use electronic nicotine products?","everyDay, Every day | someDays, Some days | notAtAll, Not at all | doNotKnow, Don't know | noAnswer, Prefer not to answer",,,,,,"[smoking_electronic]=""yes""",y,,,,," @HIDDEN"
is_regular_smoker,q_generic_confounders,,yesno,"[DEPRECATED]
Have you been a regular smoker or not within the last 3 years?",,,,,,,"[alz_dementia_mci] = ""1""",,,,,," @HIDDEN"
smoking_hx,q_generic_confounders,,radio,"[DEPRECATED]
Have you ever smoked regularly (more than a few times a month for at least two months)?
This includes tobacco, cannabis, vapes, e-cigarettes, hookah, or pipes.","never, I've never smoked regularly | past, I used to smoke | currently, I currently smoke | noAnswer, Prefer not to answer",,,,,,"[alz_dementia_mci] != ""1""",,,,,," @HIDDEN"
age_start_smoking,q_generic_confounders,,text,"[DEPRECATED]
At what age did you start smoking?",,,number,,,,"[smoking_hx]=""past"" or [smoking_hx]=""currently""",,,,,," @HIDDEN"
age_stop_smoking,q_generic_confounders,,text,"[DEPRECATED]
At what age did you stop?",,,number,,,,"[smoking_hx]=""past""",,,,,," @HIDDEN"
smoking_types,q_generic_confounders,,checkbox,"[DEPRECATED]
Checklist of different types (choose all that apply):","1, Tobacco cigarettes | 2, Cannabis joints, bong, pipe | 3, Vapes | 4, e-cigarettes | 5, Hookah | 6, Pipes | 7, Other | 8, Prefer not to answer",,,,,,"[smoking_hx]=""past"" or [smoking_hx]= ""currently""",,,,,," @HIDDEN"
smoking_freq,q_generic_confounders,,radio,"[DEPRECATED]
How often do/did you smoke?","multipleTimes, Multiple times a day | onceDay, About once a day | fewWeek, A few times a week | fewMonth, A few times a month | fewYear, A few times a year | noAnswer, Prefer not to answer",,,,,,"[smoking_hx]=""past"" or [smoking_hx]=""currently""",,,,,," @HIDDEN"
other_smoking_specify,q_generic_confounders,,text,"[DEPRECATED]
If you selected ""other"" for smoking type, please specify:",,,,,,,"[smoking_types(7)]=""1""",,RH,,,," @HIDDEN"
alcohol_freq,q_generic_confounders,,radio,"[DEPRECATED]
How often do you have at least one drink containing alcohol?","1, Monthly or less | 2, 2 - 4 times a month | 3, 2 - 3 times a week | 4, 4 or more times a week | 5, Prefer not to answer",,,,,,"[alcohol_yn]=""yes""",,,,,," @HIDDEN"
alcohol_amt,q_generic_confounders,,radio,"[DEPRECATED]
How many drinks containing alcohol do you have on a typical day when you are drinking?
One drink is 12 oz. or 330 mL of beer, 5 oz. or 150 mL of wine, 1.5 oz. or 45mL (one shot) of liquor","1, 2 or fewer | 2, 3 - 4 | 3, 5 - 6 | 4, 7 - 9 | 5, 10 or more | 6, Prefer not to answer",,,,,,"[alcohol_yn]=""yes""",,,,,," @HIDDEN"
alcohol_today,q_generic_confounders,,yesno,"[DEPRECATED]
Have you drunk alcohol today?",,,,,,,"[alcohol_yn]=""yes""",,,,,," @HIDDEN"
current_recovery_alcohol,q_generic_confounders,,yesno,"[DEPRECATED]
Are you currently in recovery for alcohol use?",,,,,,,"[alcohol_yn]=""yes"" or [alcohol_yn]=""noAnswer""",,,,,," @HIDDEN"
alcohol_rehab,q_generic_confounders,,radio,"[DEPRECATED]
Have you ever been in rehab or counseling for heavy alcohol use?","neverInThePastYear, Never in the past year | lessThanMonthly, Less than monthly | monthly, Monthly | weekly, Weekly | daily, Daily or almost daily | noAnswer, Prefer not to answer",,,,,,"[alcohol_yn]=""yes"" or [alcohol_yn]=""noAnswer""",,,,,," @HIDDEN"
recreational_drug_use,q_generic_confounders,,yesno,"[DEPRECATED]
How many times in the past YEAR have you used a recreational substance or medication for reasons or in doses other than prescribed?
Recreational substances include methamphetamines (speed, crystal), cannabis (marijuana, pot), inhalants (paint thinner, aerosol, glue), tranquilizers (Valium), barbiturates, cocaine, ecstasy, hallucinogens (LSD, mushrooms), or narcotics (heroin).
More than one",,,,,,,,y,,,,," @HIDDEN"
substance_use_recovery,q_generic_confounders,,yesno,"[DEPRECATED]
Are you currently in recovery for substance use?",,,,,,,"[recreational_drug_use]=""1""",,,,,," @HIDDEN"
dental_problems,q_generic_confounders,,yesno,"[DEPRECATED]
Do you have any dental problems that might affect speech?",,,,,,,,,,,,," @HIDDEN"
dental_tx,q_generic_confounders,,text,"[DEPRECATED]
Do you currently have any tooth loss, dentures, retainers or braces?",,,,,,,[dental_problems]='1',,,,,," @HIDDEN"
seasonal_allergies,q_generic_confounders,,yesno,"[DEPRECATED]
Do you currently have seasonal allergies, cold-like symptoms or other conditions that may affect your voice today?",,,,,,,,,,,,," @HIDDEN"
seasonal_allergies_options,q_generic_confounders,,checkbox,"[DEPRECATED]
Check all that apply:","1, Nasal congestion or obstruction | 2, Cough | 3, Scratchy or sore throat | 4, Shortness of breath",,,,,,"[seasonal_allergies]=""1""",,,,,," @HIDDEN"
ear_med_history,q_generic_confounders,,checkbox,"[DEPRECATED]
Ear","1, Chronic ear infection | 2, Cochlear implant | 3, Hearing loss",,,,,,,,,,,," @HIDDEN"
nose_med_history,q_generic_confounders,,checkbox,"[DEPRECATED]
Nose","1, Frequent sinusitis",,,,,,,,,,,," @HIDDEN"
throat_med_history,q_generic_confounders,,checkbox,"[DEPRECATED]
Throat","1, Pre-cancerous throat lesion (e.g. laryngeal leukoplakia or keratosis | 2, Reflux (heartburn) | 3, Reinke's edema, polypoid corditis, or smoker's larynx | 4, Sjögren's syndrome | 5, Swallowing disorders (dysphagia) | 6, Throat cancer | 7, Thyroid disease | 8, Velopharyngeal insufficiency | 9, Vocal fold dysfunction, paradoxical vocal fold motion, or inducible laryngeal obstruction | 10, Vocal fold polyp, nodule, or cyst | 11, Vocal hemorrhage or bleed | 12, Voice/throat disorder",,,,,,,,,,,," @HIDDEN"
head_med_history,q_generic_confounders,,checkbox,"[DEPRECATED]
Head","1, Radiation around head and neck | 2, Seasonal allergies",,,,,,,,,,,," @HIDDEN"
ear_surgical,q_generic_confounders,,checkbox,"[DEPRECATED]
Ear","1, Chronic ear surgery (e.g. mastoid) | 2, Ear tubes",,,,,,,,,,,," @HIDDEN"
nose_surgical,q_generic_confounders,,checkbox,"[DEPRECATED]
Nose","1, Septoplasty/Rhinoplasty | 2, Sinus surgery",,,,,,,,,,,," @HIDDEN"
throat_surgical,q_generic_confounders,,checkbox,"[DEPRECATED]
Throat","1, Airway surgery | 2, Throat surgery | 3, Thyroid surgery | 4, Tonsillectomy/Adenoidectomy",,,,,,,,,,,," @HIDDEN"
head_surgical,q_generic_confounders,,checkbox,"[DEPRECATED]
Head","1, Head/Neck cancer (e.g. oropharyngeal cancer) | 2, Sleep surgery",,,,,,,,,,,," @HIDDEN"
neurological_history,q_generic_confounders,,checkbox,"[DEPRECATED]
Neurological Medical History","1, Brain tumor | 2, Dysarthria | 3, Epilepsy | 4, Multiple sclerosis | 5, Traumatic brain injury | 6, Other",,,,,,,,,,,," @HIDDEN"
current_neuro_dx,q_generic_confounders,,radio,"[DEPRECATED]
Do you currently have these conditions or currently experience symptoms as a result of having had these conditions?","1, None | 2, Only some | 3, All",,,,,,"[neurological_history(1)] = ""1"" or
[neurological_history(2)] = ""1"" or
[neurological_history(3)] = ""1"" or
[neurological_history(4)] = ""1"" or
[neurological_history(5)] = ""1"" or
[neurological_history(6)] = ""1""",,RH,,,," @HIDDEN"
specify_current_neuro,q_generic_confounders,,text,"[DEPRECATED]
Which ones do you currently have?",,,,,,,[current_neuro_dx]=2,,RH,,,," @HIDDEN"
respiratory_conditions,q_generic_confounders,,checkbox,"[DEPRECATED]
Respiratory Conditions","1, Bronchiectasis | 2, Cancer (lung or metastatic) | 3, Emphysema | 4, Interstitial lung disease (sarcoidosis, pulmonary fibrosis) | 5, Pneumothorax or atelectasis (collapsed lung) | 6, Pulmonary hypertension | 7, Radiation to the chest | 8, Tuberculosis",,,,,,,,,,,," @HIDDEN"
lung_or_metastatic,q_generic_confounders,,checkbox,"[DEPRECATED]
Cancer (lung or metastatic)","1, Lung | 2, Metastatic",,,,,,"[respiratory_conditions(2)]=""1""",,,,,," @HIDDEN"
covid,q_generic_confounders,,checkbox,"[DEPRECATED]
Have you had COVID recently, or are you currently experiencing the effects of long COVID? (check all that apply)","past_year, COVID in the past year | long, Long COVID (symptoms persisted at least four weeks after initial infection)",,,,,,,,,,,," @HIDDEN"
covid_past,q_generic_confounders,,radio,"[DEPRECATED]
Have you had COVID in the past month?","yes, Yes | no, No",,,,,,"[covid(past_year)]=""1""",,,,,," @HIDDEN"
cpap_conditions,q_generic_confounders,,checkbox,"[DEPRECATED]
Are you currently using CPAP or supplemental oxygen? (check all that apply)","1, Active CPAP use | 2, On supplemental oxygen",,,,,,,,,,,," @HIDDEN"
resp_medical_history,q_generic_confounders,,checkbox,"[DEPRECATED]
Respiratory medical history","1, Craniofacial or chest wall trauma | 2, Previous lobectomy | 3, Prior chest/airway surgery | 4, Prolonged intubation (more than a week)",,,,,,,,,,,," @HIDDEN"
exposed_environmental_pollution,q_generic_confounders,,radio,"[DEPRECATED]
Have you been exposed to environmental pollution that may affect your breathing or voice?","yes, Yes | no, No",,,,,,,,,,,," @HIDDEN"
breathe_today,q_generic_confounders,,radio,"[DEPRECATED]
Are you having difficulty breathing today?","yes, Yes | no, No",,,,,,"[eligible_studies(4)] = 1",,,,,," @HIDDEN"
breathe_today_difficulty,q_generic_confounders,,radio,"[DEPRECATED]
Please specify the level of difficulty","slightDifficulty, Slight Difficulty | moderateDifficulty, Moderate Difficulty | significantDifficulty, Significant Difficulty",,,,,,"[eligible_studies(4)] = 1 and [breathe_today] = 'yes'",,,,,," @HIDDEN"
cough_today,q_generic_confounders,,radio,"[DEPRECATED]
Are you coughing today?","yes, Yes | no, No",,,,,,"[eligible_studies(4)] = 1",,,,,," @HIDDEN"
cough_today_severity,q_generic_confounders,,radio,"[DEPRECATED]
What is the severity of your cough?","1, 1 | 2, 2 | 3, 3 | 4, 4 | 5, 5 | 6, 6 | 7, 7 | 8, 8 | 9, 9 | 10, 10",,,,,,"[eligible_studies(4)] = 1 and [cough_today] = 'yes'",,,,,," @HIDDEN"
circulatory_conditions,q_generic_confounders,,checkbox,"[DEPRECATED]
Have you been diagnosed with any of these circulatory or heart conditions by a clinician? (check all that apply)","1, Atrial fibrillation | 2, Cardiac condition | 3, Chronic pericarditis | 4, Congestive heart failure | 5, Coronary heart disease | 6, Hypertension",,,,,,,,,,,," @HIDDEN"
cardiac_condition,q_generic_confounders,,text,"[DEPRECATED]
Cardiac condition",,,,,,,"[circulatory_conditions(2)]=""1""",,RH,,,," @HIDDEN"
circulatory_med_history,q_generic_confounders,,checkbox,"[DEPRECATED]
Some other conditions can affect the sound of your voice. Have you been diagnosed with any of these conditions by a clinician? (check all that apply)","1, Chronic kidney disease | 2, Diabetes | 3, Infectious disease | 4, Obesity | 5, Scoliosis",,,,,,,,,,,," @HIDDEN"
infection_disease,q_generic_confounders,,text,"[DEPRECATED]
Infectious disease",,,,,,,"[circulatory_med_history(3)]=""1""",,RH,,,," @HIDDEN"
harvard_sentences_session_id,q_generic_harvard_sentences,"Questionnaire - Metadata",text,"Session ID",,,,,,,,y,,,,," @READONLY"
harvard_sentences_recording_acoustic_task_id,q_generic_harvard_sentences,,text,"Acoustic Task ID",,,,,,,,y,,,,," @READONLY"
harvard_sentences_started_at,q_generic_harvard_sentences,,text,"Questionnaire Started At",,,,,,y,,y,,,,," @READONLY"
harvard_sentences_completed_at,q_generic_harvard_sentences,,text,"Questionnaire Completed At",,,,,,y,,,,,,," @READONLY"
harvard_sentences_duration,q_generic_harvard_sentences,,text,"Questionnaire Duration (seconds)",,,number,0,,,,,,,,," @READONLY"
harvard_sentences_origin,q_generic_harvard_sentences,,radio,"Harvard Sentences - origin","app, Bridge2AI App | website, Bridge2AI Web App",,,,,,,y,,,,," @READONLY"
harvard_sentences_via,q_generic_harvard_sentences,,radio,"Harvard Sentences - via","dataCollector, Data Collector | participant, Participant",,,,,,,y,,,,," @READONLY"
harvard_sentences_language,q_generic_harvard_sentences,,radio,"Harvard Sentences - Language","1, English | 3, Spanish",,,,,,,y,,,,," @READONLY"
harvard_sentences_list_order,q_generic_harvard_sentences,"Harvard Sentences",text,"Harvard Sentence List Order Array (comma separated)",,"e.g ""List 3,List 25""",,,,,,y,LH,,,,
voice_perception_session_id,q_generic_voice_perception,"Questionnaire - Metadata",text,"Session ID",,,,,,,,y,,,,," @READONLY"
voice_perception_started_at,q_generic_voice_perception,,text,"Questionnaire Started At",,,,,,y,,y,,,,," @READONLY"
voice_perception_completed_at,q_generic_voice_perception,,text,"Questionnaire Completed At",,,,,,y,,,,,,," @READONLY"
voice_perception_duration,q_generic_voice_perception,,text,"Questionnaire Duration (seconds)",,,number,0,,,,,,,,," @READONLY"
voice_perception_origin,q_generic_voice_perception,,radio,"Voice Perception - origin","app, Bridge2AI App | website, Bridge2AI Web App",,,,,,,y,,,,," @READONLY"
voice_perception_via,q_generic_voice_perception,,radio,"Voice Perception - via","dataCollector, Data Collector | participant, Participant",,,,,,,y,,,,," @READONLY"
voice_perception_language,q_generic_voice_perception,,radio,"Voice Perception - Language","1, English | 3, Spanish",,,,,,,y,,,,," @READONLY"
voice_quality_perception,q_generic_voice_perception,"Voice Perception",radio,"How would rate your voice quality today from 1-10?
1 is the lowest quality and 10 is the best voice quality","1, 1 | 2, 2 | 3, 3 | 4, 4 | 5, 5 | 6, 6 | 7, 7 | 8, 8 | 9, 9 | 10, 10",,,,,,,y,LH,,,,
vhi_session_id,q_generic_voice_handicap_index_vhi10,"Questionnaire - Metadata",text,"Session ID",,,,,,,,y,,,,," @READONLY"
vhi_started_at,q_generic_voice_handicap_index_vhi10,,text,"Questionnaire Started At",,,,,,y,,y,,,,," @READONLY"
vhi_completed_at,q_generic_voice_handicap_index_vhi10,,text,"Questionnaire Completed At",,,,,,y,,y,,,,," @READONLY"
vhi_duration,q_generic_voice_handicap_index_vhi10,,text,"Questionnaire Duration (seconds)",,,number,0,,,,,,,,," @READONLY"
vhi_origin,q_generic_voice_handicap_index_vhi10,,radio,"VHI-10 - origin","app, Bridge2AI App | website, Bridge2AI Web App",,,,,,,y,,,,," @READONLY"
vhi_via,q_generic_voice_handicap_index_vhi10,,radio,"VHI-10 - via","dataCollector, Data Collector | participant, Participant",,,,,,,y,,,,," @READONLY"
vhi_language,q_generic_voice_handicap_index_vhi10,,radio,"VHI-10 - Language","1, English | 3, Spanish",,,,,,,y,,,,," @READONLY"
vhi_10_calc_score,q_generic_voice_handicap_index_vhi10,,calc,"VHI-10 Score:","sum(
    if([voice_difficult_hear]=""never"", 0,
    if([voice_difficult_hear]=""almostNever"", 1,
    if([voice_difficult_hear]=""sometimes"", 2,
    if([voice_difficult_hear]=""almostAlways"", 3,
    if([voice_difficult_hear]=""always"", 4, 0)))))
    ,
    if([tough_to_understand]=""never"", 0,
    if([tough_to_understand]=""almostNever"", 1,
    if([tough_to_understand]=""sometimes"", 2,
    if([tough_to_understand]=""almostAlways"", 3,
    if([tough_to_understand]=""always"", 4, 0)))))
    ,
    if([voice_restrict_social]=""never"", 0,
    if([voice_restrict_social]=""almostNever"", 1,
    if([voice_restrict_social]=""sometimes"", 2,
    if([voice_restrict_social]=""almostAlways"", 3,
    if([voice_restrict_social]=""always"", 4, 0)))))
    ,
    if([left_out_convo]=""never"", 0,
    if([left_out_convo]=""almostNever"", 1,
    if([left_out_convo]=""sometimes"", 2,
    if([left_out_convo]=""almostAlways"", 3,
    if([left_out_convo]=""always"", 4, 0)))))
    ,
    if([voice_lose_income]=""never"", 0,
    if([voice_lose_income]=""almostNever"", 1,
    if([voice_lose_income]=""sometimes"", 2,
    if([voice_lose_income]=""almostAlways"", 3,
    if([voice_lose_income]=""always"", 4, 0)))))
    ,
    if([strain_voice]=""never"", 0,
    if([strain_voice]=""almostNever"", 1,
    if([strain_voice]=""sometimes"", 2,
    if([strain_voice]=""almostAlways"", 3,
    if([strain_voice]=""always"", 4, 0)))))
    ,
    if([voice_clarity]=""never"", 0,
    if([voice_clarity]=""almostNever"", 1,
    if([voice_clarity]=""sometimes"", 2,
    if([voice_clarity]=""almostAlways"", 3,
    if([voice_clarity]=""always"", 4, 0)))))
    ,
    if([voice_upsetting]=""never"", 0,
    if([voice_upsetting]=""almostNever"", 1,
    if([voice_upsetting]=""sometimes"", 2,
    if([voice_upsetting]=""almostAlways"", 3,
    if([voice_upsetting]=""always"", 4, 0)))))
    ,
    if([voice_handicapped]=""never"", 0,
    if([voice_handicapped]=""almostNever"", 1,
    if([voice_handicapped]=""sometimes"", 2,
    if([voice_handicapped]=""almostAlways"", 3,
    if([voice_handicapped]=""always"", 4, 0)))))
    ,
    if([ask_whats_wrong_voice]=""never"", 0,
    if([ask_whats_wrong_voice]=""almostNever"", 1,
    if([ask_whats_wrong_voice]=""sometimes"", 2,
    if([ask_whats_wrong_voice]=""almostAlways"", 3,
    if([ask_whats_wrong_voice]=""always"", 4, 0)))))
)",,,,,,,,,,,," @READONLY"
voice_difficult_hear,q_generic_voice_handicap_index_vhi10,"Voice Handicap Index (VHI-10)",radio,"My voice makes it difficult for people to hear me.","never, Never | almostNever, Almost Never | sometimes, Sometimes | almostAlways, Almost Always | always, Always",,,,,,,y,,,vhi_10,,
tough_to_understand,q_generic_voice_handicap_index_vhi10,,radio,"People have difficulty understanding me in a noisy room.","never, Never | almostNever, Almost Never | sometimes, Sometimes | almostAlways, Almost Always | always, Always",,,,,,,y,,,vhi_10,,
voice_restrict_social,q_generic_voice_handicap_index_vhi10,,radio,"My voice difficulties restrict personal and social life.","never, Never | almostNever, Almost Never | sometimes, Sometimes | almostAlways, Almost Always | always, Always",,,,,,,y,,,vhi_10,,
left_out_convo,q_generic_voice_handicap_index_vhi10,,radio,"I feel left out of conversations because of my voice.","never, Never | almostNever, Almost Never | sometimes, Sometimes | almostAlways, Almost Always | always, Always",,,,,,,y,,,vhi_10,,
voice_lose_income,q_generic_voice_handicap_index_vhi10,,radio,"My voice problem causes me to lose income.","never, Never | almostNever, Almost Never | sometimes, Sometimes | almostAlways, Almost Always | always, Always",,,,,,,y,,,vhi_10,,
strain_voice,q_generic_voice_handicap_index_vhi10,,radio,"I feel as though I have to strain to produce voice.","never, Never | almostNever, Almost Never | sometimes, Sometimes | almostAlways, Almost Always | always, Always",,,,,,,y,,,vhi_10,,
voice_clarity,q_generic_voice_handicap_index_vhi10,,radio,"The clarity of my voice is unpredictable.","never, Never | almostNever, Almost Never | sometimes, Sometimes | almostAlways, Almost Always | always, Always",,,,,,,y,,,vhi_10,,
voice_upsetting,q_generic_voice_handicap_index_vhi10,,radio,"My voice problem upsets me.","never, Never | almostNever, Almost Never | sometimes, Sometimes | almostAlways, Almost Always | always, Always",,,,,,,y,,,vhi_10,,
voice_handicapped,q_generic_voice_handicap_index_vhi10,,radio,"My voice makes me feel handicapped.","never, Never | almostNever, Almost Never | sometimes, Sometimes | almostAlways, Almost Always | always, Always",,,,,,,y,,,vhi_10,,
ask_whats_wrong_voice,q_generic_voice_handicap_index_vhi10,,radio,"People ask, ""What's wrong with your voice?""","never, Never | almostNever, Almost Never | sometimes, Sometimes | almostAlways, Almost Always | always, Always",,,,,,,y,,,vhi_10,,
phq_9_session_id,q_generic_patient_health_questionnaire9,"Questionnaire - Metadata",text,"Session ID",,,,,,,,y,,,,," @READONLY"
phq_9_started_at,q_generic_patient_health_questionnaire9,,text,"Questionnaire Started At",,,,,,y,,y,,,,," @READONLY"
phq_9_completed_at,q_generic_patient_health_questionnaire9,,text,"Questionnaire Completed At",,,,,,y,,y,,,,," @READONLY"
phq_9_duration,q_generic_patient_health_questionnaire9,,text,"Questionnaire Duration (seconds)",,,number,0,,,,,,,,," @READONLY"
phq_9_origin,q_generic_patient_health_questionnaire9,,radio,"Patient Health Questionnaire 9 - origin","app, Bridge2AI App | website, Bridge2AI Web App",,,,,,,y,,,,," @READONLY"
phq_9_via,q_generic_patient_health_questionnaire9,,radio,"Patient Health Questionnaire 9 - via","dataCollector, Data Collector | participant, Participant",,,,,,,y,,,,," @READONLY"
phq_9_language,q_generic_patient_health_questionnaire9,,radio,"Patient Health Questionnaire 9 - Language","1, English | 3, Spanish",,,,,,,y,,,,," @READONLY"
no_interest,q_generic_patient_health_questionnaire9,"Over the last 2 weeks, how often have you been bothered by any of the following problems?",radio,"Little interest or pleasure in doing things.","0, Not at all | 1, Several days | 2, More than half the days | 3, Nearly every day",,,,,,,y,,,phq_9,,
feeling_depressed,q_generic_patient_health_questionnaire9,,radio,"Feeling down, depressed, or hopeless.","0, Not at all | 1, Several days | 2, More than half the days | 3, Nearly every day",,,,,,,y,,,phq_9,,
trouble_sleeping,q_generic_patient_health_questionnaire9,,radio,"Trouble falling or staying asleep, or sleeping too much.","0, Not at all | 1, Several days | 2, More than half the days | 3, Nearly every day",,,,,,,y,,,phq_9,,
no_energy,q_generic_patient_health_questionnaire9,,radio,"Feeling tired or having little energy.","0, Not at all | 1, Several days | 2, More than half the days | 3, Nearly every day",,,,,,,y,,,phq_9,,
no_appetite,q_generic_patient_health_questionnaire9,,radio,"Poor appetite or overeating.","0, Not at all | 1, Several days | 2, More than half the days | 3, Nearly every day",,,,,,,y,,,phq_9,,
feeling_bad_self,q_generic_patient_health_questionnaire9,,radio,"Feeling bad about yourself - or that you are a failure or have let yourself or your family down.","0, Not at all | 1, Several days | 2, More than half the days | 3, Nearly every day",,,,,,,y,,,phq_9,,
trouble_concentrate,q_generic_patient_health_questionnaire9,,radio,"Trouble concentrating on things, such as reading the newspaper or watching television.","0, Not at all | 1, Several days | 2, More than half the days | 3, Nearly every day",,,,,,,y,,,phq_9,,
move_speak_slow,q_generic_patient_health_questionnaire9,,radio,"Moving or speaking so slowly that other people could have noticed? Or the opposite - being so fidgety or restless that you have been moving around a lot more than usual.","0, Not at all | 1, Several days | 2, More than half the days | 3, Nearly every day",,,,,,,y,,,phq_9,,
thoughts_death,q_generic_patient_health_questionnaire9,,radio,"Thoughts that you would be better off dead or of hurting yourself in some way.","0, Not at all | 1, Several days | 2, More than half the days | 3, Nearly every day",,,,,,,y,,,phq_9,,
hard_to_work,q_generic_patient_health_questionnaire9,,radio,"How difficult have they made it for you to do your work, take care of things at home, or get along with other people?","0, Not difficult at all | 1, Somewhat difficult | 2, Very difficult | 3, Extremely difficult",,,,,,"[no_interest] > 0 or
[feeling_depressed] > 0 or
[trouble_sleeping] > 0 or
[no_energy] > 0 or
[no_appetite] > 0 or
[feeling_bad_self] > 0 or
[trouble_concentrate] > 0 or
[move_speak_slow] > 0 or
[thoughts_death] > 0",,,,,,
gad_7_session_id,q_generic_gad7_anxiety,"Questionnaire - Metadata",text,"Session ID",,,,,,,,y,,,,," @READONLY"
gad_7_started_at,q_generic_gad7_anxiety,,text,"Questionnaire Started At",,,,,,y,,y,,,,," @READONLY"
gad_7_completed_at,q_generic_gad7_anxiety,,text,"Questionnaire Completed At",,,,,,y,,y,,,,," @READONLY"
gad_7_duration,q_generic_gad7_anxiety,,text,"Questionnaire Duration (seconds)",,,number,0,,,,,,,,," @READONLY"
gad_7_origin,q_generic_gad7_anxiety,,radio,"GAD-7 - origin","app, Bridge2AI App | website, Bridge2AI Web App",,,,,,,y,,,,," @READONLY"
gad_7_via,q_generic_gad7_anxiety,,radio,"GAD-7 - via","dataCollector, Data Collector | participant, Participant",,,,,,,y,,,,," @READONLY"
gad_7_language,q_generic_gad7_anxiety,,radio,"GAD-7 - Language","1, English | 3, Spanish",,,,,,,y,,,,," @READONLY"
nervous_anxious,q_generic_gad7_anxiety,"Over the last two weeks, how often have you been bothered by the following problems?",radio,"Feeling nervous, anxious, or on edge.","0, Not at all | 1, Several days | 2, More than half the days | 3, Nearly every day",,,,,,,y,,,gad_7_anxiety,,
cant_control_worry,q_generic_gad7_anxiety,,radio,"Not being able to stop or control worrying.","0, Not at all | 1, Several days | 2, More than half the days | 3, Nearly every day",,,,,,,y,,,gad_7_anxiety,,
worry_too_much,q_generic_gad7_anxiety,,radio,"Worrying too much about different things.","0, Not at all | 1, Several days | 2, More than half the days | 3, Nearly every day",,,,,,,y,,,gad_7_anxiety,,
trouble_relaxing,q_generic_gad7_anxiety,,radio,"Trouble relaxing.","0, Not at all | 1, Several days | 2, More than half the days | 3, Nearly every day",,,,,,,y,,,gad_7_anxiety,,
hard_to_sit_still,q_generic_gad7_anxiety,,radio,"Being so restless that it is hard to sit still.","0, Not at all | 1, Several days | 2, More than half the days | 3, Nearly every day",,,,,,,y,,,gad_7_anxiety,,
easily_agitated,q_generic_gad7_anxiety,,radio,"Becoming easily annoyed or irritable.","0, Not at all | 1, Several days | 2, More than half the days | 3, Nearly every day",,,,,,,y,,,gad_7_anxiety,,
afraid_of_things,q_generic_gad7_anxiety,,radio,"Feeling afraid, as if something awful might happen.","0, Not at all | 1, Several days | 2, More than half the days | 3, Nearly every day",,,,,,,y,,,gad_7_anxiety,,
tough_to_work,q_generic_gad7_anxiety,,radio,"How difficult have they made it for you to do your work, take care of things at home, or get along with other people?","0, Not difficult at all | 1, Somewhat difficult | 2, Very difficult | 3, Extremely difficult",,,,,,"[nervous_anxious] > 0 or
[cant_control_worry] > 0 or 
[worry_too_much] > 0 or
[trouble_relaxing] > 0 or
[hard_to_sit_still] > 0 or 
[easily_agitated] > 0 or
[afraid_of_things] > 0",,,,,,
voice_severity_session_id,q_voice_voice_problem_severity,"Questionnaire - Metadata",text,"Session ID",,,,,,,,y,,,,," @READONLY"
voice_severity_started_at,q_voice_voice_problem_severity,,text,"Questionnaire Started At",,,,,,y,,y,,,,," @READONLY"
voice_severity_completed_at,q_voice_voice_problem_severity,,text,"Questionnaire Completed At",,,,,,y,,y,,,,," @READONLY"
voice_severity_duration,q_voice_voice_problem_severity,,text,"Questionnaire Duration (seconds)",,,number,0,,,,,,,,," @READONLY"
voice_severity_origin,q_voice_voice_problem_severity,,radio,"Voice Severity - origin","app, Bridge2AI App | website, Bridge2AI Web App",,,,,,,y,,,,," @READONLY"
voice_severity_via,q_voice_voice_problem_severity,,radio,"Voice Severity - via","dataCollector, Data Collector | participant, Participant",,,,,,,y,,,,," @READONLY"
voice_severity_language,q_voice_voice_problem_severity,,radio,"Voice Severity - Language","1, English | 3, Spanish",,,,,,,y,,,,," @READONLY"
describe_the_severity_of_a,q_voice_voice_problem_severity,"Voice problem severity",slider,"Describe the severity of auditory-perceptual attributes of a voice problem
*Overall severity scale (0-100)","0 |  | 100",,number,0,100,,,y,RH,,,,
panas_session_id,q_mood_panas,"Questionnaire - Metadata",text,"Session ID",,,,,,,,y,,,,," @READONLY"
panas_started_at,q_mood_panas,,text,"Questionnaire Started At",,,,,,y,,y,,,,," @READONLY"
panas_completed_at,q_mood_panas,,text,"Questionnaire Completed At",,,,,,y,,y,,,,," @READONLY"
panas_duration,q_mood_panas,,text,"Questionnaire Duration (seconds)",,,number,0,,,,,,,,," @READONLY"
panas_origin,q_mood_panas,,radio,"PANAS - origin","app, Bridge2AI App | website, Bridge2AI Web App",,,,,,,y,,,,," @READONLY"
panas_via,q_mood_panas,,radio,"PANAS - via","dataCollector, Data Collector | participant, Participant",,,,,,,y,,,,," @READONLY"
panas_language,q_mood_panas,,radio,"PANAS - Language","1, English | 3, Spanish",,,,,,,y,,,,," @READONLY"
upset,q_mood_panas,"Thinking about yourself and how you normally feel, to what extent do you generally feel?

Interval measure: never 1 2 3 4 5 always",radio,Upset,"1, 1 | 2, 2 | 3, 3 | 4, 4 | 5, 5",,,,,,,y,,,panas,,
hostile,q_mood_panas,,radio,Hostile,"1, 1 | 2, 2 | 3, 3 | 4, 4 | 5, 5",,,,,,,y,,,panas,,
alert,q_mood_panas,,radio,Alert,"1, 1 | 2, 2 | 3, 3 | 4, 4 | 5, 5",,,,,,,y,,,panas,,
ashamed,q_mood_panas,,radio,Ashamed,"1, 1 | 2, 2 | 3, 3 | 4, 4 | 5, 5",,,,,,,y,,,panas,,
inspired,q_mood_panas,,radio,Inspired,"1, 1 | 2, 2 | 3, 3 | 4, 4 | 5, 5",,,,,,,y,,,panas,,
nervous,q_mood_panas,,radio,Nervous,"1, 1 | 2, 2 | 3, 3 | 4, 4 | 5, 5",,,,,,,y,,,panas,,
determined,q_mood_panas,,radio,Determined,"1, 1 | 2, 2 | 3, 3 | 4, 4 | 5, 5",,,,,,,y,,,panas,,
attentive,q_mood_panas,,radio,Attentive,"1, 1 | 2, 2 | 3, 3 | 4, 4 | 5, 5",,,,,,,y,,,panas,,
afraid,q_mood_panas,,radio,Afraid,"1, 1 | 2, 2 | 3, 3 | 4, 4 | 5, 5",,,,,,,y,,,panas,,
active,q_mood_panas,,radio,Active,"1, 1 | 2, 2 | 3, 3 | 4, 4 | 5, 5",,,,,,,y,,,panas,,
custom_affect_scale_session_id,q_mood_custom_affect_scale,"Questionnaire - Metadata",text,"Session ID",,,,,,,,y,,,,," @READONLY"
custom_affect_scale_started_at,q_mood_custom_affect_scale,,text,"Questionnaire Started At",,,,,,y,,y,,,,," @READONLY"
custom_affect_scale_completed_at,q_mood_custom_affect_scale,,text,"Questionnaire Completed At",,,,,,y,,y,,,,," @READONLY"
custom_affect_scale_duration,q_mood_custom_affect_scale,,text,"Questionnaire Duration (seconds)",,,number,0,,,,,,,,," @READONLY"
custom_affect_scale_origin,q_mood_custom_affect_scale,,radio,"Custom Affect Scale - origin","app, Bridge2AI App | website, Bridge2AI Web App",,,,,,,y,,,,," @READONLY"
custom_affect_scale_via,q_mood_custom_affect_scale,,radio,"Custom Affect Scale - via","dataCollector, Data Collector | participant, Participant",,,,,,,y,,,,," @READONLY"
custom_affect_scale_language,q_mood_custom_affect_scale,,radio,"Custom Affect Scale - Language","1, English | 3, Spanish",,,,,,,y,,,,," @READONLY"
sad_or_down,q_mood_custom_affect_scale,"Thinking about yourself and how you normally feel, to what extent do you generally feel?

0=Not at all, 10=Extremely",radio,"Sad or down","0, 0 | 1, 1 | 2, 2 | 3, 3 | 4, 4 | 5, 5 | 6, 6 | 7, 7 | 8, 8 | 9, 9 | 10, 10",,,,,,,y,,,custom_affect_scale,,
joyful,q_mood_custom_affect_scale,,radio,Joyful,"0, 0 | 1, 1 | 2, 2 | 3, 3 | 4, 4 | 5, 5 | 6, 6 | 7, 7 | 8, 8 | 9, 9 | 10, 10",,,,,,,y,,,custom_affect_scale,,
motivated,q_mood_custom_affect_scale,,radio,"Motivated or interested","0, 0 | 1, 1 | 2, 2 | 3, 3 | 4, 4 | 5, 5 | 6, 6 | 7, 7 | 8, 8 | 9, 9 | 10, 10",,,,,,,y,,,custom_affect_scale,,
lack_of_pleasure,q_mood_custom_affect_scale,,radio,"Lack of pleasure (in things you tend to enjoy)","0, 0 | 1, 1 | 2, 2 | 3, 3 | 4, 4 | 5, 5 | 6, 6 | 7, 7 | 8, 8 | 9, 9 | 10, 10",,,,,,,y,,,custom_affect_scale,,
tired,q_mood_custom_affect_scale,,radio,"Tired or fatigued","0, 0 | 1, 1 | 2, 2 | 3, 3 | 4, 4 | 5, 5 | 6, 6 | 7, 7 | 8, 8 | 9, 9 | 10, 10",,,,,,,y,,,custom_affect_scale,,
energetic,q_mood_custom_affect_scale,,radio,Energetic,"0, 0 | 1, 1 | 2, 2 | 3, 3 | 4, 4 | 5, 5 | 6, 6 | 7, 7 | 8, 8 | 9, 9 | 10, 10",,,,,,,y,,,custom_affect_scale,,
agitated,q_mood_custom_affect_scale,,radio,"Agitated (restless, fidgety, pacing, cannot sit still)","0, 0 | 1, 1 | 2, 2 | 3, 3 | 4, 4 | 5, 5 | 6, 6 | 7, 7 | 8, 8 | 9, 9 | 10, 10",,,,,,,y,,,custom_affect_scale,,
irritated,q_mood_custom_affect_scale,,radio,"Irritated or angry (towards something or someone)","0, 0 | 1, 1 | 2, 2 | 3, 3 | 4, 4 | 5, 5 | 6, 6 | 7, 7 | 8, 8 | 9, 9 | 10, 10",,,,,,,y,,,custom_affect_scale,,
lonely,q_mood_custom_affect_scale,,radio,"Lonely or isolated","0, 0 | 1, 1 | 2, 2 | 3, 3 | 4, 4 | 5, 5 | 6, 6 | 7, 7 | 8, 8 | 9, 9 | 10, 10",,,,,,,y,,,custom_affect_scale,,
concentrated,q_mood_custom_affect_scale,,radio,"Concentrated (not distracted or inattentive)","0, 0 | 1, 1 | 2, 2 | 3, 3 | 4, 4 | 5, 5 | 6, 6 | 7, 7 | 8, 8 | 9, 9 | 10, 10",,,,,,,y,,,custom_affect_scale,,
relaxed,q_mood_custom_affect_scale,,radio,"Relaxed or calm","0, 0 | 1, 1 | 2, 2 | 3, 3 | 4, 4 | 5, 5 | 6, 6 | 7, 7 | 8, 8 | 9, 9 | 10, 10",,,,,,,y,,,custom_affect_scale,,
worried,q_mood_custom_affect_scale,,radio,"Worried or anxious","0, 0 | 1, 1 | 2, 2 | 3, 3 | 4, 4 | 5, 5 | 6, 6 | 7, 7 | 8, 8 | 9, 9 | 10, 10",,,,,,,y,,,custom_affect_scale,,
desire_to_escape,q_mood_custom_affect_scale,,radio,"Desire to escape (your thoughts and/or feelings)","0, 0 | 1, 1 | 2, 2 | 3, 3 | 4, 4 | 5, 5 | 6, 6 | 7, 7 | 8, 8 | 9, 9 | 10, 10",,,,,,,y,,,custom_affect_scale,,
dsm_5_session_id,q_mood_dsm5_adult,"Questionnaire - Metadata",text,"Session ID",,,,,,,,y,,,,," @READONLY"
dsm_5_started_at,q_mood_dsm5_adult,,text,"Questionnaire Started At",,,,,,y,,y,,,,," @READONLY"
dsm_5_completed_at,q_mood_dsm5_adult,,text,"Questionnaire Completed At",,,,,,y,,y,,,,," @READONLY"
dsm_5_duration,q_mood_dsm5_adult,,text,"Questionnaire Duration (seconds)",,,number,0,,,,,,,,," @READONLY"
dsm_5_origin,q_mood_dsm5_adult,,radio,"DSM-5 - origin","app, Bridge2AI App | website, Bridge2AI Web App",,,,,,,y,,,,," @READONLY"
dsm_5_via,q_mood_dsm5_adult,,radio,"DSM-5 - via","dataCollector, Data Collector | participant, Participant",,,,,,,y,,,,," @READONLY"
dsm_5_language,q_mood_dsm5_adult,,radio,"DSM-5 - Language","1, English | 3, Spanish",,,,,,,y,,,,," @READONLY"
little_interest,q_mood_dsm5_adult,"During the past TWO (2) WEEKS, how much (or how often) have you been bothered by the following problems?

0=None (Not at all), 1=Slight (Rare, less than a day or two), 2=Mild (Several days), 3=Moderate (More than half the days), 4=Severe (Nearly every day)",radio,"Little interest or pleasure in doing things?","0, 0=None (Not at all) | 1, 1=Slight (Rare, less than a day or two) | 2, 2=Mild (Several days) | 3, 3=Moderate (More than half the days) | 4, 4=Severe (Nearly every day)",,,,,,,y,,,dsm_5_adult,,
feeling_down,q_mood_dsm5_adult,,radio,"Feeling down, depressed, or hopeless?","0, 0=None (Not at all) | 1, 1=Slight (Rare, less than a day or two) | 2, 2=Mild (Several days) | 3, 3=Moderate (More than half the days) | 4, 4=Severe (Nearly every day)",,,,,,,y,,,dsm_5_adult,,
feeling_more_irritated,q_mood_dsm5_adult,,radio,"Feeling more irritated, grouchy, or angry than usual?","0, 0=None (Not at all) | 1, 1=Slight (Rare, less than a day or two) | 2, 2=Mild (Several days) | 3, 3=Moderate (More than half the days) | 4, 4=Severe (Nearly every day)",,,,,,,y,,,dsm_5_adult,,
sleeping_less,q_mood_dsm5_adult,,radio,"Sleeping less than usual, but still have a lot of energy?","0, 0=None (Not at all) | 1, 1=Slight (Rare, less than a day or two) | 2, 2=Mild (Several days) | 3, 3=Moderate (More than half the days) | 4, 4=Severe (Nearly every day)",,,,,,,y,,,dsm_5_adult,,
starting_more_projects,q_mood_dsm5_adult,,radio,"Starting lots more projects than usual or doing more risky things than usual?","0, 0=None (Not at all) | 1, 1=Slight (Rare, less than a day or two) | 2, 2=Mild (Several days) | 3, 3=Moderate (More than half the days) | 4, 4=Severe (Nearly every day)",,,,,,,y,,,dsm_5_adult,,
feeling_nervous,q_mood_dsm5_adult,,radio,"Feeling nervous, anxious, frightened, worried, or on edge?","0, 0=None (Not at all) | 1, 1=Slight (Rare, less than a day or two) | 2, 2=Mild (Several days) | 3, 3=Moderate (More than half the days) | 4, 4=Severe (Nearly every day)",,,,,,,y,,,dsm_5_adult,,
feeling_panic,q_mood_dsm5_adult,,radio,"Feeling panic or being frightened?","0, 0=None (Not at all) | 1, 1=Slight (Rare, less than a day or two) | 2, 2=Mild (Several days) | 3, 3=Moderate (More than half the days) | 4, 4=Severe (Nearly every day)",,,,,,,y,,,dsm_5_adult,,
avoiding_situations,q_mood_dsm5_adult,,radio,"Avoiding situations that make you anxious?","0, 0=None (Not at all) | 1, 1=Slight (Rare, less than a day or two) | 2, 2=Mild (Several days) | 3, 3=Moderate (More than half the days) | 4, 4=Severe (Nearly every day)",,,,,,,y,,,dsm_5_adult,,
unexplained_aches,q_mood_dsm5_adult,,radio,"Unexplained aches and pains (e.g., head, back, joints, abdomen, legs)?","0, 0=None (Not at all) | 1, 1=Slight (Rare, less than a day or two) | 2, 2=Mild (Several days) | 3, 3=Moderate (More than half the days) | 4, 4=Severe (Nearly every day)",,,,,,,y,,,dsm_5_adult,,
illness_not_taken_serious,q_mood_dsm5_adult,,radio,"Feeling that your illnesses are not being taken seriously enough?","0, 0=None (Not at all) | 1, 1=Slight (Rare, less than a day or two) | 2, 2=Mild (Several days) | 3, 3=Moderate (More than half the days) | 4, 4=Severe (Nearly every day)",,,,,,,y,,,dsm_5_adult,,
self_harm,q_mood_dsm5_adult,,radio,"Thoughts of actually hurting yourself?","0, 0=None (Not at all) | 1, 1=Slight (Rare, less than a day or two) | 2, 2=Mild (Several days) | 3, 3=Moderate (More than half the days) | 4, 4=Severe (Nearly every day)",,,,,,,y,,,dsm_5_adult,,
hearing_things,q_mood_dsm5_adult,,radio,"Hearing things other people couldn't hear, such as voices even when no one was around?","0, 0=None (Not at all) | 1, 1=Slight (Rare, less than a day or two) | 2, 2=Mild (Several days) | 3, 3=Moderate (More than half the days) | 4, 4=Severe (Nearly every day)",,,,,,,y,,,dsm_5_adult,,
someone_hear_thoughts,q_mood_dsm5_adult,,radio,"Feeling that someone could hear your thoughts, or that you could hear what another person was thinking?","0, 0=None (Not at all) | 1, 1=Slight (Rare, less than a day or two) | 2, 2=Mild (Several days) | 3, 3=Moderate (More than half the days) | 4, 4=Severe (Nearly every day)",,,,,,,y,,,dsm_5_adult,,
sleep_quality,q_mood_dsm5_adult,,radio,"Problems with sleep that affected your sleep quality over all?","0, 0=None (Not at all) | 1, 1=Slight (Rare, less than a day or two) | 2, 2=Mild (Several days) | 3, 3=Moderate (More than half the days) | 4, 4=Severe (Nearly every day)",,,,,,,y,,,dsm_5_adult,,
memory_issues,q_mood_dsm5_adult,,radio,"Problems with memory (e.g., learning new information) or with location (e.g., finding your way home)?","0, 0=None (Not at all) | 1, 1=Slight (Rare, less than a day or two) | 2, 2=Mild (Several days) | 3, 3=Moderate (More than half the days) | 4, 4=Severe (Nearly every day)",,,,,,,y,,,dsm_5_adult,,
unpleasant_thoughts,q_mood_dsm5_adult,,radio,"Unpleasant thoughts, urges, or images that repeatedly enter your mind?","0, 0=None (Not at all) | 1, 1=Slight (Rare, less than a day or two) | 2, 2=Mild (Several days) | 3, 3=Moderate (More than half the days) | 4, 4=Severe (Nearly every day)",,,,,,,y,,,dsm_5_adult,,
repeat_acts,q_mood_dsm5_adult,,radio,"Feeling driven to perform certain behaviors or mental acts over and over again?","0, 0=None (Not at all) | 1, 1=Slight (Rare, less than a day or two) | 2, 2=Mild (Several days) | 3, 3=Moderate (More than half the days) | 4, 4=Severe (Nearly every day)",,,,,,,y,,,dsm_5_adult,,
feeling_detached,q_mood_dsm5_adult,,radio,"Feeling detached or distant from yourself, your body, your physical surroundings, or your memories?","0, 0=None (Not at all) | 1, 1=Slight (Rare, less than a day or two) | 2, 2=Mild (Several days) | 3, 3=Moderate (More than half the days) | 4, 4=Severe (Nearly every day)",,,,,,,y,,,dsm_5_adult,,
no_purpose,q_mood_dsm5_adult,,radio,"Not knowing who you really are or what you want out of life?","0, 0=None (Not at all) | 1, 1=Slight (Rare, less than a day or two) | 2, 2=Mild (Several days) | 3, 3=Moderate (More than half the days) | 4, 4=Severe (Nearly every day)",,,,,,,y,,,dsm_5_adult,,
isolated,q_mood_dsm5_adult,,radio,"Not feeling close to other people or enjoying your relationships with them?","0, 0=None (Not at all) | 1, 1=Slight (Rare, less than a day or two) | 2, 2=Mild (Several days) | 3, 3=Moderate (More than half the days) | 4, 4=Severe (Nearly every day)",,,,,,,y,,,dsm_5_adult,,
drinking_more,q_mood_dsm5_adult,,radio,"Drinking at least 4 drinks of any kind of alcohol in a single day?","0, 0=None (Not at all) | 1, 1=Slight (Rare, less than a day or two) | 2, 2=Mild (Several days) | 3, 3=Moderate (More than half the days) | 4, 4=Severe (Nearly every day)",,,,,,,y,,,dsm_5_adult,,
smoking_more,q_mood_dsm5_adult,,radio,"Smoking any cigarettes, a cigar, or pipe, or using snuff or chewing tobacco?","0, 0=None (Not at all) | 1, 1=Slight (Rare, less than a day or two) | 2, 2=Mild (Several days) | 3, 3=Moderate (More than half the days) | 4, 4=Severe (Nearly every day)",,,,,,,y,,,dsm_5_adult,,
medication_use,q_mood_dsm5_adult,,radio,"Using any of the following medicines ON YOUR OWN, that is, without a doctor's prescription, in greater amounts or longer than prescribed [e.g., painkillers (like Vicodin), stimulants (like Ritalin or Adderall), sedatives or tranquilizers (like sleeping pills or Valium), or drugs like marijuana, cocaine or crack, club drugs (like ecstasy), hallucinogens (like LSD), heroin, inhalants or solvents (like glue), or methamphetamine (like speed)]?","0, 0=None (Not at all) | 1, 1=Slight (Rare, less than a day or two) | 2, 2=Mild (Several days) | 3, 3=Moderate (More than half the days) | 4, 4=Severe (Nearly every day)",,,,,,,y,,,dsm_5_adult,,
q1_happy,q_mood_dsm5_adult,"DSM-5 Adult (ASRM)

Choose the one statement in each group that best describes the way you (the individual receiving care) have been feeling for the past week.

Please note:
The word ""occasionally"" when used here means once or twice; ""often"" means several times or more and ""frequently"" means most of the time.",radio,"Question 1","1, I do not feel happier or more cheerful than usual. | 2, I occasionally feel happier or more cheerful than usual. | 3, I often feel happier or more cheerful than usual. | 4, I feel happier or more cheerful than usual most of the time. | 5, I feel happier or more cheerful than usual all of the time.",,,,,,"[sleeping_less] >= 2 or [starting_more_projects] >= 2",,,,,,
q2_self_confident,q_mood_dsm5_adult,,radio,"Question 2","1, I do not feel more self-confident than usual. | 2, I occasionally feel more self-confident than usual. | 3, I often feel more self-confident than usual. | 4, I frequently feel more self-confident than usual. | 5, I feel extremely self-confident all of the time.",,,,,,"[sleeping_less] >= 2 or [starting_more_projects] >= 2",,,,,,
q3_sleep,q_mood_dsm5_adult,,radio,"Question 3","1, I do not need less sleep than usual. | 2, I occasionally need less sleep than usual. | 3, I often need less sleep than usual. | 4, I frequently need less sleep than usual. | 5, I can go all day and all night without any sleep and still not feel tired.",,,,,,"[sleeping_less] >= 2 or [starting_more_projects] >= 2",,,,,,
q4_talk,q_mood_dsm5_adult,,radio,"Question 4","1, I do not talk more than usual. | 2, I occasionally talk more than usual. | 3, I often talk more than usual. | 4, I frequently talk more than usual. | 5, I talk constantly and cannot be interrupted.",,,,,,"[sleeping_less] >= 2 or [starting_more_projects] >= 2",,,,,,
q5_active,q_mood_dsm5_adult,,radio,"Question 5","1, I have not been more active (either socially, sexually, at work, home, or school) than usual. | 2, I have occasionally been more active than usual. | 3, I have often been more active than usual. | 4, I have frequently been more active than usual. | 5, I am constantly more active or on the go all the time.",,,,,,"[sleeping_less] >= 2 or [starting_more_projects] >= 2",,,,,,
social_phobia_1,q_mood_dsm5_adult,"DSM-5 Adult (Social Phobia)

The following questions ask about thoughts, feelings, and behaviors that you may have had about social situations. Usual social situations include: public speaking, speaking in meetings, attending social events or parties, introducing yourself to others, having conversations, giving and receiving compliments, making requests of others, and eating and writing in public.

During the PAST 7 DAYS, I have... ",radio,"felt moments of sudden terror, fear, or fright in social situations","0, Never | 1, Occasionally | 2, Half of the time | 3, Most of the time | 4, All of the time",,,,,,"[feeling_nervous] >= 2 or [feeling_panic] >= 2 or [avoiding_situations] >= 2",,,,dsm_5_adult_social_phobia1,,
social_phobia_2,q_mood_dsm5_adult,,radio,"felt anxious, worried, or nervous about social situations","0, Never | 1, Occasionally | 2, Half of the time | 3, Most of the time | 4, All of the time",,,,,,"[feeling_nervous] >= 2 or [feeling_panic] >= 2 or [avoiding_situations] >= 2",,,,dsm_5_adult_social_phobia1,,
social_phobia_3,q_mood_dsm5_adult,,radio,"had thoughts of being rejected, humiliated, embarrassed, ridiculed, or offending others","0, Never | 1, Occasionally | 2, Half of the time | 3, Most of the time | 4, All of the time",,,,,,"[feeling_nervous] >= 2 or [feeling_panic] >= 2 or [avoiding_situations] >= 2",,,,dsm_5_adult_social_phobia1,,
social_phobia_4,q_mood_dsm5_adult,,radio,"felt a racing heart, sweaty, trouble breathing, faint, or shaky in social situations","0, Never | 1, Occasionally | 2, Half of the time | 3, Most of the time | 4, All of the time",,,,,,"[feeling_nervous] >= 2 or [feeling_panic] >= 2 or [avoiding_situations] >= 2",,,,dsm_5_adult_social_phobia1,,
social_phobia_5,q_mood_dsm5_adult,,radio,"felt tense muscles, felt on edge or restless, or had trouble relaxing in social situations","0, Never | 1, Occasionally | 2, Half of the time | 3, Most of the time | 4, All of the time",,,,,,"[feeling_nervous] >= 2 or [feeling_panic] >= 2 or [avoiding_situations] >= 2",,,,dsm_5_adult_social_phobia1,,
social_phobia_6,q_mood_dsm5_adult,,radio,"avoided, or did not approach or enter, social situations","0, Never | 1, Occasionally | 2, Half of the time | 3, Most of the time | 4, All of the time",,,,,,"[feeling_nervous] >= 2 or [feeling_panic] >= 2 or [avoiding_situations] >= 2",,,,dsm_5_adult_social_phobia1,,
social_phobia_7,q_mood_dsm5_adult,,radio,"left social situations early or participated only minimally (e.g., said little, avoided eye contact)","0, Never | 1, Occasionally | 2, Half of the time | 3, Most of the time | 4, All of the time",,,,,,"[feeling_nervous] >= 2 or [feeling_panic] >= 2 or [avoiding_situations] >= 2",,,,dsm_5_adult_social_phobia1,,
social_phobia_8,q_mood_dsm5_adult,,radio,"spent a lot of time preparing what to say or how to act in social situations","0, Never | 1, Occasionally | 2, Half of the time | 3, Most of the time | 4, All of the time",,,,,,"[feeling_nervous] >= 2 or [feeling_panic] >= 2 or [avoiding_situations] >= 2",,,,dsm_5_adult_social_phobia1,,
social_phobia_9,q_mood_dsm5_adult,,radio,"distracted myself to avoid thinking about social situations","0, Never | 1, Occasionally | 2, Half of the time | 3, Most of the time | 4, All of the time",,,,,,"[feeling_nervous] >= 2 or [feeling_panic] >= 2 or [avoiding_situations] >= 2",,,,dsm_5_adult_social_phobia1,,
social_phobia_10,q_mood_dsm5_adult,,radio,"needed help to cope with social situations (e.g., alcohol or medications, superstitious objects)","0, Never | 1, Occasionally | 2, Half of the time | 3, Most of the time | 4, All of the time",,,,,,"[feeling_nervous] >= 2 or [feeling_panic] >= 2 or [avoiding_situations] >= 2",,,,dsm_5_adult_social_phobia1,,
ptsd_session_id,q_mood_ptsd_adult,"Questionnaire - Metadata",text,"Session ID",,,,,,,,y,,,,," @READONLY"
ptsd_started_at,q_mood_ptsd_adult,,text,"Questionnaire Started At",,,,,,y,,y,,,,," @READONLY"
ptsd_completed_at,q_mood_ptsd_adult,,text,"Questionnaire Completed At",,,,,,y,,y,,,,," @READONLY"
ptsd_duration,q_mood_ptsd_adult,,text,"Questionnaire Duration (seconds)",,,number,0,,,,,,,,," @READONLY"
ptsd_origin,q_mood_ptsd_adult,,radio,"PTSD Adult - origin","app, Bridge2AI App | website, Bridge2AI Web App",,,,,,,y,,,,," @READONLY"
ptsd_via,q_mood_ptsd_adult,,radio,"PTSD Adult - via","dataCollector, Data Collector | participant, Participant",,,,,,,y,,,,," @READONLY"
ptsd_language,q_mood_ptsd_adult,,radio,"PTSD Adult - Language","1, English | 3, Spanish",,,,,,,y,,,,," @READONLY"
traumatic_event,q_mood_ptsd_adult,"Severity of Posttraumatic Stress Symptoms - Adult",notes,"Please list the traumatic event that you experienced",,,,,,,,,,,,,
traumatic_event_date,q_mood_ptsd_adult,,text,"Date of the traumatic event:",,,date_ymd,,,,,,,,,,
flashbacks,q_mood_ptsd_adult,"People sometimes have problems after extremely stressful events or experiences. How much have you been bothered during the PAST SEVEN (7) DAYS by each of the following problems that occurred or became worse after an extremely stressful event/experience?

0=Not at all, 1=A little bit, 2=Moderately, 3=Quite a bit, 4=Extremely""",radio,"Having ""flashbacks"", that is, you suddenly acted or felt as if a stressful experience from the past was happening all over again (for example, you reexperienced parts of a stressful experience by seeing, hearing, smelling, or physically feeling parts of the experience)?","0, 0=Not at all | 1, 1=A little bit | 2, 2=Moderately | 3, 3=Quite a bit | 4, 4=Extremely",,,,,,,y,,,ptsd_adult,,
emotionally_upset,q_mood_ptsd_adult,,radio,"Feeling very emotionally upset when something reminded you of a stressful experience?","0, 0=Not at all | 1, 1=A little bit | 2, 2=Moderately | 3, 3=Quite a bit | 4, 4=Extremely",,,,,,,y,,,ptsd_adult,,
avoiding_reminders,q_mood_ptsd_adult,,radio,"Trying to avoid thoughts, feelings, or physical sensations that reminded you of a stressful experience?","0, 0=Not at all | 1, 1=A little bit | 2, 2=Moderately | 3, 3=Quite a bit | 4, 4=Extremely",,,,,,,y,,,ptsd_adult,,
thinking_stressful_event,q_mood_ptsd_adult,,radio,"Thinking that a stressful event happened because you or someone else (who didn't directly harm you) did something wrong or didn't do everything possible to prevent it, or because of something about you?","0, 0=Not at all | 1, 1=A little bit | 2, 2=Moderately | 3, 3=Quite a bit | 4, 4=Extremely",,,,,,,y,,,ptsd_adult,,
neg_emotional_state,q_mood_ptsd_adult,,radio,"Having a very negative emotional state (for example, you were experiencing lots of fear, anger, guilt, shame, or horror) after a stressful experience?","0, 0=Not at all | 1, 1=A little bit | 2, 2=Moderately | 3, 3=Quite a bit | 4, 4=Extremely",,,,,,,y,,,ptsd_adult,,
losing_interest,q_mood_ptsd_adult,,radio,"Losing interest in activities you used to enjoy before having a stressful experience?","0, 0=Not at all | 1, 1=A little bit | 2, 2=Moderately | 3, 3=Quite a bit | 4, 4=Extremely",,,,,,,y,,,ptsd_adult,,
super_alert,q_mood_ptsd_adult,,radio,"Being ""super alert"", on guard, or constantly on the lookout for danger?","0, 0=Not at all | 1, 1=A little bit | 2, 2=Moderately | 3, 3=Quite a bit | 4, 4=Extremely",,,,,,,y,,,ptsd_adult,,
feeling_jumpy,q_mood_ptsd_adult,,radio,"Feeling jumpy or easily startled when you hear an unexpected noise?","0, 0=Not at all | 1, 1=A little bit | 2, 2=Moderately | 3, 3=Quite a bit | 4, 4=Extremely",,,,,,,y,,,ptsd_adult,,
irritable,q_mood_ptsd_adult,,radio,"Being extremely irritable or angry to the point where you yelled at other people, got into fights, or destroyed things?","0, 0=Not at all | 1, 1=A little bit | 2, 2=Moderately | 3, 3=Quite a bit | 4, 4=Extremely",,,,,,,y,,,ptsd_adult,,
adhd_session_id,q_mood_adhd_adult,"Questionnaire - Metadata",text,"Session ID",,,,,,,,y,,,,," @READONLY"
adhd_started_at,q_mood_adhd_adult,,text,"Questionnaire Started At",,,,,,y,,y,,,,," @READONLY"
adhd_completed_at,q_mood_adhd_adult,,text,"Questionnaire Completed At",,,,,,y,,y,,,,," @READONLY"
adhd_duration,q_mood_adhd_adult,,text,"Questionnaire Duration (seconds)",,,number,0,,,,,,,,," @READONLY"
adhd_origin,q_mood_adhd_adult,,radio,"ADHD Adult - Origin","app, Bridge2AI App | website, Bridge2AI Web App",,,,,,,y,,,,," @READONLY"
adhd_via,q_mood_adhd_adult,,radio,"ADHD Adult - via","dataCollector, Data Collector | participant, Participant",,,,,,,y,,,,," @READONLY"
adhd_language,q_mood_adhd_adult,,radio,"ADHD Adult - Language","1, English | 3, Spanish",,,,,,,y,,,,," @READONLY"
wrapping_up,q_mood_adhd_adult,"Please answer the questions below, rating yourself on each of the criteria shown using the scale on the right side of the page. As you answer each question, select the box that best describes how you have felt and conducted yourself over the past 6 months.",radio,"How often do you have trouble wrapping up the final details of a project, once the challenging parts have been done?","never, Never | rarely, Rarely | sometimes, Sometimes | often, Often | veryOften, Very Often",,,,,,,y,,,adhd_adult,,
things_in_order,q_mood_adhd_adult,,radio,"How often do you have difficulty getting things in order when you have to do a task that requires organization?","never, Never | rarely, Rarely | sometimes, Sometimes | often, Often | veryOften, Very Often",,,,,,,y,,,adhd_adult,,
remembering_appt,q_mood_adhd_adult,,radio,"How often do you have problems remembering appointments or obligations?","never, Never | rarely, Rarely | sometimes, Sometimes | often, Often | veryOften, Very Often",,,,,,,y,,,adhd_adult,,
avoidance,q_mood_adhd_adult,,radio,"When you have a task that requires a lot of thought, how often do you avoid or delay getting started?","never, Never | rarely, Rarely | sometimes, Sometimes | often, Often | veryOften, Very Often",,,,,,,y,,,adhd_adult,,
fidget,q_mood_adhd_adult,,radio,"How often do you fidget or squirm with your hands or feet when you have to sit down for a long time?","never, Never | rarely, Rarely | sometimes, Sometimes | often, Often | veryOften, Very Often",,,,,,,y,,,adhd_adult,,
overly_active,q_mood_adhd_adult,,radio,"How often do you feel overly active and compelled to do things, like you were driven by a motor?","never, Never | rarely, Rarely | sometimes, Sometimes | often, Often | veryOften, Very Often",,,,,,,y,,,adhd_adult,,
careless,q_mood_adhd_adult,,radio,"How often do you make careless mistakes when you have to work on a boring or difficult project?","never, Never | rarely, Rarely | sometimes, Sometimes | often, Often | veryOften, Very Often",,,,,,,y,,,adhd_adult,,
difficulty_attention,q_mood_adhd_adult,,radio,"How often do you have difficulty keeping your attention when you are doing boring or repetitive work?","never, Never | rarely, Rarely | sometimes, Sometimes | often, Often | veryOften, Very Often",,,,,,,y,,,adhd_adult,,
difficulty_concentrating,q_mood_adhd_adult,,radio,"How often do you have difficulty concentrating on what people say to you, even when they are speaking to you directly?","never, Never | rarely, Rarely | sometimes, Sometimes | often, Often | veryOften, Very Often",,,,,,,y,,,adhd_adult,,
misplace,q_mood_adhd_adult,,radio,"How often do you misplace or have difficulty finding things at home or at work?","never, Never | rarely, Rarely | sometimes, Sometimes | often, Often | veryOften, Very Often",,,,,,,y,,,adhd_adult,,
distracted,q_mood_adhd_adult,,radio,"How often are you distracted by activity or noise around you?","never, Never | rarely, Rarely | sometimes, Sometimes | often, Often | veryOften, Very Often",,,,,,,y,,,adhd_adult,,
remain_seated,q_mood_adhd_adult,,radio,"How often do you leave your seat in meetings or other situations in which you are expected to remain seated?","never, Never | rarely, Rarely | sometimes, Sometimes | often, Often | veryOften, Very Often",,,,,,,y,,,adhd_adult,,
restless,q_mood_adhd_adult,,radio,"How often do you feel restless or fidgety?","never, Never | rarely, Rarely | sometimes, Sometimes | often, Often | veryOften, Very Often",,,,,,,y,,,adhd_adult,,
difficulty_unwinding,q_mood_adhd_adult,,radio,"How often do you have difficulty unwinding and relaxing when you have time to yourself?","never, Never | rarely, Rarely | sometimes, Sometimes | often, Often | veryOften, Very Often",,,,,,,y,,,adhd_adult,,
talking_too_much,q_mood_adhd_adult,,radio,"How often do you find yourself talking too much when you are in social situations?","never, Never | rarely, Rarely | sometimes, Sometimes | often, Often | veryOften, Very Often",,,,,,,y,,,adhd_adult,,
finish_other_sent,q_mood_adhd_adult,,radio,"When you're in a conversation, how often do you find yourself finishing the sentences of the people you are talking to, before they can finish them themselves?","never, Never | rarely, Rarely | sometimes, Sometimes | often, Often | veryOften, Very Often",,,,,,,y,,,adhd_adult,,
difficulty_waiting,q_mood_adhd_adult,,radio,"How often do you have difficulty waiting your turn in situations when turn taking is required?","never, Never | rarely, Rarely | sometimes, Sometimes | often, Often | veryOften, Very Often",,,,,,,y,,,adhd_adult,,
interrupt_others,q_mood_adhd_adult,,radio,"How often do you interrupt others when they are busy?","never, Never | rarely, Rarely | sometimes, Sometimes | often, Often | veryOften, Very Often",,,,,,,y,,,adhd_adult,,
mph_session_id,q_mood_participant_history,"Questionnaire - Metadata",text,"Session ID",,,,,,,,y,,,,,
mph_started_at,q_mood_participant_history,,text,"Questionnaire Started At",,,,,,y,,y,,,,,
mph_completed_at,q_mood_participant_history,,text,"Questionnaire Completed At",,,,,,y,,y,,,,,
mph_duration,q_mood_participant_history,,text,"Questionnaire Duration (seconds)",,,number,0,,,,,,,,,
mph_origin,q_mood_participant_history,,radio,"Mood Participant History - origin","app, Bridge2AI App | website, Bridge2AI Web App",,,,,,,y,,,,," @READONLY"
mph_via,q_mood_participant_history,,radio,"Mood Participant History - via","dataCollector, Data Collector | participant, Participant",,,,,,,y,,,,," @READONLY"
mph_language,q_mood_participant_history,,radio,"Mood Participant History - Language","1, English | 3, Spanish",,,,,,,y,,,,," @READONLY"
mph_active_psy_medical_problems,q_mood_participant_history,"Medical and Psychiatric comorbidities",text,"Please list any active psychiatric problems and medical problems.",,,,,,,,,,,,,
mph_hist_psy_medical_problems,q_mood_participant_history,,text,"Please list any historical psychiatric problems and medical problems.",,,,,,,,,,,,,
mph_prescribed_medication,q_mood_participant_history,"Treatment Obtained",radio,"Have you ever been prescribed medication for mental or emotional problems (e.g., antidepressants, anxiolytics, antipsychotics, mood stabilizers, etc.)?","yes, Yes | no, No",,,,,,,,,,,,
mph_current_medication,q_mood_participant_history,,notes,"Please list any current psychiatric medications (to the best of your recollection), including medication names, dosage, and how many times per day.",,,,,,,"[mph_prescribed_medication]=""yes""",,,,,,
mph_previous_medication,q_mood_participant_history,,notes,"Please list any previous psychiatric medications (to the best of your recollection), including medication names,
approximate dates you were taking them, and why they were discontinued.",,,,,,,"[mph_prescribed_medication]=""yes""",,,,,,
mph_see_mental_health_professional,q_mood_participant_history,,radio,"Have you ever seen a mental health professional for talk therapy (could include social workers, psychiatrists, etc.)?","yes, Yes | no, No",,,,,,,,,,,,
mph_describe_psychotherapy,q_mood_participant_history,,notes,"Please briefly describe your psychotherapy history (e.g., dates, reasons for seeking therapy, etc.).",,,,,,,"[mph_see_mental_health_professional]=""yes""",,,,,,
dyspnea_index_session_id,q_resp_dyspnea_index_di,"Questionnaire - Metadata",text,"Session ID",,,,,,,,y,,,,," @READONLY"
dyspnea_index_started_at,q_resp_dyspnea_index_di,,text,"Questionnaire Started At",,,,,,y,,y,,,,," @READONLY"
dyspnea_index_completed_at,q_resp_dyspnea_index_di,,text,"Questionnaire Completed At",,,,,,y,,y,,,,," @READONLY"
dyspnea_index_duration,q_resp_dyspnea_index_di,,text,"Questionnaire Duration (seconds)",,,,,,,,y,,,,," @READONLY"
dyspnea_index_origin,q_resp_dyspnea_index_di,,radio,"Dyspnea Index (DI) - origin","app, Bridge2AI App | website, Bridge2AI Web App",,,,,,,y,,,,," @READONLY"
dyspnea_index_via,q_resp_dyspnea_index_di,,radio,"Dyspnea Index (DI) - via","dataCollector, Data Collector | participant, Participant",,,,,,,y,,,,," @READONLY"
dyspnea_index_language,q_resp_dyspnea_index_di,,radio,"Dyspnea Index (DI) - Language","1, English | 3, Spanish",,,,,,,y,,,,," @READONLY"
di_air_in,q_resp_dyspnea_index_di,"Please answer the following questions using a 0-4 rating scale.

0 = Never; 1 = Almost never; 2 = Sometimes; 3 = Almost always; 4 = Always",radio,"I have trouble getting air in.","never, Never | almostNever, Almost never | sometimes, Sometimes | almostAlways, Almost always | always, Always",,,,,,,y,,,di,,
di_tightness_throat,q_resp_dyspnea_index_di,,radio,"I feel tightness in my throat when I am having my breathing problem.","never, Never | almostNever, Almost never | sometimes, Sometimes | almostAlways, Almost always | always, Always",,,,,,,y,,,di,,
di_effort_breathe,q_resp_dyspnea_index_di,,radio,"It takes more effort to breathe than it used to.","never, Never | almostNever, Almost never | sometimes, Sometimes | almostAlways, Almost always | always, Always",,,,,,,y,,,di,,
di_weather_changes,q_resp_dyspnea_index_di,,radio,"Changes in the weather affect my breathing problem.","never, Never | almostNever, Almost never | sometimes, Sometimes | almostAlways, Almost always | always, Always",,,,,,,y,,,di,,
di_breathing_worse_stress,q_resp_dyspnea_index_di,,radio,"My breathing gets worse with stress.","never, Never | almostNever, Almost never | sometimes, Sometimes | almostAlways, Almost always | always, Always",,,,,,,y,,,di,,
di_sound_breathing_in,q_resp_dyspnea_index_di,,radio,"I make sound/noise breathing in.","never, Never | almostNever, Almost never | sometimes, Sometimes | almostAlways, Almost always | always, Always",,,,,,,y,,,di,,
di_strain,q_resp_dyspnea_index_di,,radio,"I have to strain to breathe.","never, Never | almostNever, Almost never | sometimes, Sometimes | almostAlways, Almost always | always, Always",,,,,,,y,,,di,,
di_exercise,q_resp_dyspnea_index_di,,radio,"My shortness of breath gets worse with exercise or physical activity.","never, Never | almostNever, Almost never | sometimes, Sometimes | almostAlways, Almost always | always, Always",,,,,,,y,,,di,,
di_breathing_stresses_me,q_resp_dyspnea_index_di,,radio,"My breathing problem makes me feel stressed.","never, Never | almostNever, Almost never | sometimes, Sometimes | almostAlways, Almost always | always, Always",,,,,,,y,,,di,,
di_restrict_personal_social_life,q_resp_dyspnea_index_di,,radio,"My breathing problem causes me to restrict my personal and social life.","never, Never | almostNever, Almost never | sometimes, Sometimes | almostAlways, Almost always | always, Always",,,,,,,y,,,di,,
leicester_cough_session_id,q_resp_leicester_cough_questionnaire_lcq,"Questionnaire - Metadata",text,"Session ID",,,,,,,,y,,,,," @READONLY"
leicester_cough_started_at,q_resp_leicester_cough_questionnaire_lcq,,text,"Questionnaire Started At",,,,,,y,,y,,,,," @READONLY"
leicester_cough_completed_at,q_resp_leicester_cough_questionnaire_lcq,,text,"Questionnaire Completed At",,,,,,y,,y,,,,," @READONLY"
leicester_cough_duration,q_resp_leicester_cough_questionnaire_lcq,,text,"Questionnaire Duration (seconds)",,,,,,,,y,,,,," @READONLY"
leicester_cough_origin,q_resp_leicester_cough_questionnaire_lcq,,radio,"Leicester Cough Questionnaire (LCQ) - origin","app, Bridge2AI App | website, Bridge2AI Web App",,,,,,,y,,,,," @READONLY"
leicester_cough_via,q_resp_leicester_cough_questionnaire_lcq,,radio,"Leicester Cough Questionnaire (LCQ) - via","dataCollector, Data Collector | participant, Participant",,,,,,,y,,,,," @READONLY"
leicester_cough_language,q_resp_leicester_cough_questionnaire_lcq,,radio,"Leicester Cough Questionnaire (LCQ) - Language","1, English | 3, Spanish",,,,,,,y,,,,," @READONLY"
lcq_chest_stomach_pains,q_resp_leicester_cough_questionnaire_lcq,"Please answer the following questions using a 1-7 rating scale.

1 = None of the time; 2 = Hardly any of the time; 3 = A little of the time; 4 = Some of the time; 5 = A good bit of the time; 6 = Most of the time; 7 = All of the time",radio,"In the last 2 weeks, have you had chest or stomach pains as a result of your cough?","noneOfTheTime, None of the time | hardlyAnyOfTheTime, Hardly any of the time | aLittleOfTheTime, A little of the time | someOfTheTime, Some of the time | aGoodBitOfTheTime, A good bit of the time | mostOfTheTime, Most of the time | allOfTheTime, All of the time",,,,,,,y,,,leicester_cough,,
lcq_sputum_phlegm,q_resp_leicester_cough_questionnaire_lcq,,radio,"In the last 2 weeks, have you been bothered by sputum (phlegm) production when you cough?","noneOfTheTime, None of the time | hardlyAnyOfTheTime, Hardly any of the time | aLittleOfTheTime, A little of the time | someOfTheTime, Some of the time | aGoodBitOfTheTime, A good bit of the time | mostOfTheTime, Most of the time | allOfTheTime, All of the time",,,,,,,y,,,leicester_cough,,
lcq_tired,q_resp_leicester_cough_questionnaire_lcq,,radio,"In the last 2 weeks, have you been tired because of your cough?","noneOfTheTime, None of the time | hardlyAnyOfTheTime, Hardly any of the time | aLittleOfTheTime, A little of the time | someOfTheTime, Some of the time | aGoodBitOfTheTime, A good bit of the time | mostOfTheTime, Most of the time | allOfTheTime, All of the time",,,,,,,y,,,leicester_cough,,
lcq_embarrassed,q_resp_leicester_cough_questionnaire_lcq,,radio,"How often during the last 2 weeks have you felt embarrassed by your coughing?","noneOfTheTime, None of the time | hardlyAnyOfTheTime, Hardly any of the time | aLittleOfTheTime, A little of the time | someOfTheTime, Some of the time | aGoodBitOfTheTime, A good bit of the time | mostOfTheTime, Most of the time | allOfTheTime, All of the time",,,,,,,y,,,leicester_cough,,
lcq_anxious,q_resp_leicester_cough_questionnaire_lcq,,radio,"In the last 2 weeks, my cough has made me feel anxious.","noneOfTheTime, None of the time | hardlyAnyOfTheTime, Hardly any of the time | aLittleOfTheTime, A little of the time | someOfTheTime, Some of the time | aGoodBitOfTheTime, A good bit of the time | mostOfTheTime, Most of the time | allOfTheTime, All of the time",,,,,,,y,,,leicester_cough,,
lcq_interfere_job,q_resp_leicester_cough_questionnaire_lcq,,radio,"In the last 2 weeks, my cough has interfered with my job or other daily tasks.","noneOfTheTime, None of the time | hardlyAnyOfTheTime, Hardly any of the time | aLittleOfTheTime, A little of the time | someOfTheTime, Some of the time | aGoodBitOfTheTime, A good bit of the time | mostOfTheTime, Most of the time | allOfTheTime, All of the time",,,,,,,y,,,leicester_cough,,
lcq_interfere_life,q_resp_leicester_cough_questionnaire_lcq,,radio,"In the last 2 weeks, I felt that my cough interfered with the overall enjoyment of my life.","noneOfTheTime, None of the time | hardlyAnyOfTheTime, Hardly any of the time | aLittleOfTheTime, A little of the time | someOfTheTime, Some of the time | aGoodBitOfTheTime, A good bit of the time | mostOfTheTime, Most of the time | allOfTheTime, All of the time",,,,,,,y,,,leicester_cough,,
lcq_exposure_paint,q_resp_leicester_cough_questionnaire_lcq,,radio,"In the last 2 weeks, exposure to paint or fumes has made me cough.","noneOfTheTime, None of the time | hardlyAnyOfTheTime, Hardly any of the time | aLittleOfTheTime, A little of the time | someOfTheTime, Some of the time | aGoodBitOfTheTime, A good bit of the time | mostOfTheTime, Most of the time | allOfTheTime, All of the time",,,,,,,y,,,leicester_cough,,
lcq_sleep,q_resp_leicester_cough_questionnaire_lcq,,radio,"In the last 2 weeks, has your cough disturbed your sleep?","noneOfTheTime, None of the time | hardlyAnyOfTheTime, Hardly any of the time | aLittleOfTheTime, A little of the time | someOfTheTime, Some of the time | aGoodBitOfTheTime, A good bit of the time | mostOfTheTime, Most of the time | allOfTheTime, All of the time",,,,,,,y,,,leicester_cough,,
lcq_bout,q_resp_leicester_cough_questionnaire_lcq,,radio,"In the last 2 weeks, how many times a day have you had a coughing bout?","noneOfTheTime, None of the time | hardlyAnyOfTheTime, Hardly any of the time | aLittleOfTheTime, A little of the time | someOfTheTime, Some of the time | aGoodBitOfTheTime, A good bit of the time | mostOfTheTime, Most of the time | allOfTheTime, All of the time",,,,,,,y,,,leicester_cough,,
lcq_frustrated,q_resp_leicester_cough_questionnaire_lcq,,radio,"In the last 2 weeks, my cough has made me feel frustrated.","noneOfTheTime, None of the time | hardlyAnyOfTheTime, Hardly any of the time | aLittleOfTheTime, A little of the time | someOfTheTime, Some of the time | aGoodBitOfTheTime, A good bit of the time | mostOfTheTime, Most of the time | allOfTheTime, All of the time",,,,,,,y,,,leicester_cough,,
lcq_fed_up,q_resp_leicester_cough_questionnaire_lcq,,radio,"In the last 2 weeks, my cough has made me feel fed up.","noneOfTheTime, None of the time | hardlyAnyOfTheTime, Hardly any of the time | aLittleOfTheTime, A little of the time | someOfTheTime, Some of the time | aGoodBitOfTheTime, A good bit of the time | mostOfTheTime, Most of the time | allOfTheTime, All of the time",,,,,,,y,,,leicester_cough,,
lcq_hoarse_voice,q_resp_leicester_cough_questionnaire_lcq,,radio,"In the last 2 weeks, have you suffered from a hoarse voice as a result of your cough?","noneOfTheTime, None of the time | hardlyAnyOfTheTime, Hardly any of the time | aLittleOfTheTime, A little of the time | someOfTheTime, Some of the time | aGoodBitOfTheTime, A good bit of the time | mostOfTheTime, Most of the time | allOfTheTime, All of the time",,,,,,,y,,,leicester_cough,,
lcq_serious_illness,q_resp_leicester_cough_questionnaire_lcq,,radio,"In the last 2 weeks, have you worried that your cough may indicate serious illness?","noneOfTheTime, None of the time | hardlyAnyOfTheTime, Hardly any of the time | aLittleOfTheTime, A little of the time | someOfTheTime, Some of the time | aGoodBitOfTheTime, A good bit of the time | mostOfTheTime, Most of the time | allOfTheTime, All of the time",,,,,,,y,,,leicester_cough,,
lcq_other_people,q_resp_leicester_cough_questionnaire_lcq,,radio,"In the last 2 weeks, have you been concerned that other people think something is wrong with you, because of your cough?","noneOfTheTime, None of the time | hardlyAnyOfTheTime, Hardly any of the time | aLittleOfTheTime, A little of the time | someOfTheTime, Some of the time | aGoodBitOfTheTime, A good bit of the time | mostOfTheTime, Most of the time | allOfTheTime, All of the time",,,,,,,y,,,leicester_cough,,
lcq_interrupt_conversation,q_resp_leicester_cough_questionnaire_lcq,,radio,"In the last 2 weeks, my cough has interrupted conversation or telephone calls.","noneOfTheTime, None of the time | hardlyAnyOfTheTime, Hardly any of the time | aLittleOfTheTime, A little of the time | someOfTheTime, Some of the time | aGoodBitOfTheTime, A good bit of the time | mostOfTheTime, Most of the time | allOfTheTime, All of the time",,,,,,,y,,,leicester_cough,,
lcq_partner,q_resp_leicester_cough_questionnaire_lcq,,radio,"In the last 2 weeks, I feel that my cough has annoyed my partner, family, or friends.","noneOfTheTime, None of the time | hardlyAnyOfTheTime, Hardly any of the time | aLittleOfTheTime, A little of the time | someOfTheTime, Some of the time | aGoodBitOfTheTime, A good bit of the time | mostOfTheTime, Most of the time | allOfTheTime, All of the time",,,,,,,y,,,leicester_cough,,
lcq_felt_in_control,q_resp_leicester_cough_questionnaire_lcq,,radio,"In the last 2 weeks, have you felt in control of your cough?","noneOfTheTime, None of the time | hardlyAnyOfTheTime, Hardly any of the time | aLittleOfTheTime, A little of the time | someOfTheTime, Some of the time | aGoodBitOfTheTime, A good bit of the time | mostOfTheTime, Most of the time | allOfTheTime, All of the time",,,,,,,y,,,leicester_cough,,
lcq_energy,q_resp_leicester_cough_questionnaire_lcq,,radio,"In the last 2 weeks, have you had a lot of energy?","noneOfTheTime, None of the time | hardlyAnyOfTheTime, Hardly any of the time | aLittleOfTheTime, A little of the time | someOfTheTime, Some of the time | aGoodBitOfTheTime, A good bit of the time | mostOfTheTime, Most of the time | allOfTheTime, All of the time",,,,,,,y,,,leicester_cough,,
winograd_session_id,q_neuro_winograd_schemas,"Questionnaire - Metadata",text,"Session ID",,,,,,,,,,,,," @READONLY"
winograd_started_at,q_neuro_winograd_schemas,,text,"Questionnaire Started At",,,,,,y,,,,,,," @READONLY"
winograd_completed_at,q_neuro_winograd_schemas,,text,"Questionnaire Completed At",,,,,,y,,,,,,," @READONLY"
winograd_duration,q_neuro_winograd_schemas,,text,"Questionnaire Duration (seconds)",,,,,,,,,,,,," @READONLY"
winograd_origin,q_neuro_winograd_schemas,,radio,"Winograd Schemas - origin","app, Bridge2AI App | website, Bridge2AI Web App",,,,,,,y,,,,," @READONLY"
winograd_via,q_neuro_winograd_schemas,,radio,"Winograd Schemas - via","dataCollector, Data Collector | participant, Participant",,,,,,,y,,,,," @READONLY"
winograd_language,q_neuro_winograd_schemas,,radio,"Winograd Schemas - Language","1, English | 3, Spanish",,,,,,,y,,,,," @READONLY"
winograd_score,q_neuro_winograd_schemas,"Winograd Schema Scoring",text,"Winograd Schema Score",,,,,,,,,,,,," @READONLY"
winograd_number_questions,q_neuro_winograd_schemas,,text,"Number of questions asked",,,,,,,,,,,,," @READONLY"
winograd_questions_asked,q_neuro_winograd_schemas,,text,"Questions asked
(Comma separated)",,,,,,,,,,,,," @READONLY"
winograd_q_1,q_neuro_winograd_schemas,"Winograd Questionnaire",radio,"1. The city councilmen refused the demonstrators a permit because they feared violence. Who feared violence?","correct, The city councilmen | incorrect, The demonstrators",,,,,,,,LV,,,,
winograd_q_2,q_neuro_winograd_schemas,,radio,"2. The city councilmen refused the demonstrators a permit because they advocated violence. Who advocated violence?","incorrect, The city councilmen | correct, The demonstrators",,,,,,,,LV,,,,
winograd_q_3,q_neuro_winograd_schemas,,radio,"3. The trophy doesn't fit into the brown suitcase because it's too small. What is too small?","correct, The suitcase | incorrect, The trophy",,,,,,,,LV,,,,
winograd_q_4,q_neuro_winograd_schemas,,radio,"4. The trophy doesn't fit into the brown suitcase because it's too large. What is too large?","incorrect, The suitcase | correct, The trophy",,,,,,,,LV,,,,
winograd_q_5,q_neuro_winograd_schemas,,radio,"5. Joan made sure to thank Susan for all the help she had given. Who had given help?","correct, Susan | incorrect, Joan",,,,,,,,LV,,,,
winograd_q_6,q_neuro_winograd_schemas,,radio,"6. Joan made sure to thank Susan for all the help she had received. Who had received help?","incorrect, Susan | correct, Joan",,,,,,,,LV,,,,
winograd_q_7,q_neuro_winograd_schemas,,radio,"7. Paul tried to call George on the phone, but he wasn't successful. Who was not successful?","correct, Paul | incorrect, George",,,,,,,,LV,,,,
winograd_q_8,q_neuro_winograd_schemas,,radio,"8. Paul tried to call George on the phone, but he wasn't available. Who was not available?","incorrect, Paul | correct, George",,,,,,,,LV,,,,
winograd_q_9,q_neuro_winograd_schemas,,radio,"9. The lawyer asked the witness a question, but he was reluctant to answer it. Who was reluctant to answer the question?","correct, The witness | incorrect, The lawyer",,,,,,,,LV,,,,
winograd_q_10,q_neuro_winograd_schemas,,radio,"10. The lawyer asked the witness a question, but he was reluctant to repeat it. Who was reluctant to repeat the question?","incorrect, The witness | correct, The lawyer",,,,,,,,LV,,,,
winograd_q_11,q_neuro_winograd_schemas,,radio,"11. The delivery truck zoomed by the school bus because it was going so fast. What was going so fast?","correct, The truck | incorrect, The bus",,,,,,,,LV,,,,
winograd_q_12,q_neuro_winograd_schemas,,radio,"12. The delivery truck zoomed by the school bus because it was going so slow. What was going so slow?","incorrect, The truck | correct, The bus",,,,,,,,LV,,,,
winograd_q_13,q_neuro_winograd_schemas,,radio,"13. Frank felt vindicated when his longtime rival Bill revealed that he was the winner of the competition. Who was the winner of the competition?","correct, Frank | incorrect, Bill",,,,,,,,LV,,,,
winograd_q_14,q_neuro_winograd_schemas,,radio,"14. Frank felt crushed when his longtime rival Bill revealed that he was the winner of the competition. Who was the winner of the competition?","incorrect, Frank | correct, Bill",,,,,,,,LV,,,,
winograd_q_15,q_neuro_winograd_schemas,,radio,"15. The man couldn't lift his son because he was so weak. Who was weak?","correct, The man | incorrect, The son",,,,,,,,LV,,,,
winograd_q_16,q_neuro_winograd_schemas,,radio,"16. The man couldn't lift his son because he was so heavy. Who was heavy?","incorrect, The man | correct, The son",,,,,,,,LV,,,,
winograd_q_17,q_neuro_winograd_schemas,,radio,"17. The large ball crashed right through the table because it was made of steel. What was made of steel?","incorrect, The ball | correct, The table",,,,,,,,LV,,,,
winograd_q_18,q_neuro_winograd_schemas,,radio,"18. The large ball crashed right through the table because it was made of styrofoam. What was made of styrofoam?","correct, The ball | incorrect, The table",,,,,,,,LV,,,,
winograd_q_19,q_neuro_winograd_schemas,,radio,"19. John couldn't see the stage with Billy in front of him because he is so short. Who is so short?","correct, John | incorrect, Billy",,,,,,,,LV,,,,
winograd_q_20,q_neuro_winograd_schemas,,radio,"20.  John couldn't see the stage with Billy in front of him because he is so tall. Who is so tall?","incorrect, John | correct, Billy",,,,,,,,LV,,,,
winograd_q_21,q_neuro_winograd_schemas,,radio,"21. Tom threw his schoolbag down to Ray after he reached the top of the stairs. Who reached the top of the stairs?","correct, Tom | incorrect, Ray",,,,,,,,LV,,,,
winograd_q_22,q_neuro_winograd_schemas,,radio,"22. Tom threw his schoolbag down to Ray after he reached the bottom of the stairs. Who reached the bottom of the stairs?","incorrect, Tom | correct, Ray",,,,,,,,LV,,,,
winograd_q_23,q_neuro_winograd_schemas,,radio,"23. Although they ran at about the same speed, Sue beat Sally because she had such a good start. Who had a good start?","correct, Sue | incorrect, Sally",,,,,,,,LV,,,,
winograd_q_24,q_neuro_winograd_schemas,,radio,"24. Although they ran at about the same speed, Sue beat Sally because she had such a bad start. Who had a bad start?","incorrect, Sue | correct, Sally",,,,,,,,LV,,,,
winograd_q_25,q_neuro_winograd_schemas,,radio,"25. The sculpture rolled off the shelf because it wasn't anchored. What wasn't anchored?","correct, The sculpture | incorrect, The shelf",,,,,,,,LV,,,,
winograd_q_26,q_neuro_winograd_schemas,,radio,"26. The sculpture rolled off the shelf because it wasn't level. What wasn't level?","incorrect, The sculpture | correct, The shelf",,,,,,,,LV,,,,
winograd_q_27,q_neuro_winograd_schemas,,radio,"27. Sam's drawing was hung just above Tina's and it did look much better with another one below it. Which looked better?","correct, Sam's drawing | incorrect, Tina's drawing",,,,,,,,LV,,,,
winograd_q_28,q_neuro_winograd_schemas,,radio,"28. Sam's drawing was hung just above Tina's and it did look much better with another one above it. Which looked better?","incorrect, Sam's drawing | correct, Tina's drawing",,,,,,,,LV,,,,
winograd_q_29,q_neuro_winograd_schemas,,radio,"29. Anna did a lot better than her good friend Lucy on the test because she had studied so hard. Who studied hard?","correct, Anna | incorrect, Lucy",,,,,,,,LV,,,,
winograd_q_30,q_neuro_winograd_schemas,,radio,"30. Anna did a lot worse than her good friend Lucy on the test because she had studied so hard. Who studied hard?","incorrect, Anna | correct, Lucy",,,,,,,,LV,,,,
winograd_q_31,q_neuro_winograd_schemas,,radio,"31. The firemen arrived after the police because they were coming from so far away. Who came from far away?","correct, The firemen | incorrect, The police",,,,,,,,LV,,,,
winograd_q_32,q_neuro_winograd_schemas,,radio,"32. The firemen arrived before the police because they were coming from so far away. Who came from far away?","incorrect, The firemen | correct, The police",,,,,,,,LV,,,,
winograd_q_33,q_neuro_winograd_schemas,,radio,"33. Frank was upset with Tom because the toaster he had bought from him didn't work. Who had bought the toaster?","correct, Frank | incorrect, Tom",,,,,,,,LV,,,,
winograd_q_34,q_neuro_winograd_schemas,,radio,"34. Frank was upset with Tom because the toaster he had sold to him didn't work. Who had sold the toaster?","incorrect, Frank | correct, Tom",,,,,,,,LV,,,,
winograd_q_35,q_neuro_winograd_schemas,,radio,"35. Jim yelled at Kevin because he was so upset. Who was upset?","correct, Jim | incorrect, Kevin",,,,,,,,LV,,,,
winograd_q_36,q_neuro_winograd_schemas,,radio,"36. Jim comforted Kevin because he was so upset. Who was upset?","incorrect, Jim | correct, Kevin",,,,,,,,LV,,,,
winograd_q_37,q_neuro_winograd_schemas,,radio,"37. The sack of potatoes had been placed above the bag of flour, so it had to be moved first. What had to be moved first?","correct, The sack of potatoes | incorrect, The bag of flour",,,,,,,,LV,,,,
winograd_q_38,q_neuro_winograd_schemas,,radio,"38. The sack of potatoes had been placed below the bag of flour, so it had to be moved first. What had to be moved first?","incorrect, The sack of potatoes | correct, The bag of flour",,,,,,,,LV,,,,
winograd_q_39,q_neuro_winograd_schemas,,radio,"39. Pete envies Martin because he is very successful. Who is very successful?","correct, Martin | incorrect, Pete",,,,,,,,LV,,,,
winograd_q_40,q_neuro_winograd_schemas,,radio,"40. Pete envies Martin although he is very successful. Who is very successful?","incorrect, Martin | correct, Pete",,,,,,,,LV,,,,
winograd_q_41,q_neuro_winograd_schemas,,radio,"41. I was trying to balance the bottle upside down on the table, but I couldn't do it because it was so top-heavy. What was top-heavy?","correct, The bottle | incorrect, The table",,,,,,,,LV,,,,
winograd_q_42,q_neuro_winograd_schemas,,radio,"42. I was trying to balance the bottle upside down on the table, but I couldn't do it because it was so uneven. What was uneven?","incorrect, The bottle | correct, The table",,,,,,,,LV,,,,
winograd_q_43,q_neuro_winograd_schemas,,radio,"43. I spread the cloth on the table in order to protect it. To protect what?","correct, The table | incorrect, The cloth",,,,,,,,LV,,,,
winograd_q_44,q_neuro_winograd_schemas,,radio,"44. I spread the cloth on the table in order to display it. To display what?","incorrect, The table | correct, The cloth",,,,,,,,LV,,,,
winograd_q_45,q_neuro_winograd_schemas,,radio,"45. The older students were bullying the younger ones, so we rescued them. Whom did we rescued?","correct, The younger students | incorrect, The older students",,,,,,,,LV,,,,
winograd_q_46,q_neuro_winograd_schemas,,radio,"46. The older students were bullying the younger ones, so we punished them. Whom did we punished?","incorrect, The younger students | correct, The older students",,,,,,,,LV,,,,
winograd_q_47,q_neuro_winograd_schemas,,radio,"47. I poured water from the bottle into the cup until it was full. What was full?","correct, The cup | incorrect, The bottle",,,,,,,,LV,,,,
winograd_q_48,q_neuro_winograd_schemas,,radio,"48. I poured water from the bottle into the cup until it was empty. What was empty?","incorrect, The cup | correct, The bottle",,,,,,,,LV,,,,
winograd_q_49,q_neuro_winograd_schemas,,radio,"49. Susan knows all about Ann's personal problems because she is nosy. Who is nosy?","correct, Susan | incorrect, Ann",,,,,,,,LV,,,,
winograd_q_50,q_neuro_winograd_schemas,,radio,"50. Susan knows all about Ann's personal problems because she is indiscreet. Who is indiscreet?","incorrect, Susan | correct, Ann",,,,,,,,LV,,,,
winograd_q_51,q_neuro_winograd_schemas,,radio,"51. Susan knew that Ann's son had been in a car accident, so she told her about it. Who told the other about the accident?","correct, Susan | incorrect, Ann",,,,,,,,LV,,,,
winograd_q_52,q_neuro_winograd_schemas,,radio,"52. Susan knew that Ann's son had been in a car accident, because she told her about it. Who told the other about the accident?","incorrect, Susan | correct, Ann",,,,,,,,LV,,,,
winograd_q_53,q_neuro_winograd_schemas,,radio,"53. Joe's uncle can still beat him at tennis, even though he is 30 years older. Who is older?","correct, Joe's uncle | incorrect, Joe",,,,,,,,LV,,,,
winograd_q_54,q_neuro_winograd_schemas,,radio,"54. Joe's uncle can still beat him at tennis, even though he is 30 years younger. Who is younger?","incorrect, Joe's uncle | correct, Joe",,,,,,,,LV,,,,
winograd_q_55,q_neuro_winograd_schemas,,radio,"55. The police left the house and went into the garage, where they found the murder weapon. Where did they find the murder weapon?","correct, In the garage | incorrect, In the house",,,,,,,,LV,,,,
winograd_q_56,q_neuro_winograd_schemas,,radio,"56. The police left the house and went into the garage, after they found the murder weapon. Where did they find the murder weapon?","incorrect, In the garage | correct, In the house",,,,,,,,LV,,,,
winograd_q_57,q_neuro_winograd_schemas,,radio,"57. The painting in Mark's living room shows an oak tree. It is to the right of the bookcase. What is to the right of the bookcase?","correct, The painting | incorrect, The tree",,,,,,,,LV,,,,
winograd_q_58,q_neuro_winograd_schemas,,radio,"58. The painting in Mark's living room shows an oak tree. It is to the right of a house. What is to the right of a house?","incorrect, The painting | correct, The tree",,,,,,,,LV,,,,
winograd_q_59,q_neuro_winograd_schemas,,radio,"59. There is a gap in the wall. You can see the garden through it. You can see the garden through what?","correct, The gap | incorrect, The wall",,,,,,,,LV,,,,
winograd_q_60,q_neuro_winograd_schemas,,radio,"60. There is a gap in the wall. You can see the garden behind it. You can see the garden behind what?","incorrect, The gap | correct, The wall",,,,,,,,LV,,,,
winograd_q_61,q_neuro_winograd_schemas,,radio,"61. The drain is clogged with hair. It has to be cleaned. What has to be cleaned?","correct, The drain | incorrect, The hair",,,,,,,,LV,,,,
winograd_q_62,q_neuro_winograd_schemas,,radio,"62. The drain is clogged with hair. It has to be removed. What has to be removed?","incorrect, The drain | correct, The hair",,,,,,,,LV,,,,
winograd_q_63,q_neuro_winograd_schemas,,radio,"63. My meeting started at 4:00 and I needed to catch the train at 4:30, so there wasn't much time. Luckily, it was short, so it worked out. What was short?","correct, The meeting | incorrect, The train",,,,,,,,LV,,,,
winograd_q_64,q_neuro_winograd_schemas,,radio,"64. My meeting started at 4:00 and I needed to catch the train at 4:30, so there wasn't much time. Luckily, it was delayed, so it worked out. What was delayed?","incorrect, The meeting | correct, The train",,,,,,,,LV,,,,
winograd_q_65,q_neuro_winograd_schemas,,radio,"65. There is a pillar between me and the stage, and I can't see it. What can't I see?","correct, The stage | incorrect, The pillar",,,,,,,,LV,,,,
winograd_q_66,q_neuro_winograd_schemas,,radio,"66. There is a pillar between me and the stage, and I can't see around it. What can't I see around?","incorrect, The stage | correct, The pillar",,,,,,,,LV,,,,
winograd_q_67,q_neuro_winograd_schemas,,radio,"67. They broadcast an announcement, but a subway came into the station and I couldn't hear it. What couldn't I hear?","correct, The announcement | incorrect, The subway",,,,,,,,LV,,,,
winograd_q_68,q_neuro_winograd_schemas,,radio,"68. They broadcast an announcement, but a subway came into the station and I couldn't hear over it. What couldn't I hear over?","incorrect, The announcement | correct, The subway",,,,,,,,LV,,,,
winograd_q_69,q_neuro_winograd_schemas,,radio,"69. In the middle of the outdoor concert, the rain started falling, and it continued until 10. What continued until 10?","correct, The rain | incorrect, The concert",,,,,,,,LV,,,,
winograd_q_70,q_neuro_winograd_schemas,,radio,"70. In the middle of the outdoor concert, the rain started falling, but it continued until 10. What continued until 10?","incorrect, The rain | correct, The concert",,,,,,,,LV,,,,
winograd_q_71,q_neuro_winograd_schemas,,radio,"71. I used an old rag to clean the knife, and then I put it in the drawer. What did I put in the drawer?","correct, The knife | incorrect, The rag",,,,,,,,LV,,,,
winograd_q_72,q_neuro_winograd_schemas,,radio,"72. I used an old rag to clean the knife, and then I put it in the trash. What did I put in the trash?","incorrect, The knife | correct, The rag",,,,,,,,LV,,,,
winograd_q_73,q_neuro_winograd_schemas,,radio,"73. Ann asked Mary what time the library closes, but she had forgotten. Who had forgotten?","correct, Mary | incorrect, Ann",,,,,,,,LV,,,,
winograd_q_74,q_neuro_winograd_schemas,,radio,"74. Ann asked Mary what time the library closes, because she had forgotten. Who had forgotten?","incorrect, Mary | correct, Ann",,,,,,,,LV,,,,
winograd_q_75,q_neuro_winograd_schemas,,radio,"75. I took the water bottle out of the backpack so that it would be lighter. What would be lighter?","correct, The backpack | incorrect, The bottle",,,,,,,,LV,,,,
winograd_q_76,q_neuro_winograd_schemas,,radio,"76. I took the water bottle out of the backpack so that it would be handy. What would be handy?","incorrect, The backpack | correct, The bottle",,,,,,,,LV,,,,
winograd_q_77,q_neuro_winograd_schemas,,radio,"77. I couldn't put the pot on the shelf because it was too high. What was too high?","correct, The shelf | incorrect, The pot",,,,,,,,LV,,,,
winograd_q_78,q_neuro_winograd_schemas,,radio,"78. I couldn't put the pot on the shelf because it was too tall. What was too tall?","incorrect, The shelf | correct, The pot",,,,,,,,LV,,,,
winograd_q_79,q_neuro_winograd_schemas,,radio,"79. I'm sure that my map will show this building; it is very famous. What is famous?","correct, The building | incorrect, The map",,,,,,,,LV,,,,
winograd_q_80,q_neuro_winograd_schemas,,radio,"80. I'm sure that my map will show this building; it is very good. What is good?","incorrect, The building | correct, The map",,,,,,,,LV,,,,
winograd_q_81,q_neuro_winograd_schemas,,radio,"81. Bob paid for Charlie's college education. He is very generous. Who is generous?","correct, Bob | incorrect, Charlie",,,,,,,,LV,,,,
winograd_q_82,q_neuro_winograd_schemas,,radio,"82. Bob paid for Charlie's college education. He is very grateful. Who is grateful?","incorrect, Bob | correct, Charlie",,,,,,,,LV,,,,
winograd_q_83,q_neuro_winograd_schemas,,radio,"83. Bob paid for Charlie's college education, but now Charlie acts as though it never happened. He is very hurt. Who is hurt?","correct, Bob | incorrect, Charlie",,,,,,,,LV,,,,
winograd_q_84,q_neuro_winograd_schemas,,radio,"84. Bob paid for Charlie's college education, but now Charlie acts as though it never happened. He is very ungrateful. Who is ungrateful?","incorrect, Bob | correct, Charlie",,,,,,,,LV,,,,
winograd_q_85,q_neuro_winograd_schemas,,radio,"85. Bob was playing cards with Adam and was way ahead. If Adam hadn't had a sudden run of good luck, he would have won. Who would have won?","correct, Bob | incorrect, Adam",,,,,,,,LV,,,,
winograd_q_86,q_neuro_winograd_schemas,,radio,"86. Bob was playing cards with Adam and was way ahead. If Adam hadn't had a sudden run of good luck, he would have lost. Who would have lost?","incorrect, Bob | correct, Adam",,,,,,,,LV,,,,
winograd_q_87,q_neuro_winograd_schemas,,radio,"87. Adam can't leave work here until Bob arrives to replace him. If Bob had left home for work on time, he would be here by this time. Who would be here?","correct, Bob | incorrect, Adam",,,,,,,,LV,,,,
winograd_q_88,q_neuro_winograd_schemas,,radio,"88. Adam can't leave work here until Bob arrives to replace him. If Bob had left home for work on time, he would be gone by this time. Who would be gone?","incorrect, Bob | correct, Adam",,,,,,,,LV,,,,
winograd_q_89,q_neuro_winograd_schemas,,radio,"89. If the con artist has succeeded in fooling Sam, he would have gotten a lot of money. Who would have gotten the money?","correct, The con artist | incorrect, Sam",,,,,,,,LV,,,,
winograd_q_90,q_neuro_winograd_schemas,,radio,"90. If the con artist has succeeded in fooling Sam, he would have lost a lot of money. Who would have lost the money?","incorrect, The con artist | correct, Sam",,,,,,,,LV,,,,
winograd_q_91,q_neuro_winograd_schemas,,radio,"91. It was a summer afternoon, and the dog was sitting in the middle of the lawn. After a while, it got up and moved to a spot under the tree, because it was hot. What was hot?","correct, The dog | incorrect, The spot under the tree",,,,,,,,LV,,,,
winograd_q_92,q_neuro_winograd_schemas,,radio,"92. It was a summer afternoon, and the dog was sitting in the middle of the lawn. After a while, it got up and moved to a spot under the tree, because it was cooler. What was cooler?","incorrect, The dog | correct, The spot under the tree",,,,,,,,LV,,,,
winograd_q_93,q_neuro_winograd_schemas,,radio,"93. The cat was lying by the mouse hole waiting for the mouse, but it was too cautious. What was too cautious?","correct, The mouse | incorrect, The cat",,,,,,,,LV,,,,
winograd_q_94,q_neuro_winograd_schemas,,radio,"94. The cat was lying by the mouse hole waiting for the mouse, but it was too impatient. What was too impatient?","incorrect, The mouse | correct, The cat",,,,,,,,LV,,,,
winograd_q_95,q_neuro_winograd_schemas,,radio,"95. Anne gave birth to a daughter last month. She is a very charming woman. Who is a very charming woman?","correct, Anne | incorrect, Anne's daughter",,,,,,,,LV,,,,
winograd_q_96,q_neuro_winograd_schemas,,radio,"96. Anne gave birth to a daughter last month. She is a very charming baby. Who is a very charming baby?","incorrect, Anne | correct, Anne's daughter",,,,,,,,LV,,,,
winograd_q_97,q_neuro_winograd_schemas,,radio,"97. Alice tried frantically to stop her daughter from chatting at the party, leaving us to wonder why she was behaving so strangely. Who was behaving strangely?","correct, Alice | incorrect, Alice's daughter",,,,,,,,LV,,,,
winograd_q_98,q_neuro_winograd_schemas,,radio,"98. Alice tried frantically to stop her daughter from barking at the party, leaving us to wonder why she was behaving so strangely. Who was behaving strangely?","incorrect, Alice | correct, Alice's daughter",,,,,,,,LV,,,,
winograd_q_99,q_neuro_winograd_schemas,,radio,"99. I saw Jim yelling at some guy in a military uniform with a huge red beard. I don't know who he was, but he looked very unhappy. Who looked very unhappy?","correct, The guy in the uniform | incorrect, Jim",,,,,,,,LV,,,,
winograd_q_100,q_neuro_winograd_schemas,,radio,"100. I saw Jim yelling at some guy in a military uniform with a huge red beard. I don't know why he was, but he looked very unhappy. Who looked very unhappy?","incorrect, The guy in the uniform | correct, Jim",,,,,,,,LV,,,,
winograd_q_101,q_neuro_winograd_schemas,,radio,"101. The fish ate the worm. It was tasty. What was tasty?","correct, The worm | incorrect, The fish",,,,,,,,LV,,,,
winograd_q_102,q_neuro_winograd_schemas,,radio,"102. The fish ate the worm. It was hungry. What was hungry?","incorrect, The worm | correct, The fish",,,,,,,,LV,,,,
winograd_q_103,q_neuro_winograd_schemas,,radio,"103. I was trying to open the lock with the key, but someone had filled the keyhole with chewing gum, and I couldn't get it in. What couldn't I get in?","correct, The key | incorrect, The chewing gum",,,,,,,,LV,,,,
winograd_q_104,q_neuro_winograd_schemas,,radio,"104. I was trying to open the lock with the key, but someone had filled the keyhole with chewing gum, and I couldn't get it out. What couldn't I get out?","incorrect, The key | correct, The chewing gum",,,,,,,,LV,,,,
winograd_q_105,q_neuro_winograd_schemas,,radio,"105. The dog chased the cat, which ran up a tree. It waited at the top. Which waited at the top?","correct, The cat | incorrect, The dog",,,,,,,,LV,,,,
winograd_q_106,q_neuro_winograd_schemas,,radio,"106. The dog chased the cat, which ran up a tree. It waited at the bottom. Which waited at the bottom?","incorrect, The cat | correct, The dog",,,,,,,,LV,,,,
winograd_q_107,q_neuro_winograd_schemas,,radio,"107. In the storm, the tree fell down and crashed through the roof of my house. Now, I have to get it removed. What has to be removed?","correct, The tree | incorrect, The roof",,,,,,,,LV,,,,
winograd_q_108,q_neuro_winograd_schemas,,radio,"108. In the storm, the tree fell down and crashed through the roof of my house. Now, I have to get it repaired. What has to be repaired?","incorrect, The tree | correct, The roof",,,,,,,,LV,,,,
winograd_q_109,q_neuro_winograd_schemas,,radio,"109. The customer walked into the bank and stabbed one of the tellers. He was immediately taken to the emergency room. Who was taken to the emergency room?","correct, The teller | incorrect, The customer",,,,,,,,LV,,,,
winograd_q_110,q_neuro_winograd_schemas,,radio,"110. The customer walked into the bank and stabbed one of the tellers. He was immediately taken to the police station. Who was taken to the police station?","incorrect, The teller | correct, The customer",,,,,,,,LV,,,,
winograd_q_111,q_neuro_winograd_schemas,,radio,"111. John was doing research in the library when he heard a man humming and whistling. He was very annoyed. Who was annoyed?","correct, John | incorrect, The hummer",,,,,,,,LV,,,,
winograd_q_112,q_neuro_winograd_schemas,,radio,"112. John was doing research in the library when he heard a man humming and whistling. He was very annoying. Who was annoying?","incorrect, John | correct, The hummer",,,,,,,,LV,,,,
winograd_q_113,q_neuro_winograd_schemas,,radio,"113. John was jogging through the park when he saw a man juggling watermelons. He was very impressed. Who was impressed?","correct, John | incorrect, The juggler",,,,,,,,LV,,,,
winograd_q_114,q_neuro_winograd_schemas,,radio,"114. John was jogging through the park when he saw a man juggling watermelons. He was very impressive. Who was impressive?","incorrect, John | correct, The juggler",,,,,,,,LV,,,,
winograd_q_115,q_neuro_winograd_schemas,,radio,"115. Bob collapsed on the sidewalk. Soon he saw Carl coming to help. He was very ill. Who was ill?","correct, Bob | incorrect, Carl",,,,,,,,LV,,,,
winograd_q_116,q_neuro_winograd_schemas,,radio,"116. Bob collapsed on the sidewalk. Soon he saw Carl coming to help. He was very concerned. Who was concerned?","incorrect, Bob | correct, Carl",,,,,,,,LV,,,,
winograd_q_117,q_neuro_winograd_schemas,,radio,"117. Sam and Amy are passionately in love, but Amy's parents are unhappy about it, because they are snobs. Who are snobs?","correct, Amy's parents | incorrect, Sam and Amy",,,,,,,,LV,,,,
winograd_q_118,q_neuro_winograd_schemas,,radio,"118. Sam and Amy are passionately in love, but Amy's parents are unhappy about it, because they are fifteen. Who are fifteen?","incorrect, Amy's parents | correct, Sam and Amy",,,,,,,,LV,,,,
winograd_q_119,q_neuro_winograd_schemas,,radio,"119. Mark told Pete many lies about himself, which Pete included in his book. He should have been more truthful. Who should have been more truthful?","correct, Mark | incorrect, Pete",,,,,,,,LV,,,,
winograd_q_120,q_neuro_winograd_schemas,,radio,"120. Mark told Pete many lies about himself, which Pete included in his book. He should have been more skeptical. Who should have been more skeptical?","incorrect, Mark | correct, Pete",,,,,,,,LV,,,,
winograd_q_121,q_neuro_winograd_schemas,,radio,"121. Joe has sold his house and bought a new one a few miles away. He will be moving out of it on Thursday. Which house will he be moving out of?","correct, The old house | incorrect, The new house",,,,,,,,LV,,,,
winograd_q_122,q_neuro_winograd_schemas,,radio,"122. Joe has sold his house and bought a new one a few miles away. He will be moving into it on Thursday. Which house will he be moving into?","incorrect, The old house | correct, The new house",,,,,,,,LV,,,,
winograd_q_123,q_neuro_winograd_schemas,,radio,"123. Many people start to read Paul's books and can't put them down. They are gripped because Paul writes so well. Who or what are gripped?","correct, The readers | incorrect, The books",,,,,,,,LV,,,,
winograd_q_124,q_neuro_winograd_schemas,,radio,"124. Many people start to read Paul's books and can't put them down. They are popular because Paul writes so well. Who or what are popular?","incorrect, The readers | correct, The books",,,,,,,,LV,,,,
winograd_q_125,q_neuro_winograd_schemas,,radio,"125. Mary took out her flute and played one of her favorite pieces. She has loved it since she was a child. What has Mary loved since she was a child?","correct, The piece | incorrect, The flute",,,,,,,,LV,,,,
winograd_q_126,q_neuro_winograd_schemas,,radio,"126. Mary took out her flute and played one of her favorite pieces. She has had it since she was a child. What has Mary had since she was a child?","incorrect, The piece | correct, The flute",,,,,,,,LV,,,,
winograd_q_127,q_neuro_winograd_schemas,,radio,"127. Sam pulled up a chair to the piano, but it was broken, so he had to stand instead. What was broken?","correct, The chair | incorrect, The piano",,,,,,,,LV,,,,
winograd_q_128,q_neuro_winograd_schemas,,radio,"128. Sam pulled up a chair to the piano, but it was broken, so he had to sing instead. What was broken?","incorrect, The chair | correct, The piano",,,,,,,,LV,,,,
winograd_q_129,q_neuro_winograd_schemas,,radio,"129. Since it was raining, I carried the newspaper over my backpack to keep it dry. What was I trying to keep dry?","correct, The backpack | incorrect, The newspaper",,,,,,,,LV,,,,
winograd_q_130,q_neuro_winograd_schemas,,radio,"130. Since it was raining, I carried the newspaper in my backpack to keep it dry. What was I trying to keep dry?","incorrect, The backpack | correct, The newspaper",,,,,,,,LV,,,,
winograd_q_131,q_neuro_winograd_schemas,,radio,"131. Sara borrowed the book from the library because she needs it for an article she is working on. She reads it when she gets home from work. What does Sara reads when she gets home from work?","correct, The book | incorrect, The article",,,,,,,,LV,,,,
winograd_q_132,q_neuro_winograd_schemas,,radio,"132. Sara borrowed the book from the library because she needs it for an article she is working on. She writes it when she gets home from work. What does Sara writes when she gets home from work?","incorrect, The book | correct, The article",,,,,,,,LV,,,,
winograd_q_133,q_neuro_winograd_schemas,,radio,"133. This morning, Joey built a sand castle on the beach, and put a toy flag in the highest tower, but this afternoon a breeze knocked it down. What did the a breeze knock down?","correct, The flag | incorrect, The sand castle",,,,,,,,LV,,,,
winograd_q_134,q_neuro_winograd_schemas,,radio,"134. This morning, Joey built a sand castle on the beach, and put a toy flag in the highest tower, but this afternoon the tide knocked it down. What did the the tide knock down?","incorrect, The flag | correct, The sand castle",,,,,,,,LV,,,,
winograd_q_135,q_neuro_winograd_schemas,,radio,"135. Jane knocked on Susan's door, but there was no answer. She was out. Who was out?","correct, Susan | incorrect, Jane",,,,,,,,LV,,,,
winograd_q_136,q_neuro_winograd_schemas,,radio,"136. Jane knocked on Susan's door, but there was no answer. She was disappointed. Who was disappointed?","incorrect, Susan | correct, Jane",,,,,,,,LV,,,,
winograd_q_137,q_neuro_winograd_schemas,,radio,"137. Jane knocked on the door, and Susan answered it. She invited her to come out. Who invited whom?","correct, Jane invited Susan | incorrect, Susan invited Jane",,,,,,,,LV,,,,
winograd_q_138,q_neuro_winograd_schemas,,radio,"138. Jane knocked on the door, and Susan answered it. She invited her to come in. Who invited whom?","incorrect, Jane invited Susan | correct, Susan invited Jane",,,,,,,,LV,,,,
winograd_q_139,q_neuro_winograd_schemas,,radio,"139. Sam took French classes from Adam, because he was eager to speak it fluently. Who was eager to speak French fluently?","correct, Sam | incorrect, Adam",,,,,,,,LV,,,,
winograd_q_140,q_neuro_winograd_schemas,,radio,"140. Sam took French classes from Adam, because he was known to speak it fluently. Who was known to speak French fluently?","incorrect, Sam | correct, Adam",,,,,,,,LV,,,,
winograd_q_141,q_neuro_winograd_schemas,,radio,"141. The path to the lake was blocked, so we couldn't reach it. What couldn't we reach?","correct, The lake | incorrect, The path",,,,,,,,LV,,,,
winograd_q_142,q_neuro_winograd_schemas,,radio,"142. The path to the lake was blocked, so we couldn't use it. What couldn't we use?","incorrect, The lake | correct, The path",,,,,,,,LV,,,,
winograd_q_143,q_neuro_winograd_schemas,,radio,"143. The sun was covered by a thick cloud all morning, but luckily, by the time the picnic started, it was gone. What was gone?","correct, The cloud | incorrect, The sun",,,,,,,,LV,,,,
winograd_q_144,q_neuro_winograd_schemas,,radio,"144. The sun was covered by a thick cloud all morning, but luckily, by the time the picnic started, it was out. What was out?","incorrect, The cloud | correct, The sun",,,,,,,,LV,,,,
winograd_q_145,q_neuro_winograd_schemas,,radio,"145. We went to the lake, because a shark had been seen at the ocean beach, so it was a dangerous place to swim. Which was a dangerous place to swim?","correct, The beach | incorrect, The lake",,,,,,,,LV,,,,
winograd_q_146,q_neuro_winograd_schemas,,radio,"146. We went to the lake, because a shark had been seen at the ocean beach, so it was a safer place to swim. Which was a safer place to swim?","incorrect, The beach | correct, The lake",,,,,,,,LV,,,,
winograd_q_147,q_neuro_winograd_schemas,,radio,"147. Sam tried to paint a picture of shepherds with sheep, but they ended up looking more like dogs. What looked like dogs?","correct, The sheep | incorrect, The shepherds",,,,,,,,LV,,,,
winograd_q_148,q_neuro_winograd_schemas,,radio,"148. Sam tried to paint a picture of shepherds with sheep, but they ended up looking more like golfers. What looked like golfers?","incorrect, The sheep | correct, The shepherds",,,,,,,,LV,,,,
winograd_q_149,q_neuro_winograd_schemas,,radio,"149. Mary tucked her daughter Anne into bed, so that she could sleep. Who is going to sleep?","correct, Anne | incorrect, Mary",,,,,,,,LV,,,,
winograd_q_150,q_neuro_winograd_schemas,,radio,"150. Mary tucked her daughter Anne into bed, so that she could work. Who is going to work?","incorrect, Anne | correct, Mary",,,,,,,,LV,,,,
winograd_q_151,q_neuro_winograd_schemas,,radio,"151. Fred and Alice had very warm down coats, but they were not enough for the cold in Alaska. Who or what were not enough for the cold?","correct, The coats | incorrect, Fred and Alice",,,,,,,,LV,,,,
winograd_q_152,q_neuro_winograd_schemas,,radio,"152. Fred and Alice had very warm down coats, but they were not prepared for the cold in Alaska. Who or what were not prepared for the cold?","incorrect, The coats | correct, Fred and Alice",,,,,,,,LV,,,,
winograd_q_153,q_neuro_winograd_schemas,,radio,"153. Thomson visited Cooper's grave in 17 At that date he had been dead for five years. Who had been dead for five years?","correct, Cooper | incorrect, Thomson",,,,,,,,LV,,,,
winograd_q_154,q_neuro_winograd_schemas,,radio,"154. Thomson visited Cooper's grave in 17 At that date he had been travelling for five years. Who had been travelling for five years?","incorrect, Cooper | correct, Thomson",,,,,,,,LV,,,,
winograd_q_155,q_neuro_winograd_schemas,,radio,"155. Jackson was greatly influenced by Arnold, though he lived two centuries earlier. Who lived earlier?","correct, Arnold | incorrect, Jackson",,,,,,,,LV,,,,
winograd_q_156,q_neuro_winograd_schemas,,radio,"156. Jackson was greatly influenced by Arnold, though he lived two centuries later. Who lived later?","incorrect, Arnold | correct, Jackson",,,,,,,,LV,,,,
winograd_q_157,q_neuro_winograd_schemas,,radio,"157. Tom's daughter Eva is engaged to Dr. Stewart, who is his partner. The two doctors have known one another for ten years. Which two people have known one another for ten years?","correct, Tom and Dr. Stewart | incorrect, Eva and Dr. Stewart",,,,,,,,LV,,,,
winograd_q_158,q_neuro_winograd_schemas,,radio,"158. Tom's daughter Eva is engaged to Dr. Stewart, who is his partner. The two lovers have known one another for ten years. Which two people have known one another for ten years?","incorrect, Tom and Dr. Stewart | correct, Eva and Dr. Stewart",,,,,,,,LV,,,,
winograd_q_159,q_neuro_winograd_schemas,,radio,"159. I can't cut that tree down with that axe; it is too thick. What is too thick?","correct, The tree | incorrect, The axe",,,,,,,,LV,,,,
winograd_q_160,q_neuro_winograd_schemas,,radio,"160. I can't cut that tree down with that axe; it is too small. What is too small?","incorrect, The tree | correct, The axe",,,,,,,,LV,,,,
winograd_q_161,q_neuro_winograd_schemas,,radio,"161. The foxes are getting in at night and attacking the chickens. I shall have to guard them. What do I have to guard?","correct, The chickens | incorrect, The foxes",,,,,,,,LV,,,,
winograd_q_162,q_neuro_winograd_schemas,,radio,"162. The foxes are getting in at night and attacking the chickens. I shall have to kill them. What do I have to kill?","incorrect, The chickens | correct, The foxes",,,,,,,,LV,,,,
winograd_q_163,q_neuro_winograd_schemas,,radio,"163. The foxes are getting in at night and attacking the chickens. They have gotten very bold. What has gotten bold?","correct, The foxes | incorrect, The chickens",,,,,,,,LV,,,,
winograd_q_164,q_neuro_winograd_schemas,,radio,"164. The foxes are getting in at night and attacking the chickens. They have gotten very nervous. What has gotten nervous?","incorrect, The foxes | correct, The chickens",,,,,,,,LV,,,,
winograd_q_165,q_neuro_winograd_schemas,,radio,"165. Fred covered his eyes with his hands, because the wind was blowing sand around. He opened them when the wind stopped. What did Fred opened?","correct, His eyes | incorrect, His hands",,,,,,,,LV,,,,
winograd_q_166,q_neuro_winograd_schemas,,radio,"166. Fred covered his eyes with his hands, because the wind was blowing sand around. He lowered them when the wind stopped. What did Fred lowered?","incorrect, His eyes | correct, His hands",,,,,,,,LV,,,,
winograd_q_167,q_neuro_winograd_schemas,,radio,"167. The actress used to be named Terpsichore, but she changed it to Tina a few years ago, because she figured it was easier to pronounce. Which name was easier to pronounce?","correct, Tina | incorrect, Terpsichore",,,,,,,,LV,,,,
winograd_q_168,q_neuro_winograd_schemas,,radio,"168. The actress used to be named Terpsichore, but she changed it to Tina a few years ago, because she figured it was too hard to pronounce. Which name was too hard to pronounce?","incorrect, Tina | correct, Terpsichore",,,,,,,,LV,,,,
winograd_q_169,q_neuro_winograd_schemas,,radio,"169. Fred watched TV while George went out to buy groceries. After an hour he got up. Who got up?","correct, Fred | incorrect, George",,,,,,,,LV,,,,
winograd_q_170,q_neuro_winograd_schemas,,radio,"170. Fred watched TV while George went out to buy groceries. After an hour he got back. Who got back?","incorrect, Fred | correct, George",,,,,,,,LV,,,,
winograd_q_171,q_neuro_winograd_schemas,,radio,"171. Fred was supposed to run the dishwasher, but he put it off, because he wanted to watch TV. But the show turned out to be boring, so he changed his mind and turned it on. What did Fred turn on?","correct, The dishwasher | incorrect, The television",,,,,,,,LV,,,,
winograd_q_172,q_neuro_winograd_schemas,,radio,"172. Fred was supposed to run the dishwasher, but he put it off, because he wanted to watch TV. But the show turned out to be boring, so he changed his mind and turned it off. What did Fred turn off?","incorrect, The dishwasher | correct, The television",,,,,,,,LV,,,,
winograd_q_173,q_neuro_winograd_schemas,,radio,"173. Fred is the only man still alive who remembers my great-grandfather. He is a remarkable man. Who is a remarkable man?","correct, Fred | incorrect, My great-grandfather",,,,,,,,LV,,,,
winograd_q_174,q_neuro_winograd_schemas,,radio,"174. Fred is the only man still alive who remembers my great-grandfather. He was a remarkable man. Who was a remarkable man?","incorrect, Fred | correct, My great-grandfather",,,,,,,,LV,,,,
winograd_q_175,q_neuro_winograd_schemas,,radio,"175. Fred is the only man alive who still remembers my father as an infant. When Fred first saw my father, he was twelve years old. Who was twelve years old?","correct, Fred | incorrect, My father",,,,,,,,,,,,
winograd_q_176,q_neuro_winograd_schemas,,radio,"176. Fred is the only man alive who still remembers my father as an infant. When Fred first saw my father, he was twelve months old. Who was twelve months old?","incorrect, Fred | correct, My father",,,,,,,,,,,,
winograd_q_177,q_neuro_winograd_schemas,,radio,"177. In July, Kamtchatka declared war on Yakutsk. Since Yakutsk's army was much better equipped and ten times larger, they were victorious within weeks. Who was victorious?","correct, Yakutsk | incorrect, Kamchatka",,,,,,,,,,,,
winograd_q_178,q_neuro_winograd_schemas,,radio,"178. In July, Kamtchatka declared war on Yakutsk. Since Yakutsk's army was much better equipped and ten times larger, they were defeated within weeks. Who was defeated?","incorrect, Yakutsk | correct, Kamchatka",,,,,,,,,,,,
winograd_q_179,q_neuro_winograd_schemas,,radio,"179. Elizabeth moved her company from Sparta to Troy to save money on taxes; the taxes are much higher there. Where are the taxes higher?","correct, In Sparta | incorrect, In Troy",,,,,,,,,,,,
winograd_q_180,q_neuro_winograd_schemas,,radio,"180. Elizabeth moved her company from Sparta to Troy to save money on taxes; the taxes are much lower there. Where are the taxes lower?","incorrect, In Sparta | correct, In Troy",,,,,,,,,,,,
winograd_q_181,q_neuro_winograd_schemas,,radio,"181. Esther figures that she will save shipping costs if she builds her factory in Springfield instead of Franklin, because most of her customers live there. In which town do most of Esther's customers live?","correct, Springfield | incorrect, Franklin",,,,,,,,,,,,
winograd_q_182,q_neuro_winograd_schemas,,radio,"182. Esther figures that she will save shipping costs if she builds her factory in Springfield instead of Franklin, because none of her customers live there. In which town do none of Esther's customers live?","incorrect, Springfield | correct, Franklin",,,,,,,,,,,,
winograd_q_183,q_neuro_winograd_schemas,,radio,"183. There are too many deer in the park, so the park service brought in a small pack of wolves. The population should increase over the next few years. Which population will increase?","correct, The wolves | incorrect, The deer",,,,,,,,LV,,,,
winograd_q_184,q_neuro_winograd_schemas,,radio,"184. There are too many deer in the park, so the park service brought in a small pack of wolves. The population should decrease over the next few years. Which population will decrease?","incorrect, The wolves | correct, The deer",,,,,,,,LV,,,,
winograd_q_185,q_neuro_winograd_schemas,,radio,"185. Archaeologists have concluded that humans lived in Laputa 20,000 years ago. They hunted for deer on the river banks. Who hunted for deer?","correct, The prehistoric humans | incorrect, The archaeologists",,,,,,,,LV,,,,
winograd_q_186,q_neuro_winograd_schemas,,radio,"186. Archaeologists have concluded that humans lived in Laputa 20,000 years ago. They hunted for evidence on the river banks. Who hunted for evidence?","incorrect, The prehistoric humans | correct, The archaeologists",,,,,,,,LV,,,,
winograd_q_187,q_neuro_winograd_schemas,,radio,"187. The scientists are studying three species of fish that have recently been found living in the Indian Ocean. They appeared two years ago. Who or what appeared two years ago?","correct, The fish | incorrect, The scientists",,,,,,,,LV,,,,
winograd_q_188,q_neuro_winograd_schemas,,radio,"188. The scientists are studying three species of fish that have recently been found living in the Indian Ocean. They began two years ago. Who or what began two years ago?","incorrect, The fish | correct, The scientists",,,,,,,,LV,,,,
winograd_q_189,q_neuro_winograd_schemas,,radio,"189. The journalists interviewed the stars of the new movie. They were very cooperative, so the interview lasted for a long time. Who was cooperative?","correct, The stars | incorrect, The journalists",,,,,,,,LV,,,,
winograd_q_190,q_neuro_winograd_schemas,,radio,"190. The journalists interviewed the stars of the new movie. They were very persistent, so the interview lasted for a long time. Who was persistent?","incorrect, The stars | correct, The journalists",,,,,,,,LV,,,,
winograd_q_191,q_neuro_winograd_schemas,,radio,"191. The police arrested all of the gang members. They were trying to run the drug trade in the neighborhood. Who was trying to run the drug trade?","correct, The gang | incorrect, The police",,,,,,,,LV,,,,
winograd_q_192,q_neuro_winograd_schemas,,radio,"192. The police arrested all of the gang members. They were trying to stop the drug trade in the neighborhood. Who was trying to stop the drug trade?","incorrect, The gang | correct, The police",,,,,,,,LV,,,,
winograd_q_193,q_neuro_winograd_schemas,,radio,"193. I put the cake away in the refrigerator. It has a lot of butter in it. What has a lot of butter?","correct, The cake | incorrect, The refrigerator",,,,,,,,LV,,,,
winograd_q_194,q_neuro_winograd_schemas,,radio,"194. I put the cake away in the refrigerator. It has a lot of leftovers in it. What has a lot of leftovers?","incorrect, The cake | correct, The refrigerator",,,,,,,,LV,,,,
winograd_q_195,q_neuro_winograd_schemas,,radio,"195. Sam broke both his ankles and he's walking with crutches. But a month or so from now they should be better. What should be better?","correct, The ankles | incorrect, The crutches",,,,,,,,LV,,,,
winograd_q_196,q_neuro_winograd_schemas,,radio,"196. Sam broke both his ankles and he's walking with crutches. But a month or so from now they should be unnecessary. What should be unnecessary?","incorrect, The ankles | correct, The crutches",,,,,,,,LV,,,,
winograd_q_197,q_neuro_winograd_schemas,,radio,"197. When the sponsors of the bill got to the town hall, they were surprised to find that the room was full of opponents. They were very much in the majority. Who were in the majority?","correct, The opponents | incorrect, The sponsors",,,,,,,,LV,,,,
winograd_q_198,q_neuro_winograd_schemas,,radio,"198. When the sponsors of the bill got to the town hall, they were surprised to find that the room was full of opponents. They were very much in the minority. Who were in the minority?","incorrect, The opponents | correct, The sponsors",,,,,,,,LV,,,,
winograd_q_199,q_neuro_winograd_schemas,,radio,"199. Everyone really loved the oatmeal cookies; only a few people liked the chocolate chip cookies. Next time, we should make more of them. Which cookie should we make more of, next time?","correct, The oatmeal cookies | incorrect, The chocolate chip",,,,,,,,LV,,,,
winograd_q_200,q_neuro_winograd_schemas,,radio,"200. Everyone really loved the oatmeal cookies; only a few people liked the chocolate chip cookies. Next time, we should make fewer of them. Which cookie should we make fewer of, next time?","incorrect, The oatmeal cookies | correct, The chocolate chip",,,,,,,,LV,,,,
winograd_q_201,q_neuro_winograd_schemas,,radio,"201. We had hoped to place copies of our newsletter on all the chairs in the auditorium, but there were simply not enough of them. There are not enough of what?","incorrect, Chairs | correct, Copies of the newsletter",,,,,,,,LV,,,,
winograd_q_202,q_neuro_winograd_schemas,,radio,"202. We had hoped to place copies of our newsletter on all the chairs in the auditorium, but there were simply too many of them. There are too many of what?","correct, Chairs | incorrect, Copies of the newsletter",,,,,,,,LV,,,,
winograd_q_203,q_neuro_winograd_schemas,,radio,"203. I stuck a pin through a carrot. When I pulled the pin out, it left a hole. What left a hole?","correct, The pin | incorrect, The carrot",,,,,,,,LV,,,,
winograd_q_204,q_neuro_winograd_schemas,,radio,"204. I stuck a pin through a carrot. When I pulled the pin out, it had a hole. What had a hole?","incorrect, The pin | correct, The carrot",,,,,,,,LV,,,,
winograd_q_205,q_neuro_winograd_schemas,,radio,"205. I couldn't find a spoon, so I tried using a pen to stir my coffee. But that turned out to be a bad idea, because it got full of ink. What got full of ink?","correct, The coffee | incorrect, The pen",,,,,,,,LV,,,,
winograd_q_206,q_neuro_winograd_schemas,,radio,"206. I couldn't find a spoon, so I tried using a pen to stir my coffee. But that turned out to be a bad idea, because it got full of coffee. What got full of coffee?","incorrect, The coffee | correct, The pen",,,,,,,,LV,,,,
winograd_q_207,q_neuro_winograd_schemas,,radio,"207. Steve follows Fred's example in everything. He admires him hugely. Who admires whom?","correct, Steve admires Fred | incorrect, Fred influences Steve",,,,,,,,LV,,,,
winograd_q_208,q_neuro_winograd_schemas,,radio,"208. Steve follows Fred's example in everything. He influences him hugely. Who influences whom?","incorrect, Steve admires Fred | correct, Fred influences Steve",,,,,,,,LV,,,,
winograd_q_209,q_neuro_winograd_schemas,,radio,"209. The table won't fit through the doorway because it is too wide. What is too wide?","correct, The table | incorrect, The doorway",,,,,,,,LV,,,,
winograd_q_210,q_neuro_winograd_schemas,,radio,"210. The table won't fit through the doorway because it is too narrow. What is too narrow?","incorrect, The table | correct, The doorway",,,,,,,,LV,,,,
winograd_q_211,q_neuro_winograd_schemas,,radio,"211. Grace was happy to trade me her sweater for my jacket. She thinks it looks great on her. What looks great on Grace?","correct, The jacket | incorrect, The sweater",,,,,,,,LV,,,,
winograd_q_212,q_neuro_winograd_schemas,,radio,"212. Grace was happy to trade me her sweater for my jacket. She thinks it looks dowdy on her. What looks dowdy on Grace?","incorrect, The jacket | correct, The sweater",,,,,,,,LV,,,,
winograd_q_213,q_neuro_winograd_schemas,,radio,"213. Bill thinks that calling attention to himself was rude to Bert. Who called attention to himself?","correct, Bill | incorrect, Bert",,,,,,,,LV,,,,
winograd_q_214,q_neuro_winograd_schemas,,radio,"214. Bill thinks that calling attention to himself was rude of Bert. Who called attention to himself?","incorrect, Bill | correct, Bert",,,,,,,,LV,,,,
winograd_q_215,q_neuro_winograd_schemas,,radio,"215. John hired Bill to take care of him. Who is taking care of whom?","correct, Bill is taking care of John | incorrect, John is taking care of Bill",,,,,,,,LV,,,,
winograd_q_216,q_neuro_winograd_schemas,,radio,"216. John hired himself out to Bill to take care of him. Who is taking care of whom?","incorrect, Bill is taking care of John | correct, John is taking care of Bill",,,,,,,,LV,,,,
winograd_q_217,q_neuro_winograd_schemas,,radio,"217. John promised Bill to leave, so an hour later he left. Who left?","correct, John | incorrect, Bill",,,,,,,,LV,,,,
winograd_q_218,q_neuro_winograd_schemas,,radio,"218. John ordered Bill to leave, so an hour later he left. Who left?","incorrect, John | correct, Bill",,,,,,,,LV,,,,
winograd_q_219,q_neuro_winograd_schemas,,radio,"219. Sam Goodman's biography of the Spartan general Xenophanes conveys a vivid sense of the difficulties he faced in his childhood. Who faced difficulties?","correct, Xenophanes | incorrect, Sam",,,,,,,,LV,,,,
winograd_q_220,q_neuro_winograd_schemas,,radio,"220. Sam Goodman's biography of the Spartan general Xenophanes conveys a vivid sense of the difficulties he faced in his research. Who faced difficulties?","incorrect, Xenophanes | correct, Sam",,,,,,,,LV,,,,
winograd_q_221,q_neuro_winograd_schemas,,radio,"221. Emma's mother had died long ago, and her place had been taken by an excellent woman as governess. Whose place had been taken?","correct, Emma's mother | incorrect, Emma",,,,,,,,LV,,,,
winograd_q_222,q_neuro_winograd_schemas,,radio,"222. Emma's mother had died long ago, and her education had been taken care by an excellent woman as governess. Whose education had been taken care of?","incorrect, Emma's mother | correct, Emma",,,,,,,,LV,,,,
winograd_q_223,q_neuro_winograd_schemas,,radio,"223. Jane knocked on Susan's door but she did not answer. Who did not answer?","correct, Susan | incorrect, Jane",,,,,,,,LV,,,,
winograd_q_224,q_neuro_winograd_schemas,,radio,"224. Jane knocked on Susan's door but she did not get an answer. Who did not get an answer?","incorrect, Susan | correct, Jane",,,,,,,,LV,,,,
winograd_q_225,q_neuro_winograd_schemas,,radio,"225. Joe paid the detective after he received the final report on the case. Who received the final report?","correct, Joe | incorrect, The detective",,,,,,,,LV,,,,
winograd_q_226,q_neuro_winograd_schemas,,radio,"226. Joe paid the detective after he delivered the final report on the case. Who delivered the final report?","incorrect, Joe | correct, The detective",,,,,,,,LV,,,,
winograd_q_227,q_neuro_winograd_schemas,,radio,"227. Beth didn't get angry with Sally, who had cut her off, because she stopped and counted to ten. Who counted to ten?","correct, Beth | incorrect, Sally",,,,,,,,LV,,,,
winograd_q_228,q_neuro_winograd_schemas,,radio,"228. Beth didn't get angry with Sally, who had cut her off, because she stopped and apologized. Who apologized?","incorrect, Beth | correct, Sally",,,,,,,,LV,,,,
winograd_q_229,q_neuro_winograd_schemas,,radio,"229. Jim signaled the barman and gestured toward his empty glass. Whose empty glass?","correct, Jim | incorrect, The barman",,,,,,,,LV,,,,
winograd_q_230,q_neuro_winograd_schemas,,radio,"230. Jim signaled the barman and gestured toward his bathroom key. Whose bathroom key?","incorrect, Jim | correct, The barman",,,,,,,,LV,,,,
winograd_q_231,q_neuro_winograd_schemas,,radio,"231. Dan took the rear seat while Bill claimed the front because his 'Dibs!' was quicker. Whose 'Dibs' was quicker?","correct, Bill | incorrect, Dan",,,,,,,,LV,,,,
winograd_q_232,q_neuro_winograd_schemas,,radio,"232. Dan took the rear seat while Bill claimed the front because his 'Dibs!'' was slow. Whose 'Dibs' was slow?","incorrect, Bill | correct, Dan",,,,,,,,LV,,,,
winograd_q_233,q_neuro_winograd_schemas,,radio,"233. Tom said 'Check' to Ralph as he took his bishop. Whose bishop did Tom take?","correct, Ralph's | incorrect, Tom's",,,,,,,,LV,,,,
winograd_q_234,q_neuro_winograd_schemas,,radio,"234. Tom said 'Check' to Ralph as he moved his bishop. Whose bishop did Tom moved?","incorrect, Ralph's | correct, Tom's",,,,,,,,LV,,,,
winograd_q_235,q_neuro_winograd_schemas,,radio,"235. As Andrea in the crop duster passed over Susan, she could see the landing strip. Who could see the landing strip?","correct, Andrea | incorrect, Susan",,,,,,,,LV,,,,
winograd_q_236,q_neuro_winograd_schemas,,radio,"236. As Andrea in the crop duster passed over Susan, she could see the landing gear. Who could see the landing gear?","incorrect, Andrea | correct, Susan",,,,,,,,LV,,,,
winograd_q_237,q_neuro_winograd_schemas,,radio,"237. Tom gave Ralph a lift to school so he wouldn't have to walk. Who wouldn't have to walk?","correct, Ralph | incorrect, Tom",,,,,,,,LV,,,,
winograd_q_238,q_neuro_winograd_schemas,,radio,"238. Tom gave Ralph a lift to school so he wouldn't have to drive alone. Who wouldn't have to drive alone?","incorrect, Ralph | correct, Tom",,,,,,,,LV,,,,
winograd_q_239,q_neuro_winograd_schemas,,radio,"239. Bill passed the half-empty plate to John because he was full. Who was full?","correct, Bill | incorrect, John",,,,,,,,LV,,,,
winograd_q_240,q_neuro_winograd_schemas,,radio,"240. Bill passed the half-empty plate to John because he was hungry. Who was hungry?","incorrect, Bill | correct, John",,,,,,,,LV,,,,
winograd_q_241,q_neuro_winograd_schemas,,radio,"241. Bill passed the gameboy to John because his turn was over. Whose turn was over?","correct, Bill | incorrect, John",,,,,,,,LV,,,,
winograd_q_242,q_neuro_winograd_schemas,,radio,"242. Bill passed the gameboy to John because his turn was next. Whose turn was next?","incorrect, Bill | correct, John",,,,,,,,LV,,,,
winograd_q_243,q_neuro_winograd_schemas,,radio,"243. The man lifted the boy onto his bunk bed. Whose bunk bed?","correct, The boy's | incorrect, The man's",,,,,,,,LV,,,,
winograd_q_244,q_neuro_winograd_schemas,,radio,"244. The man lifted the boy onto his shoulders. Whose shoulders?","incorrect, The boy's | correct, The man's",,,,,,,,LV,,,,
winograd_q_245,q_neuro_winograd_schemas,,radio,"245. Patting her back, the woman smiled at the girl. Whose back did the woman pat?","correct, The girl's | incorrect, The woman's",,,,,,,,LV,,,,
winograd_q_246,q_neuro_winograd_schemas,,radio,"246. Stretching her back, the woman smiled at the girl. Whose back did the woman stretch?","incorrect, The girl's | correct, The woman's",,,,,,,,LV,,,,
winograd_q_247,q_neuro_winograd_schemas,,radio,"247. Billy cried because Toby wouldn't share his toy. Who owned the toy?","correct, Toby | incorrect, Billy",,,,,,,,LV,,,,
winograd_q_248,q_neuro_winograd_schemas,,radio,"248. Billy cried because Toby wouldn't accept his toy. Who owned the toy?","incorrect, Toby | correct, Billy",,,,,,,,LV,,,,
winograd_q_249,q_neuro_winograd_schemas,,radio,"249. Lily spoke to Donna, breaking her concentration. Whose concentration?","correct, Donna | incorrect, Lily",,,,,,,,LV,,,,
winograd_q_250,q_neuro_winograd_schemas,,radio,"250. Lily spoke to Donna, breaking her silence. Whose silence?","incorrect, Donna | correct, Lily",,,,,,,,LV,,,,
winograd_q_251,q_neuro_winograd_schemas,,radio,"251. When Tommy dropped his ice cream, Timmy giggled, so father gave him a stern look. Who got the look from father?","correct, Timmy | incorrect, Tommy",,,,,,,,LV,,,,
winograd_q_252,q_neuro_winograd_schemas,,radio,"252. When Tommy dropped his ice cream, Timmy giggled, so father gave him a sympathetic look. Who got the look from father?","incorrect, Timmy | correct, Tommy",,,,,,,,LV,,,,
winograd_q_253,q_neuro_winograd_schemas,,radio,"253. As Ollie carried Tommy up the long winding steps, his legs dangled. Whose legs dangled?","correct, Tommy | incorrect, Ollie",,,,,,,,LV,,,,
winograd_q_254,q_neuro_winograd_schemas,,radio,"254. As Ollie carried Tommy up the long winding steps, his legs ached. Whose legs ached?","incorrect, Tommy | correct, Ollie",,,,,,,,LV,,,,
winograd_q_255,q_neuro_winograd_schemas,,radio,"255. The father carried the sleeping boy in his arms. Whose arms?","correct, The father | incorrect, The boy",,,,,,,,LV,,,,
winograd_q_256,q_neuro_winograd_schemas,,radio,"256. The father carried the sleeping boy in his bassinet. Whose bassinet?","incorrect, The father | correct, The boy",,,,,,,,LV,,,,
winograd_q_257,q_neuro_winograd_schemas,,radio,"257. The woman held the girl against her chest. Whose chest?","correct, The woman's | incorrect, The girl's",,,,,,,,LV,,,,
winograd_q_258,q_neuro_winograd_schemas,,radio,"258. The woman held the girl against her will. Whose will?","incorrect, The woman's | correct, The girl's",,,,,,,,LV,,,,
winograd_q_259,q_neuro_winograd_schemas,,radio,"259. Pam's parents came home and found her having sex with her boyfriend, Paul. They were embarrassed about it. Who were embarrassed?","correct, Pam and Paul | incorrect, Pam's parents",,,,,,,,LV,,,,
winograd_q_260,q_neuro_winograd_schemas,,radio,"260. Pam's parents came home and found her having sex with her boyfriend, Paul. They were furious about it. Who were furious?","incorrect, Pam and Paul | correct, Pam's parents",,,,,,,,LV,,,,
winograd_q_261,q_neuro_winograd_schemas,,radio,"261. Dr. Adams informed Kate that she had cancer and presented several options for future treatment. Who had cancer?","correct, Kate | incorrect, Dr. Adams",,,,,,,,LV,,,,
winograd_q_262,q_neuro_winograd_schemas,,radio,"262. Dr. Adams informed Kate that she had retired and presented several options for future treatment. Who had retired?","incorrect, Kate | correct, Dr. Adams",,,,,,,,LV,,,,
winograd_q_263,q_neuro_winograd_schemas,,radio,"263. Dan had to stop Bill from toying with the injured bird. He is very compassionate. Who is compassionate?","correct, Dan | incorrect, Bill",,,,,,,,LV,,,,
winograd_q_264,q_neuro_winograd_schemas,,radio,"264. Dan had to stop Bill from toying with the injured bird. He is very cruel. Who is cruel?","incorrect, Dan | correct, Bill",,,,,,,,LV,,,,
winograd_q_265,q_neuro_winograd_schemas,,radio,"265. Jane gave Joan candy because she was hungry. Who was hungry?","correct, Joan | incorrect, Jane",,,,,,,,LV,,,,
winograd_q_266,q_neuro_winograd_schemas,,radio,"266. Jane gave Joan candy because she wasn't hungry. Who wasn't hungry?","incorrect, Joan | correct, Jane",,,,,,,,LV,,,,
winograd_q_267,q_neuro_winograd_schemas,,radio,"267. I tried to paint a picture of an orchard, with lemons in the lemon trees, but they came out looking more like light bulbs . What looked like light bulbs?","correct, The lemons | incorrect, The trees",,,,,,,,LV,,,,
winograd_q_268,q_neuro_winograd_schemas,,radio,"268. I tried to paint a picture of an orchard, with lemons in the lemon trees, but they came out looking more like telephone poles. What looked like telephone poles?","incorrect, The lemons | correct, The trees",,,,,,,,LV,,,,
winograd_q_269,q_neuro_winograd_schemas,,radio,"269. James asked Robert for a favor but he refused. Who refused?","correct, Robert | incorrect, James",,,,,,,,LV,,,,
winograd_q_270,q_neuro_winograd_schemas,,radio,"270. James asked Robert for a favor but he was refused. Who was refused?","incorrect, Robert | correct, James",,,,,,,,LV,,,,
winograd_q_271,q_neuro_winograd_schemas,,radio,"271. Kirilov ceded the presidency to Shatov because he was more popular. Who was more popular?","correct, Shatov | incorrect, Kirilov",,,,,,,,LV,,,,
winograd_q_272,q_neuro_winograd_schemas,,radio,"272. Kirilov ceded the presidency to Shatov because he was less popular. Who was less popular?","incorrect, Shatov | correct, Kirilov",,,,,,,,LV,,,,
winograd_q_273,q_neuro_winograd_schemas,,radio,"273. Emma did not pass the ball to Janie although she was open. Who was open?","correct, Janie | incorrect, Emma",,,,,,,,LV,,,,
winograd_q_274,q_neuro_winograd_schemas,,radio,"274. Emma did not pass the ball to Janie although she saw that she was open. Who saw that she was open?","incorrect, Janie | correct, Emma",,,,,,,,LV,,,,
winograd_q_275,q_neuro_winograd_schemas,,radio,"275. Joe saw his brother skiing on TV last night but the fool didn't recognize him. Who is the fool?","correct, Joe | incorrect, Joe's brother",,,,,,,,LV,,,,
winograd_q_276,q_neuro_winograd_schemas,,radio,"276. Joe saw his brother skiing on TV last night but the fool didn't have a coat on. Who is the fool?","incorrect, Joe | correct, Joe's brother",,,,,,,,LV,,,,
stroop_session_id,q_neuro_wordcolor_stroop,"Questionnaire - Metadata",text,"Session ID",,,,,,,,,,,,," @READONLY"
stroop_recording_acoustic_task_id,q_neuro_wordcolor_stroop,,text,"Acoustic Task ID",,,,,,,,y,,,,," @READONLY"
stroop_started_at,q_neuro_wordcolor_stroop,,text,"Questionnaire Started At",,,,,,y,,,,,,," @READONLY"
stroop_completed_at,q_neuro_wordcolor_stroop,,text,"Questionnaire Completed At",,,,,,y,,,,,,," @READONLY"
stroop_duration,q_neuro_wordcolor_stroop,,text,"Questionnaire Duration (seconds)",,,,,,,,,,,,," @READONLY"
stroop_origin,q_neuro_wordcolor_stroop,,radio,"Word-Color Stroop - origin","app, Bridge2AI App | website, Bridge2AI Web App",,,,,,,y,,,,," @READONLY"
stroop_via,q_neuro_wordcolor_stroop,,radio,"Word-Color Stroop - via","dataCollector, Data Collector | participant, Participant",,,,,,,y,,,,," @READONLY"
stroop_language,q_neuro_wordcolor_stroop,,radio,"Word-Color Stroop - Language","1, English | 3, Spanish",,,,,,,y,,,,," @READONLY"
stroop_item_stimulus_1,q_neuro_wordcolor_stroop,"Item 1",radio,"Item 1
Stimulus","oooo, oooo | red, red | green, green | blue, blue | purple, purple | brown, brown",,,,,,,,,,,,
stroop_item_color_1,q_neuro_wordcolor_stroop,,radio,"Item 1
Color","red, red | green, green | blue, blue | purple, purple | brown, brown",,,,,,,,,,,,
stroop_item_time_1,q_neuro_wordcolor_stroop,,text,"Item 1
Time Start",,,,,,,,,,,,,
stroop_item_correct_1,q_neuro_wordcolor_stroop,,radio,"Item 1
Correct?","yes, Yes | no, No",,,,,,,,,,,,
stroop_item_stimulus_2,q_neuro_wordcolor_stroop,"Item 2",radio,"Item 2
Stimulus","oooo, oooo | red, red | green, green | blue, blue | purple, purple | brown, brown",,,,,,,,,,,,
stroop_item_color_2,q_neuro_wordcolor_stroop,,radio,"Item 2
Color","red, red | green, green | blue, blue | purple, purple | brown, brown",,,,,,,,,,,,
stroop_item_time_2,q_neuro_wordcolor_stroop,,text,"Item 2
Time Start",,,,,,,,,,,,,
stroop_item_correct_2,q_neuro_wordcolor_stroop,,radio,"Item 2
Correct?","yes, Yes | no, No",,,,,,,,,,,,
stroop_item_stimulus_3,q_neuro_wordcolor_stroop,"Item 3",radio,"Item 3
Stimulus","oooo, oooo | red, red | green, green | blue, blue | purple, purple | brown, brown",,,,,,,,,,,,
stroop_item_color_3,q_neuro_wordcolor_stroop,,radio,"Item 3
Color","red, red | green, green | blue, blue | purple, purple | brown, brown",,,,,,,,,,,,
stroop_item_time_3,q_neuro_wordcolor_stroop,,text,"Item 3
Time Start",,,,,,,,,,,,,
stroop_item_correct_3,q_neuro_wordcolor_stroop,,radio,"Item 3
Correct?","yes, Yes | no, No",,,,,,,,,,,,
stroop_item_stimulus_4,q_neuro_wordcolor_stroop,"Item 4",radio,"Item 4
Stimulus","oooo, oooo | red, red | green, green | blue, blue | purple, purple | brown, brown",,,,,,,,,,,,
stroop_item_color_4,q_neuro_wordcolor_stroop,,radio,"Item 4
Color","red, red | green, green | blue, blue | purple, purple | brown, brown",,,,,,,,,,,,
stroop_item_time_4,q_neuro_wordcolor_stroop,,text,"Item 4
Time Start",,,,,,,,,,,,,
stroop_item_correct_4,q_neuro_wordcolor_stroop,,radio,"Item 4
Correct?","yes, Yes | no, No",,,,,,,,,,,,
stroop_item_stimulus_5,q_neuro_wordcolor_stroop,"Item 5",radio,"Item 5
Stimulus","oooo, oooo | red, red | green, green | blue, blue | purple, purple | brown, brown",,,,,,,,,,,,
stroop_item_color_5,q_neuro_wordcolor_stroop,,radio,"Item 5
Color","red, red | green, green | blue, blue | purple, purple | brown, brown",,,,,,,,,,,,
stroop_item_time_5,q_neuro_wordcolor_stroop,,text,"Item 5
Time Start",,,,,,,,,,,,,
stroop_item_correct_5,q_neuro_wordcolor_stroop,,radio,"Item 5
Correct?","yes, Yes | no, No",,,,,,,,,,,,
stroop_item_stimulus_6,q_neuro_wordcolor_stroop,"Item 6",radio,"Item 6
Stimulus","oooo, oooo | red, red | green, green | blue, blue | purple, purple | brown, brown",,,,,,,,,,,,
stroop_item_color_6,q_neuro_wordcolor_stroop,,radio,"Item 6
Color","red, red | green, green | blue, blue | purple, purple | brown, brown",,,,,,,,,,,,
stroop_item_time_6,q_neuro_wordcolor_stroop,,text,"Item 6
Time Start",,,,,,,,,,,,,
stroop_item_correct_6,q_neuro_wordcolor_stroop,,radio,"Item 6
Correct?","yes, Yes | no, No",,,,,,,,,,,,
stroop_item_stimulus_7,q_neuro_wordcolor_stroop,"Item 7",radio,"Item 7
Stimulus","oooo, oooo | red, red | green, green | blue, blue | purple, purple | brown, brown",,,,,,,,,,,,
stroop_item_color_7,q_neuro_wordcolor_stroop,,radio,"Item 7
Color","red, red | green, green | blue, blue | purple, purple | brown, brown",,,,,,,,,,,,
stroop_item_time_7,q_neuro_wordcolor_stroop,,text,"Item 7
Time Start",,,,,,,,,,,,,
stroop_item_correct_7,q_neuro_wordcolor_stroop,,radio,"Item 7
Correct?","yes, Yes | no, No",,,,,,,,,,,,
stroop_item_stimulus_8,q_neuro_wordcolor_stroop,"Item 8",radio,"Item 8
Stimulus","oooo, oooo | red, red | green, green | blue, blue | purple, purple | brown, brown",,,,,,,,,,,,
stroop_item_color_8,q_neuro_wordcolor_stroop,,radio,"Item 8
Color","red, red | green, green | blue, blue | purple, purple | brown, brown",,,,,,,,,,,,
stroop_item_time_8,q_neuro_wordcolor_stroop,,text,"Item 8
Time Start",,,,,,,,,,,,,
stroop_item_correct_8,q_neuro_wordcolor_stroop,,radio,"Item 8
Correct?","yes, Yes | no, No",,,,,,,,,,,,
stroop_item_stimulus_9,q_neuro_wordcolor_stroop,"Item 9",radio,"Item 9
Stimulus","oooo, oooo | red, red | green, green | blue, blue | purple, purple | brown, brown",,,,,,,,,,,,
stroop_item_color_9,q_neuro_wordcolor_stroop,,radio,"Item 9
Color","red, red | green, green | blue, blue | purple, purple | brown, brown",,,,,,,,,,,,
stroop_item_time_9,q_neuro_wordcolor_stroop,,text,"Item 9
Time Start",,,,,,,,,,,,,
stroop_item_correct_9,q_neuro_wordcolor_stroop,,radio,"Item 9
Correct?","yes, Yes | no, No",,,,,,,,,,,,
stroop_item_stimulus_10,q_neuro_wordcolor_stroop,"Item 10",radio,"Item 10
Stimulus","oooo, oooo | red, red | green, green | blue, blue | purple, purple | brown, brown",,,,,,,,,,,,
stroop_item_color_10,q_neuro_wordcolor_stroop,,radio,"Item 10
Color","red, red | green, green | blue, blue | purple, purple | brown, brown",,,,,,,,,,,,
stroop_item_time_10,q_neuro_wordcolor_stroop,,text,"Item 10
Time Start",,,,,,,,,,,,,
stroop_item_correct_10,q_neuro_wordcolor_stroop,,radio,"Item 10
Correct?","yes, Yes | no, No",,,,,,,,,,,,
stroop_item_stimulus_11,q_neuro_wordcolor_stroop,"Item 11",radio,"Item 11
Stimulus","oooo, oooo | red, red | green, green | blue, blue | purple, purple | brown, brown",,,,,,,,,,,,
stroop_item_color_11,q_neuro_wordcolor_stroop,,radio,"Item 11
Color","red, red | green, green | blue, blue | purple, purple | brown, brown",,,,,,,,,,,,
stroop_item_time_11,q_neuro_wordcolor_stroop,,text,"Item 11
Time Start",,,,,,,,,,,,,
stroop_item_correct_11,q_neuro_wordcolor_stroop,,radio,"Item 11
Correct?","yes, Yes | no, No",,,,,,,,,,,,
stroop_item_stimulus_12,q_neuro_wordcolor_stroop,"Item 12",radio,"Item 12
Stimulus","oooo, oooo | red, red | green, green | blue, blue | purple, purple | brown, brown",,,,,,,,,,,,
stroop_item_color_12,q_neuro_wordcolor_stroop,,radio,"Item 12
Color","red, red | green, green | blue, blue | purple, purple | brown, brown",,,,,,,,,,,,
stroop_item_time_12,q_neuro_wordcolor_stroop,,text,"Item 12
Time Start",,,,,,,,,,,,,
stroop_item_correct_12,q_neuro_wordcolor_stroop,,radio,"Item 12
Correct?","yes, Yes | no, No",,,,,,,,,,,,
stroop_item_stimulus_13,q_neuro_wordcolor_stroop,"Item 13",radio,"Item 13
Stimulus","oooo, oooo | red, red | green, green | blue, blue | purple, purple | brown, brown",,,,,,,,,,,,
stroop_item_color_13,q_neuro_wordcolor_stroop,,radio,"Item 13
Color","red, red | green, green | blue, blue | purple, purple | brown, brown",,,,,,,,,,,,
stroop_item_time_13,q_neuro_wordcolor_stroop,,text,"Item 13
Time Start",,,,,,,,,,,,,
stroop_item_correct_13,q_neuro_wordcolor_stroop,,radio,"Item 13
Correct?","yes, Yes | no, No",,,,,,,,,,,,
stroop_item_stimulus_14,q_neuro_wordcolor_stroop,"Item 14",radio,"Item 14
Stimulus","oooo, oooo | red, red | green, green | blue, blue | purple, purple | brown, brown",,,,,,,,,,,,
stroop_item_color_14,q_neuro_wordcolor_stroop,,radio,"Item 14
Color","red, red | green, green | blue, blue | purple, purple | brown, brown",,,,,,,,,,,,
stroop_item_time_14,q_neuro_wordcolor_stroop,,text,"Item 14
Time Start",,,,,,,,,,,,,
stroop_item_correct_14,q_neuro_wordcolor_stroop,,radio,"Item 14
Correct?","yes, Yes | no, No",,,,,,,,,,,,
stroop_item_stimulus_15,q_neuro_wordcolor_stroop,"Item 15",radio,"Item 15
Stimulus","oooo, oooo | red, red | green, green | blue, blue | purple, purple | brown, brown",,,,,,,,,,,,
stroop_item_color_15,q_neuro_wordcolor_stroop,,radio,"Item 15
Color","red, red | green, green | blue, blue | purple, purple | brown, brown",,,,,,,,,,,,
stroop_item_time_15,q_neuro_wordcolor_stroop,,text,"Item 15
Time Start",,,,,,,,,,,,,
stroop_item_correct_15,q_neuro_wordcolor_stroop,,radio,"Item 15
Correct?","yes, Yes | no, No",,,,,,,,,,,,
vocabulary_session_id,q_neuro_productive_vocabulary,"Questionnaire - Metadata",text,"Session ID",,,,,,,,,,,,," @READONLY"
vocabulary_recording_acoustic_task_id,q_neuro_productive_vocabulary,,text,"Acoustic Task ID",,,,,,,,y,,,,," @READONLY"
vocabulary_started_at,q_neuro_productive_vocabulary,,text,"Questionnaire Started At",,,,,,y,,,,,,," @READONLY"
vocabulary_completed_at,q_neuro_productive_vocabulary,,text,"Questionnaire Completed At
",,,,,,y,,,,,,," @READONLY"
vocabulary_duration,q_neuro_productive_vocabulary,,text,"Questionnaire Duration (seconds)",,,,,,,,,,,,," @READONLY"
vocabulary_origin,q_neuro_productive_vocabulary,,radio,"Productive Vocabulary - origin","app, Bridge2AI App | website, Bridge2AI Web App",,,,,,,y,,,,," @READONLY"
vocabulary_via,q_neuro_productive_vocabulary,,radio,"Productive Vocabulary - via","dataCollector, Data Collector | participant, Participant",,,,,,,y,,,,," @READONLY"
vocabulary_language,q_neuro_productive_vocabulary,,radio,"Productive Vocabulary - Language","1, English | 3, Spanish",,,,,,,y,,,,," @READONLY"
vocabulary_item_word_1,q_neuro_productive_vocabulary,"Item 1",text,"Item 1
Word",,,,,,,,,,,,,
vocabulary_item_difficulty_1,q_neuro_productive_vocabulary,,radio,"Item 1
Word Difficulty","1, 1 | 2, 2 | 3, 3",,,,,,,,,,,,
vocabulary_item_correct_1,q_neuro_productive_vocabulary,,radio,"Item 1
Correct?","yes, Yes | no, No",,,,,,,,,,,,
vocabulary_item_word_2,q_neuro_productive_vocabulary,"Item 2",text,"Item 2
Word",,,,,,,,,,,,,
vocabulary_item_difficulty_2,q_neuro_productive_vocabulary,,radio,"Item 2
Word Difficulty","1, 1 | 2, 2 | 3, 3",,,,,,,,,,,,
vocabulary_item_correct_2,q_neuro_productive_vocabulary,,radio,"Item 2
Correct?","yes, Yes | no, No",,,,,,,,,,,,
vocabulary_item_word_3,q_neuro_productive_vocabulary,"Item 3",text,"Item 3
Word",,,,,,,,,,,,,
vocabulary_item_difficulty_3,q_neuro_productive_vocabulary,,radio,"Item 3
Word Difficulty","1, 1 | 2, 2 | 3, 3",,,,,,,,,,,,
vocabulary_item_correct_3,q_neuro_productive_vocabulary,,radio,"Item 3
Correct?","yes, Yes | no, No",,,,,,,,,,,,
vocabulary_item_word_4,q_neuro_productive_vocabulary,"Item 4",text,"Item 4
Word",,,,,,,,,,,,,
vocabulary_item_difficulty_4,q_neuro_productive_vocabulary,,radio,"Item 4
Word Difficulty","1, 1 | 2, 2 | 3, 3",,,,,,,,,,,,
vocabulary_item_correct_4,q_neuro_productive_vocabulary,,radio,"Item 4
Correct?","yes, Yes | no, No",,,,,,,,,,,,
vocabulary_item_word_5,q_neuro_productive_vocabulary,"Item 5",text,"Item 5
Word",,,,,,,,,,,,,
vocabulary_item_difficulty_5,q_neuro_productive_vocabulary,,radio,"Item 5
Word Difficulty","1, 1 | 2, 2 | 3, 3",,,,,,,,,,,,
vocabulary_item_correct_5,q_neuro_productive_vocabulary,,radio,"Item 5
Correct?","yes, Yes | no, No",,,,,,,,,,,,
vocabulary_item_word_6,q_neuro_productive_vocabulary,"Item 6",text,"Item 6
Word",,,,,,,,,,,,,
vocabulary_item_difficulty_6,q_neuro_productive_vocabulary,,radio,"Item 6
Word Difficulty","1, 1 | 2, 2 | 3, 3",,,,,,,,,,,,
vocabulary_item_correct_6,q_neuro_productive_vocabulary,,radio,"Item 6
Correct?","yes, Yes | no, No",,,,,,,,,,,,
random_session_id,q_neuro_random_item_generation,"Questionnaire - Metadata",text,"Session ID",,,,,,,,,,,,," @READONLY"
random_recording_acoustic_task_id,q_neuro_random_item_generation,,text,"Acoustic Task ID",,,,,,,,y,,,,," @READONLY"
random_started_at,q_neuro_random_item_generation,,text,"Questionnaire Started At",,,,,,y,,,,,,," @READONLY"
random_completed_at,q_neuro_random_item_generation,,text,"Questionnaire Completed At",,,,,,y,,,,,,," @READONLY"
random_duration,q_neuro_random_item_generation,,text,"Questionnaire Duration (seconds)",,,,,,,,,,,,," @READONLY"
random_origin,q_neuro_random_item_generation,,radio,"Random Item Generation - origin","app, Bridge2AI App | website, Bridge2AI Web App",,,,,,,y,,,,," @READONLY"
random_via,q_neuro_random_item_generation,,radio,"Random Item Generation - via","dataCollector, Data Collector | participant, Participant",,,,,,,y,,,,," @READONLY"
random_language,q_neuro_random_item_generation,,radio,"Random Item Generation - Language","1, English | 3, Spanish",,,,,,,y,,,,," @READONLY"
random_item_generation_category,q_neuro_random_item_generation," Random item generation / semantic fluency",radio,"Random item generation category","numbers, Numbers | letters, Letters | firstNames, First names | cityNames, City names | countryNames, Country names | jobs, Jobs | fruits, Fruits | drinks, Drinks | animals, Animals | wordStartingWithT, English words starting with ""t""",,,,,,,,,,,,
moca_notes,q_neuro_moca,"MoCA Test Questionnaire",descriptive,"<div class=""rich-text-field-label""><p><span style=""font-weight: normal;"">Steps to download MoCA test results from the DUO app and upload them here:</span></p> <ol> <li><span style=""font-weight: normal;"">Export MoCA test results in .pdf format to your Sinai email ID from the MoCA DUO app</span></li> <li><span style=""font-weight: normal;"">Open the pdf, enter the password (Rater's MoCA login password)</span></li> <li><span style=""font-weight: normal;"">Remove the password from the .pdf document and save it as a new document.<br /></span><span style=""font-weight: normal;""><br />How to remove a password from a .pdf using Adobe Acrobat<br /></span> <table style=""border-collapse: collapse; width: 100%; height: 99.7812px;"" border=""1""> <tbody> <tr style=""height: 99.7812px;""> <td style=""width: 99.8519%; height: 99.7812px;""> <p><span style=""font-weight: normal;"">Open the PDF in Adobe Acrobat.</span><br /><span style=""font-weight: normal;"">Go to ""File"" > ""Properties"" > ""Security"".</span><br /><span style=""font-weight: normal;"">Choose ""No Security"" from the security method drop-down menu (you might need to enter the password).</span><br /><span style=""font-weight: normal;"">Save the document to apply changes.</span></p> </td> </tr> </tbody> </table> </li> <li><span style=""font-weight: normal;"">Upload the scanned pdf to Bridge2AI REDCap field below</span></li> </ol></div>",,,,,,,,,,,,,
moca_duo_pdf,q_neuro_moca,,file,"MoCA DUO PDF",,,,,,y,,y,,,,,
moca_pdf_uploaded_by,q_neuro_moca,,text,"MoCA DUO PDF Uploaded By",,,,,,y,,y,,,,," @USERNAME
@READONLY"
peds_demographics_session_id,pediatric_q_generic_demographics,"Questionnaire - Metadata",text,"Session ID",,,,,,,,y,,,,," @READONLY"
peds_demographics_started_at,pediatric_q_generic_demographics,,text,"Questionnaire Started At",,,,,,y,,,,,,," @READONLY"
peds_demographics_completed_at,pediatric_q_generic_demographics,,text,"Questionnaire Completed At",,,,,,y,,,,,,," @READONLY"
peds_demographics_duration,pediatric_q_generic_demographics,,text,"Questionnaire Duration (seconds)",,,number,0,,,,,,,,," @READONLY"
peds_demographics_origin,pediatric_q_generic_demographics,,radio,"Peds Demographics - origin","app, Bridge2AI App | website, Bridge2AI Web App | reproschema, Bridge2AI Reproschema",,,,,,,y,,,,," @READONLY"
peds_demographics_via,pediatric_q_generic_demographics,,radio,"Peds Demographics - via","dataCollector, Data Collector | participant, Participant",,,,,,,y,,,,," @READONLY"
peds_demographics_language,pediatric_q_generic_demographics,,radio,"Peds Demographics - Language","1, English | 3, Spanish",,,,,,,y,,,,," @READONLY"
peds_zipcode,pediatric_q_generic_demographics,"Address Information",text,Zipcode,,"5 Digit for USA and 3 Digit for Canada",,,,y,,,,,,,
peds_country,pediatric_q_generic_demographics,,dropdown,Country,"1, USA | 2, Canada",,,,,,,y,,,,,
peds_gender_identity,pediatric_q_generic_demographics,"Patient Demographics",radio,"What is your gender identity?","female, Female gender identity | male, Male gender identity | other, Other",,,,,,,,,,,,
peds_other_gender_identity,pediatric_q_generic_demographics,,text,"If you selected ""other"" for gender identity, please specify:",,,,,,,[peds_gender_identity]='other',,,,,,
peds_race,pediatric_q_generic_demographics,,checkbox,"Which race category best describes you? Choose all that apply","1, American Indian or Alaska Native | 2, Asian | 3, Black or African American | 4, Native Hawaiian or other Pacific Islander | 5, White | 6, Canadian Indigenous or Aboriginal | 7, Other | 8, Prefer not to answer",,,,,,,,,,,,
peds_other_race_specify,pediatric_q_generic_demographics,,text,"If race not listed above, please specify:",,,,,,,"[peds_race(7)] = ""1""",,,,,,
peds_primary_language,pediatric_q_generic_demographics,"Primary Language",radio,"What language do you primarily speak?","english, English | french, French | mandarinChinese, Mandarin Chinese | punjabi, Punjabi | spanish, Spanish | arabic, Arabic | tagalog, Tagalog | italian, Italian | german, German | other, Other",,,,,,,y,,,,,
peds_other_primary_language,pediatric_q_generic_demographics,,text,"If you selected ""other"" for primary language, please specify:",,,,,,,[peds_primary_language]='other',y,,,,,
peds_first_language,pediatric_q_generic_demographics,"First Language",radio,"What was your first language?","english, English | french, French | mandarinChinese, Mandarin Chinese | punjabi, Punjabi | spanish, Spanish | arabic, Arabic | tagalog, Tagalog | italian, Italian | german, German | other, Other",,,,,,,y,,,,,
peds_other_first_language,pediatric_q_generic_demographics,,text,"If you selected ""other"" for first language, please specify:",,,,,,,[peds_first_language]='other',y,,,,,
peds_edu_level,pediatric_q_generic_demographics,Education,radio,"What is your highest level of education?","1, No formal education | 2, Some elementary school | 3, Some secondary or high school education | 4, High School or secondary school degree complete | 11, Other | 12, Prefer not to answer",,,,,y,,y,,,,,
peds_other_edu_level,pediatric_q_generic_demographics,,text,"If you selected ""other"" level of education, please specify:",,,,,,,"[peds_edu_level]=""11""",,,,,,
peds_hearing,pediatric_q_generic_demographics,"Disability Questions",radio,"Are you deaf or do you have serious difficulty hearing?","no, No | yes, Yes | noAnswer, Prefer not to answer",,,,,,,,,,,,
peds_vision,pediatric_q_generic_demographics,,radio,"Are you blind or do you have serious difficulty seeing, even when wearing glasses?","no, No | yes, Yes | noAnswer, Prefer not to answer",,,,,,,,,,,,
peds_cognition,pediatric_q_generic_demographics,,radio,"Because of a physical, mental, or emotional condition, do you have serious difficulty concentrating, remembering, or making decisions?","no, No | yes, Yes | noAnswer, Prefer not to answer",,,,,,,,,,,,
peds_mobility,pediatric_q_generic_demographics,,radio,"Do you have serious difficulty walking or climbing stairs?","no, No | yes, Yes | noAnswer, Prefer not to answer",,,,,,,,,,,,
peds_self_care,pediatric_q_generic_demographics,,radio,"Do you have difficulty dressing or bathing?","no, No | yes, Yes | noAnswer, Prefer not to answer",,,,,,,,,,,,
peds_state_province,pediatric_q_generic_demographics,"Deprecated Fields",text,"[DEPRECATED]
State/Province",,,,,,,,,,,,,
peds_vhi_session_id,pediatric_q_generic_vhi_10,"Questionnaire - Metadata",text,"Session ID",,,,,,,,y,,,,," @READONLY"
peds_vhi_started_at,pediatric_q_generic_vhi_10,,text,"Questionnaire Started At",,,,,,y,,y,,,,," @READONLY"
peds_vhi_completed_at,pediatric_q_generic_vhi_10,,text,"Questionnaire Completed At",,,,,,y,,y,,,,," @READONLY"
peds_vhi_duration,pediatric_q_generic_vhi_10,,text,"Questionnaire Duration (seconds)",,,,,,,,,,,,," @READONLY"
peds_vhi_origin,pediatric_q_generic_vhi_10,,radio,"Peds VHI-10 - origin","app, Bridge2AI App | website, Bridge2AI Web App | reproschema, Bridge2AI Reproschema",,,,,,,y,,,,," @READONLY"
peds_vhi_via,pediatric_q_generic_vhi_10,,radio,"Peds VHI-10 - via","dataCollector, Data Collector | participant, Participant",,,,,,,y,,,,," @READONLY"
peds_vhi_language,pediatric_q_generic_vhi_10,,radio,"Peds VHI-10 - Language","1, English | 3, Spanish",,,,,,,y,,,,," @READONLY"
peds_vhi_talkativeness,pediatric_q_generic_vhi_10,"Pediatric VHI 10 Questionnaire",slider,"I would rate my child's talkativeness as the following:","Quiet Talker | Average Talker | Extremely Talkative",,number,1,7,,,,RH,,,,
peds_voice_difficult_hear,pediatric_q_generic_vhi_10,,radio,"My child's voice makes it difficult for people to hear him/her.","never, Never | almostNever, Almost Never | sometimes, Sometimes | almostAlways, Almost Always | always, Always",,,,,,,,,,peds_vhi_10,,
peds_difficulty_understanding,pediatric_q_generic_vhi_10,,radio,"People have difficulty understanding my child in a noisy room.","never, Never | almostNever, Almost Never | sometimes, Sometimes | almostAlways, Almost Always | always, Always",,,,,,,,,,peds_vhi_10,,
peds_difficulty_hearing,pediatric_q_generic_vhi_10,,radio,"At home, we have difficulty hearing my child when he/she calls through the house.","never, Never | almostNever, Almost Never | sometimes, Sometimes | almostAlways, Almost Always | always, Always",,,,,,,,,,peds_vhi_10,,
peds_avoid_communicating,pediatric_q_generic_vhi_10,,radio,"My child tends to avoid communicating because of his/her voice.","never, Never | almostNever, Almost Never | sometimes, Sometimes | almostAlways, Almost Always | always, Always",,,,,,,,,,peds_vhi_10,,
peds_speaks_less,pediatric_q_generic_vhi_10,,radio,"My child speaks with friends, neighbours, or relatives less often because of his/her voice.","never, Never | almostNever, Almost Never | sometimes, Sometimes | almostAlways, Almost Always | always, Always",,,,,,,,,,peds_vhi_10,,
peds_repeat_speaking,pediatric_q_generic_vhi_10,,radio,"People ask my child to repeat him/herself when speaking face-to-face.","never, Never | almostNever, Almost Never | sometimes, Sometimes | almostAlways, Almost Always | always, Always",,,,,,,,,,peds_vhi_10,,
peds_voice_diffculities,pediatric_q_generic_vhi_10,,radio,"My child's voice difficulties restrict personal, educational and social activities.","never, Never | almostNever, Almost Never | sometimes, Sometimes | almostAlways, Almost Always | always, Always",,,,,,,,,,peds_vhi_10,,
peds_out_of_air_talking,pediatric_q_generic_vhi_10,,radio,"My child runs out of air when talking.","never, Never | almostNever, Almost Never | sometimes, Sometimes | almostAlways, Almost Always | always, Always",,,,,,,,,,peds_vhi_10,,
peds_voice_changes,pediatric_q_generic_vhi_10,,radio,"The sound of my child's voice changes throughout the day.","never, Never | almostNever, Almost Never | sometimes, Sometimes | almostAlways, Almost Always | always, Always",,,,,,,,,,peds_vhi_10,,
peds_wrong_with_voice,pediatric_q_generic_vhi_10,,radio,"People ask, ""What's wrong with my child's voice?""","never, Never | almostNever, Almost Never | sometimes, Sometimes | almostAlways, Almost Always | always, Always",,,,,,,,,,peds_vhi_10,,
peds_dry_raspy_hoarse,pediatric_q_generic_vhi_10,,radio,"My child's voice sounds dry, raspy, and/or hoarse.","never, Never | almostNever, Almost Never | sometimes, Sometimes | almostAlways, Almost Always | always, Always",,,,,,,,,,peds_vhi_10,,
peds_unpredictable,pediatric_q_generic_vhi_10,,radio,"The quality of my child's voice is unpredictable.","never, Never | almostNever, Almost Never | sometimes, Sometimes | almostAlways, Almost Always | always, Always",,,,,,,,,,peds_vhi_10,,
peds_straining,pediatric_q_generic_vhi_10,,radio,"My child uses a great deal of effort to speak (e.g., straining).","never, Never | almostNever, Almost Never | sometimes, Sometimes | almostAlways, Almost Always | always, Always",,,,,,,,,,peds_vhi_10,,
peds_worse_in_evening,pediatric_q_generic_vhi_10,,radio,"My child's voice is worse in the evening.","never, Never | almostNever, Almost Never | sometimes, Sometimes | almostAlways, Almost Always | always, Always",,,,,,,,,,peds_vhi_10,,
peds_gives_out,pediatric_q_generic_vhi_10,,radio,"My child's voice ""gives out"" when speaking.","never, Never | almostNever, Almost Never | sometimes, Sometimes | almostAlways, Almost Always | always, Always",,,,,,,,,,peds_vhi_10,,
peds_yell_to_hear,pediatric_q_generic_vhi_10,,radio,"My child has to yell in order for others to hear him/her.","never, Never | almostNever, Almost Never | sometimes, Sometimes | almostAlways, Almost Always | always, Always",,,,,,,,,,peds_vhi_10,,
peds_tense_talking,pediatric_q_generic_vhi_10,,radio,"My child appears tense when talking with others because of his/her voice.","never, Never | almostNever, Almost Never | sometimes, Sometimes | almostAlways, Almost Always | always, Always",,,,,,,,,,peds_vhi_10,,
peds_seem_irritated,pediatric_q_generic_vhi_10,,radio,"People seem irritated with my child's voice.","never, Never | almostNever, Almost Never | sometimes, Sometimes | almostAlways, Almost Always | always, Always",,,,,,,,,,peds_vhi_10,,
peds_other_not_understand,pediatric_q_generic_vhi_10,,radio,"I find other people don't understand my child's voice problem.","never, Never | almostNever, Almost Never | sometimes, Sometimes | almostAlways, Almost Always | always, Always",,,,,,,,,,peds_vhi_10,,
peds_frustrated_voice,pediatric_q_generic_vhi_10,,radio,"My child is frustrated with his/her voice problem.","never, Never | almostNever, Almost Never | sometimes, Sometimes | almostAlways, Almost Always | always, Always",,,,,,,,,,peds_vhi_10,,
peds_less_out_going,pediatric_q_generic_vhi_10,,radio,"My child is less out-going because of his/her voice problem.","never, Never | almostNever, Almost Never | sometimes, Sometimes | almostAlways, Almost Always | always, Always",,,,,,,,,,peds_vhi_10,,
peds_annoyed_repeat,pediatric_q_generic_vhi_10,,radio,"My child is annoyed when people ask him/her to repeat.","never, Never | almostNever, Almost Never | sometimes, Sometimes | almostAlways, Almost Always | always, Always",,,,,,,,,,peds_vhi_10,,
peds_embarrassed_repeat,pediatric_q_generic_vhi_10,,radio,"My child is embarrassed when people ask him/her to repeat.","never, Never | almostNever, Almost Never | sometimes, Sometimes | almostAlways, Almost Always | always, Always",,,,,,,,,,peds_vhi_10,,
peds_severity_voice_problem,pediatric_q_generic_vhi_10,,slider,"Please indicate the severity of your child's voice problem","Normal |  | Severe",,number,0,10,,,,RH,,,,
peds_os_session_id,pediatric_q_generic_voice_outcome_survey,"Questionnaire - Metadata",text,"Session ID",,,,,,,,,,,,," @READONLY"
peds_os_started_at,pediatric_q_generic_voice_outcome_survey,,text,"Questionnaire Started At",,,,,,y,,y,,,,," @READONLY"
peds_os_completed_at,pediatric_q_generic_voice_outcome_survey,,text,"Questionnaire Completed At",,,,,,y,,y,,,,," @READONLY"
peds_os_duration,pediatric_q_generic_voice_outcome_survey,,text,"Questionnaire Duration (seconds)",,,,,,,,,,,,," @READONLY"
peds_os_origin,pediatric_q_generic_voice_outcome_survey,,radio,"Peds Voice Outcome Survey - origin","app, Bridge2AI App | website, Bridge2AI Web App | reproschema, Bridge2AI Reproschema",,,,,,,y,,,,," @READONLY"
peds_os_via,pediatric_q_generic_voice_outcome_survey,,radio,"Peds Voice Outcome Survey - via","dataCollector, Data Collector | participant, Participant",,,,,,,y,,,,," @READONLY"
peds_os_language,pediatric_q_generic_voice_outcome_survey,,radio,"Peds Voice Outcome Survey - Language","1, English | 3, Spanish",,,,,,,y,,,,," @READONLY"
peds_os_limit_understood,pediatric_q_generic_voice_outcome_survey,"Pediatric Voice Outcome Survey",radio,"To what extent does you child's voice limit his or her ability to be understood in a noisy area?","limitedALot, Limited a lot | limitedALittle, Limited a little | notLimitedAtAll, Not limited at all",,,,,,,,,,,,
peds_os_interfered_activities,pediatric_q_generic_voice_outcome_survey,,radio,"During the past 2 weeks, to what extent has your child's voice interfered with his or her normal social activities or with his or her school?","notAtAll, Not at all | slightly, Slightly | moderately, Moderately | quiteABit, Quite a bit | extremely, Extremely",,,,,,,,,,,,
peds_os_trouble_food_iquids,pediatric_q_generic_voice_outcome_survey,,radio,"How often does your child have trouble with food or liquids ""going down the wrong pipe"" when he or she eats food or drinks liquid and begins to cough after eating or drinking?","allTheTime, All the time | mostOfTheTime, Most of the time | sometimes, Sometimes | rarely, Rarely | never, Never",,,,,,,,,,,,
peds_os_straining,pediatric_q_generic_voice_outcome_survey,,radio,"Do you find your child ""straining"" when he or she speaks because of his or her voice problem?","notAtAll, Not at all | aLittleBit, A little bit | moderately, Moderately | quiteABit, Quite a bit | extremely, Extremely",,,,,,,,,,,,
peds_qol_session_id,pediatric_q_generic_voice_related_qol_survey,"Questionnaire - Metadata",text,"Session ID",,,,,,,,y,,,,," @READONLY"
peds_qol_started_at,pediatric_q_generic_voice_related_qol_survey,,text,"Questionnaire Started At",,,,,,y,,y,,,,," @READONLY"
peds_qol_completed_at,pediatric_q_generic_voice_related_qol_survey,,text,"Questionnaire Completed At",,,,,,y,,y,,,,," @READONLY"
peds_qol_duration,pediatric_q_generic_voice_related_qol_survey,,text,"Questionnaire Duration (seconds)",,,,,,,,,,,,," @READONLY"
peds_qol_origin,pediatric_q_generic_voice_related_qol_survey,,radio,"Peds Voice Related QoL Survey - origin","app, Bridge2AI App | website, Bridge2AI Web App | reproschema, Bridge2AI Reproschema",,,,,,,y,,,,," @READONLY"
peds_qol_via,pediatric_q_generic_voice_related_qol_survey,,radio,"Peds Voice Related QoL Survey - via","dataCollector, Data Collector | participant, Participant",,,,,,,y,,,,," @READONLY"
peds_qol_language,pediatric_q_generic_voice_related_qol_survey,,radio,"Peds Voice Related QoL Survey - Language","1, English | 3, Spanish",,,,,,,y,,,,," @READONLY"
peds_qol_trouble_speaking_heard,pediatric_q_generic_voice_related_qol_survey,"Please answer these questions based on what your child's voice (your own voice if you are a teenage respondent) has been like over the last 2 weeks. Consider how severe the problem is, when you get it and how frequently it happens. Please rate each item below on how bad it is (the amount of each problem). Because of my child's voice, how much of a problem is this?",radio,"My child/ I has trouble speaking loudly or being heard in noisy situations.","none, None, not a problem | aSmallAmount, A small amount | aModerateAmount, A moderate amount | aLot, A lot | asBadAsItCanBe, Problem is ""as bad as it can be"" | notApplicable, Not applicable",,,,,,,,,,peds_qol,,
peds_qol_out_of_air,pediatric_q_generic_voice_related_qol_survey,,radio,"My child/ I runs out of air and needs to take frequent breaths when talking.","none, None, not a problem | aSmallAmount, A small amount | aModerateAmount, A moderate amount | aLot, A lot | asBadAsItCanBe, Problem is ""as bad as it can be"" | notApplicable, Not applicable",,,,,,,,,,peds_qol,,
peds_qol_come_out_speaking,pediatric_q_generic_voice_related_qol_survey,,radio,"My child/ I sometimes does not know what will come out when they begin speaking.","none, None, not a problem | aSmallAmount, A small amount | aModerateAmount, A moderate amount | aLot, A lot | asBadAsItCanBe, Problem is ""as bad as it can be"" | notApplicable, Not applicable",,,,,,,,,,peds_qol,,
peds_qol_anxious_frustrated,pediatric_q_generic_voice_related_qol_survey,,radio,"My child/ I is sometimes anxious or frustrated (because of their voice).","none, None, not a problem | aSmallAmount, A small amount | aModerateAmount, A moderate amount | aLot, A lot | asBadAsItCanBe, Problem is ""as bad as it can be"" | notApplicable, Not applicable",,,,,,,,,,peds_qol,,
peds_qol_depressed,pediatric_q_generic_voice_related_qol_survey,,radio,"My child/ I is sometimes depressed (because of their voice).","none, None, not a problem | aSmallAmount, A small amount | aModerateAmount, A moderate amount | aLot, A lot | asBadAsItCanBe, Problem is ""as bad as it can be"" | notApplicable, Not applicable",,,,,,,,,,peds_qol,,
peds_qol_trouble_phone_speaking,pediatric_q_generic_voice_related_qol_survey,,radio,"My child/ I has trouble using the phone or speaking with friends in person.","none, None, not a problem | aSmallAmount, A small amount | aModerateAmount, A moderate amount | aLot, A lot | asBadAsItCanBe, Problem is ""as bad as it can be"" | notApplicable, Not applicable",,,,,,,,,,peds_qol,,
peds_qol_trouble_doing_schoolwork,pediatric_q_generic_voice_related_qol_survey,,radio,"My child/ I has trouble doing their schoolwork or job (because of their voice).","none, None, not a problem | aSmallAmount, A small amount | aModerateAmount, A moderate amount | aLot, A lot | asBadAsItCanBe, Problem is ""as bad as it can be"" | notApplicable, Not applicable",,,,,,,,,,peds_qol,,
peds_qol_repeat_understood,pediatric_q_generic_voice_related_qol_survey,,radio,"My child/ I has to repeat themselves to be understood.","none, None, not a problem | aSmallAmount, A small amount | aModerateAmount, A moderate amount | aLot, A lot | asBadAsItCanBe, Problem is ""as bad as it can be"" | notApplicable, Not applicable",,,,,,,,,,peds_qol,,
peds_qol_less_outgoing,pediatric_q_generic_voice_related_qol_survey,,radio,"My child has become less outgoing (because of their voice).","none, None, not a problem | aSmallAmount, A small amount | aModerateAmount, A moderate amount | aLot, A lot | asBadAsItCanBe, Problem is ""as bad as it can be"" | notApplicable, Not applicable",,,,,,,,,,peds_qol,,
peds_phqa_session_id,pediatric_q_generic_phqa,"Questionnaire - Metadata",text,"Session ID",,,,,,,,y,,,,," @READONLY"
peds_phqa_started_at,pediatric_q_generic_phqa,,text,"Questionnaire Started At",,,,,,y,,y,,,,," @READONLY"
peds_phqa_completed_at,pediatric_q_generic_phqa,,text,"Questionnaire Completed At",,,,,,y,,y,,,,," @READONLY"
peds_phqa_duration,pediatric_q_generic_phqa,,text,"Questionnaire Duration (seconds)",,,number,0,,,,,,,,," @READONLY"
peds_phqa_origin,pediatric_q_generic_phqa,,radio,"Peds PHQ-A - origin","app, Bridge2AI App | website, Bridge2AI Web App | reproschema, Bridge2AI Reproschema",,,,,,,y,,,,," @READONLY"
peds_phqa_via,pediatric_q_generic_phqa,,radio,"Peds PHQ-A - via","dataCollector, Data Collector | participant, Participant",,,,,,,y,,,,," @READONLY"
peds_phqa_language,pediatric_q_generic_phqa,,radio,"Peds PHQ-A - Language","1, English | 3, Spanish",,,,,,,y,,,,," @READONLY"
peds_phqa_feeling_depressed,pediatric_q_generic_phqa,"How often have you been bothered by each of the following symptoms during the past two weeks? For each symptom select the answer that best describes how you have been feeling.",radio,"Feeling down, depressed, irritable, or hopeless?","notAtAll, Not at all | severalDays, Several days | moreThanHalfTheDays, More than half the days | nearlyEveryDay, Nearly every day",,,,,,,y,,,phqa,,
peds_phqa_no_interest,pediatric_q_generic_phqa,,radio,"Little interest or pleasure in doing things?","notAtAll, Not at all | severalDays, Several days | moreThanHalfTheDays, More than half the days | nearlyEveryDay, Nearly every day",,,,,,,y,,,phqa,,
peds_phqa_trouble_sleeping,pediatric_q_generic_phqa,,radio,"Trouble falling asleep, staying asleep, or sleeping too much?","notAtAll, Not at all | severalDays, Several days | moreThanHalfTheDays, More than half the days | nearlyEveryDay, Nearly every day",,,,,,,y,,,phqa,,
peds_phqa_no_appetite,pediatric_q_generic_phqa,,radio,"Poor appetite, weight loss, or overeating?","notAtAll, Not at all | severalDays, Several days | moreThanHalfTheDays, More than half the days | nearlyEveryDay, Nearly every day",,,,,,,y,,,phqa,,
peds_phqa_no_energy,pediatric_q_generic_phqa,,radio,"Feeling tired, or having little energy?","notAtAll, Not at all | severalDays, Several days | moreThanHalfTheDays, More than half the days | nearlyEveryDay, Nearly every day",,,,,,,y,,,phqa,,
peds_phqa_feeling_bad_self,pediatric_q_generic_phqa,,radio,"Feeling bad about yourself - or feeling that you are a failure, or that you have let yourself or your family down?","notAtAll, Not at all | severalDays, Several days | moreThanHalfTheDays, More than half the days | nearlyEveryDay, Nearly every day",,,,,,,y,,,phqa,,
peds_phqa_trouble_concentrate,pediatric_q_generic_phqa,,radio,"Trouble concentrating on things like school work, reading, or watching TV?","notAtAll, Not at all | severalDays, Several days | moreThanHalfTheDays, More than half the days | nearlyEveryDay, Nearly every day",,,,,,,y,,,phqa,,
peds_phqa_move_speak_slow,pediatric_q_generic_phqa,,radio,"Moving or speaking so slowly that other people could have noticed? Or the opposite - being so fidgety or restless that you were moving around a lot more than usual?","notAtAll, Not at all | severalDays, Several days | moreThanHalfTheDays, More than half the days | nearlyEveryDay, Nearly every day",,,,,,,y,,,phqa,,
peds_phqa_thoughts_death,pediatric_q_generic_phqa,,radio,"Thoughts that you would be better off dead, or of hurting yourself in some way?","notAtAll, Not at all | severalDays, Several days | moreThanHalfTheDays, More than half the days | nearlyEveryDay, Nearly every day",,,,,,,y,,,phqa,,
peds_mc_session_id,pediatric_q_generic_medical_conditions,"Questionnaire - Metadata",text,"Session ID",,,,,,,,,,,,," @READONLY"
peds_mc_started_at,pediatric_q_generic_medical_conditions,,text,"Questionnaire Started At",,,,,,y,,y,,,,," @READONLY"
peds_mc_completed_at,pediatric_q_generic_medical_conditions,,text,"Questionnaire Completed At",,,,,,y,,y,,,,," @READONLY"
peds_mc_duration,pediatric_q_generic_medical_conditions,,text,"Questionnaire Duration (seconds)",,,,,,,,,,,,," @READONLY"
peds_mc_origin,pediatric_q_generic_medical_conditions,,radio,"Peds Medical Conditions - Origin","app, Bridge2AI App | website, Bridge2AI Web App | reproschema, Bridge2AI Reproschema",,,,,,,y,,,,," @READONLY"
peds_mc_via,pediatric_q_generic_medical_conditions,,radio,"Peds Medical Conditions - via","dataCollector, Data Collector | participant, Participant",,,,,,,y,,,,," @READONLY"
peds_mc_language,pediatric_q_generic_medical_conditions,,radio,"Peds Medical Conditions - Language","1, English | 3, Spanish",,,,,,,y,,,,," @READONLY"
peds_mc_voice_disorders,pediatric_q_generic_medical_conditions,"Pediatric Medical Conditions Questionnaire",checkbox,"Does your child have a history of a voice disorder? (Select all that apply)","vocal_nodules_or_polyps, Vocal nodules or polyps | unilateral_vocal_cord_paralysis, Unilateral vocal cord paralysis | bilateral_vocal_cord_paralysis, Bilateral vocal cord paralysis | acid_reflux_disease, Acid reflux disease (GERD) | scarring, Scarring of the larynx or vocal cords from disease or previous surgery | airway_stenosis, Airway stenosis (bilateral vocal fold paralysis laryngeal stenosis) | vocal_cord_webs, Vocal cord webs",,,,,,,,,,,,
peds_mc_psych_disorders,pediatric_q_generic_medical_conditions,,checkbox,"Does your child have a history of a psychological disorders or mood problems? (Select all that apply)","anxiety_disorder, Anxiety disorder | adhd, ADHD | asd, Autism Spectrum Disorder (ASD) | depression, Depression or Major Depressive Disorder | eating_disorder, Eating Disorder (ED) | insomnia_or_sleep_disorder, Insomnia/sleep Disorder | ocd, Obsessive-Compulsive Disorder (OCD) | panic, Panic Disorder | social_anxiety_disorder, Social Anxiety Disorder | other, Other psychiatric disorders",,,,,,,,,,,,
peds_mc_psych_disorders_other,pediatric_q_generic_medical_conditions,,text,"Please Specify",,,,,,,"[peds_mc_psych_disorders(other)] = ""1""",y,,,,,
peds_mc_breathing_conditions,pediatric_q_generic_medical_conditions,,checkbox,"Does your child have a history of a breathing or airway conditions? (Select all that apply)","asthma, Asthma | recurrent_croup, Recurrent Croup (>3 episodes per year) | bronchiolitis, Bronchiolitis | rsv, RSV | chronic_cough, Chronic Cough | subglottic_stenosis, Subglottic Stenosis | vocal_cord_webs, Vocal Cord Webs | airway_surgery, Airway Surgery | intubated, Has your child ever been intubated? | tracheostomy, Does your child have a tracheostomy?",,,,,,,,,,,,
peds_mc_snoring_apnea,pediatric_q_generic_medical_conditions,,checkbox,"Does your child have a history of a snoring or obstructive sleep apnea? (Select all that apply)","snoring, Snoring | gasping, Gasping for air at night | obstructive_sleep_apnea, Obstructive Sleep apnea (diagnosed on a sleep study) | had_sleep_study, Has your child had a sleep study?",,,,,,,,,,,,
peds_mc_snoring_apnea_had_sleep_study_oahi,pediatric_q_generic_medical_conditions,,text,"What was the oAHI on the sleep study
(to be competed by research assistant)",,,,,,,"[peds_mc_snoring_apnea(had_sleep_study)] = ""1""",,,,,,
peds_mc_tonsillectomy,pediatric_q_generic_medical_conditions,,radio,"Have they had a tonsillectomy?","yes, Yes | no, No",,,,,,,y,,,,,
peds_mc_tonsillectomy_date,pediatric_q_generic_medical_conditions,,text,"What was the date of the surgery?",,,date_ymd,,,y,"[peds_mc_tonsillectomy] = ""yes""",y,,,,,
peds_mc_adenoidectomy,pediatric_q_generic_medical_conditions,,radio,"Have they had an adenoidectomy?","yes, Yes | no, No",,,,,,,y,,,,,
peds_mc_adenoidectomy_date,pediatric_q_generic_medical_conditions,,text,"What was the date of the surgery?",,,date_ymd,,,y,"[peds_mc_adenoidectomy] = ""yes""",y,,,,,
peds_mc_lingual_tonsillectomy,pediatric_q_generic_medical_conditions,,radio,"Have they had a lingual tonsillectomy?","yes, Yes | no, No",,,,,,,y,,,,,
peds_mc_lingual_tonsillectomy_date,pediatric_q_generic_medical_conditions,,text,"What was the date of the surgery?",,,date_ymd,,,y,"[peds_mc_lingual_tonsillectomy] = ""yes""",y,,,,,
peds_mc_hearing_loss,pediatric_q_generic_medical_conditions,,checkbox,"Does your child have a history of hearing loss or associated conditions? (Select all that apply)","cholesteatoma, Cholesteatoma | hearing_loss, Hearing loss | mild_hearing_loss, Mild Hearing loss | deafness, Deafness | ear_tubes, Ear tubes | cochlear_implantation_bilateral, Cochlear implantation (Bilateral) | vocal_cord_webs, Vocal cord webs | cochlear_implantation_unilateral, Cochlear implantation (Unilateral) | tympanic_membrane_perforation, Tympanic Membrane Perforation | cmv, CMV (cytomegalovirus)",,,,,,,,,,,,
peds_mc_neck_mass,pediatric_q_generic_medical_conditions,,checkbox,"Does your child have a history of a neck mass? (Select all that apply)","thyroglossal_duct_cyst, Thyroglossal duct cyst | branchial_cleft_cyst, Branchial Cleft Cyst | dermoid_cyst, Dermoid cyst | thyroid_nodule_or_cancer, Thyroid nodule or cancer | enlarged_lymph_node, Enlarged lymph node | other, Other",,,,,,,,,,,,
peds_mc_neck_mass_thyroglossal_duct_cyst_surgery,pediatric_q_generic_medical_conditions,,radio,"Have they had a surgery for this?","yes, Yes | no, No",,,,,,"[peds_mc_neck_mass(thyroglossal_duct_cyst)] = ""1""",y,,,,,
peds_mc_neck_mass_thyroglossal_duct_cyst_surgery_date,pediatric_q_generic_medical_conditions,,text,"What was the date of the surgery?",,,date_ymd,,,y,"[peds_mc_neck_mass_thyroglossal_duct_cyst_surgery] = ""yes""",y,,,,,
peds_mc_neck_mass_branchial_cleft_cyst_surgery,pediatric_q_generic_medical_conditions,,radio,"Have they had a surgery for this?","yes, Yes | no, No",,,,,,"[peds_mc_neck_mass(branchial_cleft_cyst)] = ""1""",y,,,,,
peds_mc_neck_mass_branchial_cleft_cyst_surgery_date,pediatric_q_generic_medical_conditions,,text,"What was the date of the surgery?",,,date_ymd,,,y,"[peds_mc_neck_mass_branchial_cleft_cyst_surgery] = ""yes""",y,,,,,
peds_mc_neck_mass_dermoid_cyst_surgery,pediatric_q_generic_medical_conditions,,radio,"Have they had a surgery for this?","yes, Yes | no, No",,,,,,"[peds_mc_neck_mass(dermoid_cyst)] = ""1""",y,,,,,
peds_mc_neck_mass_dermoid_cyst_surgery_date,pediatric_q_generic_medical_conditions,,text,"What was the date of the surgery?",,,date_ymd,,,y,"[peds_mc_neck_mass_dermoid_cyst_surgery] = ""yes""",y,,,,,
peds_mc_neck_mass_hyroid_nodule_or_cancer_surgery,pediatric_q_generic_medical_conditions,,radio,"Have they had a surgery for this?","yes, Yes | no, No",,,,,,"[peds_mc_neck_mass(thyroid_nodule_or_cancer)] = ""1""",y,,,,,
peds_mc_neck_mass_hyroid_nodule_or_cancer_surgery_date,pediatric_q_generic_medical_conditions,,text,"What was the date of the surgery?",,,date_ymd,,,y,"[peds_mc_neck_mass_hyroid_nodule_or_cancer_surgery] = ""yes""",y,,,,,
peds_mc_neck_mass_enlarged_lymph_node_surgery,pediatric_q_generic_medical_conditions,,radio,"Have they had a surgery for this?","yes, Yes | no, No",,,,,,"[peds_mc_neck_mass(enlarged_lymph_node)] = ""1""",y,,,,,
peds_mc_neck_mass_enlarged_lymph_node_surgery_date,pediatric_q_generic_medical_conditions,,text,"What was the date of the surgery?",,,date_ymd,,,y,"[peds_mc_neck_mass_enlarged_lymph_node_surgery] = ""yes""",y,,,,,
peds_mc_neck_mass_other,pediatric_q_generic_medical_conditions,,text,"Please specify",,,,,,,"[peds_mc_neck_mass(other)] = ""1""",,,,,,
peds_mc_epistaxis,pediatric_q_generic_medical_conditions,,radio,"Does your child have a history of epistaxis?","yes, Yes | no, No",,,,,,,y,,,,,
peds_mc_nasal_fractures,pediatric_q_generic_medical_conditions,,radio,"Does your child have a history of nasal fractures?","yes, Yes | no, No",,,,,,,y,,,,,
peds_mc_chronic_medical_condition,pediatric_q_generic_medical_conditions,,radio,"Has your child ever been diagnosed with a chronic medical condition?","yes, Yes | no, No",,,,,,,y,,,,,
peds_mc_chronic_medical_condition_specified,pediatric_q_generic_medical_conditions,,text,"Please specify",,,,,,,"[peds_mc_chronic_medical_condition] = ""yes""",y,,,,,
peds_mc_genetic_syndromes,pediatric_q_generic_medical_conditions,,radio,"Has your child been diagnosed with any genetic syndromes?","yes, Yes | no, No",,,,,,,y,,,,,
peds_mc_genetic_syndromes_specified,pediatric_q_generic_medical_conditions,,text,"Please specify",,,,,,,"[peds_mc_genetic_syndromes] = ""yes""",y,,,,,
peds_mc_hospitalized,pediatric_q_generic_medical_conditions,,radio,"Has your child ever been hospitalized for a medical condition?","yes, Yes | no, No",,,,,,,y,,,,,
peds_mc_hospitalized_specified,pediatric_q_generic_medical_conditions,,text,"Please specify",,,,,,,"[peds_mc_hospitalized] = ""yes""",y,,,,,
peds_mc_neurological_disorders,pediatric_q_generic_medical_conditions,,radio,"Does your child have any history of neurological disorders (e.g., cerebral palsy, muscular dystrophy)?","yes, Yes | no, No",,,,,,,y,,,,,
peds_mc_neurological_disorders_specified,pediatric_q_generic_medical_conditions,,text,"Please specify",,,,,,,"[peds_mc_neurological_disorders] = ""yes""",y,,,,,
peds_mc_allergies,pediatric_q_generic_medical_conditions,,radio,"Does your child have any known allergies (food, environmental, or medication)?","yes, Yes | no, No",,,,,,,y,,,,,
peds_mc_allergies_specified,pediatric_q_generic_medical_conditions,,text,"Please specify",,,,,,,"[peds_mc_allergies] = ""yes""",y,,,,,
peds_mc_dif_swallowing,pediatric_q_generic_medical_conditions,,radio,"Has your child ever had difficulty swallowing liquids or solids?","yes, Yes | no, No",,,,,,,y,,,,,
peds_mc_dif_swallowing_specified,pediatric_q_generic_medical_conditions,,text,"Please specify",,,,,,,"[peds_mc_dif_swallowing] = ""yes""",y,,,,,
peds_mc_ear_inf_ant_py,pediatric_q_generic_medical_conditions,,radio,"Has your child had any ear infections requiring antibiotics in the past year?","yes, Yes | no, No",,,,,,,y,,,,,
peds_mc_ear_inf_ant_py_specified,pediatric_q_generic_medical_conditions,,text,"Please specify",,,,,,,"[peds_mc_ear_inf_ant_py] = ""yes""",y,,,,,
peds_mc_etp,pediatric_q_generic_medical_conditions,,radio,"Has your child ever undergone ear tube placement (tympanostomy tubes)?","yes, Yes | no, No",,,,,,,y,,,,,
peds_mc_etp_procedure,pediatric_q_generic_medical_conditions,,text,"Please specify which procedure",,,,,,,"[peds_mc_etp] = ""yes""",y,,,,,
peds_mc_etp_procedure_date,pediatric_q_generic_medical_conditions,,text,"What was the date of the surgery?",,,date_ymd,,,y,"[peds_mc_etp] = ""yes""",y,,,,,
peds_mc_eval_voice_swal_c,pediatric_q_generic_medical_conditions,,radio,"Has your child ever been evaluated by an ENT (ear, nose, and throat) specialist or speech-language pathologist for voice or swallowing concerns?","yes, Yes | no, No",,,,,,,y,,,,,
peds_mc_eval_voice_swal_c_specified,pediatric_q_generic_medical_conditions,,text,"Please specify",,,,,,,"[peds_mc_eval_voice_swal_c] = ""yes""",y,,,,,
peds_mc_ft,pediatric_q_generic_medical_conditions,,radio,"Has your child ever required a feeding tube (NG tube, G-tube)?","yes, Yes | no, No",,,,,,,y,,,,,
peds_mc_ft_specified,pediatric_q_generic_medical_conditions,,text,"Please specify",,,,,,,"[peds_mc_ft] = ""yes""",y,,,,,
peds_mc_reflux,pediatric_q_generic_medical_conditions,,radio,"Has your child ever been diagnosed with reflux (GERD) or required medication for acid reflux?","yes, Yes | no, No",,,,,,,y,,,,,
peds_mc_reflux_specified,pediatric_q_generic_medical_conditions,,text,"Please specify",,,,,,,"[peds_mc_reflux] = ""yes""",y,,,,,
peds_mc_hl,pediatric_q_generic_medical_conditions,,radio,"Has your child ever been diagnosed with hearing loss or required hearing aids?","yes, Yes | no, No",,,,,,,y,,,,,
peds_mc_hl_specified,pediatric_q_generic_medical_conditions,,text,"Please specify",,,,,,,"[peds_mc_hl] = ""yes""",y,,,,,
peds_mc_hw_voice_2_w,pediatric_q_generic_medical_conditions,,radio,"Has your child ever had a hoarse or weak voice for more than two weeks?","yes, Yes | no, No",,,,,,,y,,,,,
peds_mc_hw_voice_2_w_specified,pediatric_q_generic_medical_conditions,,text,"Please specify",,,,,,,"[peds_mc_hw_voice_2_w] = ""yes""",y,,,,,
peds_mc_no_surgeries,pediatric_q_generic_medical_conditions,,radio,"Has your child ever had any neurological or orthopedic surgeries that could affect breathing or speech?","yes, Yes | no, No",,,,,,,y,,,,,
peds_mc_no_surgeries_procedure,pediatric_q_generic_medical_conditions,,text,"Please specify which procedure",,,,,,,"[peds_mc_no_surgeries] = ""yes""",y,,,,,
peds_mc_no_surgeries_procedure_date,pediatric_q_generic_medical_conditions,,text,"What was the date of the surgery?",,,date_ymd,,,y,"[peds_mc_no_surgeries] = ""yes""",y,,,,,
peds_mc_stridor,pediatric_q_generic_medical_conditions,,radio,"Has your child ever had a history of noisy breathing (stridor) or difficulty breathing?","yes, Yes | no, No",,,,,,,y,,,,,
peds_mc_stridor_specified,pediatric_q_generic_medical_conditions,,text,"Please specify",,,,,,,"[peds_mc_stridor] = ""yes""",y,,,,,
peds_mc_ox_sup,pediatric_q_generic_medical_conditions,,radio,"Has your child ever required oxygen support, intubation, a ventilator, or a tracheostomy?","yes, Yes | no, No",,,,,,,y,,,,,
peds_mc_ox_sup_specified,pediatric_q_generic_medical_conditions,,text,"Please specify",,,,,,,"[peds_mc_ox_sup] = ""yes""",y,,,,,
peds_mc_meds,pediatric_q_generic_medical_conditions,,radio,"Is your child currently taking any medications that could affect voice, breathing, or swallowing?","yes, Yes | no, No",,,,,,,y,,,,,
peds_mc_meds_specified,pediatric_q_generic_medical_conditions,,text,"Please specify",,,,,,,"[peds_mc_meds] = ""yes""",y,,,,,
peds_mc_v_dis,pediatric_q_generic_medical_conditions,,radio,"Has your child ever been diagnosed with a voice disorder or speech delay?","yes, Yes | no, No",,,,,,,y,,,,,
peds_mc_v_dis_specified,pediatric_q_generic_medical_conditions,,text,"Please specify",,,,,,,"[peds_mc_v_dis] = ""yes""",y,,,,,
peds_mc_a_therapy,pediatric_q_generic_medical_conditions,,radio,"Has your child ever had speech therapy for articulation or voice-related issues?","yes, Yes | no, No",,,,,,,y,,,,,
peds_mc_a_therapy_specified,pediatric_q_generic_medical_conditions,,text,"Please specify",,,,,,,"[peds_mc_a_therapy] = ""yes""",y,,,,,
peds_mc_surgery_t_vc_a,pediatric_q_generic_medical_conditions,,radio,"Has your child ever had surgery involving the throat, vocal cords, or airway?","yes, Yes | no, No",,,,,,,y,,,,,
peds_mc_surgery_t_vc_a_specified,pediatric_q_generic_medical_conditions,,text,"Please specify",,,,,,,"[peds_mc_surgery_t_vc_a] = ""yes""",y,,,,,
peds_mc_fr_inf_tons,pediatric_q_generic_medical_conditions,,radio,"Has your child had frequent throat infections or tonsillitis?","yes, Yes | no, No",,,,,,,y,,,,,
peds_mc_fr_inf_tons_specified,pediatric_q_generic_medical_conditions,,text,"Please specify",,,,,,,"[peds_mc_fr_inf_tons] = ""yes""",y,,,,,
peds_mc_fr_v_f,pediatric_q_generic_medical_conditions,,radio,"Does your child experience frequent vocal strain or voice fatigue?","yes, Yes | no, No",,,,,,,y,,,,,
peds_mc_fr_v_f_specified,pediatric_q_generic_medical_conditions,,text,"Please specify",,,,,,,"[peds_mc_fr_v_f] = ""yes""",y,,,,,
peds_mc_conditions,pediatric_q_generic_medical_conditions,,checkbox,"Does your child have any of the following conditions? (Select all that apply)","osteogenesis_imperfecta, Osteogenesis imperfecta | trisomy21, Trisomy 21 (Down's Syndrome) | prematurity, Prematurity | congenital_heart_disease, Congenital heart disease | tracheoesophageal_fistula, Tracheoesophageal fistula | esophageal_atresia, Esophageal atresia | cystic_fibrosis, Cystic fibrosis | rheumatoid_arthritis, Rheumatoid arthritis | granulomatosis_with_polyangitis, Granulomatosis with polyangitis | mucopolysaccharidosis, Mucopolysaccharidosis | other, Other",,,,,,,,,,,,
peds_mc_conditions_other_specified,pediatric_q_generic_medical_conditions,,text,"Please specify",,,,,,,"[peds_mc_conditions(other)] = ""1""",y,,,,,
peds_mc_l2w,pediatric_q_generic_medical_conditions,,checkbox,"Has your child had any of the following in the 2 weeks? (Select all that apply)","wheezing_or_trouble_breathing, Wheezing or trouble breathing | dry_cough, Dry cough | wet_productive_cough, Wet, productive cough | nasal_congestion, Nasal congestion | sneezing, Sneezing | ear_infection, Ear infection | stridor, Stridor | croup, Croup | sorethroat_or_tonsillitis, Sorethroat/tonsillitis",,,,,,,,,,,,
